timestamp,intersection_id,volume,avg_speed_kph,occupancy
2020-01-01 00:14:00,M32/5069B,45.0,99.77908,0.013196480938416423
2020-01-01 00:29:00,M32/5069B,27.0,101.38842,0.007792207792207792
2020-01-01 00:44:00,M32/5069B,46.0,98.16974,0.013710879284649775
2020-01-01 00:59:00,M32/5069B,65.0,96.5604,0.019696969696969695
2020-01-01 01:14:00,M32/5069B,69.0,102.99776,0.019602272727272725
2020-01-01 01:29:00,M32/5069B,91.0,101.38842,0.026262626262626262
2020-01-01 01:44:00,M32/5069B,87.0,102.99776,0.02471590909090909
2020-01-01 01:59:00,M32/5069B,52.0,102.99776,0.01477272727272727
2020-01-01 02:14:00,M32/5069B,76.0,102.99776,0.02159090909090909
2020-01-01 02:29:00,M32/5069B,85.0,96.5604,0.025757575757575753
2020-01-01 02:44:00,M32/5069B,64.0,101.38842,0.01847041847041847
2020-01-01 02:59:00,M32/5069B,76.0,101.38842,0.021933621933621934
2020-01-01 03:14:00,M32/5069B,66.0,104.6071,0.01846153846153846
2020-01-01 03:29:00,M32/5069B,39.0,101.38842,0.011255411255411255
2020-01-01 03:44:00,M32/5069B,40.0,99.77908,0.011730205278592375
2020-01-01 03:59:00,M32/5069B,51.0,101.38842,0.01471861471861472
2020-01-01 04:14:00,M32/5069B,46.0,98.16974,0.013710879284649775
2020-01-01 04:29:00,M32/5069B,37.0,98.16974,0.011028315946348732
2020-01-01 04:44:00,M32/5069B,33.0,99.77908,0.00967741935483871
2020-01-01 04:59:00,M32/5069B,31.0,102.99776,0.008806818181818181
2020-01-01 05:14:00,M32/5069B,32.0,106.21644,0.008815426997245178
2020-01-01 05:29:00,M32/5069B,26.0,102.99776,0.007386363636363635
2020-01-01 05:44:00,M32/5069B,24.0,96.5604,0.007272727272727273
2020-01-01 05:59:00,M32/5069B,37.0,102.99776,0.010511363636363636
2020-01-01 06:14:00,M32/5069B,36.0,101.38842,0.01038961038961039
2020-01-01 06:29:00,M32/5069B,35.0,102.99776,0.009943181818181818
2020-01-01 06:44:00,M32/5069B,57.0,102.99776,0.01619318181818182
2020-01-01 06:59:00,M32/5069B,37.0,101.38842,0.010678210678210679
2020-01-01 07:14:00,M32/5069B,44.0,109.43512,0.011764705882352941
2020-01-01 07:29:00,M32/5069B,39.0,98.16974,0.011624441132637853
2020-01-01 07:44:00,M32/5069B,46.0,102.99776,0.013068181818181817
2020-01-01 07:59:00,M32/5069B,32.0,102.99776,0.00909090909090909
2020-01-01 08:14:00,M32/5069B,29.0,101.38842,0.00836940836940837
2020-01-01 08:29:00,M32/5069B,35.0,104.6071,0.00979020979020979
2020-01-01 08:44:00,M32/5069B,40.0,104.6071,0.011188811188811187
2020-01-01 08:59:00,M32/5069B,47.0,101.38842,0.013564213564213565
2020-01-01 09:14:00,M32/5069B,48.0,104.6071,0.013426573426573427
2020-01-01 09:29:00,M32/5069B,72.0,102.99776,0.020454545454545454
2020-01-01 09:44:00,M32/5069B,93.0,104.6071,0.02601398601398601
2020-01-01 09:59:00,M32/5069B,140.0,102.99776,0.03977272727272727
2020-01-01 10:14:00,M32/5069B,113.0,102.99776,0.03210227272727273
2020-01-01 10:29:00,M32/5069B,118.0,102.99776,0.033522727272727273
2020-01-01 10:44:00,M32/5069B,150.0,104.6071,0.04195804195804196
2020-01-01 10:59:00,M32/5069B,161.0,101.38842,0.046464646464646465
2020-01-01 11:14:00,M32/5069B,180.0,102.99776,0.05113636363636363
2020-01-01 11:29:00,M32/5069B,208.0,102.99776,0.05909090909090908
2020-01-01 11:44:00,M32/5069B,215.0,101.38842,0.06204906204906205
2020-01-01 11:59:00,M32/5069B,272.0,102.99776,0.07727272727272727
2020-01-01 12:14:00,M32/5069B,270.0,101.38842,0.07792207792207792
2020-01-01 12:29:00,M32/5069B,257.0,102.99776,0.07301136363636364
2020-01-01 12:44:00,M32/5069B,298.0,102.99776,0.0846590909090909
2020-01-01 12:59:00,M32/5069B,289.0,101.38842,0.0834054834054834
2020-01-01 13:14:00,M32/5069B,290.0,104.6071,0.08111888111888112
2020-01-01 13:29:00,M32/5069B,306.0,104.6071,0.08559440559440559
2020-01-01 13:44:00,M32/5069B,332.0,102.99776,0.09431818181818181
2020-01-01 13:59:00,M32/5069B,331.0,101.38842,0.09552669552669552
2020-01-01 14:14:00,M32/5069B,309.0,102.99776,0.08778409090909091
2020-01-01 14:29:00,M32/5069B,321.0,102.99776,0.09119318181818181
2020-01-01 14:44:00,M32/5069B,323.0,104.6071,0.09034965034965034
2020-01-01 14:59:00,M32/5069B,297.0,102.99776,0.08437499999999999
2020-01-01 15:14:00,M32/5069B,299.0,101.38842,0.0862914862914863
2020-01-01 15:29:00,M32/5069B,351.0,104.6071,0.09818181818181818
2020-01-01 15:44:00,M32/5069B,312.0,101.38842,0.09004329004329004
2020-01-01 15:59:00,M32/5069B,327.0,101.38842,0.09437229437229437
2020-01-01 16:14:00,M32/5069B,317.0,102.99776,0.09005681818181818
2020-01-01 16:29:00,M32/5069B,343.0,101.38842,0.09898989898989899
2020-01-01 16:44:00,M32/5069B,301.0,99.77908,0.08826979472140763
2020-01-01 16:59:00,M32/5069B,320.0,98.16974,0.09538002980625931
2020-01-01 17:14:00,M32/5069B,316.0,98.16974,0.09418777943368108
2020-01-01 17:29:00,M32/5069B,280.0,99.77908,0.08211143695014662
2020-01-01 17:44:00,M32/5069B,283.0,99.77908,0.08299120234604106
2020-01-01 17:59:00,M32/5069B,294.0,99.77908,0.08621700879765395
2020-01-01 18:14:00,M32/5069B,240.0,98.16974,0.07153502235469449
2020-01-01 18:29:00,M32/5069B,252.0,99.77908,0.07390029325513196
2020-01-01 18:44:00,M32/5069B,246.0,98.16974,0.07332339791356184
2020-01-01 18:59:00,M32/5069B,229.0,102.99776,0.06505681818181817
2020-01-01 19:14:00,M32/5069B,229.0,101.38842,0.06608946608946609
2020-01-01 19:29:00,M32/5069B,194.0,102.99776,0.055113636363636365
2020-01-01 19:44:00,M32/5069B,185.0,102.99776,0.052556818181818184
2020-01-01 19:59:00,M32/5069B,184.0,99.77908,0.05395894428152493
2020-01-01 20:14:00,M32/5069B,166.0,101.38842,0.047907647907647906
2020-01-01 20:29:00,M32/5069B,166.0,102.99776,0.04715909090909091
2020-01-01 20:44:00,M32/5069B,133.0,102.99776,0.037784090909090906
2020-01-01 20:59:00,M32/5069B,119.0,101.38842,0.03434343434343434
2020-01-01 21:14:00,M32/5069B,120.0,104.6071,0.033566433566433566
2020-01-01 21:29:00,M32/5069B,110.0,102.99776,0.03125
2020-01-01 21:44:00,M32/5069B,116.0,104.6071,0.03244755244755245
2020-01-01 21:59:00,M32/5069B,112.0,102.99776,0.031818181818181815
2020-01-01 22:14:00,M32/5069B,84.0,101.38842,0.024242424242424242
2020-01-01 22:29:00,M32/5069B,94.0,106.21644,0.02589531680440771
2020-01-01 22:44:00,M32/5069B,63.0,102.99776,0.017897727272727273
2020-01-01 22:59:00,M32/5069B,72.0,104.6071,0.020139860139860136
2020-01-01 23:14:00,M32/5069B,51.0,99.77908,0.014956011730205278
2020-01-01 23:29:00,M32/5069B,64.0,99.77908,0.0187683284457478
2020-01-01 23:44:00,M32/5069B,38.0,102.99776,0.010795454545454546
2020-01-01 23:59:00,M32/5069B,38.0,98.16974,0.011326378539493294
2020-01-02 00:14:00,M32/5069B,39.0,98.16974,0.011624441132637853
2020-01-02 00:29:00,M32/5069B,30.0,99.77908,0.008797653958944282
2020-01-02 00:44:00,M32/5069B,28.0,101.38842,0.00808080808080808
2020-01-02 00:59:00,M32/5069B,34.0,101.38842,0.009812409812409812
2020-01-02 01:14:00,M32/5069B,22.0,107.82578,0.005970149253731343
2020-01-02 01:29:00,M32/5069B,19.0,98.16974,0.005663189269746647
2020-01-02 01:44:00,M32/5069B,24.0,94.95106,0.007395993836671803
2020-01-02 01:59:00,M32/5069B,15.0,90.12304,0.00487012987012987
2020-01-02 02:14:00,M32/5069B,20.0,94.95106,0.0061633281972265025
2020-01-02 02:29:00,M32/5069B,14.0,98.16974,0.004172876304023845
2020-01-02 02:44:00,M32/5069B,15.0,96.5604,0.004545454545454545
2020-01-02 02:59:00,M32/5069B,7.0,93.34172,0.00219435736677116
2020-01-02 03:14:00,M32/5069B,19.0,99.77908,0.005571847507331379
2020-01-02 03:29:00,M32/5069B,13.0,93.34172,0.0040752351097178684
2020-01-02 03:44:00,M32/5069B,17.0,94.95106,0.005238828967642527
2020-01-02 03:59:00,M32/5069B,23.0,99.77908,0.006744868035190616
2020-01-02 04:14:00,M32/5069B,26.0,98.16974,0.007749627421758568
2020-01-02 04:29:00,M32/5069B,27.0,102.99776,0.0076704545454545445
2020-01-02 04:44:00,M32/5069B,33.0,94.95106,0.01016949152542373
2020-01-02 04:59:00,M32/5069B,38.0,99.77908,0.011143695014662757
2020-01-02 05:14:00,M32/5069B,50.0,96.5604,0.01515151515151515
2020-01-02 05:29:00,M32/5069B,47.0,98.16974,0.014008941877794336
2020-01-02 05:44:00,M32/5069B,67.0,99.77908,0.01964809384164223
2020-01-02 05:59:00,M32/5069B,101.0,101.38842,0.02914862914862915
2020-01-02 06:14:00,M32/5069B,112.0,102.99776,0.031818181818181815
2020-01-02 06:29:00,M32/5069B,164.0,101.38842,0.04733044733044733
2020-01-02 06:44:00,M32/5069B,249.0,101.38842,0.07186147186147186
2020-01-02 06:59:00,M32/5069B,335.0,102.99776,0.09517045454545454
2020-01-02 07:14:00,M32/5069B,341.0,98.16974,0.10163934426229507
2020-01-02 07:29:00,M32/5069B,422.0,96.5604,0.12787878787878787
2020-01-02 07:44:00,M32/5069B,424.0,94.95106,0.13066255778120184
2020-01-02 07:59:00,M32/5069B,373.0,96.5604,0.11303030303030304
2020-01-02 08:14:00,M32/5069B,332.0,98.16974,0.09895678092399403
2020-01-02 08:29:00,M32/5069B,375.0,98.16974,0.11177347242921012
2020-01-02 08:44:00,M32/5069B,351.0,96.5604,0.10636363636363635
2020-01-02 08:59:00,M32/5069B,271.0,101.38842,0.0782106782106782
2020-01-02 09:14:00,M32/5069B,285.0,101.38842,0.08225108225108224
2020-01-02 09:29:00,M32/5069B,288.0,98.16974,0.08584202682563337
2020-01-02 09:44:00,M32/5069B,347.0,99.77908,0.10175953079178886
2020-01-02 09:59:00,M32/5069B,340.0,99.77908,0.0997067448680352
2020-01-02 10:14:00,M32/5069B,313.0,98.16974,0.09329359165424739
2020-01-02 10:29:00,M32/5069B,356.0,99.77908,0.10439882697947214
2020-01-02 10:44:00,M32/5069B,380.0,96.5604,0.11515151515151514
2020-01-02 10:59:00,M32/5069B,373.0,98.16974,0.11117734724292101
2020-01-02 11:14:00,M32/5069B,395.0,98.16974,0.11773472429210133
2020-01-02 11:29:00,M32/5069B,407.0,98.16974,0.12131147540983606
2020-01-02 11:44:00,M32/5069B,415.0,96.5604,0.12575757575757576
2020-01-02 11:59:00,M32/5069B,430.0,96.5604,0.1303030303030303
2020-01-02 12:14:00,M32/5069B,380.0,94.95106,0.11710323574730355
2020-01-02 12:29:00,M32/5069B,476.0,93.34172,0.14921630094043886
2020-01-02 12:44:00,M32/5069B,390.0,96.5604,0.11818181818181817
2020-01-02 12:59:00,M32/5069B,363.0,98.16974,0.10819672131147541
2020-01-02 13:14:00,M32/5069B,361.0,99.77908,0.1058651026392962
2020-01-02 13:29:00,M32/5069B,461.0,98.16974,0.13740685543964232
2020-01-02 13:44:00,M32/5069B,395.0,98.16974,0.11773472429210133
2020-01-02 13:59:00,M32/5069B,382.0,96.5604,0.11575757575757575
2020-01-02 14:14:00,M32/5069B,345.0,99.77908,0.10117302052785924
2020-01-02 14:29:00,M32/5069B,361.0,98.16974,0.10760059612518628
2020-01-02 14:44:00,M32/5069B,382.0,98.16974,0.11385991058122205
2020-01-02 14:59:00,M32/5069B,386.0,98.16974,0.11505216095380029
2020-01-02 15:14:00,M32/5069B,353.0,96.5604,0.10696969696969696
2020-01-02 15:29:00,M32/5069B,350.0,96.5604,0.10606060606060606
2020-01-02 15:44:00,M32/5069B,333.0,99.77908,0.09765395894428153
2020-01-02 15:59:00,M32/5069B,391.0,98.16974,0.11654247391952309
2020-01-02 16:14:00,M32/5069B,415.0,98.16974,0.12369597615499253
2020-01-02 16:29:00,M32/5069B,411.0,96.5604,0.12454545454545454
2020-01-02 16:44:00,M32/5069B,480.0,91.73238,0.15311004784688995
2020-01-02 16:59:00,M32/5069B,446.0,93.34172,0.13981191222570533
2020-01-02 17:14:00,M32/5069B,409.0,93.34172,0.12821316614420064
2020-01-02 17:29:00,M32/5069B,421.0,93.34172,0.13197492163009406
2020-01-02 17:44:00,M32/5069B,395.0,94.95106,0.12172573189522341
2020-01-02 17:59:00,M32/5069B,400.0,93.34172,0.12539184952978058
2020-01-02 18:14:00,M32/5069B,373.0,96.5604,0.11303030303030304
2020-01-02 18:29:00,M32/5069B,359.0,94.95106,0.11063174114021572
2020-01-02 18:44:00,M32/5069B,314.0,94.95106,0.09676425269645608
2020-01-02 18:59:00,M32/5069B,288.0,94.95106,0.08875192604006163
2020-01-02 19:14:00,M32/5069B,229.0,98.16974,0.06825633383010431
2020-01-02 19:29:00,M32/5069B,251.0,96.5604,0.07606060606060605
2020-01-02 19:44:00,M32/5069B,171.0,98.16974,0.050968703427719815
2020-01-02 19:59:00,M32/5069B,194.0,96.5604,0.058787878787878785
2020-01-02 20:14:00,M32/5069B,156.0,94.95106,0.04807395993836672
2020-01-02 20:29:00,M32/5069B,147.0,96.5604,0.04454545454545455
2020-01-02 20:44:00,M32/5069B,125.0,98.16974,0.037257824143070044
2020-01-02 20:59:00,M32/5069B,141.0,98.16974,0.042026825633383
2020-01-02 21:14:00,M32/5069B,104.0,99.77908,0.030498533724340176
2020-01-02 21:29:00,M32/5069B,115.0,101.38842,0.03318903318903319
2020-01-02 21:44:00,M32/5069B,107.0,98.16974,0.03189269746646796
2020-01-02 21:59:00,M32/5069B,97.0,102.99776,0.027556818181818182
2020-01-02 22:14:00,M32/5069B,113.0,102.99776,0.03210227272727273
2020-01-02 22:29:00,M32/5069B,90.0,101.38842,0.025974025974025972
2020-01-02 22:44:00,M32/5069B,80.0,101.38842,0.023088023088023088
2020-01-02 22:59:00,M32/5069B,79.0,101.38842,0.022799422799422802
2020-01-02 23:14:00,M32/5069B,64.0,99.77908,0.0187683284457478
2020-01-02 23:29:00,M32/5069B,60.0,96.5604,0.01818181818181818
2020-01-02 23:44:00,M32/5069B,47.0,96.5604,0.014242424242424242
2020-01-02 23:59:00,M32/5069B,59.0,98.16974,0.01758569299552906
2020-01-03 00:14:00,M32/5069B,49.0,98.16974,0.014605067064083457
2020-01-03 00:29:00,M32/5069B,33.0,94.95106,0.01016949152542373
2020-01-03 00:44:00,M32/5069B,38.0,93.34172,0.011912225705329155
2020-01-03 00:59:00,M32/5069B,25.0,96.5604,0.007575757575757575
2020-01-03 01:14:00,M32/5069B,24.0,93.34172,0.007523510971786834
2020-01-03 01:29:00,M32/5069B,19.0,93.34172,0.005956112852664577
2020-01-03 01:44:00,M32/5069B,20.0,98.16974,0.005961251862891207
2020-01-03 01:59:00,M32/5069B,23.0,93.34172,0.007210031347962382
2020-01-03 02:14:00,M32/5069B,22.0,96.5604,0.006666666666666666
2020-01-03 02:29:00,M32/5069B,23.0,96.5604,0.0069696969696969695
2020-01-03 02:44:00,M32/5069B,19.0,98.16974,0.005663189269746647
2020-01-03 02:59:00,M32/5069B,26.0,96.5604,0.00787878787878788
2020-01-03 03:14:00,M32/5069B,14.0,94.95106,0.004314329738058552
2020-01-03 03:29:00,M32/5069B,22.0,94.95106,0.006779661016949152
2020-01-03 03:44:00,M32/5069B,33.0,94.95106,0.01016949152542373
2020-01-03 03:59:00,M32/5069B,32.0,96.5604,0.009696969696969697
2020-01-03 04:14:00,M32/5069B,27.0,94.95106,0.008320493066255779
2020-01-03 04:29:00,M32/5069B,28.0,99.77908,0.008211143695014663
2020-01-03 04:44:00,M32/5069B,49.0,96.5604,0.014848484848484847
2020-01-03 04:59:00,M32/5069B,48.0,98.16974,0.014307004470938895
2020-01-03 05:14:00,M32/5069B,52.0,94.95106,0.016024653312788906
2020-01-03 05:29:00,M32/5069B,65.0,96.5604,0.019696969696969695
2020-01-03 05:44:00,M32/5069B,68.0,99.77908,0.01994134897360704
2020-01-03 05:59:00,M32/5069B,109.0,99.77908,0.03196480938416422
2020-01-03 06:14:00,M32/5069B,108.0,101.38842,0.03116883116883117
2020-01-03 06:29:00,M32/5069B,157.0,99.77908,0.046041055718475075
2020-01-03 06:44:00,M32/5069B,247.0,99.77908,0.07243401759530792
2020-01-03 06:59:00,M32/5069B,285.0,101.38842,0.08225108225108224
2020-01-03 07:14:00,M32/5069B,342.0,98.16974,0.10193740685543963
2020-01-03 07:29:00,M32/5069B,371.0,99.77908,0.10879765395894428
2020-01-03 07:44:00,M32/5069B,415.0,94.95106,0.12788906009244994
2020-01-03 07:59:00,M32/5069B,385.0,98.16974,0.11475409836065573
2020-01-03 08:14:00,M32/5069B,370.0,96.5604,0.11212121212121211
2020-01-03 08:29:00,M32/5069B,370.0,99.77908,0.10850439882697947
2020-01-03 08:44:00,M32/5069B,337.0,98.16974,0.10044709388971683
2020-01-03 08:59:00,M32/5069B,309.0,101.38842,0.08917748917748917
2020-01-03 09:14:00,M32/5069B,285.0,99.77908,0.08357771260997068
2020-01-03 09:29:00,M32/5069B,298.0,101.38842,0.086002886002886
2020-01-03 09:44:00,M32/5069B,371.0,98.16974,0.11058122205663189
2020-01-03 09:59:00,M32/5069B,362.0,99.77908,0.106158357771261
2020-01-03 10:14:00,M32/5069B,344.0,99.77908,0.10087976539589442
2020-01-03 10:29:00,M32/5069B,366.0,98.16974,0.10909090909090909
2020-01-03 10:44:00,M32/5069B,411.0,99.77908,0.12052785923753667
2020-01-03 10:59:00,M32/5069B,394.0,99.77908,0.11554252199413491
2020-01-03 11:14:00,M32/5069B,344.0,101.38842,0.09927849927849929
2020-01-03 11:29:00,M32/5069B,394.0,99.77908,0.11554252199413491
2020-01-03 11:44:00,M32/5069B,455.0,98.16974,0.13561847988077494
2020-01-03 11:59:00,M32/5069B,396.0,98.16974,0.11803278688524589
2020-01-03 12:14:00,M32/5069B,339.0,99.77908,0.09941348973607038
2020-01-03 12:29:00,M32/5069B,388.0,101.38842,0.11197691197691198
2020-01-03 12:44:00,M32/5069B,395.0,101.38842,0.113997113997114
2020-01-03 12:59:00,M32/5069B,405.0,98.16974,0.12071535022354694
2020-01-03 13:14:00,M32/5069B,381.0,101.38842,0.10995670995670996
2020-01-03 13:29:00,M32/5069B,429.0,99.77908,0.12580645161290321
2020-01-03 13:44:00,M32/5069B,394.0,99.77908,0.11554252199413491
2020-01-03 13:59:00,M32/5069B,443.0,98.16974,0.13204172876304024
2020-01-03 14:14:00,M32/5069B,399.0,99.77908,0.11700879765395895
2020-01-03 14:29:00,M32/5069B,414.0,94.95106,0.1275808936825886
2020-01-03 14:44:00,M32/5069B,401.0,99.77908,0.11759530791788857
2020-01-03 14:59:00,M32/5069B,429.0,99.77908,0.12580645161290321
2020-01-03 15:14:00,M32/5069B,447.0,98.16974,0.13323397913561846
2020-01-03 15:29:00,M32/5069B,463.0,96.5604,0.1403030303030303
2020-01-03 15:44:00,M32/5069B,438.0,99.77908,0.1284457478005865
2020-01-03 15:59:00,M32/5069B,415.0,99.77908,0.1217008797653959
2020-01-03 16:14:00,M32/5069B,468.0,96.5604,0.14181818181818182
2020-01-03 16:29:00,M32/5069B,451.0,94.95106,0.13898305084745763
2020-01-03 16:44:00,M32/5069B,429.0,94.95106,0.13220338983050847
2020-01-03 16:59:00,M32/5069B,482.0,96.5604,0.14606060606060606
2020-01-03 17:14:00,M32/5069B,419.0,94.95106,0.12912172573189523
2020-01-03 17:29:00,M32/5069B,461.0,94.95106,0.1420647149460709
2020-01-03 17:44:00,M32/5069B,425.0,96.5604,0.12878787878787878
2020-01-03 17:59:00,M32/5069B,397.0,98.16974,0.11833084947839047
2020-01-03 18:14:00,M32/5069B,350.0,101.38842,0.10101010101010101
2020-01-03 18:29:00,M32/5069B,362.0,99.77908,0.106158357771261
2020-01-03 18:44:00,M32/5069B,317.0,99.77908,0.09296187683284457
2020-01-03 18:59:00,M32/5069B,296.0,99.77908,0.08680351906158358
2020-01-03 19:14:00,M32/5069B,297.0,101.38842,0.08571428571428572
2020-01-03 19:29:00,M32/5069B,256.0,101.38842,0.07388167388167388
2020-01-03 19:44:00,M32/5069B,212.0,104.6071,0.059300699300699304
2020-01-03 19:59:00,M32/5069B,202.0,99.77908,0.0592375366568915
2020-01-03 20:14:00,M32/5069B,179.0,102.99776,0.050852272727272725
2020-01-03 20:29:00,M32/5069B,167.0,102.99776,0.047443181818181815
2020-01-03 20:44:00,M32/5069B,157.0,102.99776,0.044602272727272727
2020-01-03 20:59:00,M32/5069B,139.0,106.21644,0.03829201101928374
2020-01-03 21:14:00,M32/5069B,146.0,106.21644,0.04022038567493112
2020-01-03 21:29:00,M32/5069B,113.0,101.38842,0.03261183261183261
2020-01-03 21:44:00,M32/5069B,124.0,104.6071,0.03468531468531469
2020-01-03 21:59:00,M32/5069B,110.0,104.6071,0.030769230769230767
2020-01-03 22:14:00,M32/5069B,119.0,104.6071,0.03328671328671329
2020-01-03 22:29:00,M32/5069B,88.0,104.6071,0.024615384615384615
2020-01-03 22:44:00,M32/5069B,98.0,104.6071,0.02741258741258741
2020-01-03 22:59:00,M32/5069B,86.0,104.6071,0.024055944055944054
2020-01-03 23:14:00,M32/5069B,83.0,106.21644,0.022865013774104683
2020-01-03 23:29:00,M32/5069B,65.0,98.16974,0.019374068554396422
2020-01-03 23:44:00,M32/5069B,68.0,101.38842,0.019624819624819625
2020-01-03 23:59:00,M32/5069B,59.0,98.16974,0.01758569299552906
2020-01-04 00:14:00,M32/5069B,39.0,102.99776,0.011079545454545455
2020-01-04 00:29:00,M32/5069B,46.0,98.16974,0.013710879284649775
2020-01-04 00:44:00,M32/5069B,47.0,102.99776,0.013352272727272727
2020-01-04 00:59:00,M32/5069B,40.0,99.77908,0.011730205278592375
2020-01-04 01:14:00,M32/5069B,31.0,98.16974,0.00923994038748137
2020-01-04 01:29:00,M32/5069B,26.0,109.43512,0.00695187165775401
2020-01-04 01:44:00,M32/5069B,23.0,98.16974,0.006855439642324887
2020-01-04 01:59:00,M32/5069B,27.0,98.16974,0.008047690014903129
2020-01-04 02:14:00,M32/5069B,22.0,98.16974,0.006557377049180327
2020-01-04 02:29:00,M32/5069B,32.0,96.5604,0.009696969696969697
2020-01-04 02:44:00,M32/5069B,23.0,99.77908,0.006744868035190616
2020-01-04 02:59:00,M32/5069B,25.0,99.77908,0.007331378299120235
2020-01-04 03:14:00,M32/5069B,19.0,101.38842,0.005483405483405483
2020-01-04 03:29:00,M32/5069B,25.0,99.77908,0.007331378299120235
2020-01-04 03:44:00,M32/5069B,24.0,101.38842,0.006926406926406926
2020-01-04 03:59:00,M32/5069B,30.0,102.99776,0.008522727272727272
2020-01-04 04:14:00,M32/5069B,32.0,99.77908,0.0093841642228739
2020-01-04 04:29:00,M32/5069B,36.0,96.5604,0.010909090909090908
2020-01-04 04:44:00,M32/5069B,37.0,99.77908,0.010850439882697948
2020-01-04 04:59:00,M32/5069B,26.0,93.34172,0.008150470219435737
2020-01-04 05:14:00,M32/5069B,40.0,93.34172,0.012539184952978056
2020-01-04 05:29:00,M32/5069B,50.0,98.16974,0.014903129657228018
2020-01-04 05:44:00,M32/5069B,28.0,98.16974,0.00834575260804769
2020-01-04 05:59:00,M32/5069B,46.0,101.38842,0.013275613275613276
2020-01-04 06:14:00,M32/5069B,54.0,101.38842,0.015584415584415584
2020-01-04 06:29:00,M32/5069B,59.0,101.38842,0.01702741702741703
2020-01-04 06:44:00,M32/5069B,79.0,101.38842,0.022799422799422802
2020-01-04 06:59:00,M32/5069B,81.0,101.38842,0.023376623376623377
2020-01-04 07:14:00,M32/5069B,72.0,99.77908,0.021114369501466276
2020-01-04 07:29:00,M32/5069B,100.0,101.38842,0.02886002886002886
2020-01-04 07:44:00,M32/5069B,94.0,102.99776,0.026704545454545453
2020-01-04 07:59:00,M32/5069B,110.0,102.99776,0.03125
2020-01-04 08:14:00,M32/5069B,129.0,106.21644,0.035537190082644624
2020-01-04 08:29:00,M32/5069B,159.0,106.21644,0.04380165289256198
2020-01-04 08:44:00,M32/5069B,173.0,101.38842,0.049927849927849925
2020-01-04 08:59:00,M32/5069B,150.0,106.21644,0.04132231404958677
2020-01-04 09:14:00,M32/5069B,199.0,106.21644,0.05482093663911845
2020-01-04 09:29:00,M32/5069B,210.0,104.6071,0.05874125874125873
2020-01-04 09:44:00,M32/5069B,240.0,104.6071,0.06713286713286713
2020-01-04 09:59:00,M32/5069B,315.0,104.6071,0.0881118881118881
2020-01-04 10:14:00,M32/5069B,311.0,104.6071,0.086993006993007
2020-01-04 10:29:00,M32/5069B,336.0,102.99776,0.09545454545454546
2020-01-04 10:44:00,M32/5069B,366.0,101.38842,0.10562770562770563
2020-01-04 10:59:00,M32/5069B,409.0,101.38842,0.11803751803751804
2020-01-04 11:14:00,M32/5069B,420.0,101.38842,0.1212121212121212
2020-01-04 11:29:00,M32/5069B,424.0,102.99776,0.12045454545454545
2020-01-04 11:44:00,M32/5069B,470.0,101.38842,0.13564213564213565
2020-01-04 11:59:00,M32/5069B,446.0,102.99776,0.12670454545454546
2020-01-04 12:14:00,M32/5069B,440.0,101.38842,0.12698412698412698
2020-01-04 12:29:00,M32/5069B,453.0,101.38842,0.13073593073593073
2020-01-04 12:44:00,M32/5069B,439.0,101.38842,0.1266955266955267
2020-01-04 12:59:00,M32/5069B,478.0,94.95106,0.14730354391371342
2020-01-04 13:14:00,M32/5069B,440.0,99.77908,0.12903225806451613
2020-01-04 13:29:00,M32/5069B,416.0,98.16974,0.1239940387481371
2020-01-04 13:44:00,M32/5069B,427.0,99.77908,0.12521994134897363
2020-01-04 13:59:00,M32/5069B,386.0,101.38842,0.1113997113997114
2020-01-04 14:14:00,M32/5069B,366.0,101.38842,0.10562770562770563
2020-01-04 14:29:00,M32/5069B,393.0,98.16974,0.11713859910581222
2020-01-04 14:44:00,M32/5069B,406.0,96.5604,0.12303030303030302
2020-01-04 14:59:00,M32/5069B,375.0,98.16974,0.11177347242921012
2020-01-04 15:14:00,M32/5069B,360.0,99.77908,0.10557184750733138
2020-01-04 15:29:00,M32/5069B,355.0,102.99776,0.10085227272727272
2020-01-04 15:44:00,M32/5069B,406.0,99.77908,0.1190615835777126
2020-01-04 15:59:00,M32/5069B,408.0,99.77908,0.11964809384164223
2020-01-04 16:14:00,M32/5069B,412.0,98.16974,0.12280178837555884
2020-01-04 16:29:00,M32/5069B,375.0,99.77908,0.10997067448680352
2020-01-04 16:44:00,M32/5069B,417.0,98.16974,0.12429210134128167
2020-01-04 16:59:00,M32/5069B,388.0,96.5604,0.11757575757575757
2020-01-04 17:14:00,M32/5069B,366.0,98.16974,0.10909090909090909
2020-01-04 17:29:00,M32/5069B,408.0,96.5604,0.12363636363636361
2020-01-04 17:44:00,M32/5069B,344.0,98.16974,0.10253353204172876
2020-01-04 17:59:00,M32/5069B,424.0,98.16974,0.12637853949329358
2020-01-04 18:14:00,M32/5069B,330.0,98.16974,0.09836065573770492
2020-01-04 18:29:00,M32/5069B,339.0,99.77908,0.09941348973607038
2020-01-04 18:44:00,M32/5069B,308.0,99.77908,0.0903225806451613
2020-01-04 18:59:00,M32/5069B,278.0,99.77908,0.08152492668621701
2020-01-04 19:14:00,M32/5069B,257.0,101.38842,0.07417027417027416
2020-01-04 19:29:00,M32/5069B,225.0,101.38842,0.06493506493506493
2020-01-04 19:44:00,M32/5069B,196.0,99.77908,0.05747800586510264
2020-01-04 19:59:00,M32/5069B,196.0,102.99776,0.05568181818181818
2020-01-04 20:14:00,M32/5069B,188.0,101.38842,0.05425685425685426
2020-01-04 20:29:00,M32/5069B,163.0,99.77908,0.047800586510263934
2020-01-04 20:44:00,M32/5069B,141.0,99.77908,0.04134897360703812
2020-01-04 20:59:00,M32/5069B,152.0,101.38842,0.04386724386724387
2020-01-04 21:14:00,M32/5069B,140.0,99.77908,0.04105571847507331
2020-01-04 21:29:00,M32/5069B,120.0,106.21644,0.033057851239669415
2020-01-04 21:44:00,M32/5069B,120.0,101.38842,0.03463203463203463
2020-01-04 21:59:00,M32/5069B,134.0,104.6071,0.03748251748251748
2020-01-04 22:14:00,M32/5069B,103.0,102.99776,0.029261363636363634
2020-01-04 22:29:00,M32/5069B,76.0,86.90436,0.02558922558922559
2020-01-04 22:44:00,M32/5069B,2.0,99.77908,0.0005865102639296188
2020-01-04 22:59:00,M32/5069B,4.0,90.12304,0.0012987012987012985
2020-01-04 23:14:00,M32/5069B,0.0,0.0,0.0
2020-01-04 23:29:00,M32/5069B,0.0,0.0,0.0
2020-01-04 23:44:00,M32/5069B,3.0,53.10822,0.001652892561983471
2020-01-04 23:59:00,M32/5069B,0.0,0.0,0.0
2020-01-05 00:14:00,M32/5069B,0.0,0.0,0.0
2020-01-05 00:29:00,M32/5069B,0.0,0.0,0.0
2020-01-05 00:44:00,M32/5069B,0.0,0.0,0.0
2020-01-05 00:59:00,M32/5069B,0.0,0.0,0.0
2020-01-05 01:14:00,M32/5069B,0.0,0.0,0.0
2020-01-05 01:29:00,M32/5069B,0.0,0.0,0.0
2020-01-05 01:44:00,M32/5069B,0.0,0.0,0.0
2020-01-05 01:59:00,M32/5069B,0.0,0.0,0.0
2020-01-05 02:14:00,M32/5069B,1.0,51.49888,0.0005681818181818182
2020-01-05 02:29:00,M32/5069B,0.0,0.0,0.0
2020-01-05 02:44:00,M32/5069B,0.0,0.0,0.0
2020-01-05 02:59:00,M32/5069B,0.0,0.0,0.0
2020-01-05 03:14:00,M32/5069B,1.0,40.2335,0.0007272727272727272
2020-01-05 03:29:00,M32/5069B,0.0,0.0,0.0
2020-01-05 03:44:00,M32/5069B,0.0,0.0,0.0
2020-01-05 03:59:00,M32/5069B,0.0,0.0,0.0
2020-01-05 04:14:00,M32/5069B,0.0,0.0,0.0
2020-01-05 04:29:00,M32/5069B,0.0,0.0,0.0
2020-01-05 04:44:00,M32/5069B,0.0,0.0,0.0
2020-01-05 04:59:00,M32/5069B,0.0,0.0,0.0
2020-01-05 05:14:00,M32/5069B,0.0,0.0,0.0
2020-01-05 05:29:00,M32/5069B,0.0,0.0,0.0
2020-01-05 05:44:00,M32/5069B,0.0,0.0,0.0
2020-01-05 05:59:00,M32/5069B,0.0,0.0,0.0
2020-01-05 06:14:00,M32/5069B,0.0,0.0,0.0
2020-01-05 06:29:00,M32/5069B,4.0,35.40548,0.0033057851239669425
2020-01-05 06:44:00,M32/5069B,0.0,0.0,0.0
2020-01-05 06:59:00,M32/5069B,1.0,65.98294,0.00044345898004434584
2020-01-05 07:14:00,M32/5069B,2.0,78.85766,0.0007421150278293135
2020-01-05 07:29:00,M32/5069B,0.0,0.0,0.0
2020-01-05 07:44:00,M32/5069B,2.0,41.84284,0.0013986013986013984
2020-01-05 07:59:00,M32/5069B,2.0,57.93624,0.00101010101010101
2020-01-05 08:14:00,M32/5069B,0.0,0.0,0.0
2020-01-05 08:29:00,M32/5069B,0.0,0.0,0.0
2020-01-05 08:44:00,M32/5069B,0.0,0.0,0.0
2020-01-05 08:59:00,M32/5069B,0.0,0.0,0.0
2020-01-05 09:14:00,M32/5069B,0.0,0.0,0.0
2020-01-05 09:29:00,M32/5069B,1.0,115.87248,0.0002525252525252525
2020-01-05 09:44:00,M32/5069B,0.0,0.0,0.0
2020-01-05 09:59:00,M32/5069B,1.0,61.15492,0.0004784688995215311
2020-01-05 10:14:00,M32/5069B,0.0,0.0,0.0
2020-01-05 10:29:00,M32/5069B,0.0,0.0,0.0
2020-01-05 10:44:00,M32/5069B,2.0,22.53076,0.002597402597402597
2020-01-05 10:59:00,M32/5069B,0.0,0.0,0.0
2020-01-05 11:14:00,M32/5069B,84.0,98.16974,0.02503725782414307
2020-01-05 11:29:00,M32/5069B,232.0,101.38842,0.06695526695526696
2020-01-05 11:44:00,M32/5069B,231.0,96.5604,0.06999999999999999
2020-01-05 11:59:00,M32/5069B,425.0,98.16974,0.12667660208643816
2020-01-05 12:14:00,M32/5069B,376.0,101.38842,0.10851370851370852
2020-01-05 12:29:00,M32/5069B,402.0,99.77908,0.11788856304985337
2020-01-05 12:44:00,M32/5069B,352.0,98.16974,0.10491803278688523
2020-01-05 12:59:00,M32/5069B,396.0,98.16974,0.11803278688524589
2020-01-05 13:14:00,M32/5069B,416.0,98.16974,0.1239940387481371
2020-01-05 13:29:00,M32/5069B,382.0,101.38842,0.11024531024531026
2020-01-05 13:44:00,M32/5069B,388.0,101.38842,0.11197691197691198
2020-01-05 13:59:00,M32/5069B,343.0,101.38842,0.09898989898989899
2020-01-05 14:14:00,M32/5069B,383.0,99.77908,0.112316715542522
2020-01-05 14:29:00,M32/5069B,368.0,102.99776,0.10454545454545454
2020-01-05 14:44:00,M32/5069B,343.0,99.77908,0.10058651026392962
2020-01-05 14:59:00,M32/5069B,395.0,101.38842,0.113997113997114
2020-01-05 15:14:00,M32/5069B,390.0,101.38842,0.11255411255411256
2020-01-05 15:29:00,M32/5069B,396.0,101.38842,0.1142857142857143
2020-01-05 15:44:00,M32/5069B,367.0,99.77908,0.10762463343108505
2020-01-05 15:59:00,M32/5069B,377.0,101.38842,0.1088023088023088
2020-01-05 16:14:00,M32/5069B,384.0,98.16974,0.11445603576751116
2020-01-05 16:29:00,M32/5069B,404.0,98.16974,0.12041728763040237
2020-01-05 16:44:00,M32/5069B,410.0,96.5604,0.12424242424242425
2020-01-05 16:59:00,M32/5069B,350.0,94.95106,0.10785824345146379
2020-01-05 17:14:00,M32/5069B,359.0,96.5604,0.10878787878787878
2020-01-05 17:29:00,M32/5069B,346.0,96.5604,0.10484848484848484
2020-01-05 17:44:00,M32/5069B,326.0,98.16974,0.09716840536512668
2020-01-05 17:59:00,M32/5069B,359.0,94.95106,0.11063174114021572
2020-01-05 18:14:00,M32/5069B,302.0,98.16974,0.09001490312965722
2020-01-05 18:29:00,M32/5069B,297.0,99.77908,0.08709677419354839
2020-01-05 18:44:00,M32/5069B,268.0,101.38842,0.07734487734487734
2020-01-05 18:59:00,M32/5069B,273.0,99.77908,0.08005865102639297
2020-01-05 19:14:00,M32/5069B,240.0,99.77908,0.07038123167155426
2020-01-05 19:29:00,M32/5069B,230.0,102.99776,0.06534090909090909
2020-01-05 19:44:00,M32/5069B,198.0,102.99776,0.05625
2020-01-05 19:59:00,M32/5069B,227.0,101.38842,0.06551226551226552
2020-01-05 20:14:00,M32/5069B,208.0,99.77908,0.06099706744868035
2020-01-05 20:29:00,M32/5069B,192.0,101.38842,0.05541125541125541
2020-01-05 20:44:00,M32/5069B,158.0,106.21644,0.04352617079889807
2020-01-05 20:59:00,M32/5069B,160.0,104.6071,0.04475524475524475
2020-01-05 21:14:00,M32/5069B,168.0,102.99776,0.04772727272727273
2020-01-05 21:29:00,M32/5069B,144.0,101.38842,0.04155844155844156
2020-01-05 21:44:00,M32/5069B,158.0,101.38842,0.045598845598845604
2020-01-05 21:59:00,M32/5069B,138.0,104.6071,0.0386013986013986
2020-01-05 22:14:00,M32/5069B,117.0,101.38842,0.033766233766233764
2020-01-05 22:29:00,M32/5069B,99.0,101.38842,0.028571428571428574
2020-01-05 22:44:00,M32/5069B,92.0,104.6071,0.025734265734265734
2020-01-05 22:59:00,M32/5069B,77.0,102.99776,0.021875
2020-01-05 23:14:00,M32/5069B,71.0,106.21644,0.01955922865013774
2020-01-05 23:29:00,M32/5069B,70.0,104.6071,0.01958041958041958
2020-01-05 23:44:00,M32/5069B,58.0,101.38842,0.01673881673881674
2020-01-05 23:59:00,M32/5069B,52.0,98.16974,0.015499254843517137
2020-01-06 00:14:00,M32/5069B,40.0,101.38842,0.011544011544011544
2020-01-06 00:29:00,M32/5069B,44.0,101.38842,0.012698412698412698
2020-01-06 00:44:00,M32/5069B,26.0,98.16974,0.007749627421758568
2020-01-06 00:59:00,M32/5069B,29.0,99.77908,0.008504398826979473
2020-01-06 01:14:00,M32/5069B,21.0,102.99776,0.005965909090909091
2020-01-06 01:29:00,M32/5069B,25.0,98.16974,0.007451564828614009
2020-01-06 01:44:00,M32/5069B,23.0,98.16974,0.006855439642324887
2020-01-06 01:59:00,M32/5069B,21.0,99.77908,0.0061583577712609975
2020-01-06 02:14:00,M32/5069B,26.0,99.77908,0.007624633431085044
2020-01-06 02:29:00,M32/5069B,19.0,94.95106,0.005855161787365178
2020-01-06 02:44:00,M32/5069B,15.0,104.6071,0.004195804195804196
2020-01-06 02:59:00,M32/5069B,8.0,102.99776,0.0022727272727272726
2020-01-06 03:14:00,M32/5069B,21.0,93.34172,0.0065830721003134795
2020-01-06 03:29:00,M32/5069B,21.0,94.95106,0.0064714946070878274
2020-01-06 03:44:00,M32/5069B,14.0,99.77908,0.004105571847507331
2020-01-06 03:59:00,M32/5069B,23.0,96.5604,0.0069696969696969695
2020-01-06 04:14:00,M32/5069B,35.0,98.16974,0.010432190760059612
2020-01-06 04:29:00,M32/5069B,39.0,102.99776,0.011079545454545455
2020-01-06 04:44:00,M32/5069B,47.0,99.77908,0.013782991202346042
2020-01-06 04:59:00,M32/5069B,58.0,96.5604,0.017575757575757574
2020-01-06 05:14:00,M32/5069B,59.0,99.77908,0.017302052785923755
2020-01-06 05:29:00,M32/5069B,77.0,98.16974,0.022950819672131147
2020-01-06 05:44:00,M32/5069B,90.0,99.77908,0.026392961876832845
2020-01-06 05:59:00,M32/5069B,119.0,99.77908,0.034897360703812316
2020-01-06 06:14:00,M32/5069B,159.0,99.77908,0.046627565982404695
2020-01-06 06:29:00,M32/5069B,252.0,99.77908,0.07390029325513196
2020-01-06 06:44:00,M32/5069B,393.0,98.16974,0.11713859910581222
2020-01-06 06:59:00,M32/5069B,507.0,93.34172,0.15893416927899687
2020-01-06 07:14:00,M32/5069B,520.0,91.73238,0.16586921850079744
2020-01-06 07:29:00,M32/5069B,502.0,88.5137,0.16595041322314047
2020-01-06 07:44:00,M32/5069B,615.0,85.29502,0.2109777015437393
2020-01-06 07:59:00,M32/5069B,551.0,82.07634,0.1964349376114082
2020-01-06 08:14:00,M32/5069B,534.0,85.29502,0.18319039451114924
2020-01-06 08:29:00,M32/5069B,558.0,83.68568,0.1951048951048951
2020-01-06 08:44:00,M32/5069B,632.0,83.68568,0.22097902097902097
2020-01-06 08:59:00,M32/5069B,467.0,94.95106,0.1439137134052388
2020-01-06 09:14:00,M32/5069B,425.0,96.5604,0.12878787878787878
2020-01-06 09:29:00,M32/5069B,439.0,96.5604,0.13303030303030303
2020-01-06 09:44:00,M32/5069B,413.0,98.16974,0.12309985096870342
2020-01-06 09:59:00,M32/5069B,382.0,98.16974,0.11385991058122205
2020-01-06 10:14:00,M32/5069B,371.0,98.16974,0.11058122205663189
2020-01-06 10:29:00,M32/5069B,377.0,98.16974,0.11236959761549925
2020-01-06 10:44:00,M32/5069B,349.0,96.5604,0.10575757575757576
2020-01-06 10:59:00,M32/5069B,355.0,98.16974,0.1058122205663189
2020-01-06 11:14:00,M32/5069B,322.0,99.77908,0.09442815249266863
2020-01-06 11:29:00,M32/5069B,319.0,98.16974,0.09508196721311475
2020-01-06 11:44:00,M32/5069B,331.0,99.77908,0.09706744868035191
2020-01-06 11:59:00,M32/5069B,326.0,99.77908,0.09560117302052787
2020-01-06 12:14:00,M32/5069B,353.0,99.77908,0.10351906158357772
2020-01-06 12:29:00,M32/5069B,303.0,98.16974,0.09031296572280179
2020-01-06 12:44:00,M32/5069B,316.0,98.16974,0.09418777943368108
2020-01-06 12:59:00,M32/5069B,324.0,99.77908,0.09501466275659824
2020-01-06 13:14:00,M32/5069B,308.0,98.16974,0.09180327868852459
2020-01-06 13:29:00,M32/5069B,314.0,94.95106,0.09676425269645608
2020-01-06 13:44:00,M32/5069B,322.0,94.95106,0.09922958397534669
2020-01-06 13:59:00,M32/5069B,311.0,96.5604,0.09424242424242424
2020-01-06 14:14:00,M32/5069B,319.0,96.5604,0.09666666666666666
2020-01-06 14:29:00,M32/5069B,340.0,94.95106,0.10477657935285055
2020-01-06 14:44:00,M32/5069B,342.0,96.5604,0.10363636363636364
2020-01-06 14:59:00,M32/5069B,320.0,94.95106,0.09861325115562404
2020-01-06 15:14:00,M32/5069B,323.0,98.16974,0.09627421758569299
2020-01-06 15:29:00,M32/5069B,372.0,99.77908,0.1090909090909091
2020-01-06 15:44:00,M32/5069B,374.0,96.5604,0.11333333333333333
2020-01-06 15:59:00,M32/5069B,411.0,99.77908,0.12052785923753667
2020-01-06 16:14:00,M32/5069B,391.0,99.77908,0.11466275659824048
2020-01-06 16:29:00,M32/5069B,447.0,96.5604,0.13545454545454544
2020-01-06 16:44:00,M32/5069B,485.0,93.34172,0.15203761755485895
2020-01-06 16:59:00,M32/5069B,483.0,91.73238,0.154066985645933
2020-01-06 17:14:00,M32/5069B,494.0,88.5137,0.16330578512396693
2020-01-06 17:29:00,M32/5069B,555.0,85.29502,0.19039451114922815
2020-01-06 17:44:00,M32/5069B,492.0,88.5137,0.16264462809917354
2020-01-06 17:59:00,M32/5069B,482.0,88.5137,0.1593388429752066
2020-01-06 18:14:00,M32/5069B,430.0,91.73238,0.13716108452950557
2020-01-06 18:29:00,M32/5069B,416.0,93.34172,0.1304075235109718
2020-01-06 18:44:00,M32/5069B,378.0,96.5604,0.11454545454545453
2020-01-06 18:59:00,M32/5069B,304.0,96.5604,0.09212121212121212
2020-01-06 19:14:00,M32/5069B,210.0,99.77908,0.061583577712609965
2020-01-06 19:29:00,M32/5069B,280.0,101.38842,0.0808080808080808
2020-01-06 19:44:00,M32/5069B,209.0,99.77908,0.061290322580645165
2020-01-06 19:59:00,M32/5069B,182.0,101.38842,0.052525252525252523
2020-01-06 20:14:00,M32/5069B,150.0,104.6071,0.04195804195804196
2020-01-06 20:29:00,M32/5069B,144.0,94.95106,0.044375963020030815
2020-01-06 20:44:00,M32/5069B,149.0,101.38842,0.043001443001443
2020-01-06 20:59:00,M32/5069B,133.0,99.77908,0.039002932551319654
2020-01-06 21:14:00,M32/5069B,129.0,98.16974,0.03845007451564828
2020-01-06 21:29:00,M32/5069B,110.0,101.38842,0.031746031746031744
2020-01-06 21:44:00,M32/5069B,113.0,102.99776,0.03210227272727273
2020-01-06 21:59:00,M32/5069B,104.0,102.99776,0.02954545454545454
2020-01-06 22:14:00,M32/5069B,116.0,101.38842,0.03347763347763348
2020-01-06 22:29:00,M32/5069B,105.0,101.38842,0.0303030303030303
2020-01-06 22:44:00,M32/5069B,66.0,101.38842,0.01904761904761905
2020-01-06 22:59:00,M32/5069B,56.0,102.99776,0.015909090909090907
2020-01-06 23:14:00,M32/5069B,57.0,99.77908,0.016715542521994135
2020-01-06 23:29:00,M32/5069B,67.0,98.16974,0.01997019374068554
2020-01-06 23:44:00,M32/5069B,48.0,98.16974,0.014307004470938895
2020-01-06 23:59:00,M32/5069B,38.0,101.38842,0.010966810966810967
2020-01-07 00:14:00,M32/5069B,35.0,91.73238,0.011164274322169059
2020-01-07 00:29:00,M32/5069B,43.0,98.16974,0.012816691505216095
2020-01-07 00:44:00,M32/5069B,28.0,94.95106,0.008628659476117104
2020-01-07 00:59:00,M32/5069B,37.0,96.5604,0.011212121212121211
2020-01-07 01:14:00,M32/5069B,24.0,98.16974,0.007153502235469448
2020-01-07 01:29:00,M32/5069B,20.0,98.16974,0.005961251862891207
2020-01-07 01:44:00,M32/5069B,22.0,96.5604,0.006666666666666666
2020-01-07 01:59:00,M32/5069B,26.0,93.34172,0.008150470219435737
2020-01-07 02:14:00,M32/5069B,20.0,96.5604,0.006060606060606061
2020-01-07 02:29:00,M32/5069B,21.0,91.73238,0.006698564593301435
2020-01-07 02:44:00,M32/5069B,10.0,98.16974,0.0029806259314456036
2020-01-07 02:59:00,M32/5069B,20.0,99.77908,0.005865102639296188
2020-01-07 03:14:00,M32/5069B,22.0,102.99776,0.0062499999999999995
2020-01-07 03:29:00,M32/5069B,25.0,96.5604,0.007575757575757575
2020-01-07 03:44:00,M32/5069B,21.0,93.34172,0.0065830721003134795
2020-01-07 03:59:00,M32/5069B,25.0,98.16974,0.007451564828614009
2020-01-07 04:14:00,M32/5069B,36.0,101.38842,0.01038961038961039
2020-01-07 04:29:00,M32/5069B,40.0,99.77908,0.011730205278592375
2020-01-07 04:44:00,M32/5069B,47.0,98.16974,0.014008941877794336
2020-01-07 04:59:00,M32/5069B,46.0,96.5604,0.013939393939393939
2020-01-07 05:14:00,M32/5069B,60.0,101.38842,0.017316017316017316
2020-01-07 05:29:00,M32/5069B,86.0,102.99776,0.02443181818181818
2020-01-07 05:44:00,M32/5069B,113.0,99.77908,0.03313782991202346
2020-01-07 05:59:00,M32/5069B,140.0,101.38842,0.0404040404040404
2020-01-07 06:14:00,M32/5069B,175.0,101.38842,0.050505050505050504
2020-01-07 06:29:00,M32/5069B,253.0,101.38842,0.07301587301587302
2020-01-07 06:44:00,M32/5069B,364.0,96.5604,0.11030303030303029
2020-01-07 06:59:00,M32/5069B,496.0,96.5604,0.1503030303030303
2020-01-07 07:14:00,M32/5069B,560.0,90.12304,0.1818181818181818
2020-01-07 07:29:00,M32/5069B,497.0,90.12304,0.16136363636363635
2020-01-07 07:44:00,M32/5069B,458.0,85.29502,0.15711835334476845
2020-01-07 07:59:00,M32/5069B,486.0,86.90436,0.16363636363636364
2020-01-07 08:14:00,M32/5069B,623.0,78.85766,0.23116883116883116
2020-01-07 08:29:00,M32/5069B,491.0,90.12304,0.1594155844155844
2020-01-07 08:44:00,M32/5069B,622.0,86.90436,0.20942760942760943
2020-01-07 08:59:00,M32/5069B,488.0,51.49888,0.2772727272727273
2020-01-07 09:14:00,M32/5069B,458.0,93.34172,0.14357366771159874
2020-01-07 09:29:00,M32/5069B,483.0,77.24832,0.18295454545454543
2020-01-07 09:44:00,M32/5069B,477.0,98.16974,0.1421758569299553
2020-01-07 09:59:00,M32/5069B,395.0,98.16974,0.11773472429210133
2020-01-07 10:14:00,M32/5069B,347.0,96.5604,0.10515151515151515
2020-01-07 10:29:00,M32/5069B,340.0,98.16974,0.10134128166915052
2020-01-07 10:44:00,M32/5069B,359.0,96.5604,0.10878787878787878
2020-01-07 10:59:00,M32/5069B,361.0,98.16974,0.10760059612518628
2020-01-07 11:14:00,M32/5069B,314.0,99.77908,0.09208211143695015
2020-01-07 11:29:00,M32/5069B,371.0,99.77908,0.10879765395894428
2020-01-07 11:44:00,M32/5069B,383.0,98.16974,0.11415797317436661
2020-01-07 11:59:00,M32/5069B,289.0,98.16974,0.08614008941877793
2020-01-07 12:14:00,M32/5069B,345.0,99.77908,0.10117302052785924
2020-01-07 12:29:00,M32/5069B,352.0,96.5604,0.10666666666666666
2020-01-07 12:44:00,M32/5069B,308.0,99.77908,0.0903225806451613
2020-01-07 12:59:00,M32/5069B,304.0,101.38842,0.08773448773448773
2020-01-07 13:14:00,M32/5069B,312.0,98.16974,0.09299552906110282
2020-01-07 13:29:00,M32/5069B,340.0,99.77908,0.0997067448680352
2020-01-07 13:44:00,M32/5069B,293.0,99.77908,0.08592375366568916
2020-01-07 13:59:00,M32/5069B,306.0,98.16974,0.09120715350223547
2020-01-07 14:14:00,M32/5069B,327.0,99.77908,0.09589442815249268
2020-01-07 14:29:00,M32/5069B,334.0,98.16974,0.09955290611028315
2020-01-07 14:44:00,M32/5069B,330.0,99.77908,0.09677419354838711
2020-01-07 14:59:00,M32/5069B,327.0,101.38842,0.09437229437229437
2020-01-07 15:14:00,M32/5069B,341.0,99.77908,0.1
2020-01-07 15:29:00,M32/5069B,360.0,99.77908,0.10557184750733138
2020-01-07 15:44:00,M32/5069B,353.0,99.77908,0.10351906158357772
2020-01-07 15:59:00,M32/5069B,470.0,94.95106,0.1448382126348228
2020-01-07 16:14:00,M32/5069B,436.0,96.5604,0.1321212121212121
2020-01-07 16:29:00,M32/5069B,465.0,94.95106,0.1432973805855162
2020-01-07 16:44:00,M32/5069B,519.0,88.5137,0.17157024793388428
2020-01-07 16:59:00,M32/5069B,525.0,85.29502,0.18010291595197256
2020-01-07 17:14:00,M32/5069B,499.0,90.12304,0.162012987012987
2020-01-07 17:29:00,M32/5069B,521.0,86.90436,0.17542087542087542
2020-01-07 17:44:00,M32/5069B,526.0,86.90436,0.1771043771043771
2020-01-07 17:59:00,M32/5069B,571.0,86.90436,0.19225589225589226
2020-01-07 18:14:00,M32/5069B,515.0,90.12304,0.1672077922077922
2020-01-07 18:29:00,M32/5069B,516.0,88.5137,0.17057851239669422
2020-01-07 18:44:00,M32/5069B,462.0,93.34172,0.14482758620689656
2020-01-07 18:59:00,M32/5069B,373.0,94.95106,0.11494607087827427
2020-01-07 19:14:00,M32/5069B,331.0,98.16974,0.09865871833084947
2020-01-07 19:29:00,M32/5069B,266.0,98.16974,0.07928464977645304
2020-01-07 19:44:00,M32/5069B,238.0,98.16974,0.07093889716840536
2020-01-07 19:59:00,M32/5069B,173.0,99.77908,0.050733137829912026
2020-01-07 20:14:00,M32/5069B,156.0,101.38842,0.04502164502164502
2020-01-07 20:29:00,M32/5069B,159.0,99.77908,0.046627565982404695
2020-01-07 20:44:00,M32/5069B,139.0,96.5604,0.04212121212121212
2020-01-07 20:59:00,M32/5069B,110.0,99.77908,0.03225806451612903
2020-01-07 21:14:00,M32/5069B,94.0,101.38842,0.02712842712842713
2020-01-07 21:29:00,M32/5069B,106.0,101.38842,0.030591630591630593
2020-01-07 21:44:00,M32/5069B,104.0,99.77908,0.030498533724340176
2020-01-07 21:59:00,M32/5069B,87.0,98.16974,0.02593144560357675
2020-01-07 22:14:00,M32/5069B,108.0,101.38842,0.03116883116883117
2020-01-07 22:29:00,M32/5069B,109.0,102.99776,0.030965909090909093
2020-01-07 22:44:00,M32/5069B,81.0,96.5604,0.024545454545454544
2020-01-07 22:59:00,M32/5069B,62.0,99.77908,0.01818181818181818
2020-01-07 23:14:00,M32/5069B,51.0,102.99776,0.014488636363636363
2020-01-07 23:29:00,M32/5069B,56.0,96.5604,0.016969696969696968
2020-01-07 23:44:00,M32/5069B,49.0,99.77908,0.01436950146627566
2020-01-07 23:59:00,M32/5069B,31.0,96.5604,0.009393939393939394
2020-01-08 00:14:00,M32/5069B,37.0,94.95106,0.01140215716486903
2020-01-08 00:29:00,M32/5069B,27.0,93.34172,0.008463949843260187
2020-01-08 00:44:00,M32/5069B,30.0,98.16974,0.00894187779433681
2020-01-08 00:59:00,M32/5069B,31.0,93.34172,0.009717868338557993
2020-01-08 01:14:00,M32/5069B,32.0,96.5604,0.009696969696969697
2020-01-08 01:29:00,M32/5069B,21.0,93.34172,0.0065830721003134795
2020-01-08 01:44:00,M32/5069B,28.0,94.95106,0.008628659476117104
2020-01-08 01:59:00,M32/5069B,20.0,96.5604,0.006060606060606061
2020-01-08 02:14:00,M32/5069B,18.0,93.34172,0.005642633228840125
2020-01-08 02:29:00,M32/5069B,19.0,99.77908,0.005571847507331379
2020-01-08 02:44:00,M32/5069B,22.0,96.5604,0.006666666666666666
2020-01-08 02:59:00,M32/5069B,17.0,96.5604,0.005151515151515151
2020-01-08 03:14:00,M32/5069B,21.0,94.95106,0.0064714946070878274
2020-01-08 03:29:00,M32/5069B,20.0,98.16974,0.005961251862891207
2020-01-08 03:44:00,M32/5069B,25.0,96.5604,0.007575757575757575
2020-01-08 03:59:00,M32/5069B,20.0,91.73238,0.006379585326953747
2020-01-08 04:14:00,M32/5069B,27.0,91.73238,0.00861244019138756
2020-01-08 04:29:00,M32/5069B,36.0,98.16974,0.010730253353204171
2020-01-08 04:44:00,M32/5069B,38.0,99.77908,0.011143695014662757
2020-01-08 04:59:00,M32/5069B,48.0,98.16974,0.014307004470938895
2020-01-08 05:14:00,M32/5069B,71.0,96.5604,0.02151515151515151
2020-01-08 05:29:00,M32/5069B,70.0,99.77908,0.020527859237536656
2020-01-08 05:44:00,M32/5069B,98.0,98.16974,0.029210134128166913
2020-01-08 05:59:00,M32/5069B,125.0,102.99776,0.03551136363636363
2020-01-08 06:14:00,M32/5069B,166.0,99.77908,0.04868035190615836
2020-01-08 06:29:00,M32/5069B,248.0,101.38842,0.07157287157287157
2020-01-08 06:44:00,M32/5069B,378.0,96.5604,0.11454545454545453
2020-01-08 06:59:00,M32/5069B,480.0,94.95106,0.14791987673343604
2020-01-08 07:14:00,M32/5069B,452.0,94.95106,0.13929121725731897
2020-01-08 07:29:00,M32/5069B,432.0,91.73238,0.13779904306220095
2020-01-08 07:44:00,M32/5069B,560.0,82.07634,0.1996434937611408
2020-01-08 07:59:00,M32/5069B,462.0,88.5137,0.15272727272727274
2020-01-08 08:14:00,M32/5069B,549.0,85.29502,0.18833619210977703
2020-01-08 08:29:00,M32/5069B,550.0,83.68568,0.1923076923076923
2020-01-08 08:44:00,M32/5069B,545.0,88.5137,0.18016528925619835
2020-01-08 08:59:00,M32/5069B,429.0,91.73238,0.13684210526315788
2020-01-08 09:14:00,M32/5069B,438.0,96.5604,0.13272727272727272
2020-01-08 09:29:00,M32/5069B,546.0,91.73238,0.17416267942583732
2020-01-08 09:44:00,M32/5069B,564.0,93.34172,0.17680250783699059
2020-01-08 09:59:00,M32/5069B,445.0,96.5604,0.13484848484848486
2020-01-08 10:14:00,M32/5069B,363.0,96.5604,0.10999999999999999
2020-01-08 10:29:00,M32/5069B,342.0,96.5604,0.10363636363636364
2020-01-08 10:44:00,M32/5069B,373.0,99.77908,0.10938416422287389
2020-01-08 10:59:00,M32/5069B,376.0,98.16974,0.11207153502235469
2020-01-08 11:14:00,M32/5069B,344.0,99.77908,0.10087976539589442
2020-01-08 11:29:00,M32/5069B,318.0,99.77908,0.09325513196480939
2020-01-08 11:44:00,M32/5069B,348.0,99.77908,0.10205278592375366
2020-01-08 11:59:00,M32/5069B,347.0,101.38842,0.10014430014430015
2020-01-08 12:14:00,M32/5069B,308.0,101.38842,0.08888888888888888
2020-01-08 12:29:00,M32/5069B,327.0,99.77908,0.09589442815249268
2020-01-08 12:44:00,M32/5069B,350.0,102.99776,0.09943181818181818
2020-01-08 12:59:00,M32/5069B,367.0,101.38842,0.10591630591630592
2020-01-08 13:14:00,M32/5069B,311.0,101.38842,0.08975468975468975
2020-01-08 13:29:00,M32/5069B,331.0,101.38842,0.09552669552669552
2020-01-08 13:44:00,M32/5069B,334.0,99.77908,0.09794721407624635
2020-01-08 13:59:00,M32/5069B,318.0,101.38842,0.09177489177489177
2020-01-08 14:14:00,M32/5069B,328.0,101.38842,0.09466089466089465
2020-01-08 14:29:00,M32/5069B,345.0,99.77908,0.10117302052785924
2020-01-08 14:44:00,M32/5069B,350.0,99.77908,0.10263929618768328
2020-01-08 14:59:00,M32/5069B,358.0,101.38842,0.10331890331890332
2020-01-08 15:14:00,M32/5069B,360.0,99.77908,0.10557184750733138
2020-01-08 15:29:00,M32/5069B,351.0,99.77908,0.1029325513196481
2020-01-08 15:44:00,M32/5069B,397.0,101.38842,0.11457431457431456
2020-01-08 15:59:00,M32/5069B,421.0,99.77908,0.12346041055718475
2020-01-08 16:14:00,M32/5069B,487.0,96.5604,0.14757575757575755
2020-01-08 16:29:00,M32/5069B,525.0,98.16974,0.15648286140089418
2020-01-08 16:44:00,M32/5069B,507.0,94.95106,0.15624036979969183
2020-01-08 16:59:00,M32/5069B,531.0,90.12304,0.1724025974025974
2020-01-08 17:14:00,M32/5069B,485.0,90.12304,0.15746753246753245
2020-01-08 17:29:00,M32/5069B,544.0,88.5137,0.17983471074380164
2020-01-08 17:44:00,M32/5069B,395.0,90.12304,0.12824675324675322
2020-01-08 17:59:00,M32/5069B,562.0,85.29502,0.1927958833619211
2020-01-08 18:14:00,M32/5069B,545.0,86.90436,0.1835016835016835
2020-01-08 18:29:00,M32/5069B,464.0,88.5137,0.1533884297520661
2020-01-08 18:44:00,M32/5069B,412.0,91.73238,0.13141945773524719
2020-01-08 18:59:00,M32/5069B,402.0,90.12304,0.1305194805194805
2020-01-08 19:14:00,M32/5069B,307.0,93.34172,0.09623824451410659
2020-01-08 19:29:00,M32/5069B,250.0,98.16974,0.07451564828614009
2020-01-08 19:44:00,M32/5069B,222.0,99.77908,0.06510263929618768
2020-01-08 19:59:00,M32/5069B,173.0,99.77908,0.050733137829912026
2020-01-08 20:14:00,M32/5069B,196.0,98.16974,0.05842026825633383
2020-01-08 20:29:00,M32/5069B,162.0,98.16974,0.048286140089418776
2020-01-08 20:44:00,M32/5069B,154.0,102.99776,0.04375
2020-01-08 20:59:00,M32/5069B,112.0,96.5604,0.033939393939393936
2020-01-08 21:14:00,M32/5069B,106.0,93.34172,0.03322884012539185
2020-01-08 21:29:00,M32/5069B,115.0,99.77908,0.03372434017595308
2020-01-08 21:44:00,M32/5069B,74.0,101.38842,0.021356421356421358
2020-01-08 21:59:00,M32/5069B,91.0,94.95106,0.028043143297380585
2020-01-08 22:14:00,M32/5069B,108.0,96.5604,0.03272727272727272
2020-01-08 22:29:00,M32/5069B,93.0,99.77908,0.027272727272727275
2020-01-08 22:44:00,M32/5069B,116.0,99.77908,0.03401759530791789
2020-01-08 22:59:00,M32/5069B,71.0,98.16974,0.021162444113263783
2020-01-08 23:14:00,M32/5069B,47.0,98.16974,0.014008941877794336
2020-01-08 23:29:00,M32/5069B,41.0,98.16974,0.012220566318926974
2020-01-08 23:44:00,M32/5069B,38.0,93.34172,0.011912225705329155
2020-01-08 23:59:00,M32/5069B,52.0,94.95106,0.016024653312788906
2020-01-09 00:14:00,M32/5069B,40.0,96.5604,0.012121212121212121
2020-01-09 00:29:00,M32/5069B,35.0,98.16974,0.010432190760059612
2020-01-09 00:44:00,M32/5069B,19.0,91.73238,0.006060606060606061
2020-01-09 00:59:00,M32/5069B,20.0,94.95106,0.0061633281972265025
2020-01-09 01:14:00,M32/5069B,31.0,94.95106,0.009553158705701078
2020-01-09 01:29:00,M32/5069B,14.0,91.73238,0.004465709728867623
2020-01-09 01:44:00,M32/5069B,22.0,93.34172,0.006896551724137931
2020-01-09 01:59:00,M32/5069B,18.0,96.5604,0.005454545454545454
2020-01-09 02:14:00,M32/5069B,23.0,86.90436,0.007744107744107743
2020-01-09 02:29:00,M32/5069B,20.0,90.12304,0.006493506493506493
2020-01-09 02:44:00,M32/5069B,13.0,93.34172,0.0040752351097178684
2020-01-09 02:59:00,M32/5069B,21.0,96.5604,0.006363636363636363
2020-01-09 03:14:00,M32/5069B,14.0,94.95106,0.004314329738058552
2020-01-09 03:29:00,M32/5069B,21.0,93.34172,0.0065830721003134795
2020-01-09 03:44:00,M32/5069B,23.0,96.5604,0.0069696969696969695
2020-01-09 03:59:00,M32/5069B,25.0,99.77908,0.007331378299120235
2020-01-09 04:14:00,M32/5069B,35.0,96.5604,0.010606060606060605
2020-01-09 04:29:00,M32/5069B,35.0,93.34172,0.010971786833855801
2020-01-09 04:44:00,M32/5069B,47.0,90.12304,0.015259740259740258
2020-01-09 04:59:00,M32/5069B,46.0,99.77908,0.013489736070381233
2020-01-09 05:14:00,M32/5069B,55.0,98.16974,0.01639344262295082
2020-01-09 05:29:00,M32/5069B,66.0,96.5604,0.02
2020-01-09 05:44:00,M32/5069B,80.0,96.5604,0.024242424242424242
2020-01-09 05:59:00,M32/5069B,138.0,99.77908,0.0404692082111437
2020-01-09 06:14:00,M32/5069B,149.0,99.77908,0.0436950146627566
2020-01-09 06:29:00,M32/5069B,215.0,101.38842,0.06204906204906205
2020-01-09 06:44:00,M32/5069B,341.0,98.16974,0.10163934426229507
2020-01-09 06:59:00,M32/5069B,466.0,94.95106,0.1436055469953775
2020-01-09 07:14:00,M32/5069B,502.0,91.73238,0.16012759170653906
2020-01-09 07:29:00,M32/5069B,567.0,86.90436,0.19090909090909092
2020-01-09 07:44:00,M32/5069B,437.0,88.5137,0.14446280991735538
2020-01-09 07:59:00,M32/5069B,579.0,83.68568,0.20244755244755244
2020-01-09 08:14:00,M32/5069B,618.0,82.07634,0.22032085561497325
2020-01-09 08:29:00,M32/5069B,590.0,85.29502,0.20240137221269297
2020-01-09 08:44:00,M32/5069B,521.0,90.12304,0.16915584415584414
2020-01-09 08:59:00,M32/5069B,488.0,90.12304,0.15844155844155844
2020-01-09 09:14:00,M32/5069B,476.0,96.5604,0.14424242424242426
2020-01-09 09:29:00,M32/5069B,468.0,98.16974,0.13949329359165424
2020-01-09 09:44:00,M32/5069B,480.0,96.5604,0.14545454545454545
2020-01-09 09:59:00,M32/5069B,447.0,98.16974,0.13323397913561846
2020-01-09 10:14:00,M32/5069B,400.0,98.16974,0.11922503725782414
2020-01-09 10:29:00,M32/5069B,364.0,101.38842,0.10505050505050505
2020-01-09 10:44:00,M32/5069B,353.0,101.38842,0.10187590187590188
2020-01-09 10:59:00,M32/5069B,342.0,99.77908,0.10029325513196481
2020-01-09 11:14:00,M32/5069B,313.0,98.16974,0.09329359165424739
2020-01-09 11:29:00,M32/5069B,321.0,99.77908,0.09413489736070381
2020-01-09 11:44:00,M32/5069B,334.0,99.77908,0.09794721407624635
2020-01-09 11:59:00,M32/5069B,329.0,99.77908,0.09648093841642229
2020-01-09 12:14:00,M32/5069B,327.0,99.77908,0.09589442815249268
2020-01-09 12:29:00,M32/5069B,338.0,101.38842,0.09754689754689755
2020-01-09 12:44:00,M32/5069B,379.0,99.77908,0.11114369501466276
2020-01-09 12:59:00,M32/5069B,334.0,99.77908,0.09794721407624635
2020-01-09 13:14:00,M32/5069B,327.0,101.38842,0.09437229437229437
2020-01-09 13:29:00,M32/5069B,328.0,99.77908,0.09618768328445748
2020-01-09 13:44:00,M32/5069B,357.0,102.99776,0.10142045454545454
2020-01-09 13:59:00,M32/5069B,358.0,99.77908,0.10498533724340176
2020-01-09 14:14:00,M32/5069B,306.0,102.99776,0.08693181818181818
2020-01-09 14:29:00,M32/5069B,324.0,99.77908,0.09501466275659824
2020-01-09 14:44:00,M32/5069B,363.0,98.16974,0.10819672131147541
2020-01-09 14:59:00,M32/5069B,361.0,98.16974,0.10760059612518628
2020-01-09 15:14:00,M32/5069B,401.0,98.16974,0.11952309985096869
2020-01-09 15:29:00,M32/5069B,375.0,94.95106,0.11556240369799692
2020-01-09 15:44:00,M32/5069B,384.0,94.95106,0.11833590138674885
2020-01-09 15:59:00,M32/5069B,431.0,91.73238,0.13748006379585326
2020-01-09 16:14:00,M32/5069B,357.0,90.12304,0.1159090909090909
2020-01-09 16:29:00,M32/5069B,300.0,90.12304,0.0974025974025974
2020-01-09 16:44:00,M32/5069B,363.0,88.5137,0.12
2020-01-09 16:59:00,M32/5069B,327.0,86.90436,0.1101010101010101
2020-01-09 17:14:00,M32/5069B,571.0,69.20162,0.24143763213530656
2020-01-09 17:29:00,M32/5069B,516.0,77.24832,0.19545454545454544
2020-01-09 17:44:00,M32/5069B,484.0,77.24832,0.1833333333333333
2020-01-09 17:59:00,M32/5069B,477.0,78.85766,0.1769944341372913
2020-01-09 18:14:00,M32/5069B,492.0,80.467,0.1789090909090909
2020-01-09 18:29:00,M32/5069B,489.0,77.24832,0.1852272727272727
2020-01-09 18:44:00,M32/5069B,493.0,75.63898,0.19071566731141198
2020-01-09 18:59:00,M32/5069B,385.0,85.29502,0.13207547169811323
2020-01-09 19:14:00,M32/5069B,322.0,90.12304,0.10454545454545454
2020-01-09 19:29:00,M32/5069B,289.0,94.95106,0.08906009244992295
2020-01-09 19:44:00,M32/5069B,243.0,96.5604,0.07363636363636362
2020-01-09 19:59:00,M32/5069B,242.0,96.5604,0.07333333333333332
2020-01-09 20:14:00,M32/5069B,185.0,96.5604,0.056060606060606054
2020-01-09 20:29:00,M32/5069B,182.0,99.77908,0.05337243401759531
2020-01-09 20:44:00,M32/5069B,175.0,99.77908,0.05131964809384164
2020-01-09 20:59:00,M32/5069B,137.0,101.38842,0.03953823953823954
2020-01-09 21:14:00,M32/5069B,130.0,99.77908,0.03812316715542522
2020-01-09 21:29:00,M32/5069B,140.0,102.99776,0.03977272727272727
2020-01-09 21:44:00,M32/5069B,119.0,102.99776,0.03380681818181818
2020-01-09 21:59:00,M32/5069B,107.0,104.6071,0.029930069930069927
2020-01-09 22:14:00,M32/5069B,125.0,102.99776,0.03551136363636363
2020-01-09 22:29:00,M32/5069B,111.0,102.99776,0.03153409090909091
2020-01-09 22:44:00,M32/5069B,78.0,101.38842,0.02251082251082251
2020-01-09 22:59:00,M32/5069B,83.0,102.99776,0.023579545454545454
2020-01-09 23:14:00,M32/5069B,66.0,102.99776,0.01875
2020-01-09 23:29:00,M32/5069B,67.0,101.38842,0.019336219336219335
2020-01-09 23:44:00,M32/5069B,45.0,94.95106,0.01386748844375963
2020-01-09 23:59:00,M32/5069B,44.0,99.77908,0.012903225806451613
2020-01-10 00:14:00,M32/5069B,33.0,107.82578,0.008955223880597015
2020-01-10 00:29:00,M32/5069B,38.0,96.5604,0.011515151515151515
2020-01-10 00:44:00,M32/5069B,31.0,99.77908,0.00909090909090909
2020-01-10 00:59:00,M32/5069B,32.0,98.16974,0.00953800298062593
2020-01-10 01:14:00,M32/5069B,32.0,101.38842,0.009235209235209235
2020-01-10 01:29:00,M32/5069B,29.0,94.95106,0.008936825885978428
2020-01-10 01:44:00,M32/5069B,24.0,90.12304,0.007792207792207792
2020-01-10 01:59:00,M32/5069B,22.0,94.95106,0.006779661016949152
2020-01-10 02:14:00,M32/5069B,19.0,101.38842,0.005483405483405483
2020-01-10 02:29:00,M32/5069B,21.0,106.21644,0.005785123966942148
2020-01-10 02:44:00,M32/5069B,25.0,93.34172,0.007836990595611286
2020-01-10 02:59:00,M32/5069B,23.0,99.77908,0.006744868035190616
2020-01-10 03:14:00,M32/5069B,14.0,93.34172,0.00438871473354232
2020-01-10 03:29:00,M32/5069B,28.0,98.16974,0.00834575260804769
2020-01-10 03:44:00,M32/5069B,22.0,96.5604,0.006666666666666666
2020-01-10 03:59:00,M32/5069B,25.0,96.5604,0.007575757575757575
2020-01-10 04:14:00,M32/5069B,33.0,96.5604,0.01
2020-01-10 04:29:00,M32/5069B,33.0,102.99776,0.009375
2020-01-10 04:44:00,M32/5069B,42.0,99.77908,0.012316715542521995
2020-01-10 04:59:00,M32/5069B,45.0,101.38842,0.012987012987012986
2020-01-10 05:14:00,M32/5069B,59.0,98.16974,0.01758569299552906
2020-01-10 05:29:00,M32/5069B,66.0,98.16974,0.019672131147540982
2020-01-10 05:44:00,M32/5069B,90.0,99.77908,0.026392961876832845
2020-01-10 05:59:00,M32/5069B,124.0,101.38842,0.03578643578643578
2020-01-10 06:14:00,M32/5069B,156.0,102.99776,0.04431818181818182
2020-01-10 06:29:00,M32/5069B,222.0,98.16974,0.0661698956780924
2020-01-10 06:44:00,M32/5069B,336.0,98.16974,0.10014903129657228
2020-01-10 06:59:00,M32/5069B,451.0,99.77908,0.13225806451612904
2020-01-10 07:14:00,M32/5069B,518.0,93.34172,0.1623824451410658
2020-01-10 07:29:00,M32/5069B,575.0,93.34172,0.18025078369905956
2020-01-10 07:44:00,M32/5069B,588.0,90.12304,0.1909090909090909
2020-01-10 07:59:00,M32/5069B,521.0,93.34172,0.1633228840125392
2020-01-10 08:14:00,M32/5069B,458.0,85.29502,0.15711835334476845
2020-01-10 08:29:00,M32/5069B,436.0,94.95106,0.13436055469953775
2020-01-10 08:44:00,M32/5069B,413.0,99.77908,0.12111436950146627
2020-01-10 08:59:00,M32/5069B,399.0,99.77908,0.11700879765395895
2020-01-10 09:14:00,M32/5069B,390.0,98.16974,0.11624441132637853
2020-01-10 09:29:00,M32/5069B,416.0,98.16974,0.1239940387481371
2020-01-10 09:44:00,M32/5069B,432.0,99.77908,0.12668621700879765
2020-01-10 09:59:00,M32/5069B,368.0,99.77908,0.10791788856304986
2020-01-10 10:14:00,M32/5069B,397.0,99.77908,0.11642228739002933
2020-01-10 10:29:00,M32/5069B,354.0,99.77908,0.10381231671554252
2020-01-10 10:44:00,M32/5069B,370.0,99.77908,0.10850439882697947
2020-01-10 10:59:00,M32/5069B,344.0,99.77908,0.10087976539589442
2020-01-10 11:14:00,M32/5069B,330.0,99.77908,0.09677419354838711
2020-01-10 11:29:00,M32/5069B,341.0,99.77908,0.1
2020-01-10 11:44:00,M32/5069B,348.0,101.38842,0.10043290043290043
2020-01-10 11:59:00,M32/5069B,365.0,101.38842,0.10533910533910534
2020-01-10 12:14:00,M32/5069B,403.0,101.38842,0.1163059163059163
2020-01-10 12:29:00,M32/5069B,403.0,99.77908,0.1181818181818182
2020-01-10 12:44:00,M32/5069B,380.0,98.16974,0.11326378539493293
2020-01-10 12:59:00,M32/5069B,366.0,101.38842,0.10562770562770563
2020-01-10 13:14:00,M32/5069B,417.0,99.77908,0.12228739002932552
2020-01-10 13:29:00,M32/5069B,398.0,99.77908,0.11671554252199415
2020-01-10 13:44:00,M32/5069B,412.0,98.16974,0.12280178837555884
2020-01-10 13:59:00,M32/5069B,419.0,99.77908,0.12287390029325515
2020-01-10 14:14:00,M32/5069B,374.0,99.77908,0.10967741935483871
2020-01-10 14:29:00,M32/5069B,400.0,99.77908,0.11730205278592376
2020-01-10 14:44:00,M32/5069B,435.0,98.16974,0.12965722801788374
2020-01-10 14:59:00,M32/5069B,410.0,98.16974,0.12220566318926973
2020-01-10 15:14:00,M32/5069B,409.0,99.77908,0.11994134897360705
2020-01-10 15:29:00,M32/5069B,439.0,98.16974,0.130849478390462
2020-01-10 15:44:00,M32/5069B,538.0,96.5604,0.16303030303030303
2020-01-10 15:59:00,M32/5069B,467.0,98.16974,0.13919523099850967
2020-01-10 16:14:00,M32/5069B,485.0,98.16974,0.14456035767511177
2020-01-10 16:29:00,M32/5069B,511.0,98.16974,0.15230998509687033
2020-01-10 16:44:00,M32/5069B,516.0,94.95106,0.15901386748844376
2020-01-10 16:59:00,M32/5069B,476.0,93.34172,0.14921630094043886
2020-01-10 17:14:00,M32/5069B,491.0,96.5604,0.1487878787878788
2020-01-10 17:29:00,M32/5069B,510.0,94.95106,0.15716486902927582
2020-01-10 17:44:00,M32/5069B,483.0,94.95106,0.14884437596302003
2020-01-10 17:59:00,M32/5069B,466.0,94.95106,0.1436055469953775
2020-01-10 18:14:00,M32/5069B,458.0,96.5604,0.1387878787878788
2020-01-10 18:29:00,M32/5069B,453.0,98.16974,0.13502235469448584
2020-01-10 18:44:00,M32/5069B,404.0,98.16974,0.12041728763040237
2020-01-10 18:59:00,M32/5069B,363.0,99.77908,0.10645161290322581
2020-01-10 19:14:00,M32/5069B,338.0,99.77908,0.09912023460410559
2020-01-10 19:29:00,M32/5069B,309.0,101.38842,0.08917748917748917
2020-01-10 19:44:00,M32/5069B,247.0,102.99776,0.07017045454545455
2020-01-10 19:59:00,M32/5069B,220.0,101.38842,0.06349206349206349
2020-01-10 20:14:00,M32/5069B,192.0,101.38842,0.05541125541125541
2020-01-10 20:29:00,M32/5069B,206.0,104.6071,0.05762237762237762
2020-01-10 20:44:00,M32/5069B,175.0,102.99776,0.04971590909090909
2020-01-10 20:59:00,M32/5069B,164.0,102.99776,0.04659090909090909
2020-01-10 21:14:00,M32/5069B,139.0,101.38842,0.04011544011544012
2020-01-10 21:29:00,M32/5069B,131.0,101.38842,0.03780663780663781
2020-01-10 21:44:00,M32/5069B,130.0,101.38842,0.03751803751803752
2020-01-10 21:59:00,M32/5069B,114.0,104.6071,0.031888111888111886
2020-01-10 22:14:00,M32/5069B,114.0,101.38842,0.032900432900432895
2020-01-10 22:29:00,M32/5069B,92.0,101.38842,0.02655122655122655
2020-01-10 22:44:00,M32/5069B,75.0,99.77908,0.021994134897360705
2020-01-10 22:59:00,M32/5069B,76.0,99.77908,0.022287390029325515
2020-01-10 23:14:00,M32/5069B,70.0,104.6071,0.01958041958041958
2020-01-10 23:29:00,M32/5069B,83.0,98.16974,0.024739195230998507
2020-01-10 23:44:00,M32/5069B,59.0,101.38842,0.01702741702741703
2020-01-10 23:59:00,M32/5069B,57.0,98.16974,0.01698956780923994
2020-01-11 00:14:00,M32/5069B,58.0,99.77908,0.017008797653958945
2020-01-11 00:29:00,M32/5069B,50.0,102.99776,0.014204545454545454
2020-01-11 00:44:00,M32/5069B,41.0,104.6071,0.011468531468531468
2020-01-11 00:59:00,M32/5069B,37.0,99.77908,0.010850439882697948
2020-01-11 01:14:00,M32/5069B,43.0,96.5604,0.01303030303030303
2020-01-11 01:29:00,M32/5069B,42.0,96.5604,0.012727272727272726
2020-01-11 01:44:00,M32/5069B,27.0,102.99776,0.0076704545454545445
2020-01-11 01:59:00,M32/5069B,22.0,99.77908,0.0064516129032258064
2020-01-11 02:14:00,M32/5069B,19.0,96.5604,0.005757575757575757
2020-01-11 02:29:00,M32/5069B,28.0,96.5604,0.008484848484848484
2020-01-11 02:44:00,M32/5069B,29.0,96.5604,0.008787878787878787
2020-01-11 02:59:00,M32/5069B,22.0,88.5137,0.007272727272727273
2020-01-11 03:14:00,M32/5069B,23.0,94.95106,0.007087827426810477
2020-01-11 03:29:00,M32/5069B,29.0,98.16974,0.00864381520119225
2020-01-11 03:44:00,M32/5069B,28.0,106.21644,0.00771349862258953
2020-01-11 03:59:00,M32/5069B,22.0,86.90436,0.007407407407407407
2020-01-11 04:14:00,M32/5069B,29.0,94.95106,0.008936825885978428
2020-01-11 04:29:00,M32/5069B,34.0,101.38842,0.009812409812409812
2020-01-11 04:44:00,M32/5069B,33.0,98.16974,0.009836065573770491
2020-01-11 04:59:00,M32/5069B,34.0,99.77908,0.00997067448680352
2020-01-11 05:14:00,M32/5069B,28.0,99.77908,0.008211143695014663
2020-01-11 05:29:00,M32/5069B,48.0,96.5604,0.014545454545454545
2020-01-11 05:44:00,M32/5069B,38.0,98.16974,0.011326378539493294
2020-01-11 05:59:00,M32/5069B,52.0,102.99776,0.01477272727272727
2020-01-11 06:14:00,M32/5069B,47.0,99.77908,0.013782991202346042
2020-01-11 06:29:00,M32/5069B,83.0,101.38842,0.023953823953823953
2020-01-11 06:44:00,M32/5069B,76.0,99.77908,0.022287390029325515
2020-01-11 06:59:00,M32/5069B,103.0,104.6071,0.02881118881118881
2020-01-11 07:14:00,M32/5069B,102.0,104.6071,0.02853146853146853
2020-01-11 07:29:00,M32/5069B,89.0,99.77908,0.026099706744868036
2020-01-11 07:44:00,M32/5069B,128.0,98.16974,0.03815201192250372
2020-01-11 07:59:00,M32/5069B,146.0,99.77908,0.04281524926686217
2020-01-11 08:14:00,M32/5069B,156.0,104.6071,0.04363636363636363
2020-01-11 08:29:00,M32/5069B,176.0,101.38842,0.050793650793650794
2020-01-11 08:44:00,M32/5069B,220.0,101.38842,0.06349206349206349
2020-01-11 08:59:00,M32/5069B,242.0,101.38842,0.06984126984126984
2020-01-11 09:14:00,M32/5069B,200.0,104.6071,0.055944055944055944
2020-01-11 09:29:00,M32/5069B,285.0,101.38842,0.08225108225108224
2020-01-11 09:44:00,M32/5069B,324.0,101.38842,0.09350649350649351
2020-01-11 09:59:00,M32/5069B,325.0,101.38842,0.09379509379509379
2020-01-11 10:14:00,M32/5069B,362.0,99.77908,0.106158357771261
2020-01-11 10:29:00,M32/5069B,385.0,98.16974,0.11475409836065573
2020-01-11 10:44:00,M32/5069B,398.0,99.77908,0.11671554252199415
2020-01-11 10:59:00,M32/5069B,428.0,99.77908,0.12551319648093842
2020-01-11 11:14:00,M32/5069B,407.0,99.77908,0.11935483870967742
2020-01-11 11:29:00,M32/5069B,457.0,98.16974,0.1362146050670641
2020-01-11 11:44:00,M32/5069B,487.0,99.77908,0.14281524926686218
2020-01-11 11:59:00,M32/5069B,496.0,98.16974,0.14783904619970192
2020-01-11 12:14:00,M32/5069B,505.0,98.16974,0.15052160953800298
2020-01-11 12:29:00,M32/5069B,523.0,96.5604,0.15848484848484848
2020-01-11 12:44:00,M32/5069B,521.0,98.16974,0.15529061102831593
2020-01-11 12:59:00,M32/5069B,536.0,98.16974,0.15976154992548433
2020-01-11 13:14:00,M32/5069B,485.0,98.16974,0.14456035767511177
2020-01-11 13:29:00,M32/5069B,495.0,96.5604,0.15
2020-01-11 13:44:00,M32/5069B,497.0,96.5604,0.1506060606060606
2020-01-11 13:59:00,M32/5069B,493.0,96.5604,0.14939393939393938
2020-01-11 14:14:00,M32/5069B,448.0,96.5604,0.13575757575757574
2020-01-11 14:29:00,M32/5069B,405.0,94.95106,0.12480739599383667
2020-01-11 14:44:00,M32/5069B,380.0,86.90436,0.12794612794612795
2020-01-11 14:59:00,M32/5069B,371.0,70.81096,0.15330578512396695
2020-01-11 15:14:00,M32/5069B,372.0,99.77908,0.1090909090909091
2020-01-11 15:29:00,M32/5069B,392.0,99.77908,0.11495601173020528
2020-01-11 15:44:00,M32/5069B,385.0,99.77908,0.11290322580645161
2020-01-11 15:59:00,M32/5069B,354.0,99.77908,0.10381231671554252
2020-01-11 16:14:00,M32/5069B,386.0,98.16974,0.11505216095380029
2020-01-11 16:29:00,M32/5069B,385.0,99.77908,0.11290322580645161
2020-01-11 16:44:00,M32/5069B,382.0,98.16974,0.11385991058122205
2020-01-11 16:59:00,M32/5069B,381.0,94.95106,0.11741140215716488
2020-01-11 17:14:00,M32/5069B,363.0,94.95106,0.11186440677966102
2020-01-11 17:29:00,M32/5069B,375.0,94.95106,0.11556240369799692
2020-01-11 17:44:00,M32/5069B,331.0,96.5604,0.1003030303030303
2020-01-11 17:59:00,M32/5069B,378.0,96.5604,0.11454545454545453
2020-01-11 18:14:00,M32/5069B,346.0,98.16974,0.10312965722801788
2020-01-11 18:29:00,M32/5069B,345.0,98.16974,0.1028315946348733
2020-01-11 18:44:00,M32/5069B,323.0,99.77908,0.09472140762463344
2020-01-11 18:59:00,M32/5069B,309.0,99.77908,0.0906158357771261
2020-01-11 19:14:00,M32/5069B,273.0,99.77908,0.08005865102639297
2020-01-11 19:29:00,M32/5069B,253.0,101.38842,0.07301587301587302
2020-01-11 19:44:00,M32/5069B,250.0,99.77908,0.07331378299120235
2020-01-11 19:59:00,M32/5069B,195.0,101.38842,0.05627705627705628
2020-01-11 20:14:00,M32/5069B,169.0,101.38842,0.048773448773448774
2020-01-11 20:29:00,M32/5069B,193.0,101.38842,0.0556998556998557
2020-01-11 20:44:00,M32/5069B,169.0,101.38842,0.048773448773448774
2020-01-11 20:59:00,M32/5069B,161.0,98.16974,0.04798807749627421
2020-01-11 21:14:00,M32/5069B,157.0,99.77908,0.046041055718475075
2020-01-11 21:29:00,M32/5069B,145.0,98.16974,0.04321907600596125
2020-01-11 21:44:00,M32/5069B,128.0,98.16974,0.03815201192250372
2020-01-11 21:59:00,M32/5069B,109.0,98.16974,0.03248882265275708
2020-01-11 22:14:00,M32/5069B,102.0,98.16974,0.030402384500745155
2020-01-11 22:29:00,M32/5069B,94.0,98.16974,0.028017883755588672
2020-01-11 22:44:00,M32/5069B,101.0,98.16974,0.030104321907600592
2020-01-11 22:59:00,M32/5069B,96.0,101.38842,0.027705627705627706
2020-01-11 23:14:00,M32/5069B,68.0,98.16974,0.0202682563338301
2020-01-11 23:29:00,M32/5069B,100.0,99.77908,0.02932551319648094
2020-01-11 23:44:00,M32/5069B,78.0,101.38842,0.02251082251082251
2020-01-11 23:59:00,M32/5069B,71.0,99.77908,0.020821114369501466
2020-01-12 00:14:00,M32/5069B,59.0,93.34172,0.018495297805642633
2020-01-12 00:29:00,M32/5069B,79.0,98.16974,0.02354694485842027
2020-01-12 00:44:00,M32/5069B,44.0,94.95106,0.013559322033898305
2020-01-12 00:59:00,M32/5069B,46.0,96.5604,0.013939393939393939
2020-01-12 01:14:00,M32/5069B,38.0,101.38842,0.010966810966810967
2020-01-12 01:29:00,M32/5069B,34.0,96.5604,0.010303030303030302
2020-01-12 01:44:00,M32/5069B,30.0,96.5604,0.00909090909090909
2020-01-12 01:59:00,M32/5069B,30.0,99.77908,0.008797653958944282
2020-01-12 02:14:00,M32/5069B,36.0,96.5604,0.010909090909090908
2020-01-12 02:29:00,M32/5069B,19.0,93.34172,0.005956112852664577
2020-01-12 02:44:00,M32/5069B,25.0,96.5604,0.007575757575757575
2020-01-12 02:59:00,M32/5069B,29.0,102.99776,0.008238636363636363
2020-01-12 03:14:00,M32/5069B,19.0,98.16974,0.005663189269746647
2020-01-12 03:29:00,M32/5069B,17.0,96.5604,0.005151515151515151
2020-01-12 03:44:00,M32/5069B,23.0,98.16974,0.006855439642324887
2020-01-12 03:59:00,M32/5069B,19.0,96.5604,0.005757575757575757
2020-01-12 04:14:00,M32/5069B,20.0,101.38842,0.005772005772005772
2020-01-12 04:29:00,M32/5069B,17.0,93.34172,0.005329153605015674
2020-01-12 04:44:00,M32/5069B,29.0,91.73238,0.009250398724082934
2020-01-12 04:59:00,M32/5069B,23.0,93.34172,0.007210031347962382
2020-01-12 05:14:00,M32/5069B,21.0,98.16974,0.0062593144560357675
2020-01-12 05:29:00,M32/5069B,32.0,101.38842,0.009235209235209235
2020-01-12 05:44:00,M32/5069B,30.0,104.6071,0.008391608391608392
2020-01-12 05:59:00,M32/5069B,32.0,98.16974,0.00953800298062593
2020-01-12 06:14:00,M32/5069B,34.0,102.99776,0.009659090909090909
2020-01-12 06:29:00,M32/5069B,51.0,99.77908,0.014956011730205278
2020-01-12 06:44:00,M32/5069B,48.0,101.38842,0.013852813852813853
2020-01-12 06:59:00,M32/5069B,72.0,99.77908,0.021114369501466276
2020-01-12 07:14:00,M32/5069B,45.0,101.38842,0.012987012987012986
2020-01-12 07:29:00,M32/5069B,59.0,101.38842,0.01702741702741703
2020-01-12 07:44:00,M32/5069B,63.0,104.6071,0.01762237762237762
2020-01-12 07:59:00,M32/5069B,69.0,102.99776,0.019602272727272725
2020-01-12 08:14:00,M32/5069B,78.0,102.99776,0.02215909090909091
2020-01-12 08:29:00,M32/5069B,93.0,102.99776,0.026420454545454546
2020-01-12 08:44:00,M32/5069B,90.0,104.6071,0.025174825174825173
2020-01-12 08:59:00,M32/5069B,100.0,99.77908,0.02932551319648094
2020-01-12 09:14:00,M32/5069B,113.0,98.16974,0.033681073025335316
2020-01-12 09:29:00,M32/5069B,158.0,99.77908,0.04633431085043988
2020-01-12 09:44:00,M32/5069B,222.0,102.99776,0.06306818181818181
2020-01-12 09:59:00,M32/5069B,240.0,102.99776,0.06818181818181818
2020-01-12 10:14:00,M32/5069B,258.0,102.99776,0.07329545454545454
2020-01-12 10:29:00,M32/5069B,257.0,101.38842,0.07417027417027416
2020-01-12 10:44:00,M32/5069B,341.0,101.38842,0.09841269841269841
2020-01-12 10:59:00,M32/5069B,402.0,98.16974,0.11982116244411326
2020-01-12 11:14:00,M32/5069B,375.0,101.38842,0.10822510822510822
2020-01-12 11:29:00,M32/5069B,395.0,101.38842,0.113997113997114
2020-01-12 11:44:00,M32/5069B,429.0,99.77908,0.12580645161290321
2020-01-12 11:59:00,M32/5069B,426.0,99.77908,0.12492668621700881
2020-01-12 12:14:00,M32/5069B,414.0,99.77908,0.12140762463343108
2020-01-12 12:29:00,M32/5069B,436.0,99.77908,0.12785923753665687
2020-01-12 12:44:00,M32/5069B,402.0,99.77908,0.11788856304985337
2020-01-12 12:59:00,M32/5069B,450.0,94.95106,0.1386748844375963
2020-01-12 13:14:00,M32/5069B,397.0,98.16974,0.11833084947839047
2020-01-12 13:29:00,M32/5069B,403.0,99.77908,0.1181818181818182
2020-01-12 13:44:00,M32/5069B,442.0,99.77908,0.12961876832844577
2020-01-12 13:59:00,M32/5069B,389.0,99.77908,0.11407624633431085
2020-01-12 14:14:00,M32/5069B,405.0,101.38842,0.1168831168831169
2020-01-12 14:29:00,M32/5069B,398.0,102.99776,0.11306818181818182
2020-01-12 14:44:00,M32/5069B,389.0,99.77908,0.11407624633431085
2020-01-12 14:59:00,M32/5069B,363.0,102.99776,0.103125
2020-01-12 15:14:00,M32/5069B,351.0,99.77908,0.1029325513196481
2020-01-12 15:29:00,M32/5069B,363.0,101.38842,0.10476190476190476
2020-01-12 15:44:00,M32/5069B,361.0,99.77908,0.1058651026392962
2020-01-12 15:59:00,M32/5069B,402.0,99.77908,0.11788856304985337
2020-01-12 16:14:00,M32/5069B,421.0,99.77908,0.12346041055718475
2020-01-12 16:29:00,M32/5069B,392.0,99.77908,0.11495601173020528
2020-01-12 16:44:00,M32/5069B,416.0,96.5604,0.12606060606060607
2020-01-12 16:59:00,M32/5069B,402.0,94.95106,0.1238828967642527
2020-01-12 17:14:00,M32/5069B,393.0,94.95106,0.12110939907550076
2020-01-12 17:29:00,M32/5069B,423.0,94.95106,0.13035439137134053
2020-01-12 17:44:00,M32/5069B,391.0,96.5604,0.11848484848484847
2020-01-12 17:59:00,M32/5069B,363.0,94.95106,0.11186440677966102
2020-01-12 18:14:00,M32/5069B,342.0,96.5604,0.10363636363636364
2020-01-12 18:29:00,M32/5069B,339.0,98.16974,0.10104321907600596
2020-01-12 18:44:00,M32/5069B,312.0,99.77908,0.09149560117302054
2020-01-12 18:59:00,M32/5069B,328.0,99.77908,0.09618768328445748
2020-01-12 19:14:00,M32/5069B,263.0,99.77908,0.07712609970674486
2020-01-12 19:29:00,M32/5069B,247.0,99.77908,0.07243401759530792
2020-01-12 19:44:00,M32/5069B,252.0,101.38842,0.07272727272727272
2020-01-12 19:59:00,M32/5069B,224.0,101.38842,0.06464646464646465
2020-01-12 20:14:00,M32/5069B,218.0,101.38842,0.06291486291486292
2020-01-12 20:29:00,M32/5069B,194.0,99.77908,0.05689149560117302
2020-01-12 20:44:00,M32/5069B,164.0,102.99776,0.04659090909090909
2020-01-12 20:59:00,M32/5069B,200.0,104.6071,0.055944055944055944
2020-01-12 21:14:00,M32/5069B,156.0,102.99776,0.04431818181818182
2020-01-12 21:29:00,M32/5069B,184.0,101.38842,0.0531024531024531
2020-01-12 21:44:00,M32/5069B,133.0,102.99776,0.037784090909090906
2020-01-12 21:59:00,M32/5069B,122.0,102.99776,0.03465909090909091
2020-01-12 22:14:00,M32/5069B,114.0,104.6071,0.031888111888111886
2020-01-12 22:29:00,M32/5069B,90.0,104.6071,0.025174825174825173
2020-01-12 22:44:00,M32/5069B,79.0,101.38842,0.022799422799422802
2020-01-12 22:59:00,M32/5069B,77.0,102.99776,0.021875
2020-01-12 23:14:00,M32/5069B,72.0,106.21644,0.019834710743801654
2020-01-12 23:29:00,M32/5069B,73.0,99.77908,0.021407624633431085
2020-01-12 23:44:00,M32/5069B,61.0,101.38842,0.017604617604617605
2020-01-12 23:59:00,M32/5069B,51.0,96.5604,0.015454545454545452
2020-01-13 00:14:00,M32/5069B,38.0,98.16974,0.011326378539493294
2020-01-13 00:29:00,M32/5069B,47.0,99.77908,0.013782991202346042
2020-01-13 00:44:00,M32/5069B,34.0,102.99776,0.009659090909090909
2020-01-13 00:59:00,M32/5069B,31.0,99.77908,0.00909090909090909
2020-01-13 01:14:00,M32/5069B,26.0,98.16974,0.007749627421758568
2020-01-13 01:29:00,M32/5069B,20.0,94.95106,0.0061633281972265025
2020-01-13 01:44:00,M32/5069B,20.0,102.99776,0.005681818181818182
2020-01-13 01:59:00,M32/5069B,20.0,101.38842,0.005772005772005772
2020-01-13 02:14:00,M32/5069B,21.0,98.16974,0.0062593144560357675
2020-01-13 02:29:00,M32/5069B,17.0,101.38842,0.004906204906204906
2020-01-13 02:44:00,M32/5069B,26.0,98.16974,0.007749627421758568
2020-01-13 02:59:00,M32/5069B,20.0,101.38842,0.005772005772005772
2020-01-13 03:14:00,M32/5069B,16.0,94.95106,0.004930662557781202
2020-01-13 03:29:00,M32/5069B,22.0,98.16974,0.006557377049180327
2020-01-13 03:44:00,M32/5069B,19.0,96.5604,0.005757575757575757
2020-01-13 03:59:00,M32/5069B,20.0,98.16974,0.005961251862891207
2020-01-13 04:14:00,M32/5069B,28.0,96.5604,0.008484848484848484
2020-01-13 04:29:00,M32/5069B,32.0,101.38842,0.009235209235209235
2020-01-13 04:44:00,M32/5069B,37.0,101.38842,0.010678210678210679
2020-01-13 04:59:00,M32/5069B,57.0,101.38842,0.016450216450216448
2020-01-13 05:14:00,M32/5069B,55.0,104.6071,0.015384615384615384
2020-01-13 05:29:00,M32/5069B,74.0,102.99776,0.021022727272727273
2020-01-13 05:44:00,M32/5069B,109.0,99.77908,0.03196480938416422
2020-01-13 05:59:00,M32/5069B,131.0,102.99776,0.03721590909090909
2020-01-13 06:14:00,M32/5069B,160.0,104.6071,0.04475524475524475
2020-01-13 06:29:00,M32/5069B,236.0,99.77908,0.06920821114369502
2020-01-13 06:44:00,M32/5069B,352.0,98.16974,0.10491803278688523
2020-01-13 06:59:00,M32/5069B,505.0,94.95106,0.15562403697996918
2020-01-13 07:14:00,M32/5069B,575.0,88.5137,0.19008264462809915
2020-01-13 07:29:00,M32/5069B,576.0,86.90436,0.19393939393939394
2020-01-13 07:44:00,M32/5069B,657.0,62.76426,0.3062937062937063
2020-01-13 07:59:00,M32/5069B,498.0,88.5137,0.1646280991735537
2020-01-13 08:14:00,M32/5069B,575.0,88.5137,0.19008264462809915
2020-01-13 08:29:00,M32/5069B,488.0,30.57746,0.46698564593301434
2020-01-13 08:44:00,M32/5069B,555.0,28.96812,0.5606060606060606
2020-01-13 08:59:00,M32/5069B,529.0,86.90436,0.17811447811447811
2020-01-13 09:14:00,M32/5069B,519.0,70.81096,0.2144628099173554
2020-01-13 09:29:00,M32/5069B,499.0,70.81096,0.20619834710743803
2020-01-13 09:44:00,M32/5069B,481.0,94.95106,0.14822804314329738
2020-01-13 09:59:00,M32/5069B,426.0,98.16974,0.12697466467958268
2020-01-13 10:14:00,M32/5069B,382.0,98.16974,0.11385991058122205
2020-01-13 10:29:00,M32/5069B,395.0,98.16974,0.11773472429210133
2020-01-13 10:44:00,M32/5069B,408.0,96.5604,0.12363636363636361
2020-01-13 10:59:00,M32/5069B,357.0,98.16974,0.10640834575260803
2020-01-13 11:14:00,M32/5069B,341.0,98.16974,0.10163934426229507
2020-01-13 11:29:00,M32/5069B,352.0,98.16974,0.10491803278688523
2020-01-13 11:44:00,M32/5069B,389.0,96.5604,0.11787878787878786
2020-01-13 11:59:00,M32/5069B,360.0,98.16974,0.10730253353204172
2020-01-13 12:14:00,M32/5069B,334.0,98.16974,0.09955290611028315
2020-01-13 12:29:00,M32/5069B,368.0,94.95106,0.11340523882896764
2020-01-13 12:44:00,M32/5069B,341.0,96.5604,0.10333333333333333
2020-01-13 12:59:00,M32/5069B,392.0,94.95106,0.12080123266563944
2020-01-13 13:14:00,M32/5069B,365.0,94.95106,0.11248073959938366
2020-01-13 13:29:00,M32/5069B,391.0,94.95106,0.1204930662557781
2020-01-13 13:44:00,M32/5069B,375.0,96.5604,0.11363636363636363
2020-01-13 13:59:00,M32/5069B,330.0,98.16974,0.09836065573770492
2020-01-13 14:14:00,M32/5069B,329.0,98.16974,0.09806259314456035
2020-01-13 14:29:00,M32/5069B,347.0,98.16974,0.10342771982116243
2020-01-13 14:44:00,M32/5069B,382.0,98.16974,0.11385991058122205
2020-01-13 14:59:00,M32/5069B,371.0,96.5604,0.11242424242424241
2020-01-13 15:14:00,M32/5069B,326.0,96.5604,0.09878787878787879
2020-01-13 15:29:00,M32/5069B,361.0,94.95106,0.11124807395993837
2020-01-13 15:44:00,M32/5069B,409.0,94.95106,0.12604006163328196
2020-01-13 15:59:00,M32/5069B,421.0,94.95106,0.12973805855161788
2020-01-13 16:14:00,M32/5069B,373.0,94.95106,0.11494607087827427
2020-01-13 16:29:00,M32/5069B,380.0,93.34172,0.11912225705329153
2020-01-13 16:44:00,M32/5069B,426.0,90.12304,0.1383116883116883
2020-01-13 16:59:00,M32/5069B,486.0,86.90436,0.16363636363636364
2020-01-13 17:14:00,M32/5069B,466.0,83.68568,0.16293706293706292
2020-01-13 17:29:00,M32/5069B,489.0,83.68568,0.17097902097902096
2020-01-13 17:44:00,M32/5069B,482.0,75.63898,0.1864603481624758
2020-01-13 17:59:00,M32/5069B,406.0,14.48406,0.8202020202020202
2020-01-13 18:14:00,M32/5069B,462.0,27.35878,0.4941176470588235
2020-01-13 18:29:00,M32/5069B,380.0,37.01482,0.30039525691699603
2020-01-13 18:44:00,M32/5069B,408.0,43.45218,0.27474747474747474
2020-01-13 18:59:00,M32/5069B,344.0,91.73238,0.10972886762360445
2020-01-13 19:14:00,M32/5069B,303.0,96.5604,0.09181818181818181
2020-01-13 19:29:00,M32/5069B,254.0,96.5604,0.07696969696969697
2020-01-13 19:44:00,M32/5069B,242.0,94.95106,0.07457627118644067
2020-01-13 19:59:00,M32/5069B,182.0,98.16974,0.05424739195230998
2020-01-13 20:14:00,M32/5069B,155.0,101.38842,0.044733044733044736
2020-01-13 20:29:00,M32/5069B,150.0,99.77908,0.04398826979472141
2020-01-13 20:44:00,M32/5069B,155.0,98.16974,0.046199701937406856
2020-01-13 20:59:00,M32/5069B,136.0,98.16974,0.0405365126676602
2020-01-13 21:14:00,M32/5069B,130.0,98.16974,0.038748137108792845
2020-01-13 21:29:00,M32/5069B,122.0,99.77908,0.03577712609970675
2020-01-13 21:44:00,M32/5069B,90.0,98.16974,0.02682563338301043
2020-01-13 21:59:00,M32/5069B,91.0,99.77908,0.026686217008797655
2020-01-13 22:14:00,M32/5069B,92.0,99.77908,0.026979472140762465
2020-01-13 22:29:00,M32/5069B,87.0,99.77908,0.025513196480938416
2020-01-13 22:44:00,M32/5069B,70.0,104.6071,0.01958041958041958
2020-01-13 22:59:00,M32/5069B,67.0,102.99776,0.01903409090909091
2020-01-13 23:14:00,M32/5069B,66.0,99.77908,0.01935483870967742
2020-01-13 23:29:00,M32/5069B,67.0,102.99776,0.01903409090909091
2020-01-13 23:44:00,M32/5069B,46.0,101.38842,0.013275613275613276
2020-01-13 23:59:00,M32/5069B,40.0,98.16974,0.011922503725782414
2020-01-14 00:14:00,M32/5069B,27.0,94.95106,0.008320493066255779
2020-01-14 00:29:00,M32/5069B,30.0,96.5604,0.00909090909090909
2020-01-14 00:44:00,M32/5069B,30.0,98.16974,0.00894187779433681
2020-01-14 00:59:00,M32/5069B,28.0,101.38842,0.00808080808080808
2020-01-14 01:14:00,M32/5069B,32.0,96.5604,0.009696969696969697
2020-01-14 01:29:00,M32/5069B,31.0,93.34172,0.009717868338557993
2020-01-14 01:44:00,M32/5069B,18.0,94.95106,0.005546995377503852
2020-01-14 01:59:00,M32/5069B,16.0,88.5137,0.005289256198347107
2020-01-14 02:14:00,M32/5069B,26.0,98.16974,0.007749627421758568
2020-01-14 02:29:00,M32/5069B,25.0,94.95106,0.007704160246533127
2020-01-14 02:44:00,M32/5069B,14.0,96.5604,0.004242424242424242
2020-01-14 02:59:00,M32/5069B,26.0,99.77908,0.007624633431085044
2020-01-14 03:14:00,M32/5069B,19.0,104.6071,0.005314685314685314
2020-01-14 03:29:00,M32/5069B,20.0,96.5604,0.006060606060606061
2020-01-14 03:44:00,M32/5069B,23.0,98.16974,0.006855439642324887
2020-01-14 03:59:00,M32/5069B,19.0,101.38842,0.005483405483405483
2020-01-14 04:14:00,M32/5069B,29.0,94.95106,0.008936825885978428
2020-01-14 04:29:00,M32/5069B,27.0,98.16974,0.008047690014903129
2020-01-14 04:44:00,M32/5069B,37.0,93.34172,0.011598746081504702
2020-01-14 04:59:00,M32/5069B,49.0,101.38842,0.01414141414141414
2020-01-14 05:14:00,M32/5069B,58.0,96.5604,0.017575757575757574
2020-01-14 05:29:00,M32/5069B,93.0,99.77908,0.027272727272727275
2020-01-14 05:44:00,M32/5069B,94.0,102.99776,0.026704545454545453
2020-01-14 05:59:00,M32/5069B,131.0,101.38842,0.03780663780663781
2020-01-14 06:14:00,M32/5069B,150.0,101.38842,0.04329004329004329
2020-01-14 06:29:00,M32/5069B,250.0,101.38842,0.07215007215007216
2020-01-14 06:44:00,M32/5069B,367.0,99.77908,0.10762463343108505
2020-01-14 06:59:00,M32/5069B,512.0,94.95106,0.15778120184899846
2020-01-14 07:14:00,M32/5069B,479.0,93.34172,0.15015673981191224
2020-01-14 07:29:00,M32/5069B,626.0,85.29502,0.21475128644939967
2020-01-14 07:44:00,M32/5069B,611.0,85.29502,0.20960548885077188
2020-01-14 07:59:00,M32/5069B,596.0,85.29502,0.2044596912521441
2020-01-14 08:14:00,M32/5069B,552.0,32.1868,0.5018181818181818
2020-01-14 08:29:00,M32/5069B,498.0,17.70274,0.8231404958677686
2020-01-14 08:44:00,M32/5069B,469.0,17.70274,0.775206611570248
2020-01-14 08:59:00,M32/5069B,413.0,25.74944,0.46931818181818186
2020-01-14 09:14:00,M32/5069B,469.0,16.0934,0.8527272727272728
2020-01-14 09:29:00,M32/5069B,491.0,38.62416,0.37196969696969695
2020-01-14 09:44:00,M32/5069B,437.0,88.5137,0.14446280991735538
2020-01-14 09:59:00,M32/5069B,439.0,96.5604,0.13303030303030303
2020-01-14 10:14:00,M32/5069B,406.0,96.5604,0.12303030303030302
2020-01-14 10:29:00,M32/5069B,365.0,96.5604,0.11060606060606061
2020-01-14 10:44:00,M32/5069B,360.0,96.5604,0.10909090909090909
2020-01-14 10:59:00,M32/5069B,372.0,96.5604,0.11272727272727272
2020-01-14 11:14:00,M32/5069B,316.0,99.77908,0.09266862170087976
2020-01-14 11:29:00,M32/5069B,348.0,96.5604,0.10545454545454544
2020-01-14 11:44:00,M32/5069B,362.0,94.95106,0.11155624036979969
2020-01-14 11:59:00,M32/5069B,371.0,93.34172,0.11630094043887147
2020-01-14 12:14:00,M32/5069B,323.0,96.5604,0.09787878787878787
2020-01-14 12:29:00,M32/5069B,331.0,96.5604,0.1003030303030303
2020-01-14 12:44:00,M32/5069B,373.0,96.5604,0.11303030303030304
2020-01-14 12:59:00,M32/5069B,352.0,96.5604,0.10666666666666666
2020-01-14 13:14:00,M32/5069B,338.0,94.95106,0.10416024653312789
2020-01-14 13:29:00,M32/5069B,392.0,94.95106,0.12080123266563944
2020-01-14 13:44:00,M32/5069B,335.0,96.5604,0.10151515151515152
2020-01-14 13:59:00,M32/5069B,368.0,96.5604,0.11151515151515151
2020-01-14 14:14:00,M32/5069B,341.0,96.5604,0.10333333333333333
2020-01-14 14:29:00,M32/5069B,319.0,94.95106,0.09830508474576272
2020-01-14 14:44:00,M32/5069B,307.0,94.95106,0.0946070878274268
2020-01-14 14:59:00,M32/5069B,349.0,94.95106,0.10755007704160247
2020-01-14 15:14:00,M32/5069B,311.0,94.95106,0.09583975346687211
2020-01-14 15:29:00,M32/5069B,311.0,98.16974,0.09269746646795826
2020-01-14 15:44:00,M32/5069B,351.0,94.95106,0.10816640986132511
2020-01-14 15:59:00,M32/5069B,411.0,93.34172,0.12884012539184952
2020-01-14 16:14:00,M32/5069B,406.0,88.5137,0.13421487603305784
2020-01-14 16:29:00,M32/5069B,445.0,91.73238,0.1419457735247209
2020-01-14 16:44:00,M32/5069B,479.0,86.90436,0.1612794612794613
2020-01-14 16:59:00,M32/5069B,479.0,85.29502,0.16432246998284736
2020-01-14 17:14:00,M32/5069B,474.0,80.467,0.17236363636363639
2020-01-14 17:29:00,M32/5069B,482.0,80.467,0.17527272727272727
2020-01-14 17:44:00,M32/5069B,429.0,83.68568,0.15
2020-01-14 17:59:00,M32/5069B,425.0,85.29502,0.14579759862778732
2020-01-14 18:14:00,M32/5069B,628.0,77.24832,0.23787878787878783
2020-01-14 18:29:00,M32/5069B,488.0,69.20162,0.2063424947145877
2020-01-14 18:44:00,M32/5069B,454.0,85.29502,0.15574614065180103
2020-01-14 18:59:00,M32/5069B,353.0,90.12304,0.1146103896103896
2020-01-14 19:14:00,M32/5069B,336.0,91.73238,0.10717703349282295
2020-01-14 19:29:00,M32/5069B,234.0,91.73238,0.07464114832535884
2020-01-14 19:44:00,M32/5069B,234.0,91.73238,0.07464114832535884
2020-01-14 19:59:00,M32/5069B,228.0,91.73238,0.07272727272727272
2020-01-14 20:14:00,M32/5069B,164.0,93.34172,0.05141065830721003
2020-01-14 20:29:00,M32/5069B,184.0,94.95106,0.05670261941448382
2020-01-14 20:44:00,M32/5069B,147.0,96.5604,0.04454545454545455
2020-01-14 20:59:00,M32/5069B,114.0,96.5604,0.03454545454545454
2020-01-14 21:14:00,M32/5069B,130.0,96.5604,0.03939393939393939
2020-01-14 21:29:00,M32/5069B,119.0,96.5604,0.036060606060606064
2020-01-14 21:44:00,M32/5069B,100.0,96.5604,0.0303030303030303
2020-01-14 21:59:00,M32/5069B,103.0,102.99776,0.029261363636363634
2020-01-14 22:14:00,M32/5069B,103.0,98.16974,0.03070044709388971
2020-01-14 22:29:00,M32/5069B,106.0,99.77908,0.031085043988269796
2020-01-14 22:44:00,M32/5069B,81.0,98.16974,0.024143070044709388
2020-01-14 22:59:00,M32/5069B,75.0,96.5604,0.022727272727272724
2020-01-14 23:14:00,M32/5069B,55.0,98.16974,0.01639344262295082
2020-01-14 23:29:00,M32/5069B,38.0,98.16974,0.011326378539493294
2020-01-14 23:44:00,M32/5069B,50.0,98.16974,0.014903129657228018
2020-01-14 23:59:00,M32/5069B,62.0,96.5604,0.018787878787878787
2020-01-15 00:14:00,M32/5069B,61.0,99.77908,0.017888563049853375
2020-01-15 00:29:00,M32/5069B,53.0,99.77908,0.015542521994134898
2020-01-15 00:44:00,M32/5069B,33.0,98.16974,0.009836065573770491
2020-01-15 00:59:00,M32/5069B,41.0,93.34172,0.012852664576802508
2020-01-15 01:14:00,M32/5069B,29.0,93.34172,0.00909090909090909
2020-01-15 01:29:00,M32/5069B,22.0,90.12304,0.007142857142857143
2020-01-15 01:44:00,M32/5069B,25.0,98.16974,0.007451564828614009
2020-01-15 01:59:00,M32/5069B,25.0,93.34172,0.007836990595611286
2020-01-15 02:14:00,M32/5069B,18.0,98.16974,0.0053651266766020856
2020-01-15 02:29:00,M32/5069B,17.0,88.5137,0.005619834710743801
2020-01-15 02:44:00,M32/5069B,18.0,93.34172,0.005642633228840125
2020-01-15 02:59:00,M32/5069B,26.0,93.34172,0.008150470219435737
2020-01-15 03:14:00,M32/5069B,17.0,98.16974,0.005067064083457525
2020-01-15 03:29:00,M32/5069B,23.0,96.5604,0.0069696969696969695
2020-01-15 03:44:00,M32/5069B,25.0,91.73238,0.007974481658692184
2020-01-15 03:59:00,M32/5069B,23.0,98.16974,0.006855439642324887
2020-01-15 04:14:00,M32/5069B,25.0,94.95106,0.007704160246533127
2020-01-15 04:29:00,M32/5069B,30.0,93.34172,0.009404388714733543
2020-01-15 04:44:00,M32/5069B,42.0,98.16974,0.012518628912071535
2020-01-15 04:59:00,M32/5069B,42.0,94.95106,0.012942989214175655
2020-01-15 05:14:00,M32/5069B,62.0,96.5604,0.018787878787878787
2020-01-15 05:29:00,M32/5069B,84.0,98.16974,0.02503725782414307
2020-01-15 05:44:00,M32/5069B,91.0,96.5604,0.027575757575757573
2020-01-15 05:59:00,M32/5069B,134.0,102.99776,0.03806818181818182
2020-01-15 06:14:00,M32/5069B,151.0,101.38842,0.043578643578643585
2020-01-15 06:29:00,M32/5069B,246.0,101.38842,0.070995670995671
2020-01-15 06:44:00,M32/5069B,377.0,96.5604,0.11424242424242424
2020-01-15 06:59:00,M32/5069B,479.0,94.95106,0.14761171032357473
2020-01-15 07:14:00,M32/5069B,561.0,90.12304,0.1821428571428571
2020-01-15 07:29:00,M32/5069B,585.0,88.5137,0.1933884297520661
2020-01-15 07:44:00,M32/5069B,576.0,86.90436,0.19393939393939394
2020-01-15 07:59:00,M32/5069B,597.0,83.68568,0.20874125874125873
2020-01-15 08:14:00,M32/5069B,560.0,88.5137,0.18512396694214878
2020-01-15 08:29:00,M32/5069B,566.0,78.85766,0.21001855287569574
2020-01-15 08:44:00,M32/5069B,537.0,33.79614,0.4649350649350649
2020-01-15 08:59:00,M32/5069B,522.0,48.2802,0.31636363636363635
2020-01-15 09:14:00,M32/5069B,445.0,94.95106,0.13713405238828966
2020-01-15 09:29:00,M32/5069B,482.0,94.95106,0.14853620955315872
2020-01-15 09:44:00,M32/5069B,445.0,94.95106,0.13713405238828966
2020-01-15 09:59:00,M32/5069B,425.0,98.16974,0.12667660208643816
2020-01-15 10:14:00,M32/5069B,363.0,98.16974,0.10819672131147541
2020-01-15 10:29:00,M32/5069B,415.0,98.16974,0.12369597615499253
2020-01-15 10:44:00,M32/5069B,392.0,96.5604,0.11878787878787878
2020-01-15 10:59:00,M32/5069B,378.0,98.16974,0.1126676602086438
2020-01-15 11:14:00,M32/5069B,341.0,99.77908,0.1
2020-01-15 11:29:00,M32/5069B,361.0,99.77908,0.1058651026392962
2020-01-15 11:44:00,M32/5069B,342.0,101.38842,0.0987012987012987
2020-01-15 11:59:00,M32/5069B,369.0,99.77908,0.10821114369501467
2020-01-15 12:14:00,M32/5069B,336.0,99.77908,0.09853372434017596
2020-01-15 12:29:00,M32/5069B,349.0,99.77908,0.10234604105571848
2020-01-15 12:44:00,M32/5069B,338.0,98.16974,0.10074515648286139
2020-01-15 12:59:00,M32/5069B,349.0,101.38842,0.10072150072150073
2020-01-15 13:14:00,M32/5069B,340.0,99.77908,0.0997067448680352
2020-01-15 13:29:00,M32/5069B,348.0,101.38842,0.10043290043290043
2020-01-15 13:44:00,M32/5069B,343.0,99.77908,0.10058651026392962
2020-01-15 13:59:00,M32/5069B,328.0,101.38842,0.09466089466089465
2020-01-15 14:14:00,M32/5069B,346.0,99.77908,0.10146627565982405
2020-01-15 14:29:00,M32/5069B,334.0,98.16974,0.09955290611028315
2020-01-15 14:44:00,M32/5069B,381.0,99.77908,0.11173020527859237
2020-01-15 14:59:00,M32/5069B,384.0,99.77908,0.1126099706744868
2020-01-15 15:14:00,M32/5069B,347.0,99.77908,0.10175953079178886
2020-01-15 15:29:00,M32/5069B,414.0,96.5604,0.12545454545454546
2020-01-15 15:44:00,M32/5069B,412.0,98.16974,0.12280178837555884
2020-01-15 15:59:00,M32/5069B,378.0,98.16974,0.1126676602086438
2020-01-15 16:14:00,M32/5069B,464.0,96.5604,0.1406060606060606
2020-01-15 16:29:00,M32/5069B,506.0,96.5604,0.15333333333333335
2020-01-15 16:44:00,M32/5069B,489.0,94.95106,0.15069337442218797
2020-01-15 16:59:00,M32/5069B,529.0,91.73238,0.16874003189792663
2020-01-15 17:14:00,M32/5069B,502.0,90.12304,0.16298701298701296
2020-01-15 17:29:00,M32/5069B,528.0,77.24832,0.19999999999999998
2020-01-15 17:44:00,M32/5069B,476.0,49.88954,0.27917888563049853
2020-01-15 17:59:00,M32/5069B,531.0,40.2335,0.3861818181818182
2020-01-15 18:14:00,M32/5069B,452.0,14.48406,0.9131313131313131
2020-01-15 18:29:00,M32/5069B,505.0,17.70274,0.834710743801653
2020-01-15 18:44:00,M32/5069B,425.0,67.59228,0.18398268398268397
2020-01-15 18:59:00,M32/5069B,382.0,96.5604,0.11575757575757575
2020-01-15 19:14:00,M32/5069B,367.0,101.38842,0.10591630591630592
2020-01-15 19:29:00,M32/5069B,287.0,102.99776,0.0815340909090909
2020-01-15 19:44:00,M32/5069B,283.0,101.38842,0.08167388167388168
2020-01-15 19:59:00,M32/5069B,201.0,102.99776,0.057102272727272724
2020-01-15 20:14:00,M32/5069B,179.0,90.12304,0.058116883116883115
2020-01-15 20:29:00,M32/5069B,204.0,78.85766,0.07569573283858998
2020-01-15 20:44:00,M32/5069B,159.0,85.29502,0.05454545454545455
2020-01-15 20:59:00,M32/5069B,170.0,88.5137,0.05619834710743801
2020-01-15 21:14:00,M32/5069B,131.0,88.5137,0.04330578512396694
2020-01-15 21:29:00,M32/5069B,109.0,86.90436,0.036700336700336705
2020-01-15 21:44:00,M32/5069B,136.0,86.90436,0.04579124579124579
2020-01-15 21:59:00,M32/5069B,112.0,86.90436,0.03771043771043771
2020-01-15 22:14:00,M32/5069B,144.0,88.5137,0.047603305785123964
2020-01-15 22:29:00,M32/5069B,118.0,90.12304,0.038311688311688304
2020-01-15 22:44:00,M32/5069B,75.0,91.73238,0.02392344497607655
2020-01-15 22:59:00,M32/5069B,79.0,94.95106,0.024345146379044683
2020-01-15 23:14:00,M32/5069B,62.0,90.12304,0.02012987012987013
2020-01-15 23:29:00,M32/5069B,69.0,90.12304,0.022402597402597403
2020-01-15 23:44:00,M32/5069B,53.0,88.5137,0.017520661157024792
2020-01-15 23:59:00,M32/5069B,56.0,85.29502,0.01921097770154374
2020-01-16 00:14:00,M32/5069B,32.0,85.29502,0.01097770154373928
2020-01-16 00:29:00,M32/5069B,40.0,88.5137,0.013223140495867768
2020-01-16 00:44:00,M32/5069B,34.0,86.90436,0.011447811447811448
2020-01-16 00:59:00,M32/5069B,44.0,83.68568,0.015384615384615384
2020-01-16 01:14:00,M32/5069B,34.0,96.5604,0.010303030303030302
2020-01-16 01:29:00,M32/5069B,16.0,101.38842,0.004617604617604618
2020-01-16 01:44:00,M32/5069B,23.0,98.16974,0.006855439642324887
2020-01-16 01:59:00,M32/5069B,29.0,96.5604,0.008787878787878787
2020-01-16 02:14:00,M32/5069B,19.0,93.34172,0.005956112852664577
2020-01-16 02:29:00,M32/5069B,18.0,98.16974,0.0053651266766020856
2020-01-16 02:44:00,M32/5069B,23.0,98.16974,0.006855439642324887
2020-01-16 02:59:00,M32/5069B,23.0,96.5604,0.0069696969696969695
2020-01-16 03:14:00,M32/5069B,25.0,96.5604,0.007575757575757575
2020-01-16 03:29:00,M32/5069B,19.0,96.5604,0.005757575757575757
2020-01-16 03:44:00,M32/5069B,23.0,99.77908,0.006744868035190616
2020-01-16 03:59:00,M32/5069B,22.0,93.34172,0.006896551724137931
2020-01-16 04:14:00,M32/5069B,24.0,96.5604,0.007272727272727273
2020-01-16 04:29:00,M32/5069B,45.0,96.5604,0.013636363636363636
2020-01-16 04:44:00,M32/5069B,29.0,96.5604,0.008787878787878787
2020-01-16 04:59:00,M32/5069B,65.0,98.16974,0.019374068554396422
2020-01-16 05:14:00,M32/5069B,68.0,99.77908,0.01994134897360704
2020-01-16 05:29:00,M32/5069B,71.0,99.77908,0.020821114369501466
2020-01-16 05:44:00,M32/5069B,87.0,99.77908,0.025513196480938416
2020-01-16 05:59:00,M32/5069B,130.0,102.99776,0.036931818181818184
2020-01-16 06:14:00,M32/5069B,169.0,99.77908,0.04956011730205279
2020-01-16 06:29:00,M32/5069B,249.0,101.38842,0.07186147186147186
2020-01-16 06:44:00,M32/5069B,385.0,98.16974,0.11475409836065573
2020-01-16 06:59:00,M32/5069B,484.0,94.95106,0.14915254237288134
2020-01-16 07:14:00,M32/5069B,488.0,91.73238,0.15566188197767142
2020-01-16 07:29:00,M32/5069B,603.0,85.29502,0.20686106346483707
2020-01-16 07:44:00,M32/5069B,636.0,85.29502,0.2181818181818182
2020-01-16 07:59:00,M32/5069B,624.0,41.84284,0.43636363636363634
2020-01-16 08:14:00,M32/5069B,522.0,17.70274,0.8628099173553719
2020-01-16 08:29:00,M32/5069B,589.0,24.1401,0.7139393939393939
2020-01-16 08:44:00,M32/5069B,359.0,12.87472,0.8159090909090909
2020-01-16 08:59:00,M32/5069B,540.0,19.31208,0.8181818181818181
2020-01-16 09:14:00,M32/5069B,422.0,51.49888,0.23977272727272725
2020-01-16 09:29:00,M32/5069B,430.0,98.16974,0.12816691505216093
2020-01-16 09:44:00,M32/5069B,434.0,98.16974,0.1293591654247392
2020-01-16 09:59:00,M32/5069B,463.0,96.5604,0.1403030303030303
2020-01-16 10:14:00,M32/5069B,464.0,94.95106,0.14298921417565486
2020-01-16 10:29:00,M32/5069B,402.0,96.5604,0.12181818181818181
2020-01-16 10:44:00,M32/5069B,365.0,98.16974,0.10879284649776452
2020-01-16 10:59:00,M32/5069B,320.0,99.77908,0.093841642228739
2020-01-16 11:14:00,M32/5069B,341.0,98.16974,0.10163934426229507
2020-01-16 11:29:00,M32/5069B,333.0,98.16974,0.09925484351713859
2020-01-16 11:44:00,M32/5069B,365.0,94.95106,0.11248073959938366
2020-01-16 11:59:00,M32/5069B,346.0,98.16974,0.10312965722801788
2020-01-16 12:14:00,M32/5069B,319.0,99.77908,0.0935483870967742
2020-01-16 12:29:00,M32/5069B,353.0,96.5604,0.10696969696969696
2020-01-16 12:44:00,M32/5069B,404.0,96.5604,0.12242424242424241
2020-01-16 12:59:00,M32/5069B,345.0,98.16974,0.1028315946348733
2020-01-16 13:14:00,M32/5069B,315.0,94.95106,0.0970724191063174
2020-01-16 13:29:00,M32/5069B,295.0,96.5604,0.08939393939393939
2020-01-16 13:44:00,M32/5069B,367.0,93.34172,0.11504702194357368
2020-01-16 13:59:00,M32/5069B,394.0,94.95106,0.1214175654853621
2020-01-16 14:14:00,M32/5069B,329.0,94.95106,0.10138674884437596
2020-01-16 14:29:00,M32/5069B,394.0,94.95106,0.1214175654853621
2020-01-16 14:44:00,M32/5069B,272.0,93.34172,0.08526645768025079
2020-01-16 14:59:00,M32/5069B,368.0,94.95106,0.11340523882896764
2020-01-16 15:14:00,M32/5069B,420.0,93.34172,0.13166144200626959
2020-01-16 15:29:00,M32/5069B,377.0,93.34172,0.1181818181818182
2020-01-16 15:44:00,M32/5069B,441.0,94.95106,0.13590138674884436
2020-01-16 15:59:00,M32/5069B,398.0,93.34172,0.12476489028213165
2020-01-16 16:14:00,M32/5069B,446.0,90.12304,0.1448051948051948
2020-01-16 16:29:00,M32/5069B,286.0,9.65604,0.8666666666666666
2020-01-16 16:44:00,M32/5069B,457.0,20.92142,0.6391608391608391
2020-01-16 16:59:00,M32/5069B,487.0,37.01482,0.3849802371541502
2020-01-16 17:14:00,M32/5069B,523.0,82.07634,0.18645276292335114
2020-01-16 17:29:00,M32/5069B,471.0,85.29502,0.16157804459691252
2020-01-16 17:44:00,M32/5069B,532.0,82.07634,0.18966131907308378
2020-01-16 17:59:00,M32/5069B,410.0,90.12304,0.1331168831168831
2020-01-16 18:14:00,M32/5069B,467.0,85.29502,0.16020583190394513
2020-01-16 18:29:00,M32/5069B,566.0,80.467,0.20581818181818182
2020-01-16 18:44:00,M32/5069B,515.0,88.5137,0.17024793388429751
2020-01-16 18:59:00,M32/5069B,503.0,85.29502,0.17255574614065183
2020-01-16 19:14:00,M32/5069B,350.0,96.5604,0.10606060606060606
2020-01-16 19:29:00,M32/5069B,278.0,96.5604,0.08424242424242424
2020-01-16 19:44:00,M32/5069B,290.0,99.77908,0.08504398826979472
2020-01-16 19:59:00,M32/5069B,230.0,99.77908,0.06744868035190615
2020-01-16 20:14:00,M32/5069B,215.0,96.5604,0.06515151515151515
2020-01-16 20:29:00,M32/5069B,192.0,75.63898,0.07427466150870406
2020-01-16 20:44:00,M32/5069B,175.0,77.24832,0.06628787878787878
2020-01-16 20:59:00,M32/5069B,142.0,83.68568,0.049650349650349646
2020-01-16 21:14:00,M32/5069B,145.0,86.90436,0.04882154882154882
2020-01-16 21:29:00,M32/5069B,158.0,80.467,0.05745454545454545
2020-01-16 21:44:00,M32/5069B,125.0,88.5137,0.04132231404958678
2020-01-16 21:59:00,M32/5069B,122.0,91.73238,0.038915470494417854
2020-01-16 22:14:00,M32/5069B,127.0,91.73238,0.040510366826156295
2020-01-16 22:29:00,M32/5069B,103.0,91.73238,0.032854864433811796
2020-01-16 22:44:00,M32/5069B,95.0,91.73238,0.0303030303030303
2020-01-16 22:59:00,M32/5069B,71.0,91.73238,0.022647527910685805
2020-01-16 23:14:00,M32/5069B,67.0,93.34172,0.021003134796238245
2020-01-16 23:29:00,M32/5069B,68.0,93.34172,0.021316614420062698
2020-01-16 23:44:00,M32/5069B,37.0,86.90436,0.012457912457912458
2020-01-16 23:59:00,M32/5069B,63.0,91.73238,0.020095693779904306
2020-01-17 00:14:00,M32/5069B,42.0,86.90436,0.01414141414141414
2020-01-17 00:29:00,M32/5069B,37.0,80.467,0.013454545454545453
2020-01-17 00:44:00,M32/5069B,41.0,80.467,0.014909090909090908
2020-01-17 00:59:00,M32/5069B,36.0,94.95106,0.011093990755007704
2020-01-17 01:14:00,M32/5069B,23.0,98.16974,0.006855439642324887
2020-01-17 01:29:00,M32/5069B,24.0,91.73238,0.007655502392344496
2020-01-17 01:44:00,M32/5069B,25.0,99.77908,0.007331378299120235
2020-01-17 01:59:00,M32/5069B,23.0,96.5604,0.0069696969696969695
2020-01-17 02:14:00,M32/5069B,12.0,91.73238,0.003827751196172248
2020-01-17 02:29:00,M32/5069B,25.0,93.34172,0.007836990595611286
2020-01-17 02:44:00,M32/5069B,27.0,96.5604,0.00818181818181818
2020-01-17 02:59:00,M32/5069B,12.0,102.99776,0.003409090909090909
2020-01-17 03:14:00,M32/5069B,15.0,96.5604,0.004545454545454545
2020-01-17 03:29:00,M32/5069B,32.0,93.34172,0.010031347962382444
2020-01-17 03:44:00,M32/5069B,24.0,94.95106,0.007395993836671803
2020-01-17 03:59:00,M32/5069B,25.0,98.16974,0.007451564828614009
2020-01-17 04:14:00,M32/5069B,31.0,98.16974,0.00923994038748137
2020-01-17 04:29:00,M32/5069B,54.0,94.95106,0.016640986132511557
2020-01-17 04:44:00,M32/5069B,43.0,96.5604,0.01303030303030303
2020-01-17 04:59:00,M32/5069B,44.0,99.77908,0.012903225806451613
2020-01-17 05:14:00,M32/5069B,58.0,94.95106,0.017873651771956857
2020-01-17 05:29:00,M32/5069B,74.0,94.95106,0.02280431432973806
2020-01-17 05:44:00,M32/5069B,85.0,99.77908,0.0249266862170088
2020-01-17 05:59:00,M32/5069B,122.0,96.5604,0.036969696969696965
2020-01-17 06:14:00,M32/5069B,151.0,104.6071,0.04223776223776224
2020-01-17 06:29:00,M32/5069B,208.0,102.99776,0.05909090909090908
2020-01-17 06:44:00,M32/5069B,329.0,98.16974,0.09806259314456035
2020-01-17 06:59:00,M32/5069B,505.0,93.34172,0.15830721003134796
2020-01-17 07:14:00,M32/5069B,531.0,91.73238,0.169377990430622
2020-01-17 07:29:00,M32/5069B,577.0,86.90436,0.19427609427609427
2020-01-17 07:44:00,M32/5069B,579.0,53.10822,0.3190082644628099
2020-01-17 07:59:00,M32/5069B,526.0,61.15492,0.25167464114832533
2020-01-17 08:14:00,M32/5069B,418.0,88.5137,0.13818181818181818
2020-01-17 08:29:00,M32/5069B,481.0,93.34172,0.15078369905956113
2020-01-17 08:44:00,M32/5069B,530.0,88.5137,0.17520661157024794
2020-01-17 08:59:00,M32/5069B,453.0,96.5604,0.13727272727272727
2020-01-17 09:14:00,M32/5069B,406.0,96.5604,0.12303030303030302
2020-01-17 09:29:00,M32/5069B,467.0,96.5604,0.1415151515151515
2020-01-17 09:44:00,M32/5069B,443.0,96.5604,0.13424242424242425
2020-01-17 09:59:00,M32/5069B,379.0,99.77908,0.11114369501466276
2020-01-17 10:14:00,M32/5069B,398.0,99.77908,0.11671554252199415
2020-01-17 10:29:00,M32/5069B,385.0,98.16974,0.11475409836065573
2020-01-17 10:44:00,M32/5069B,400.0,99.77908,0.11730205278592376
2020-01-17 10:59:00,M32/5069B,344.0,96.5604,0.10424242424242423
2020-01-17 11:14:00,M32/5069B,335.0,98.16974,0.0998509687034277
2020-01-17 11:29:00,M32/5069B,363.0,101.38842,0.10476190476190476
2020-01-17 11:44:00,M32/5069B,348.0,98.16974,0.103725782414307
2020-01-17 11:59:00,M32/5069B,407.0,96.5604,0.12333333333333332
2020-01-17 12:14:00,M32/5069B,369.0,99.77908,0.10821114369501467
2020-01-17 12:29:00,M32/5069B,433.0,98.16974,0.12906110283159464
2020-01-17 12:44:00,M32/5069B,414.0,99.77908,0.12140762463343108
2020-01-17 12:59:00,M32/5069B,383.0,99.77908,0.112316715542522
2020-01-17 13:14:00,M32/5069B,407.0,99.77908,0.11935483870967742
2020-01-17 13:29:00,M32/5069B,410.0,96.5604,0.12424242424242425
2020-01-17 13:44:00,M32/5069B,449.0,98.16974,0.1338301043219076
2020-01-17 13:59:00,M32/5069B,389.0,99.77908,0.11407624633431085
2020-01-17 14:14:00,M32/5069B,417.0,98.16974,0.12429210134128167
2020-01-17 14:29:00,M32/5069B,409.0,98.16974,0.12190760059612517
2020-01-17 14:44:00,M32/5069B,414.0,99.77908,0.12140762463343108
2020-01-17 14:59:00,M32/5069B,455.0,98.16974,0.13561847988077494
2020-01-17 15:14:00,M32/5069B,394.0,101.38842,0.1137085137085137
2020-01-17 15:29:00,M32/5069B,452.0,99.77908,0.13255131964809383
2020-01-17 15:44:00,M32/5069B,515.0,91.73238,0.164274322169059
2020-01-17 15:59:00,M32/5069B,498.0,96.5604,0.1509090909090909
2020-01-17 16:14:00,M32/5069B,535.0,94.95106,0.16486902927580893
2020-01-17 16:29:00,M32/5069B,516.0,94.95106,0.15901386748844376
2020-01-17 16:44:00,M32/5069B,498.0,88.5137,0.1646280991735537
2020-01-17 16:59:00,M32/5069B,530.0,88.5137,0.17520661157024794
2020-01-17 17:14:00,M32/5069B,504.0,88.5137,0.16661157024793388
2020-01-17 17:29:00,M32/5069B,468.0,86.90436,0.1575757575757576
2020-01-17 17:44:00,M32/5069B,437.0,86.90436,0.14713804713804712
2020-01-17 17:59:00,M32/5069B,469.0,88.5137,0.15504132231404957
2020-01-17 18:14:00,M32/5069B,502.0,88.5137,0.16595041322314047
2020-01-17 18:29:00,M32/5069B,436.0,91.73238,0.13907496012759168
2020-01-17 18:44:00,M32/5069B,420.0,93.34172,0.13166144200626959
2020-01-17 18:59:00,M32/5069B,338.0,94.95106,0.10416024653312789
2020-01-17 19:14:00,M32/5069B,336.0,96.5604,0.10181818181818181
2020-01-17 19:29:00,M32/5069B,296.0,98.16974,0.08822652757078986
2020-01-17 19:44:00,M32/5069B,284.0,101.38842,0.08196248196248196
2020-01-17 19:59:00,M32/5069B,234.0,101.38842,0.06753246753246753
2020-01-17 20:14:00,M32/5069B,219.0,101.38842,0.0632034632034632
2020-01-17 20:29:00,M32/5069B,198.0,99.77908,0.05806451612903226
2020-01-17 20:44:00,M32/5069B,181.0,99.77908,0.0530791788856305
2020-01-17 20:59:00,M32/5069B,192.0,102.99776,0.05454545454545454
2020-01-17 21:14:00,M32/5069B,172.0,102.99776,0.04886363636363636
2020-01-17 21:29:00,M32/5069B,136.0,101.38842,0.03924963924963925
2020-01-17 21:44:00,M32/5069B,153.0,102.99776,0.04346590909090909
2020-01-17 21:59:00,M32/5069B,128.0,99.77908,0.0375366568914956
2020-01-17 22:14:00,M32/5069B,86.0,99.77908,0.025219941348973606
2020-01-17 22:29:00,M32/5069B,86.0,98.16974,0.02563338301043219
2020-01-17 22:44:00,M32/5069B,108.0,101.38842,0.03116883116883117
2020-01-17 22:59:00,M32/5069B,142.0,98.16974,0.042324888226527566
2020-01-17 23:14:00,M32/5069B,70.0,86.90436,0.02356902356902357
2020-01-17 23:29:00,M32/5069B,66.0,65.98294,0.029268292682926828
2020-01-17 23:44:00,M32/5069B,90.0,82.07634,0.03208556149732621
2020-01-17 23:59:00,M32/5069B,55.0,85.29502,0.018867924528301886
2020-01-18 00:14:00,M32/5069B,52.0,93.34172,0.016300940438871474
2020-01-18 00:29:00,M32/5069B,52.0,88.5137,0.0171900826446281
2020-01-18 00:44:00,M32/5069B,43.0,91.73238,0.013716108452950557
2020-01-18 00:59:00,M32/5069B,40.0,86.90436,0.013468013468013467
2020-01-18 01:14:00,M32/5069B,41.0,88.5137,0.013553719008264463
2020-01-18 01:29:00,M32/5069B,33.0,90.12304,0.010714285714285713
2020-01-18 01:44:00,M32/5069B,28.0,91.73238,0.008931419457735247
2020-01-18 01:59:00,M32/5069B,26.0,93.34172,0.008150470219435737
2020-01-18 02:14:00,M32/5069B,18.0,88.5137,0.0059504132231404955
2020-01-18 02:29:00,M32/5069B,22.0,88.5137,0.007272727272727273
2020-01-18 02:44:00,M32/5069B,18.0,94.95106,0.005546995377503852
2020-01-18 02:59:00,M32/5069B,36.0,98.16974,0.010730253353204171
2020-01-18 03:14:00,M32/5069B,32.0,96.5604,0.009696969696969697
2020-01-18 03:29:00,M32/5069B,26.0,99.77908,0.007624633431085044
2020-01-18 03:44:00,M32/5069B,19.0,99.77908,0.005571847507331379
2020-01-18 03:59:00,M32/5069B,17.0,99.77908,0.00498533724340176
2020-01-18 04:14:00,M32/5069B,34.0,98.16974,0.01013412816691505
2020-01-18 04:29:00,M32/5069B,29.0,93.34172,0.00909090909090909
2020-01-18 04:44:00,M32/5069B,32.0,91.73238,0.010207336523125997
2020-01-18 04:59:00,M32/5069B,45.0,96.5604,0.013636363636363636
2020-01-18 05:14:00,M32/5069B,34.0,98.16974,0.01013412816691505
2020-01-18 05:29:00,M32/5069B,40.0,94.95106,0.012326656394453005
2020-01-18 05:44:00,M32/5069B,38.0,94.95106,0.011710323574730355
2020-01-18 05:59:00,M32/5069B,53.0,99.77908,0.015542521994134898
2020-01-18 06:14:00,M32/5069B,51.0,102.99776,0.014488636363636363
2020-01-18 06:29:00,M32/5069B,55.0,98.16974,0.01639344262295082
2020-01-18 06:44:00,M32/5069B,84.0,104.6071,0.023496503496503496
2020-01-18 06:59:00,M32/5069B,117.0,101.38842,0.033766233766233764
2020-01-18 07:14:00,M32/5069B,105.0,98.16974,0.03129657228017884
2020-01-18 07:29:00,M32/5069B,96.0,99.77908,0.0281524926686217
2020-01-18 07:44:00,M32/5069B,153.0,102.99776,0.04346590909090909
2020-01-18 07:59:00,M32/5069B,178.0,101.38842,0.05137085137085137
2020-01-18 08:14:00,M32/5069B,189.0,106.21644,0.052066115702479335
2020-01-18 08:29:00,M32/5069B,174.0,106.21644,0.04793388429752066
2020-01-18 08:44:00,M32/5069B,189.0,102.99776,0.053693181818181814
2020-01-18 08:59:00,M32/5069B,205.0,102.99776,0.05823863636363636
2020-01-18 09:14:00,M32/5069B,216.0,104.6071,0.06041958041958041
2020-01-18 09:29:00,M32/5069B,287.0,102.99776,0.0815340909090909
2020-01-18 09:44:00,M32/5069B,304.0,102.99776,0.08636363636363636
2020-01-18 09:59:00,M32/5069B,368.0,99.77908,0.10791788856304986
2020-01-18 10:14:00,M32/5069B,356.0,99.77908,0.10439882697947214
2020-01-18 10:29:00,M32/5069B,394.0,101.38842,0.1137085137085137
2020-01-18 10:44:00,M32/5069B,417.0,102.99776,0.1184659090909091
2020-01-18 10:59:00,M32/5069B,458.0,101.38842,0.13217893217893217
2020-01-18 11:14:00,M32/5069B,416.0,101.38842,0.12005772005772007
2020-01-18 11:29:00,M32/5069B,486.0,101.38842,0.14025974025974025
2020-01-18 11:44:00,M32/5069B,511.0,99.77908,0.14985337243401758
2020-01-18 11:59:00,M32/5069B,518.0,98.16974,0.15439642324888225
2020-01-18 12:14:00,M32/5069B,483.0,98.16974,0.14396423248882265
2020-01-18 12:29:00,M32/5069B,545.0,96.5604,0.16515151515151513
2020-01-18 12:44:00,M32/5069B,507.0,96.5604,0.15363636363636363
2020-01-18 12:59:00,M32/5069B,467.0,98.16974,0.13919523099850967
2020-01-18 13:14:00,M32/5069B,511.0,96.5604,0.15484848484848485
2020-01-18 13:29:00,M32/5069B,399.0,98.16974,0.11892697466467958
2020-01-18 13:44:00,M32/5069B,461.0,98.16974,0.13740685543964232
2020-01-18 13:59:00,M32/5069B,422.0,99.77908,0.12375366568914956
2020-01-18 14:14:00,M32/5069B,398.0,101.38842,0.11486291486291486
2020-01-18 14:29:00,M32/5069B,395.0,102.99776,0.11221590909090909
2020-01-18 14:44:00,M32/5069B,395.0,99.77908,0.11583577712609971
2020-01-18 14:59:00,M32/5069B,383.0,102.99776,0.10880681818181819
2020-01-18 15:14:00,M32/5069B,363.0,101.38842,0.10476190476190476
2020-01-18 15:29:00,M32/5069B,398.0,99.77908,0.11671554252199415
2020-01-18 15:44:00,M32/5069B,394.0,99.77908,0.11554252199413491
2020-01-18 15:59:00,M32/5069B,375.0,101.38842,0.10822510822510822
2020-01-18 16:14:00,M32/5069B,414.0,98.16974,0.12339791356184798
2020-01-18 16:29:00,M32/5069B,393.0,98.16974,0.11713859910581222
2020-01-18 16:44:00,M32/5069B,409.0,98.16974,0.12190760059612517
2020-01-18 16:59:00,M32/5069B,379.0,96.5604,0.11484848484848484
2020-01-18 17:14:00,M32/5069B,381.0,98.16974,0.11356184798807749
2020-01-18 17:29:00,M32/5069B,417.0,96.5604,0.12636363636363634
2020-01-18 17:44:00,M32/5069B,385.0,98.16974,0.11475409836065573
2020-01-18 17:59:00,M32/5069B,406.0,96.5604,0.12303030303030302
2020-01-18 18:14:00,M32/5069B,380.0,94.95106,0.11710323574730355
2020-01-18 18:29:00,M32/5069B,372.0,101.38842,0.10735930735930736
2020-01-18 18:44:00,M32/5069B,314.0,99.77908,0.09208211143695015
2020-01-18 18:59:00,M32/5069B,339.0,98.16974,0.10104321907600596
2020-01-18 19:14:00,M32/5069B,245.0,101.38842,0.0707070707070707
2020-01-18 19:29:00,M32/5069B,205.0,101.38842,0.05916305916305916
2020-01-18 19:44:00,M32/5069B,227.0,101.38842,0.06551226551226552
2020-01-18 19:59:00,M32/5069B,258.0,99.77908,0.07565982404692083
2020-01-18 20:14:00,M32/5069B,195.0,101.38842,0.05627705627705628
2020-01-18 20:29:00,M32/5069B,172.0,101.38842,0.04963924963924964
2020-01-18 20:44:00,M32/5069B,151.0,101.38842,0.043578643578643585
2020-01-18 20:59:00,M32/5069B,147.0,102.99776,0.04176136363636364
2020-01-18 21:14:00,M32/5069B,115.0,101.38842,0.03318903318903319
2020-01-18 21:29:00,M32/5069B,129.0,101.38842,0.03722943722943723
2020-01-18 21:44:00,M32/5069B,114.0,101.38842,0.032900432900432895
2020-01-18 21:59:00,M32/5069B,111.0,102.99776,0.03153409090909091
2020-01-18 22:14:00,M32/5069B,107.0,101.38842,0.03088023088023088
2020-01-18 22:29:00,M32/5069B,86.0,101.38842,0.02481962481962482
2020-01-18 22:44:00,M32/5069B,103.0,101.38842,0.029725829725829725
2020-01-18 22:59:00,M32/5069B,100.0,101.38842,0.02886002886002886
2020-01-18 23:14:00,M32/5069B,83.0,102.99776,0.023579545454545454
2020-01-18 23:29:00,M32/5069B,79.0,101.38842,0.022799422799422802
2020-01-18 23:44:00,M32/5069B,71.0,102.99776,0.020170454545454543
2020-01-18 23:59:00,M32/5069B,86.0,101.38842,0.02481962481962482
2020-01-19 00:14:00,M32/5069B,61.0,99.77908,0.017888563049853375
2020-01-19 00:29:00,M32/5069B,51.0,96.5604,0.015454545454545452
2020-01-19 00:44:00,M32/5069B,40.0,104.6071,0.011188811188811187
2020-01-19 00:59:00,M32/5069B,36.0,98.16974,0.010730253353204171
2020-01-19 01:14:00,M32/5069B,45.0,96.5604,0.013636363636363636
2020-01-19 01:29:00,M32/5069B,35.0,101.38842,0.0101010101010101
2020-01-19 01:44:00,M32/5069B,34.0,102.99776,0.009659090909090909
2020-01-19 01:59:00,M32/5069B,37.0,99.77908,0.010850439882697948
2020-01-19 02:14:00,M32/5069B,29.0,96.5604,0.008787878787878787
2020-01-19 02:29:00,M32/5069B,18.0,94.95106,0.005546995377503852
2020-01-19 02:44:00,M32/5069B,16.0,96.5604,0.0048484848484848485
2020-01-19 02:59:00,M32/5069B,18.0,98.16974,0.0053651266766020856
2020-01-19 03:14:00,M32/5069B,27.0,96.5604,0.00818181818181818
2020-01-19 03:29:00,M32/5069B,24.0,98.16974,0.007153502235469448
2020-01-19 03:44:00,M32/5069B,22.0,94.95106,0.006779661016949152
2020-01-19 03:59:00,M32/5069B,18.0,99.77908,0.005278592375366569
2020-01-19 04:14:00,M32/5069B,19.0,99.77908,0.005571847507331379
2020-01-19 04:29:00,M32/5069B,26.0,96.5604,0.00787878787878788
2020-01-19 04:44:00,M32/5069B,21.0,96.5604,0.006363636363636363
2020-01-19 04:59:00,M32/5069B,21.0,102.99776,0.005965909090909091
2020-01-19 05:14:00,M32/5069B,19.0,98.16974,0.005663189269746647
2020-01-19 05:29:00,M32/5069B,31.0,102.99776,0.008806818181818181
2020-01-19 05:44:00,M32/5069B,38.0,101.38842,0.010966810966810967
2020-01-19 05:59:00,M32/5069B,51.0,99.77908,0.014956011730205278
2020-01-19 06:14:00,M32/5069B,30.0,102.99776,0.008522727272727272
2020-01-19 06:29:00,M32/5069B,51.0,101.38842,0.01471861471861472
2020-01-19 06:44:00,M32/5069B,53.0,101.38842,0.015295815295815297
2020-01-19 06:59:00,M32/5069B,59.0,104.6071,0.0165034965034965
2020-01-19 07:14:00,M32/5069B,49.0,98.16974,0.014605067064083457
2020-01-19 07:29:00,M32/5069B,52.0,99.77908,0.015249266862170088
2020-01-19 07:44:00,M32/5069B,85.0,99.77908,0.0249266862170088
2020-01-19 07:59:00,M32/5069B,128.0,101.38842,0.03694083694083694
2020-01-19 08:14:00,M32/5069B,92.0,102.99776,0.026136363636363635
2020-01-19 08:29:00,M32/5069B,106.0,99.77908,0.031085043988269796
2020-01-19 08:44:00,M32/5069B,87.0,102.99776,0.02471590909090909
2020-01-19 08:59:00,M32/5069B,120.0,104.6071,0.033566433566433566
2020-01-19 09:14:00,M32/5069B,113.0,101.38842,0.03261183261183261
2020-01-19 09:29:00,M32/5069B,134.0,104.6071,0.03748251748251748
2020-01-19 09:44:00,M32/5069B,203.0,104.6071,0.05678321678321678
2020-01-19 09:59:00,M32/5069B,217.0,104.6071,0.0606993006993007
2020-01-19 10:14:00,M32/5069B,272.0,102.99776,0.07727272727272727
2020-01-19 10:29:00,M32/5069B,291.0,102.99776,0.08267045454545455
2020-01-19 10:44:00,M32/5069B,341.0,102.99776,0.096875
2020-01-19 10:59:00,M32/5069B,339.0,102.99776,0.09630681818181817
2020-01-19 11:14:00,M32/5069B,353.0,102.99776,0.1002840909090909
2020-01-19 11:29:00,M32/5069B,351.0,101.38842,0.10129870129870129
2020-01-19 11:44:00,M32/5069B,377.0,102.99776,0.10710227272727273
2020-01-19 11:59:00,M32/5069B,423.0,102.99776,0.12017045454545455
2020-01-19 12:14:00,M32/5069B,382.0,101.38842,0.11024531024531026
2020-01-19 12:29:00,M32/5069B,249.0,104.6071,0.06965034965034965
2020-01-19 12:44:00,M32/5069B,280.0,102.99776,0.07954545454545454
2020-01-19 12:59:00,M32/5069B,467.0,101.38842,0.13477633477633477
2020-01-19 13:14:00,M32/5069B,497.0,96.5604,0.1506060606060606
2020-01-19 13:29:00,M32/5069B,400.0,99.77908,0.11730205278592376
2020-01-19 13:44:00,M32/5069B,387.0,99.77908,0.11348973607038124
2020-01-19 13:59:00,M32/5069B,362.0,102.99776,0.1028409090909091
2020-01-19 14:14:00,M32/5069B,388.0,101.38842,0.11197691197691198
2020-01-19 14:29:00,M32/5069B,368.0,101.38842,0.1062049062049062
2020-01-19 14:44:00,M32/5069B,392.0,102.99776,0.11136363636363636
2020-01-19 14:59:00,M32/5069B,330.0,102.99776,0.09375
2020-01-19 15:14:00,M32/5069B,404.0,102.99776,0.11477272727272726
2020-01-19 15:29:00,M32/5069B,403.0,101.38842,0.1163059163059163
2020-01-19 15:44:00,M32/5069B,407.0,99.77908,0.11935483870967742
2020-01-19 15:59:00,M32/5069B,391.0,99.77908,0.11466275659824048
2020-01-19 16:14:00,M32/5069B,426.0,98.16974,0.12697466467958268
2020-01-19 16:29:00,M32/5069B,413.0,98.16974,0.12309985096870342
2020-01-19 16:44:00,M32/5069B,458.0,94.95106,0.14114021571648688
2020-01-19 16:59:00,M32/5069B,452.0,98.16974,0.13472429210134126
2020-01-19 17:14:00,M32/5069B,399.0,94.95106,0.12295839753466874
2020-01-19 17:29:00,M32/5069B,436.0,96.5604,0.1321212121212121
2020-01-19 17:44:00,M32/5069B,365.0,96.5604,0.11060606060606061
2020-01-19 17:59:00,M32/5069B,424.0,98.16974,0.12637853949329358
2020-01-19 18:14:00,M32/5069B,375.0,96.5604,0.11363636363636363
2020-01-19 18:29:00,M32/5069B,390.0,94.95106,0.1201848998459168
2020-01-19 18:44:00,M32/5069B,350.0,98.16974,0.10432190760059612
2020-01-19 18:59:00,M32/5069B,363.0,94.95106,0.11186440677966102
2020-01-19 19:14:00,M32/5069B,314.0,98.16974,0.09359165424739195
2020-01-19 19:29:00,M32/5069B,307.0,94.95106,0.0946070878274268
2020-01-19 19:44:00,M32/5069B,247.0,98.16974,0.07362146050670641
2020-01-19 19:59:00,M32/5069B,238.0,99.77908,0.06979472140762463
2020-01-19 20:14:00,M32/5069B,246.0,98.16974,0.07332339791356184
2020-01-19 20:29:00,M32/5069B,209.0,98.16974,0.06229508196721311
2020-01-19 20:44:00,M32/5069B,202.0,102.99776,0.05738636363636363
2020-01-19 20:59:00,M32/5069B,178.0,101.38842,0.05137085137085137
2020-01-19 21:14:00,M32/5069B,171.0,99.77908,0.050146627565982406
2020-01-19 21:29:00,M32/5069B,166.0,98.16974,0.049478390461997014
2020-01-19 21:44:00,M32/5069B,159.0,99.77908,0.046627565982404695
2020-01-19 21:59:00,M32/5069B,115.0,101.38842,0.03318903318903319
2020-01-19 22:14:00,M32/5069B,101.0,99.77908,0.02961876832844575
2020-01-19 22:29:00,M32/5069B,128.0,99.77908,0.0375366568914956
2020-01-19 22:44:00,M32/5069B,115.0,102.99776,0.032670454545454544
2020-01-19 22:59:00,M32/5069B,91.0,98.16974,0.02712369597615499
2020-01-19 23:14:00,M32/5069B,71.0,99.77908,0.020821114369501466
2020-01-19 23:29:00,M32/5069B,53.0,102.99776,0.015056818181818182
2020-01-19 23:44:00,M32/5069B,66.0,99.77908,0.01935483870967742
2020-01-19 23:59:00,M32/5069B,52.0,98.16974,0.015499254843517137
2020-01-20 00:14:00,M32/5069B,38.0,102.99776,0.010795454545454546
2020-01-20 00:29:00,M32/5069B,30.0,101.38842,0.008658008658008658
2020-01-20 00:44:00,M32/5069B,33.0,98.16974,0.009836065573770491
2020-01-20 00:59:00,M32/5069B,32.0,94.95106,0.009861325115562404
2020-01-20 01:14:00,M32/5069B,30.0,101.38842,0.008658008658008658
2020-01-20 01:29:00,M32/5069B,24.0,94.95106,0.007395993836671803
2020-01-20 01:44:00,M32/5069B,14.0,86.90436,0.0047138047138047135
2020-01-20 01:59:00,M32/5069B,18.0,94.95106,0.005546995377503852
2020-01-20 02:14:00,M32/5069B,13.0,93.34172,0.0040752351097178684
2020-01-20 02:29:00,M32/5069B,18.0,94.95106,0.005546995377503852
2020-01-20 02:44:00,M32/5069B,17.0,98.16974,0.005067064083457525
2020-01-20 02:59:00,M32/5069B,15.0,98.16974,0.004470938897168405
2020-01-20 03:14:00,M32/5069B,18.0,98.16974,0.0053651266766020856
2020-01-20 03:29:00,M32/5069B,15.0,96.5604,0.004545454545454545
2020-01-20 03:44:00,M32/5069B,16.0,91.73238,0.005103668261562998
2020-01-20 03:59:00,M32/5069B,23.0,99.77908,0.006744868035190616
2020-01-20 04:14:00,M32/5069B,23.0,93.34172,0.007210031347962382
2020-01-20 04:29:00,M32/5069B,22.0,99.77908,0.0064516129032258064
2020-01-20 04:44:00,M32/5069B,36.0,96.5604,0.010909090909090908
2020-01-20 04:59:00,M32/5069B,45.0,101.38842,0.012987012987012986
2020-01-20 05:14:00,M32/5069B,57.0,101.38842,0.016450216450216448
2020-01-20 05:29:00,M32/5069B,83.0,99.77908,0.02434017595307918
2020-01-20 05:44:00,M32/5069B,91.0,98.16974,0.02712369597615499
2020-01-20 05:59:00,M32/5069B,122.0,102.99776,0.03465909090909091
2020-01-20 06:14:00,M32/5069B,147.0,99.77908,0.04310850439882698
2020-01-20 06:29:00,M32/5069B,204.0,101.38842,0.05887445887445888
2020-01-20 06:44:00,M32/5069B,328.0,96.5604,0.0993939393939394
2020-01-20 06:59:00,M32/5069B,503.0,93.34172,0.15768025078369907
2020-01-20 07:14:00,M32/5069B,510.0,91.73238,0.16267942583732053
2020-01-20 07:29:00,M32/5069B,591.0,83.68568,0.20664335664335662
2020-01-20 07:44:00,M32/5069B,563.0,33.79614,0.4874458874458874
2020-01-20 07:59:00,M32/5069B,519.0,19.31208,0.7863636363636363
2020-01-20 08:14:00,M32/5069B,510.0,17.70274,0.8429752066115703
2020-01-20 08:29:00,M32/5069B,497.0,17.70274,0.8214876033057852
2020-01-20 08:44:00,M32/5069B,520.0,19.31208,0.7878787878787877
2020-01-20 08:59:00,M32/5069B,510.0,19.31208,0.7727272727272726
2020-01-20 09:14:00,M32/5069B,540.0,32.1868,0.49090909090909096
2020-01-20 09:29:00,M32/5069B,488.0,96.5604,0.14787878787878786
2020-01-20 09:44:00,M32/5069B,496.0,93.34172,0.1554858934169279
2020-01-20 09:59:00,M32/5069B,453.0,98.16974,0.13502235469448584
2020-01-20 10:14:00,M32/5069B,391.0,99.77908,0.11466275659824048
2020-01-20 10:29:00,M32/5069B,425.0,99.77908,0.124633431085044
2020-01-20 10:44:00,M32/5069B,386.0,99.77908,0.11319648093841643
2020-01-20 10:59:00,M32/5069B,373.0,96.5604,0.11303030303030304
2020-01-20 11:14:00,M32/5069B,371.0,99.77908,0.10879765395894428
2020-01-20 11:29:00,M32/5069B,342.0,99.77908,0.10029325513196481
2020-01-20 11:44:00,M32/5069B,326.0,99.77908,0.09560117302052787
2020-01-20 11:59:00,M32/5069B,379.0,99.77908,0.11114369501466276
2020-01-20 12:14:00,M32/5069B,377.0,98.16974,0.11236959761549925
2020-01-20 12:29:00,M32/5069B,371.0,98.16974,0.11058122205663189
2020-01-20 12:44:00,M32/5069B,352.0,99.77908,0.1032258064516129
2020-01-20 12:59:00,M32/5069B,345.0,99.77908,0.10117302052785924
2020-01-20 13:14:00,M32/5069B,343.0,98.16974,0.10223546944858419
2020-01-20 13:29:00,M32/5069B,352.0,98.16974,0.10491803278688523
2020-01-20 13:44:00,M32/5069B,345.0,96.5604,0.10454545454545454
2020-01-20 13:59:00,M32/5069B,316.0,99.77908,0.09266862170087976
2020-01-20 14:14:00,M32/5069B,345.0,99.77908,0.10117302052785924
2020-01-20 14:29:00,M32/5069B,360.0,98.16974,0.10730253353204172
2020-01-20 14:44:00,M32/5069B,374.0,96.5604,0.11333333333333333
2020-01-20 14:59:00,M32/5069B,377.0,96.5604,0.11424242424242424
2020-01-20 15:14:00,M32/5069B,355.0,99.77908,0.10410557184750734
2020-01-20 15:29:00,M32/5069B,387.0,98.16974,0.11535022354694485
2020-01-20 15:44:00,M32/5069B,399.0,99.77908,0.11700879765395895
2020-01-20 15:59:00,M32/5069B,396.0,98.16974,0.11803278688524589
2020-01-20 16:14:00,M32/5069B,445.0,96.5604,0.13484848484848486
2020-01-20 16:29:00,M32/5069B,494.0,96.5604,0.1496969696969697
2020-01-20 16:44:00,M32/5069B,526.0,93.34172,0.16489028213166146
2020-01-20 16:59:00,M32/5069B,521.0,90.12304,0.16915584415584414
2020-01-20 17:14:00,M32/5069B,535.0,90.12304,0.1737012987012987
2020-01-20 17:29:00,M32/5069B,519.0,91.73238,0.16555023923444973
2020-01-20 17:44:00,M32/5069B,526.0,88.5137,0.17388429752066115
2020-01-20 17:59:00,M32/5069B,568.0,85.29502,0.19485420240137225
2020-01-20 18:14:00,M32/5069B,510.0,83.68568,0.1783216783216783
2020-01-20 18:29:00,M32/5069B,541.0,85.29502,0.1855917667238422
2020-01-20 18:44:00,M32/5069B,433.0,94.95106,0.13343605546995377
2020-01-20 18:59:00,M32/5069B,379.0,96.5604,0.11484848484848484
2020-01-20 19:14:00,M32/5069B,322.0,96.5604,0.09757575757575757
2020-01-20 19:29:00,M32/5069B,248.0,98.16974,0.07391952309985096
2020-01-20 19:44:00,M32/5069B,239.0,98.16974,0.07123695976154992
2020-01-20 19:59:00,M32/5069B,167.0,101.38842,0.048196248196248195
2020-01-20 20:14:00,M32/5069B,177.0,99.77908,0.05190615835777126
2020-01-20 20:29:00,M32/5069B,169.0,101.38842,0.048773448773448774
2020-01-20 20:44:00,M32/5069B,163.0,101.38842,0.04704184704184704
2020-01-20 20:59:00,M32/5069B,155.0,99.77908,0.045454545454545456
2020-01-20 21:14:00,M32/5069B,134.0,99.77908,0.03929618768328446
2020-01-20 21:29:00,M32/5069B,118.0,96.5604,0.03575757575757575
2020-01-20 21:44:00,M32/5069B,94.0,99.77908,0.027565982404692085
2020-01-20 21:59:00,M32/5069B,113.0,101.38842,0.03261183261183261
2020-01-20 22:14:00,M32/5069B,88.0,98.16974,0.026229508196721308
2020-01-20 22:29:00,M32/5069B,63.0,102.99776,0.017897727272727273
2020-01-20 22:44:00,M32/5069B,76.0,99.77908,0.022287390029325515
2020-01-20 22:59:00,M32/5069B,52.0,99.77908,0.015249266862170088
2020-01-20 23:14:00,M32/5069B,52.0,96.5604,0.01575757575757576
2020-01-20 23:29:00,M32/5069B,49.0,101.38842,0.01414141414141414
2020-01-20 23:44:00,M32/5069B,44.0,96.5604,0.013333333333333332
2020-01-20 23:59:00,M32/5069B,40.0,94.95106,0.012326656394453005
2020-01-21 00:14:00,M32/5069B,29.0,93.34172,0.00909090909090909
2020-01-21 00:29:00,M32/5069B,25.0,86.90436,0.008417508417508417
2020-01-21 00:44:00,M32/5069B,25.0,91.73238,0.007974481658692184
2020-01-21 00:59:00,M32/5069B,19.0,88.5137,0.00628099173553719
2020-01-21 01:14:00,M32/5069B,21.0,88.5137,0.006942148760330578
2020-01-21 01:29:00,M32/5069B,28.0,83.68568,0.00979020979020979
2020-01-21 01:44:00,M32/5069B,23.0,88.5137,0.007603305785123967
2020-01-21 01:59:00,M32/5069B,14.0,86.90436,0.0047138047138047135
2020-01-21 02:14:00,M32/5069B,9.0,83.68568,0.0031468531468531466
2020-01-21 02:29:00,M32/5069B,15.0,86.90436,0.00505050505050505
2020-01-21 02:44:00,M32/5069B,21.0,93.34172,0.0065830721003134795
2020-01-21 02:59:00,M32/5069B,13.0,83.68568,0.004545454545454545
2020-01-21 03:14:00,M32/5069B,19.0,91.73238,0.006060606060606061
2020-01-21 03:29:00,M32/5069B,18.0,90.12304,0.0058441558441558435
2020-01-21 03:44:00,M32/5069B,16.0,93.34172,0.005015673981191222
2020-01-21 03:59:00,M32/5069B,22.0,91.73238,0.007017543859649122
2020-01-21 04:14:00,M32/5069B,22.0,93.34172,0.006896551724137931
2020-01-21 04:29:00,M32/5069B,26.0,91.73238,0.008293460925039872
2020-01-21 04:44:00,M32/5069B,38.0,96.5604,0.011515151515151515
2020-01-21 04:59:00,M32/5069B,41.0,94.95106,0.012634822804314329
2020-01-21 05:14:00,M32/5069B,56.0,96.5604,0.016969696969696968
2020-01-21 05:29:00,M32/5069B,70.0,98.16974,0.020864381520119223
2020-01-21 05:44:00,M32/5069B,81.0,94.95106,0.024961479198767334
2020-01-21 05:59:00,M32/5069B,111.0,101.38842,0.032034632034632034
2020-01-21 06:14:00,M32/5069B,140.0,96.5604,0.04242424242424242
2020-01-21 06:29:00,M32/5069B,233.0,96.5604,0.0706060606060606
2020-01-21 06:44:00,M32/5069B,350.0,94.95106,0.10785824345146379
2020-01-21 06:59:00,M32/5069B,490.0,90.12304,0.1590909090909091
2020-01-21 07:14:00,M32/5069B,492.0,90.12304,0.15974025974025974
2020-01-21 07:29:00,M32/5069B,578.0,82.07634,0.20606060606060603
2020-01-21 07:44:00,M32/5069B,536.0,22.53076,0.6961038961038961
2020-01-21 07:59:00,M32/5069B,488.0,17.70274,0.806611570247934
2020-01-21 08:14:00,M32/5069B,532.0,20.92142,0.744055944055944
2020-01-21 08:29:00,M32/5069B,513.0,17.70274,0.8479338842975207
2020-01-21 08:44:00,M32/5069B,437.0,14.48406,0.8828282828282829
2020-01-21 08:59:00,M32/5069B,517.0,19.31208,0.7833333333333332
2020-01-21 09:14:00,M32/5069B,448.0,16.0934,0.8145454545454546
2020-01-21 09:29:00,M32/5069B,478.0,16.0934,0.869090909090909
2020-01-21 09:44:00,M32/5069B,510.0,19.31208,0.7727272727272726
2020-01-21 09:59:00,M32/5069B,469.0,48.2802,0.28424242424242424
2020-01-21 10:14:00,M32/5069B,393.0,98.16974,0.11713859910581222
2020-01-21 10:29:00,M32/5069B,378.0,99.77908,0.11085043988269795
2020-01-21 10:44:00,M32/5069B,251.0,101.38842,0.07243867243867243
2020-01-21 10:59:00,M32/5069B,201.0,102.99776,0.057102272727272724
2020-01-21 11:14:00,M32/5069B,257.0,99.77908,0.07536656891495601
2020-01-21 11:29:00,M32/5069B,253.0,99.77908,0.07419354838709677
2020-01-21 11:44:00,M32/5069B,276.0,101.38842,0.07965367965367966
2020-01-21 11:59:00,M32/5069B,284.0,101.38842,0.08196248196248196
2020-01-21 12:14:00,M32/5069B,316.0,98.16974,0.09418777943368108
2020-01-21 12:29:00,M32/5069B,366.0,98.16974,0.10909090909090909
2020-01-21 12:44:00,M32/5069B,353.0,99.77908,0.10351906158357772
2020-01-21 12:59:00,M32/5069B,335.0,98.16974,0.0998509687034277
2020-01-21 13:14:00,M32/5069B,316.0,98.16974,0.09418777943368108
2020-01-21 13:29:00,M32/5069B,331.0,94.95106,0.10200308166409862
2020-01-21 13:44:00,M32/5069B,313.0,99.77908,0.09178885630498533
2020-01-21 13:59:00,M32/5069B,334.0,96.5604,0.10121212121212121
2020-01-21 14:14:00,M32/5069B,353.0,98.16974,0.1052160953800298
2020-01-21 14:29:00,M32/5069B,349.0,98.16974,0.10402384500745156
2020-01-21 14:44:00,M32/5069B,344.0,99.77908,0.10087976539589442
2020-01-21 14:59:00,M32/5069B,388.0,98.16974,0.1156482861400894
2020-01-21 15:14:00,M32/5069B,328.0,99.77908,0.09618768328445748
2020-01-21 15:29:00,M32/5069B,384.0,96.5604,0.11636363636363636
2020-01-21 15:44:00,M32/5069B,422.0,94.95106,0.1300462249614792
2020-01-21 15:59:00,M32/5069B,397.0,94.95106,0.12234206471494607
2020-01-21 16:14:00,M32/5069B,460.0,94.95106,0.14175654853620956
2020-01-21 16:29:00,M32/5069B,452.0,30.57746,0.43253588516746416
2020-01-21 16:44:00,M32/5069B,471.0,16.0934,0.8563636363636364
2020-01-21 16:59:00,M32/5069B,479.0,14.48406,0.9676767676767678
2020-01-21 17:14:00,M32/5069B,495.0,14.48406,1.0
2020-01-21 17:29:00,M32/5069B,527.0,17.70274,0.8710743801652894
2020-01-21 17:44:00,M32/5069B,521.0,35.40548,0.43057851239669426
2020-01-21 17:59:00,M32/5069B,343.0,11.26538,0.8909090909090909
2020-01-21 18:14:00,M32/5069B,412.0,16.0934,0.7490909090909091
2020-01-21 18:29:00,M32/5069B,435.0,57.93624,0.2196969696969697
2020-01-21 18:44:00,M32/5069B,436.0,28.96812,0.4404040404040404
2020-01-21 18:59:00,M32/5069B,444.0,54.71756,0.2374331550802139
2020-01-21 19:14:00,M32/5069B,344.0,94.95106,0.10600924499229585
2020-01-21 19:29:00,M32/5069B,274.0,96.5604,0.08303030303030302
2020-01-21 19:44:00,M32/5069B,230.0,99.77908,0.06744868035190615
2020-01-21 19:59:00,M32/5069B,213.0,98.16974,0.06348733233979134
2020-01-21 20:14:00,M32/5069B,162.0,96.5604,0.04909090909090909
2020-01-21 20:29:00,M32/5069B,184.0,99.77908,0.05395894428152493
2020-01-21 20:44:00,M32/5069B,155.0,99.77908,0.045454545454545456
2020-01-21 20:59:00,M32/5069B,133.0,101.38842,0.03838383838383838
2020-01-21 21:14:00,M32/5069B,118.0,98.16974,0.03517138599105812
2020-01-21 21:29:00,M32/5069B,108.0,99.77908,0.03167155425219941
2020-01-21 21:44:00,M32/5069B,101.0,99.77908,0.02961876832844575
2020-01-21 21:59:00,M32/5069B,98.0,98.16974,0.029210134128166913
2020-01-21 22:14:00,M32/5069B,85.0,96.5604,0.025757575757575753
2020-01-21 22:29:00,M32/5069B,66.0,99.77908,0.01935483870967742
2020-01-21 22:44:00,M32/5069B,64.0,94.95106,0.019722650231124808
2020-01-21 22:59:00,M32/5069B,66.0,99.77908,0.01935483870967742
2020-01-21 23:14:00,M32/5069B,45.0,99.77908,0.013196480938416423
2020-01-21 23:29:00,M32/5069B,54.0,99.77908,0.015835777126099706
2020-01-21 23:44:00,M32/5069B,39.0,96.5604,0.011818181818181818
2020-01-21 23:59:00,M32/5069B,42.0,96.5604,0.012727272727272726
2020-01-22 00:14:00,M32/5069B,27.0,96.5604,0.00818181818181818
2020-01-22 00:29:00,M32/5069B,37.0,93.34172,0.011598746081504702
2020-01-22 00:44:00,M32/5069B,21.0,98.16974,0.0062593144560357675
2020-01-22 00:59:00,M32/5069B,18.0,93.34172,0.005642633228840125
2020-01-22 01:14:00,M32/5069B,30.0,93.34172,0.009404388714733543
2020-01-22 01:29:00,M32/5069B,22.0,91.73238,0.007017543859649122
2020-01-22 01:44:00,M32/5069B,13.0,93.34172,0.0040752351097178684
2020-01-22 01:59:00,M32/5069B,17.0,96.5604,0.005151515151515151
2020-01-22 02:14:00,M32/5069B,17.0,99.77908,0.00498533724340176
2020-01-22 02:29:00,M32/5069B,16.0,93.34172,0.005015673981191222
2020-01-22 02:44:00,M32/5069B,11.0,90.12304,0.0035714285714285713
2020-01-22 02:59:00,M32/5069B,10.0,99.77908,0.002932551319648094
2020-01-22 03:14:00,M32/5069B,19.0,93.34172,0.005956112852664577
2020-01-22 03:29:00,M32/5069B,17.0,93.34172,0.005329153605015674
2020-01-22 03:44:00,M32/5069B,16.0,93.34172,0.005015673981191222
2020-01-22 03:59:00,M32/5069B,16.0,91.73238,0.005103668261562998
2020-01-22 04:14:00,M32/5069B,25.0,88.5137,0.008264462809917354
2020-01-22 04:29:00,M32/5069B,23.0,96.5604,0.0069696969696969695
2020-01-22 04:44:00,M32/5069B,42.0,91.73238,0.01339712918660287
2020-01-22 04:59:00,M32/5069B,38.0,96.5604,0.011515151515151515
2020-01-22 05:14:00,M32/5069B,53.0,99.77908,0.015542521994134898
2020-01-22 05:29:00,M32/5069B,75.0,94.95106,0.023112480739599383
2020-01-22 05:44:00,M32/5069B,85.0,99.77908,0.0249266862170088
2020-01-22 05:59:00,M32/5069B,137.0,102.99776,0.03892045454545454
2020-01-22 06:14:00,M32/5069B,169.0,98.16974,0.050372578241430696
2020-01-22 06:29:00,M32/5069B,241.0,101.38842,0.06955266955266956
2020-01-22 06:44:00,M32/5069B,363.0,96.5604,0.10999999999999999
2020-01-22 06:59:00,M32/5069B,446.0,93.34172,0.13981191222570533
2020-01-22 07:14:00,M32/5069B,515.0,88.5137,0.17024793388429751
2020-01-22 07:29:00,M32/5069B,591.0,80.467,0.2149090909090909
2020-01-22 07:44:00,M32/5069B,557.0,35.40548,0.4603305785123967
2020-01-22 07:59:00,M32/5069B,499.0,17.70274,0.8247933884297521
2020-01-22 08:14:00,M32/5069B,506.0,17.70274,0.8363636363636364
2020-01-22 08:29:00,M32/5069B,533.0,19.31208,0.8075757575757575
2020-01-22 08:44:00,M32/5069B,529.0,19.31208,0.8015151515151514
2020-01-22 08:59:00,M32/5069B,486.0,22.53076,0.631168831168831
2020-01-22 09:14:00,M32/5069B,405.0,22.53076,0.525974025974026
2020-01-22 09:29:00,M32/5069B,464.0,17.70274,0.7669421487603306
2020-01-22 09:44:00,M32/5069B,465.0,28.96812,0.46969696969696967
2020-01-22 09:59:00,M32/5069B,439.0,94.95106,0.13528505392912174
2020-01-22 10:14:00,M32/5069B,410.0,98.16974,0.12220566318926973
2020-01-22 10:29:00,M32/5069B,389.0,98.16974,0.11594634873323398
2020-01-22 10:44:00,M32/5069B,376.0,96.5604,0.11393939393939394
2020-01-22 10:59:00,M32/5069B,375.0,96.5604,0.11363636363636363
2020-01-22 11:14:00,M32/5069B,348.0,96.5604,0.10545454545454544
2020-01-22 11:29:00,M32/5069B,388.0,98.16974,0.1156482861400894
2020-01-22 11:44:00,M32/5069B,372.0,98.16974,0.11087928464977645
2020-01-22 11:59:00,M32/5069B,395.0,98.16974,0.11773472429210133
2020-01-22 12:14:00,M32/5069B,352.0,99.77908,0.1032258064516129
2020-01-22 12:29:00,M32/5069B,356.0,99.77908,0.10439882697947214
2020-01-22 12:44:00,M32/5069B,371.0,98.16974,0.11058122205663189
2020-01-22 12:59:00,M32/5069B,339.0,99.77908,0.09941348973607038
2020-01-22 13:14:00,M32/5069B,325.0,101.38842,0.09379509379509379
2020-01-22 13:29:00,M32/5069B,336.0,99.77908,0.09853372434017596
2020-01-22 13:44:00,M32/5069B,334.0,98.16974,0.09955290611028315
2020-01-22 13:59:00,M32/5069B,323.0,99.77908,0.09472140762463344
2020-01-22 14:14:00,M32/5069B,352.0,98.16974,0.10491803278688523
2020-01-22 14:29:00,M32/5069B,360.0,98.16974,0.10730253353204172
2020-01-22 14:44:00,M32/5069B,395.0,98.16974,0.11773472429210133
2020-01-22 14:59:00,M32/5069B,378.0,96.5604,0.11454545454545453
2020-01-22 15:14:00,M32/5069B,372.0,99.77908,0.1090909090909091
2020-01-22 15:29:00,M32/5069B,404.0,99.77908,0.118475073313783
2020-01-22 15:44:00,M32/5069B,430.0,98.16974,0.12816691505216093
2020-01-22 15:59:00,M32/5069B,454.0,99.77908,0.13313782991202347
2020-01-22 16:14:00,M32/5069B,470.0,99.77908,0.13782991202346043
2020-01-22 16:29:00,M32/5069B,511.0,96.5604,0.15484848484848485
2020-01-22 16:44:00,M32/5069B,549.0,93.34172,0.17210031347962385
2020-01-22 16:59:00,M32/5069B,481.0,96.5604,0.14575757575757575
2020-01-22 17:14:00,M32/5069B,462.0,91.73238,0.14736842105263157
2020-01-22 17:29:00,M32/5069B,497.0,86.90436,0.16734006734006734
2020-01-22 17:44:00,M32/5069B,546.0,80.467,0.19854545454545452
2020-01-22 17:59:00,M32/5069B,483.0,86.90436,0.16262626262626262
2020-01-22 18:14:00,M32/5069B,521.0,85.29502,0.17873070325900517
2020-01-22 18:29:00,M32/5069B,552.0,85.29502,0.18936535162950258
2020-01-22 18:44:00,M32/5069B,451.0,91.73238,0.143859649122807
2020-01-22 18:59:00,M32/5069B,379.0,94.95106,0.11679506933744221
2020-01-22 19:14:00,M32/5069B,325.0,98.16974,0.0968703427719821
2020-01-22 19:29:00,M32/5069B,282.0,98.16974,0.084053651266766
2020-01-22 19:44:00,M32/5069B,248.0,99.77908,0.07272727272727272
2020-01-22 19:59:00,M32/5069B,210.0,99.77908,0.061583577712609965
2020-01-22 20:14:00,M32/5069B,165.0,102.99776,0.046875
2020-01-22 20:29:00,M32/5069B,165.0,99.77908,0.048387096774193554
2020-01-22 20:44:00,M32/5069B,165.0,98.16974,0.04918032786885246
2020-01-22 20:59:00,M32/5069B,155.0,101.38842,0.044733044733044736
2020-01-22 21:14:00,M32/5069B,147.0,99.77908,0.04310850439882698
2020-01-22 21:29:00,M32/5069B,118.0,99.77908,0.03460410557184751
2020-01-22 21:44:00,M32/5069B,129.0,102.99776,0.03664772727272727
2020-01-22 21:59:00,M32/5069B,127.0,98.16974,0.03785394932935916
2020-01-22 22:14:00,M32/5069B,129.0,99.77908,0.037829912023460414
2020-01-22 22:29:00,M32/5069B,83.0,96.5604,0.02515151515151515
2020-01-22 22:44:00,M32/5069B,85.0,90.12304,0.027597402597402593
2020-01-22 22:59:00,M32/5069B,73.0,99.77908,0.021407624633431085
2020-01-22 23:14:00,M32/5069B,56.0,93.34172,0.01755485893416928
2020-01-22 23:29:00,M32/5069B,52.0,102.99776,0.01477272727272727
2020-01-22 23:44:00,M32/5069B,51.0,101.38842,0.01471861471861472
2020-01-22 23:59:00,M32/5069B,52.0,99.77908,0.015249266862170088
2020-01-23 00:14:00,M32/5069B,57.0,98.16974,0.01698956780923994
2020-01-23 00:29:00,M32/5069B,40.0,101.38842,0.011544011544011544
2020-01-23 00:44:00,M32/5069B,27.0,104.6071,0.007552447552447552
2020-01-23 00:59:00,M32/5069B,32.0,94.95106,0.009861325115562404
2020-01-23 01:14:00,M32/5069B,21.0,96.5604,0.006363636363636363
2020-01-23 01:29:00,M32/5069B,22.0,98.16974,0.006557377049180327
2020-01-23 01:44:00,M32/5069B,30.0,93.34172,0.009404388714733543
2020-01-23 01:59:00,M32/5069B,20.0,101.38842,0.005772005772005772
2020-01-23 02:14:00,M32/5069B,21.0,94.95106,0.0064714946070878274
2020-01-23 02:29:00,M32/5069B,21.0,96.5604,0.006363636363636363
2020-01-23 02:44:00,M32/5069B,20.0,99.77908,0.005865102639296188
2020-01-23 02:59:00,M32/5069B,16.0,99.77908,0.00469208211143695
2020-01-23 03:14:00,M32/5069B,19.0,91.73238,0.006060606060606061
2020-01-23 03:29:00,M32/5069B,19.0,96.5604,0.005757575757575757
2020-01-23 03:44:00,M32/5069B,15.0,91.73238,0.004784688995215311
2020-01-23 03:59:00,M32/5069B,17.0,93.34172,0.005329153605015674
2020-01-23 04:14:00,M32/5069B,30.0,96.5604,0.00909090909090909
2020-01-23 04:29:00,M32/5069B,35.0,94.95106,0.010785824345146378
2020-01-23 04:44:00,M32/5069B,47.0,94.95106,0.01448382126348228
2020-01-23 04:59:00,M32/5069B,48.0,94.95106,0.014791987673343606
2020-01-23 05:14:00,M32/5069B,42.0,99.77908,0.012316715542521995
2020-01-23 05:29:00,M32/5069B,68.0,99.77908,0.01994134897360704
2020-01-23 05:44:00,M32/5069B,90.0,98.16974,0.02682563338301043
2020-01-23 05:59:00,M32/5069B,134.0,101.38842,0.03867243867243867
2020-01-23 06:14:00,M32/5069B,150.0,99.77908,0.04398826979472141
2020-01-23 06:29:00,M32/5069B,250.0,99.77908,0.07331378299120235
2020-01-23 06:44:00,M32/5069B,381.0,98.16974,0.11356184798807749
2020-01-23 06:59:00,M32/5069B,402.0,96.5604,0.12181818181818181
2020-01-23 07:14:00,M32/5069B,449.0,94.95106,0.13836671802773495
2020-01-23 07:29:00,M32/5069B,435.0,93.34172,0.13636363636363635
2020-01-23 07:44:00,M32/5069B,644.0,80.467,0.23418181818181819
2020-01-23 07:59:00,M32/5069B,562.0,24.1401,0.6812121212121212
2020-01-23 08:14:00,M32/5069B,492.0,17.70274,0.8132231404958679
2020-01-23 08:29:00,M32/5069B,538.0,19.31208,0.815151515151515
2020-01-23 08:44:00,M32/5069B,532.0,19.31208,0.8060606060606059
2020-01-23 08:59:00,M32/5069B,474.0,17.70274,0.7834710743801653
2020-01-23 09:14:00,M32/5069B,502.0,25.74944,0.5704545454545454
2020-01-23 09:29:00,M32/5069B,468.0,93.34172,0.14670846394984327
2020-01-23 09:44:00,M32/5069B,481.0,96.5604,0.14575757575757575
2020-01-23 09:59:00,M32/5069B,459.0,93.34172,0.1438871473354232
2020-01-23 10:14:00,M32/5069B,390.0,94.95106,0.1201848998459168
2020-01-23 10:29:00,M32/5069B,318.0,96.5604,0.09636363636363636
2020-01-23 10:44:00,M32/5069B,387.0,94.95106,0.1192604006163328
2020-01-23 10:59:00,M32/5069B,422.0,94.95106,0.1300462249614792
2020-01-23 11:14:00,M32/5069B,339.0,99.77908,0.09941348973607038
2020-01-23 11:29:00,M32/5069B,342.0,99.77908,0.10029325513196481
2020-01-23 11:44:00,M32/5069B,391.0,98.16974,0.11654247391952309
2020-01-23 11:59:00,M32/5069B,402.0,96.5604,0.12181818181818181
2020-01-23 12:14:00,M32/5069B,342.0,98.16974,0.10193740685543963
2020-01-23 12:29:00,M32/5069B,356.0,98.16974,0.10611028315946348
2020-01-23 12:44:00,M32/5069B,381.0,98.16974,0.11356184798807749
2020-01-23 12:59:00,M32/5069B,358.0,98.16974,0.1067064083457526
2020-01-23 13:14:00,M32/5069B,342.0,98.16974,0.10193740685543963
2020-01-23 13:29:00,M32/5069B,333.0,96.5604,0.1009090909090909
2020-01-23 13:44:00,M32/5069B,330.0,96.5604,0.09999999999999999
2020-01-23 13:59:00,M32/5069B,353.0,98.16974,0.1052160953800298
2020-01-23 14:14:00,M32/5069B,374.0,99.77908,0.10967741935483871
2020-01-23 14:29:00,M32/5069B,353.0,99.77908,0.10351906158357772
2020-01-23 14:44:00,M32/5069B,379.0,99.77908,0.11114369501466276
2020-01-23 14:59:00,M32/5069B,353.0,99.77908,0.10351906158357772
2020-01-23 15:14:00,M32/5069B,407.0,99.77908,0.11935483870967742
2020-01-23 15:29:00,M32/5069B,417.0,96.5604,0.12636363636363634
2020-01-23 15:44:00,M32/5069B,446.0,98.16974,0.1329359165424739
2020-01-23 15:59:00,M32/5069B,434.0,98.16974,0.1293591654247392
2020-01-23 16:14:00,M32/5069B,495.0,94.95106,0.15254237288135594
2020-01-23 16:29:00,M32/5069B,511.0,96.5604,0.15484848484848485
2020-01-23 16:44:00,M32/5069B,540.0,93.34172,0.16927899686520376
2020-01-23 16:59:00,M32/5069B,517.0,94.95106,0.15932203389830507
2020-01-23 17:14:00,M32/5069B,512.0,90.12304,0.1662337662337662
2020-01-23 17:29:00,M32/5069B,499.0,86.90436,0.168013468013468
2020-01-23 17:44:00,M32/5069B,574.0,85.29502,0.19691252144082333
2020-01-23 17:59:00,M32/5069B,532.0,86.90436,0.17912457912457913
2020-01-23 18:14:00,M32/5069B,561.0,85.29502,0.19245283018867926
2020-01-23 18:29:00,M32/5069B,522.0,90.12304,0.16948051948051948
2020-01-23 18:44:00,M32/5069B,468.0,93.34172,0.14670846394984327
2020-01-23 18:59:00,M32/5069B,421.0,96.5604,0.12757575757575756
2020-01-23 19:14:00,M32/5069B,354.0,96.5604,0.10727272727272727
2020-01-23 19:29:00,M32/5069B,301.0,99.77908,0.08826979472140763
2020-01-23 19:44:00,M32/5069B,279.0,101.38842,0.08051948051948053
2020-01-23 19:59:00,M32/5069B,234.0,101.38842,0.06753246753246753
2020-01-23 20:14:00,M32/5069B,181.0,109.43512,0.04839572192513369
2020-01-23 20:29:00,M32/5069B,208.0,106.21644,0.05730027548209366
2020-01-23 20:44:00,M32/5069B,174.0,99.77908,0.05102639296187683
2020-01-23 20:59:00,M32/5069B,122.0,102.99776,0.03465909090909091
2020-01-23 21:14:00,M32/5069B,130.0,101.38842,0.03751803751803752
2020-01-23 21:29:00,M32/5069B,129.0,102.99776,0.03664772727272727
2020-01-23 21:44:00,M32/5069B,138.0,102.99776,0.03920454545454545
2020-01-23 21:59:00,M32/5069B,131.0,101.38842,0.03780663780663781
2020-01-23 22:14:00,M32/5069B,123.0,99.77908,0.036070381231671556
2020-01-23 22:29:00,M32/5069B,98.0,101.38842,0.02828282828282828
2020-01-23 22:44:00,M32/5069B,85.0,99.77908,0.0249266862170088
2020-01-23 22:59:00,M32/5069B,69.0,104.6071,0.0193006993006993
2020-01-23 23:14:00,M32/5069B,69.0,104.6071,0.0193006993006993
2020-01-23 23:29:00,M32/5069B,57.0,98.16974,0.01698956780923994
2020-01-23 23:44:00,M32/5069B,64.0,96.5604,0.019393939393939394
2020-01-23 23:59:00,M32/5069B,41.0,104.6071,0.011468531468531468
2020-01-24 00:14:00,M32/5069B,29.0,96.5604,0.008787878787878787
2020-01-24 00:29:00,M32/5069B,31.0,99.77908,0.00909090909090909
2020-01-24 00:44:00,M32/5069B,29.0,94.95106,0.008936825885978428
2020-01-24 00:59:00,M32/5069B,30.0,90.12304,0.00974025974025974
2020-01-24 01:14:00,M32/5069B,29.0,94.95106,0.008936825885978428
2020-01-24 01:29:00,M32/5069B,17.0,99.77908,0.00498533724340176
2020-01-24 01:44:00,M32/5069B,12.0,96.5604,0.0036363636363636364
2020-01-24 01:59:00,M32/5069B,14.0,88.5137,0.004628099173553718
2020-01-24 02:14:00,M32/5069B,18.0,96.5604,0.005454545454545454
2020-01-24 02:29:00,M32/5069B,17.0,88.5137,0.005619834710743801
2020-01-24 02:44:00,M32/5069B,21.0,91.73238,0.006698564593301435
2020-01-24 02:59:00,M32/5069B,16.0,94.95106,0.004930662557781202
2020-01-24 03:14:00,M32/5069B,22.0,96.5604,0.006666666666666666
2020-01-24 03:29:00,M32/5069B,20.0,94.95106,0.0061633281972265025
2020-01-24 03:44:00,M32/5069B,20.0,91.73238,0.006379585326953747
2020-01-24 03:59:00,M32/5069B,23.0,99.77908,0.006744868035190616
2020-01-24 04:14:00,M32/5069B,23.0,94.95106,0.007087827426810477
2020-01-24 04:29:00,M32/5069B,37.0,96.5604,0.011212121212121211
2020-01-24 04:44:00,M32/5069B,46.0,99.77908,0.013489736070381233
2020-01-24 04:59:00,M32/5069B,39.0,98.16974,0.011624441132637853
2020-01-24 05:14:00,M32/5069B,58.0,99.77908,0.017008797653958945
2020-01-24 05:29:00,M32/5069B,70.0,99.77908,0.020527859237536656
2020-01-24 05:44:00,M32/5069B,98.0,101.38842,0.02828282828282828
2020-01-24 05:59:00,M32/5069B,131.0,102.99776,0.03721590909090909
2020-01-24 06:14:00,M32/5069B,148.0,101.38842,0.042712842712842716
2020-01-24 06:29:00,M32/5069B,220.0,104.6071,0.061538461538461535
2020-01-24 06:44:00,M32/5069B,354.0,99.77908,0.10381231671554252
2020-01-24 06:59:00,M32/5069B,498.0,94.95106,0.1534668721109399
2020-01-24 07:14:00,M32/5069B,519.0,90.12304,0.1685064935064935
2020-01-24 07:29:00,M32/5069B,558.0,85.29502,0.1914236706689537
2020-01-24 07:44:00,M32/5069B,580.0,46.67086,0.36363636363636365
2020-01-24 07:59:00,M32/5069B,525.0,20.92142,0.7342657342657342
2020-01-24 08:14:00,M32/5069B,497.0,25.74944,0.5647727272727272
2020-01-24 08:29:00,M32/5069B,429.0,93.34172,0.13448275862068965
2020-01-24 08:44:00,M32/5069B,428.0,98.16974,0.12757078986587184
2020-01-24 08:59:00,M32/5069B,415.0,98.16974,0.12369597615499253
2020-01-24 09:14:00,M32/5069B,427.0,96.5604,0.1293939393939394
2020-01-24 09:29:00,M32/5069B,432.0,96.5604,0.1309090909090909
2020-01-24 09:44:00,M32/5069B,418.0,98.16974,0.12459016393442622
2020-01-24 09:59:00,M32/5069B,460.0,96.5604,0.1393939393939394
2020-01-24 10:14:00,M32/5069B,381.0,98.16974,0.11356184798807749
2020-01-24 10:29:00,M32/5069B,356.0,99.77908,0.10439882697947214
2020-01-24 10:44:00,M32/5069B,415.0,96.5604,0.12575757575757576
2020-01-24 10:59:00,M32/5069B,397.0,98.16974,0.11833084947839047
2020-01-24 11:14:00,M32/5069B,379.0,99.77908,0.11114369501466276
2020-01-24 11:29:00,M32/5069B,326.0,98.16974,0.09716840536512668
2020-01-24 11:44:00,M32/5069B,390.0,99.77908,0.11436950146627567
2020-01-24 11:59:00,M32/5069B,448.0,99.77908,0.1313782991202346
2020-01-24 12:14:00,M32/5069B,399.0,99.77908,0.11700879765395895
2020-01-24 12:29:00,M32/5069B,358.0,101.38842,0.10331890331890332
2020-01-24 12:44:00,M32/5069B,458.0,98.16974,0.13651266766020861
2020-01-24 12:59:00,M32/5069B,427.0,99.77908,0.12521994134897363
2020-01-24 13:14:00,M32/5069B,419.0,99.77908,0.12287390029325515
2020-01-24 13:29:00,M32/5069B,424.0,98.16974,0.12637853949329358
2020-01-24 13:44:00,M32/5069B,419.0,98.16974,0.12488822652757078
2020-01-24 13:59:00,M32/5069B,405.0,99.77908,0.11876832844574779
2020-01-24 14:14:00,M32/5069B,436.0,99.77908,0.12785923753665687
2020-01-24 14:29:00,M32/5069B,470.0,96.5604,0.1424242424242424
2020-01-24 14:44:00,M32/5069B,431.0,99.77908,0.12639296187683285
2020-01-24 14:59:00,M32/5069B,469.0,99.77908,0.1375366568914956
2020-01-24 15:14:00,M32/5069B,403.0,99.77908,0.1181818181818182
2020-01-24 15:29:00,M32/5069B,511.0,98.16974,0.15230998509687033
2020-01-24 15:44:00,M32/5069B,516.0,96.5604,0.15636363636363634
2020-01-24 15:59:00,M32/5069B,533.0,96.5604,0.1615151515151515
2020-01-24 16:14:00,M32/5069B,543.0,98.16974,0.16184798807749626
2020-01-24 16:29:00,M32/5069B,568.0,96.5604,0.1721212121212121
2020-01-24 16:44:00,M32/5069B,523.0,96.5604,0.15848484848484848
2020-01-24 16:59:00,M32/5069B,524.0,94.95106,0.16147919876733438
2020-01-24 17:14:00,M32/5069B,479.0,94.95106,0.14761171032357473
2020-01-24 17:29:00,M32/5069B,509.0,93.34172,0.15956112852664578
2020-01-24 17:44:00,M32/5069B,497.0,90.12304,0.16136363636363635
2020-01-24 17:59:00,M32/5069B,470.0,93.34172,0.14733542319749215
2020-01-24 18:14:00,M32/5069B,467.0,91.73238,0.14896331738437002
2020-01-24 18:29:00,M32/5069B,485.0,91.73238,0.15470494417862837
2020-01-24 18:44:00,M32/5069B,414.0,94.95106,0.1275808936825886
2020-01-24 18:59:00,M32/5069B,431.0,94.95106,0.13281972265023112
2020-01-24 19:14:00,M32/5069B,370.0,99.77908,0.10850439882697947
2020-01-24 19:29:00,M32/5069B,342.0,96.5604,0.10363636363636364
2020-01-24 19:44:00,M32/5069B,282.0,99.77908,0.08269794721407624
2020-01-24 19:59:00,M32/5069B,236.0,99.77908,0.06920821114369502
2020-01-24 20:14:00,M32/5069B,242.0,98.16974,0.0721311475409836
2020-01-24 20:29:00,M32/5069B,222.0,99.77908,0.06510263929618768
2020-01-24 20:44:00,M32/5069B,190.0,102.99776,0.05397727272727273
2020-01-24 20:59:00,M32/5069B,181.0,101.38842,0.05223665223665224
2020-01-24 21:14:00,M32/5069B,160.0,101.38842,0.046176046176046176
2020-01-24 21:29:00,M32/5069B,184.0,101.38842,0.0531024531024531
2020-01-24 21:44:00,M32/5069B,152.0,101.38842,0.04386724386724387
2020-01-24 21:59:00,M32/5069B,132.0,102.99776,0.0375
2020-01-24 22:14:00,M32/5069B,157.0,101.38842,0.04531024531024531
2020-01-24 22:29:00,M32/5069B,127.0,101.38842,0.03665223665223665
2020-01-24 22:44:00,M32/5069B,80.0,98.16974,0.02384500745156483
2020-01-24 22:59:00,M32/5069B,84.0,101.38842,0.024242424242424242
2020-01-24 23:14:00,M32/5069B,73.0,101.38842,0.02106782106782107
2020-01-24 23:29:00,M32/5069B,65.0,99.77908,0.01906158357771261
2020-01-24 23:44:00,M32/5069B,69.0,102.99776,0.019602272727272725
2020-01-24 23:59:00,M32/5069B,66.0,102.99776,0.01875
2020-01-25 00:14:00,M32/5069B,48.0,99.77908,0.01407624633431085
2020-01-25 00:29:00,M32/5069B,36.0,94.95106,0.011093990755007704
2020-01-25 00:44:00,M32/5069B,49.0,101.38842,0.01414141414141414
2020-01-25 00:59:00,M32/5069B,46.0,99.77908,0.013489736070381233
2020-01-25 01:14:00,M32/5069B,34.0,94.95106,0.010477657935285054
2020-01-25 01:29:00,M32/5069B,41.0,98.16974,0.012220566318926974
2020-01-25 01:44:00,M32/5069B,36.0,98.16974,0.010730253353204171
2020-01-25 01:59:00,M32/5069B,25.0,99.77908,0.007331378299120235
2020-01-25 02:14:00,M32/5069B,21.0,96.5604,0.006363636363636363
2020-01-25 02:29:00,M32/5069B,26.0,93.34172,0.008150470219435737
2020-01-25 02:44:00,M32/5069B,21.0,98.16974,0.0062593144560357675
2020-01-25 02:59:00,M32/5069B,23.0,98.16974,0.006855439642324887
2020-01-25 03:14:00,M32/5069B,23.0,96.5604,0.0069696969696969695
2020-01-25 03:29:00,M32/5069B,23.0,91.73238,0.0073365231259968095
2020-01-25 03:44:00,M32/5069B,26.0,99.77908,0.007624633431085044
2020-01-25 03:59:00,M32/5069B,31.0,102.99776,0.008806818181818181
2020-01-25 04:14:00,M32/5069B,42.0,94.95106,0.012942989214175655
2020-01-25 04:29:00,M32/5069B,24.0,96.5604,0.007272727272727273
2020-01-25 04:44:00,M32/5069B,28.0,99.77908,0.008211143695014663
2020-01-25 04:59:00,M32/5069B,35.0,94.95106,0.010785824345146378
2020-01-25 05:14:00,M32/5069B,37.0,93.34172,0.011598746081504702
2020-01-25 05:29:00,M32/5069B,37.0,98.16974,0.011028315946348732
2020-01-25 05:44:00,M32/5069B,42.0,94.95106,0.012942989214175655
2020-01-25 05:59:00,M32/5069B,62.0,102.99776,0.017613636363636363
2020-01-25 06:14:00,M32/5069B,57.0,101.38842,0.016450216450216448
2020-01-25 06:29:00,M32/5069B,78.0,102.99776,0.02215909090909091
2020-01-25 06:44:00,M32/5069B,83.0,101.38842,0.023953823953823953
2020-01-25 06:59:00,M32/5069B,104.0,102.99776,0.02954545454545454
2020-01-25 07:14:00,M32/5069B,88.0,99.77908,0.025806451612903226
2020-01-25 07:29:00,M32/5069B,107.0,102.99776,0.03039772727272727
2020-01-25 07:44:00,M32/5069B,132.0,102.99776,0.0375
2020-01-25 07:59:00,M32/5069B,151.0,101.38842,0.043578643578643585
2020-01-25 08:14:00,M32/5069B,193.0,104.6071,0.053986013986013985
2020-01-25 08:29:00,M32/5069B,187.0,101.38842,0.053968253968253964
2020-01-25 08:44:00,M32/5069B,226.0,104.6071,0.0632167832167832
2020-01-25 08:59:00,M32/5069B,223.0,102.99776,0.06335227272727273
2020-01-25 09:14:00,M32/5069B,232.0,101.38842,0.06695526695526696
2020-01-25 09:29:00,M32/5069B,264.0,101.38842,0.0761904761904762
2020-01-25 09:44:00,M32/5069B,318.0,101.38842,0.09177489177489177
2020-01-25 09:59:00,M32/5069B,396.0,101.38842,0.1142857142857143
2020-01-25 10:14:00,M32/5069B,330.0,102.99776,0.09375
2020-01-25 10:29:00,M32/5069B,421.0,101.38842,0.12150072150072151
2020-01-25 10:44:00,M32/5069B,463.0,99.77908,0.13577712609970674
2020-01-25 10:59:00,M32/5069B,468.0,99.77908,0.1372434017595308
2020-01-25 11:14:00,M32/5069B,524.0,101.38842,0.15122655122655124
2020-01-25 11:29:00,M32/5069B,486.0,101.38842,0.14025974025974025
2020-01-25 11:44:00,M32/5069B,578.0,98.16974,0.17228017883755586
2020-01-25 11:59:00,M32/5069B,560.0,96.5604,0.16969696969696968
2020-01-25 12:14:00,M32/5069B,524.0,57.93624,0.26464646464646463
2020-01-25 12:29:00,M32/5069B,545.0,19.31208,0.8257575757575757
2020-01-25 12:44:00,M32/5069B,419.0,12.87472,0.9522727272727272
2020-01-25 12:59:00,M32/5069B,535.0,45.06152,0.3474025974025974
2020-01-25 13:14:00,M32/5069B,505.0,98.16974,0.15052160953800298
2020-01-25 13:29:00,M32/5069B,457.0,38.62416,0.34621212121212114
2020-01-25 13:44:00,M32/5069B,530.0,22.53076,0.6883116883116882
2020-01-25 13:59:00,M32/5069B,451.0,62.76426,0.21025641025641026
2020-01-25 14:14:00,M32/5069B,353.0,46.67086,0.2213166144200627
2020-01-25 14:29:00,M32/5069B,387.0,99.77908,0.11348973607038124
2020-01-25 14:44:00,M32/5069B,376.0,91.73238,0.11993620414673045
2020-01-25 14:59:00,M32/5069B,365.0,99.77908,0.10703812316715544
2020-01-25 15:14:00,M32/5069B,406.0,98.16974,0.12101341281669148
2020-01-25 15:29:00,M32/5069B,409.0,98.16974,0.12190760059612517
2020-01-25 15:44:00,M32/5069B,396.0,98.16974,0.11803278688524589
2020-01-25 15:59:00,M32/5069B,419.0,96.5604,0.12696969696969695
2020-01-25 16:14:00,M32/5069B,443.0,96.5604,0.13424242424242425
2020-01-25 16:29:00,M32/5069B,416.0,96.5604,0.12606060606060607
2020-01-25 16:44:00,M32/5069B,421.0,96.5604,0.12757575757575756
2020-01-25 16:59:00,M32/5069B,409.0,93.34172,0.12821316614420064
2020-01-25 17:14:00,M32/5069B,389.0,94.95106,0.11987673343605547
2020-01-25 17:29:00,M32/5069B,420.0,94.95106,0.12942989214175654
2020-01-25 17:44:00,M32/5069B,439.0,94.95106,0.13528505392912174
2020-01-25 17:59:00,M32/5069B,369.0,94.95106,0.11371340523882897
2020-01-25 18:14:00,M32/5069B,400.0,94.95106,0.12326656394453003
2020-01-25 18:29:00,M32/5069B,377.0,96.5604,0.11424242424242424
2020-01-25 18:44:00,M32/5069B,377.0,96.5604,0.11424242424242424
2020-01-25 18:59:00,M32/5069B,311.0,98.16974,0.09269746646795826
2020-01-25 19:14:00,M32/5069B,274.0,96.5604,0.08303030303030302
2020-01-25 19:29:00,M32/5069B,268.0,99.77908,0.07859237536656892
2020-01-25 19:44:00,M32/5069B,232.0,99.77908,0.06803519061583578
2020-01-25 19:59:00,M32/5069B,197.0,98.16974,0.05871833084947839
2020-01-25 20:14:00,M32/5069B,160.0,101.38842,0.046176046176046176
2020-01-25 20:29:00,M32/5069B,174.0,101.38842,0.050216450216450215
2020-01-25 20:44:00,M32/5069B,162.0,99.77908,0.04750733137829912
2020-01-25 20:59:00,M32/5069B,160.0,98.16974,0.04769001490312966
2020-01-25 21:14:00,M32/5069B,131.0,101.38842,0.03780663780663781
2020-01-25 21:29:00,M32/5069B,132.0,98.16974,0.039344262295081964
2020-01-25 21:44:00,M32/5069B,134.0,99.77908,0.03929618768328446
2020-01-25 21:59:00,M32/5069B,119.0,101.38842,0.03434343434343434
2020-01-25 22:14:00,M32/5069B,89.0,99.77908,0.026099706744868036
2020-01-25 22:29:00,M32/5069B,107.0,99.77908,0.031378299120234605
2020-01-25 22:44:00,M32/5069B,114.0,99.77908,0.03343108504398827
2020-01-25 22:59:00,M32/5069B,101.0,102.99776,0.028693181818181816
2020-01-25 23:14:00,M32/5069B,80.0,99.77908,0.02346041055718475
2020-01-25 23:29:00,M32/5069B,76.0,98.16974,0.022652757078986587
2020-01-25 23:44:00,M32/5069B,88.0,99.77908,0.025806451612903226
2020-01-25 23:59:00,M32/5069B,61.0,98.16974,0.01818181818181818
2020-01-26 00:14:00,M32/5069B,57.0,99.77908,0.016715542521994135
2020-01-26 00:29:00,M32/5069B,60.0,96.5604,0.01818181818181818
2020-01-26 00:44:00,M32/5069B,57.0,101.38842,0.016450216450216448
2020-01-26 00:59:00,M32/5069B,41.0,98.16974,0.012220566318926974
2020-01-26 01:14:00,M32/5069B,43.0,96.5604,0.01303030303030303
2020-01-26 01:29:00,M32/5069B,38.0,98.16974,0.011326378539493294
2020-01-26 01:44:00,M32/5069B,29.0,99.77908,0.008504398826979473
2020-01-26 01:59:00,M32/5069B,42.0,98.16974,0.012518628912071535
2020-01-26 02:14:00,M32/5069B,18.0,99.77908,0.005278592375366569
2020-01-26 02:29:00,M32/5069B,29.0,101.38842,0.00836940836940837
2020-01-26 02:44:00,M32/5069B,32.0,104.6071,0.008951048951048951
2020-01-26 02:59:00,M32/5069B,25.0,101.38842,0.007215007215007215
2020-01-26 03:14:00,M32/5069B,21.0,101.38842,0.006060606060606061
2020-01-26 03:29:00,M32/5069B,23.0,91.73238,0.0073365231259968095
2020-01-26 03:44:00,M32/5069B,30.0,101.38842,0.008658008658008658
2020-01-26 03:59:00,M32/5069B,17.0,96.5604,0.005151515151515151
2020-01-26 04:14:00,M32/5069B,25.0,99.77908,0.007331378299120235
2020-01-26 04:29:00,M32/5069B,24.0,98.16974,0.007153502235469448
2020-01-26 04:44:00,M32/5069B,24.0,99.77908,0.007038123167155425
2020-01-26 04:59:00,M32/5069B,22.0,101.38842,0.006349206349206349
2020-01-26 05:14:00,M32/5069B,26.0,94.95106,0.008012326656394453
2020-01-26 05:29:00,M32/5069B,35.0,101.38842,0.0101010101010101
2020-01-26 05:44:00,M32/5069B,33.0,104.6071,0.00923076923076923
2020-01-26 05:59:00,M32/5069B,41.0,99.77908,0.012023460410557185
2020-01-26 06:14:00,M32/5069B,40.0,102.99776,0.011363636363636364
2020-01-26 06:29:00,M32/5069B,58.0,99.77908,0.017008797653958945
2020-01-26 06:44:00,M32/5069B,49.0,101.38842,0.01414141414141414
2020-01-26 06:59:00,M32/5069B,51.0,101.38842,0.01471861471861472
2020-01-26 07:14:00,M32/5069B,43.0,101.38842,0.01240981240981241
2020-01-26 07:29:00,M32/5069B,60.0,102.99776,0.017045454545454544
2020-01-26 07:44:00,M32/5069B,55.0,99.77908,0.016129032258064516
2020-01-26 07:59:00,M32/5069B,64.0,101.38842,0.01847041847041847
2020-01-26 08:14:00,M32/5069B,65.0,99.77908,0.01906158357771261
2020-01-26 08:29:00,M32/5069B,78.0,104.6071,0.021818181818181816
2020-01-26 08:44:00,M32/5069B,93.0,102.99776,0.026420454545454546
2020-01-26 08:59:00,M32/5069B,139.0,101.38842,0.04011544011544012
2020-01-26 09:14:00,M32/5069B,143.0,102.99776,0.040625
2020-01-26 09:29:00,M32/5069B,183.0,102.99776,0.05198863636363636
2020-01-26 09:44:00,M32/5069B,218.0,104.6071,0.06097902097902098
2020-01-26 09:59:00,M32/5069B,221.0,104.6071,0.06181818181818181
2020-01-26 10:14:00,M32/5069B,266.0,101.38842,0.07676767676767676
2020-01-26 10:29:00,M32/5069B,270.0,99.77908,0.07917888563049855
2020-01-26 10:44:00,M32/5069B,347.0,99.77908,0.10175953079178886
2020-01-26 10:59:00,M32/5069B,354.0,99.77908,0.10381231671554252
2020-01-26 11:14:00,M32/5069B,369.0,99.77908,0.10821114369501467
2020-01-26 11:29:00,M32/5069B,397.0,99.77908,0.11642228739002933
2020-01-26 11:44:00,M32/5069B,453.0,96.5604,0.13727272727272727
2020-01-26 11:59:00,M32/5069B,445.0,94.95106,0.13713405238828966
2020-01-26 12:14:00,M32/5069B,499.0,94.95106,0.15377503852080124
2020-01-26 12:29:00,M32/5069B,410.0,91.73238,0.13078149920255183
2020-01-26 12:44:00,M32/5069B,393.0,96.5604,0.1190909090909091
2020-01-26 12:59:00,M32/5069B,430.0,96.5604,0.1303030303030303
2020-01-26 13:14:00,M32/5069B,447.0,94.95106,0.13775038520801233
2020-01-26 13:29:00,M32/5069B,384.0,96.5604,0.11636363636363636
2020-01-26 13:44:00,M32/5069B,377.0,96.5604,0.11424242424242424
2020-01-26 13:59:00,M32/5069B,356.0,94.95106,0.10970724191063173
2020-01-26 14:14:00,M32/5069B,413.0,98.16974,0.12309985096870342
2020-01-26 14:29:00,M32/5069B,407.0,96.5604,0.12333333333333332
2020-01-26 14:44:00,M32/5069B,369.0,94.95106,0.11371340523882897
2020-01-26 14:59:00,M32/5069B,373.0,96.5604,0.11303030303030304
2020-01-26 15:14:00,M32/5069B,398.0,98.16974,0.118628912071535
2020-01-26 15:29:00,M32/5069B,401.0,99.77908,0.11759530791788857
2020-01-26 15:44:00,M32/5069B,373.0,99.77908,0.10938416422287389
2020-01-26 15:59:00,M32/5069B,396.0,99.77908,0.11612903225806452
2020-01-26 16:14:00,M32/5069B,352.0,99.77908,0.1032258064516129
2020-01-26 16:29:00,M32/5069B,426.0,98.16974,0.12697466467958268
2020-01-26 16:44:00,M32/5069B,379.0,98.16974,0.11296572280178838
2020-01-26 16:59:00,M32/5069B,396.0,98.16974,0.11803278688524589
2020-01-26 17:14:00,M32/5069B,394.0,94.95106,0.1214175654853621
2020-01-26 17:29:00,M32/5069B,295.0,96.5604,0.08939393939393939
2020-01-26 17:44:00,M32/5069B,394.0,91.73238,0.12567783094098883
2020-01-26 17:59:00,M32/5069B,364.0,94.95106,0.11217257318952234
2020-01-26 18:14:00,M32/5069B,325.0,91.73238,0.1036682615629984
2020-01-26 18:29:00,M32/5069B,366.0,94.95106,0.11278890600924499
2020-01-26 18:44:00,M32/5069B,454.0,93.34172,0.14231974921630094
2020-01-26 18:59:00,M32/5069B,307.0,98.16974,0.09150521609538002
2020-01-26 19:14:00,M32/5069B,318.0,96.5604,0.09636363636363636
2020-01-26 19:29:00,M32/5069B,316.0,96.5604,0.09575757575757575
2020-01-26 19:44:00,M32/5069B,271.0,98.16974,0.08077496274217585
2020-01-26 19:59:00,M32/5069B,262.0,99.77908,0.07683284457478007
2020-01-26 20:14:00,M32/5069B,228.0,101.38842,0.06580086580086579
2020-01-26 20:29:00,M32/5069B,241.0,98.16974,0.07183308494783903
2020-01-26 20:44:00,M32/5069B,225.0,98.16974,0.06706408345752607
2020-01-26 20:59:00,M32/5069B,206.0,101.38842,0.05945165945165945
2020-01-26 21:14:00,M32/5069B,250.0,99.77908,0.07331378299120235
2020-01-26 21:29:00,M32/5069B,186.0,101.38842,0.05367965367965368
2020-01-26 21:44:00,M32/5069B,168.0,101.38842,0.048484848484848485
2020-01-26 21:59:00,M32/5069B,165.0,101.38842,0.04761904761904762
2020-01-26 22:14:00,M32/5069B,119.0,104.6071,0.03328671328671329
2020-01-26 22:29:00,M32/5069B,144.0,102.99776,0.04090909090909091
2020-01-26 22:44:00,M32/5069B,125.0,99.77908,0.036656891495601175
2020-01-26 22:59:00,M32/5069B,106.0,101.38842,0.030591630591630593
2020-01-26 23:14:00,M32/5069B,103.0,101.38842,0.029725829725829725
2020-01-26 23:29:00,M32/5069B,80.0,102.99776,0.022727272727272728
2020-01-26 23:44:00,M32/5069B,65.0,99.77908,0.01906158357771261
2020-01-26 23:59:00,M32/5069B,52.0,99.77908,0.015249266862170088
2020-01-27 00:14:00,M32/5069B,48.0,99.77908,0.01407624633431085
2020-01-27 00:29:00,M32/5069B,49.0,101.38842,0.01414141414141414
2020-01-27 00:44:00,M32/5069B,36.0,101.38842,0.01038961038961039
2020-01-27 00:59:00,M32/5069B,28.0,99.77908,0.008211143695014663
2020-01-27 01:14:00,M32/5069B,24.0,94.95106,0.007395993836671803
2020-01-27 01:29:00,M32/5069B,25.0,101.38842,0.007215007215007215
2020-01-27 01:44:00,M32/5069B,25.0,101.38842,0.007215007215007215
2020-01-27 01:59:00,M32/5069B,23.0,99.77908,0.006744868035190616
2020-01-27 02:14:00,M32/5069B,23.0,99.77908,0.006744868035190616
2020-01-27 02:29:00,M32/5069B,15.0,96.5604,0.004545454545454545
2020-01-27 02:44:00,M32/5069B,6.0,90.12304,0.001948051948051948
2020-01-27 02:59:00,M32/5069B,16.0,96.5604,0.0048484848484848485
2020-01-27 03:14:00,M32/5069B,12.0,91.73238,0.003827751196172248
2020-01-27 03:29:00,M32/5069B,14.0,101.38842,0.00404040404040404
2020-01-27 03:44:00,M32/5069B,24.0,91.73238,0.007655502392344496
2020-01-27 03:59:00,M32/5069B,26.0,98.16974,0.007749627421758568
2020-01-27 04:14:00,M32/5069B,26.0,102.99776,0.007386363636363635
2020-01-27 04:29:00,M32/5069B,26.0,98.16974,0.007749627421758568
2020-01-27 04:44:00,M32/5069B,35.0,99.77908,0.010263929618768328
2020-01-27 04:59:00,M32/5069B,58.0,94.95106,0.017873651771956857
2020-01-27 05:14:00,M32/5069B,64.0,101.38842,0.01847041847041847
2020-01-27 05:29:00,M32/5069B,64.0,99.77908,0.0187683284457478
2020-01-27 05:44:00,M32/5069B,112.0,102.99776,0.031818181818181815
2020-01-27 05:59:00,M32/5069B,134.0,101.38842,0.03867243867243867
2020-01-27 06:14:00,M32/5069B,172.0,99.77908,0.05043988269794721
2020-01-27 06:29:00,M32/5069B,255.0,101.38842,0.0735930735930736
2020-01-27 06:44:00,M32/5069B,353.0,99.77908,0.10351906158357772
2020-01-27 06:59:00,M32/5069B,486.0,91.73238,0.15502392344497606
2020-01-27 07:14:00,M32/5069B,548.0,88.5137,0.1811570247933884
2020-01-27 07:29:00,M32/5069B,568.0,80.467,0.20654545454545453
2020-01-27 07:44:00,M32/5069B,568.0,25.74944,0.6454545454545454
2020-01-27 07:59:00,M32/5069B,521.0,17.70274,0.8611570247933885
2020-01-27 08:14:00,M32/5069B,537.0,17.70274,0.887603305785124
2020-01-27 08:29:00,M32/5069B,536.0,17.70274,0.8859504132231406
2020-01-27 08:44:00,M32/5069B,534.0,19.31208,0.809090909090909
2020-01-27 08:59:00,M32/5069B,518.0,35.40548,0.428099173553719
2020-01-27 09:14:00,M32/5069B,478.0,96.5604,0.14484848484848484
2020-01-27 09:29:00,M32/5069B,447.0,98.16974,0.13323397913561846
2020-01-27 09:44:00,M32/5069B,461.0,98.16974,0.13740685543964232
2020-01-27 09:59:00,M32/5069B,422.0,99.77908,0.12375366568914956
2020-01-27 10:14:00,M32/5069B,411.0,98.16974,0.12250372578241431
2020-01-27 10:29:00,M32/5069B,399.0,98.16974,0.11892697466467958
2020-01-27 10:44:00,M32/5069B,393.0,98.16974,0.11713859910581222
2020-01-27 10:59:00,M32/5069B,350.0,99.77908,0.10263929618768328
2020-01-27 11:14:00,M32/5069B,376.0,98.16974,0.11207153502235469
2020-01-27 11:29:00,M32/5069B,371.0,96.5604,0.11242424242424241
2020-01-27 11:44:00,M32/5069B,352.0,94.95106,0.10847457627118644
2020-01-27 11:59:00,M32/5069B,348.0,98.16974,0.103725782414307
2020-01-27 12:14:00,M32/5069B,325.0,98.16974,0.0968703427719821
2020-01-27 12:29:00,M32/5069B,332.0,98.16974,0.09895678092399403
2020-01-27 12:44:00,M32/5069B,351.0,99.77908,0.1029325513196481
2020-01-27 12:59:00,M32/5069B,348.0,99.77908,0.10205278592375366
2020-01-27 13:14:00,M32/5069B,339.0,99.77908,0.09941348973607038
2020-01-27 13:29:00,M32/5069B,353.0,98.16974,0.1052160953800298
2020-01-27 13:44:00,M32/5069B,332.0,98.16974,0.09895678092399403
2020-01-27 13:59:00,M32/5069B,323.0,96.5604,0.09787878787878787
2020-01-27 14:14:00,M32/5069B,341.0,98.16974,0.10163934426229507
2020-01-27 14:29:00,M32/5069B,363.0,98.16974,0.10819672131147541
2020-01-27 14:44:00,M32/5069B,376.0,98.16974,0.11207153502235469
2020-01-27 14:59:00,M32/5069B,368.0,98.16974,0.1096870342771982
2020-01-27 15:14:00,M32/5069B,375.0,98.16974,0.11177347242921012
2020-01-27 15:29:00,M32/5069B,415.0,96.5604,0.12575757575757576
2020-01-27 15:44:00,M32/5069B,390.0,98.16974,0.11624441132637853
2020-01-27 15:59:00,M32/5069B,433.0,96.5604,0.1312121212121212
2020-01-27 16:14:00,M32/5069B,465.0,96.5604,0.1409090909090909
2020-01-27 16:29:00,M32/5069B,486.0,98.16974,0.14485842026825632
2020-01-27 16:44:00,M32/5069B,520.0,93.34172,0.16300940438871475
2020-01-27 16:59:00,M32/5069B,549.0,93.34172,0.17210031347962385
2020-01-27 17:14:00,M32/5069B,535.0,93.34172,0.1677115987460815
2020-01-27 17:29:00,M32/5069B,527.0,86.90436,0.17744107744107745
2020-01-27 17:44:00,M32/5069B,550.0,88.5137,0.18181818181818182
2020-01-27 17:59:00,M32/5069B,545.0,85.29502,0.1869639794168096
2020-01-27 18:14:00,M32/5069B,510.0,90.12304,0.16558441558441558
2020-01-27 18:29:00,M32/5069B,454.0,94.95106,0.1399075500770416
2020-01-27 18:44:00,M32/5069B,429.0,93.34172,0.13448275862068965
2020-01-27 18:59:00,M32/5069B,370.0,94.95106,0.11402157164869028
2020-01-27 19:14:00,M32/5069B,307.0,96.5604,0.09303030303030302
2020-01-27 19:29:00,M32/5069B,287.0,99.77908,0.0841642228739003
2020-01-27 19:44:00,M32/5069B,243.0,98.16974,0.07242921013412816
2020-01-27 19:59:00,M32/5069B,203.0,99.77908,0.0595307917888563
2020-01-27 20:14:00,M32/5069B,156.0,102.99776,0.04431818181818182
2020-01-27 20:29:00,M32/5069B,148.0,102.99776,0.042045454545454546
2020-01-27 20:44:00,M32/5069B,165.0,99.77908,0.048387096774193554
2020-01-27 20:59:00,M32/5069B,129.0,102.99776,0.03664772727272727
2020-01-27 21:14:00,M32/5069B,118.0,101.38842,0.03405483405483406
2020-01-27 21:29:00,M32/5069B,115.0,101.38842,0.03318903318903319
2020-01-27 21:44:00,M32/5069B,96.0,99.77908,0.0281524926686217
2020-01-27 21:59:00,M32/5069B,93.0,98.16974,0.027719821162444112
2020-01-27 22:14:00,M32/5069B,82.0,99.77908,0.02404692082111437
2020-01-27 22:29:00,M32/5069B,92.0,98.16974,0.02742175856929955
2020-01-27 22:44:00,M32/5069B,69.0,98.16974,0.020566318926974664
2020-01-27 22:59:00,M32/5069B,51.0,93.34172,0.01598746081504702
2020-01-27 23:14:00,M32/5069B,52.0,98.16974,0.015499254843517137
2020-01-27 23:29:00,M32/5069B,58.0,99.77908,0.017008797653958945
2020-01-27 23:44:00,M32/5069B,24.0,102.99776,0.006818181818181818
2020-01-27 23:59:00,M32/5069B,44.0,98.16974,0.013114754098360654
2020-01-28 00:14:00,M32/5069B,23.0,93.34172,0.007210031347962382
2020-01-28 00:29:00,M32/5069B,31.0,91.73238,0.009888357256778307
2020-01-28 00:44:00,M32/5069B,36.0,96.5604,0.010909090909090908
2020-01-28 00:59:00,M32/5069B,20.0,93.34172,0.006269592476489028
2020-01-28 01:14:00,M32/5069B,21.0,91.73238,0.006698564593301435
2020-01-28 01:29:00,M32/5069B,25.0,91.73238,0.007974481658692184
2020-01-28 01:44:00,M32/5069B,12.0,98.16974,0.003576751117734724
2020-01-28 01:59:00,M32/5069B,19.0,94.95106,0.005855161787365178
2020-01-28 02:14:00,M32/5069B,27.0,90.12304,0.008766233766233766
2020-01-28 02:29:00,M32/5069B,11.0,91.73238,0.003508771929824561
2020-01-28 02:44:00,M32/5069B,15.0,91.73238,0.004784688995215311
2020-01-28 02:59:00,M32/5069B,15.0,93.34172,0.004702194357366771
2020-01-28 03:14:00,M32/5069B,17.0,90.12304,0.005519480519480519
2020-01-28 03:29:00,M32/5069B,20.0,99.77908,0.005865102639296188
2020-01-28 03:44:00,M32/5069B,15.0,93.34172,0.004702194357366771
2020-01-28 03:59:00,M32/5069B,17.0,94.95106,0.005238828967642527
2020-01-28 04:14:00,M32/5069B,22.0,93.34172,0.006896551724137931
2020-01-28 04:29:00,M32/5069B,33.0,99.77908,0.00967741935483871
2020-01-28 04:44:00,M32/5069B,41.0,96.5604,0.012424242424242424
2020-01-28 04:59:00,M32/5069B,42.0,98.16974,0.012518628912071535
2020-01-28 05:14:00,M32/5069B,54.0,99.77908,0.015835777126099706
2020-01-28 05:29:00,M32/5069B,77.0,98.16974,0.022950819672131147
2020-01-28 05:44:00,M32/5069B,93.0,99.77908,0.027272727272727275
2020-01-28 05:59:00,M32/5069B,137.0,101.38842,0.03953823953823954
2020-01-28 06:14:00,M32/5069B,148.0,101.38842,0.042712842712842716
2020-01-28 06:29:00,M32/5069B,246.0,98.16974,0.07332339791356184
2020-01-28 06:44:00,M32/5069B,374.0,96.5604,0.11333333333333333
2020-01-28 06:59:00,M32/5069B,462.0,93.34172,0.14482758620689656
2020-01-28 07:14:00,M32/5069B,485.0,90.12304,0.15746753246753245
2020-01-28 07:29:00,M32/5069B,515.0,88.5137,0.17024793388429751
2020-01-28 07:44:00,M32/5069B,602.0,32.1868,0.5472727272727274
2020-01-28 07:59:00,M32/5069B,531.0,17.70274,0.8776859504132232
2020-01-28 08:14:00,M32/5069B,525.0,17.70274,0.8677685950413224
2020-01-28 08:29:00,M32/5069B,443.0,27.35878,0.47379679144385023
2020-01-28 08:44:00,M32/5069B,549.0,38.62416,0.41590909090909084
2020-01-28 08:59:00,M32/5069B,495.0,32.1868,0.45
2020-01-28 09:14:00,M32/5069B,454.0,43.45218,0.30572390572390573
2020-01-28 09:29:00,M32/5069B,531.0,91.73238,0.169377990430622
2020-01-28 09:44:00,M32/5069B,521.0,94.95106,0.16055469953775037
2020-01-28 09:59:00,M32/5069B,467.0,98.16974,0.13919523099850967
2020-01-28 10:14:00,M32/5069B,413.0,96.5604,0.12515151515151515
2020-01-28 10:29:00,M32/5069B,440.0,98.16974,0.13114754098360656
2020-01-28 10:44:00,M32/5069B,403.0,96.5604,0.12212121212121212
2020-01-28 10:59:00,M32/5069B,358.0,96.5604,0.10848484848484849
2020-01-28 11:14:00,M32/5069B,367.0,96.5604,0.1112121212121212
2020-01-28 11:29:00,M32/5069B,376.0,99.77908,0.11026392961876834
2020-01-28 11:44:00,M32/5069B,361.0,98.16974,0.10760059612518628
2020-01-28 11:59:00,M32/5069B,315.0,94.95106,0.0970724191063174
2020-01-28 12:14:00,M32/5069B,294.0,94.95106,0.09060092449922957
2020-01-28 12:29:00,M32/5069B,412.0,94.95106,0.12696456086286595
2020-01-28 12:44:00,M32/5069B,385.0,96.5604,0.11666666666666665
2020-01-28 12:59:00,M32/5069B,356.0,93.34172,0.1115987460815047
2020-01-28 13:14:00,M32/5069B,360.0,96.5604,0.10909090909090909
2020-01-28 13:29:00,M32/5069B,349.0,96.5604,0.10575757575757576
2020-01-28 13:44:00,M32/5069B,342.0,98.16974,0.10193740685543963
2020-01-28 13:59:00,M32/5069B,339.0,99.77908,0.09941348973607038
2020-01-28 14:14:00,M32/5069B,321.0,99.77908,0.09413489736070381
2020-01-28 14:29:00,M32/5069B,364.0,96.5604,0.11030303030303029
2020-01-28 14:44:00,M32/5069B,326.0,99.77908,0.09560117302052787
2020-01-28 14:59:00,M32/5069B,335.0,98.16974,0.0998509687034277
2020-01-28 15:14:00,M32/5069B,366.0,98.16974,0.10909090909090909
2020-01-28 15:29:00,M32/5069B,392.0,99.77908,0.11495601173020528
2020-01-28 15:44:00,M32/5069B,445.0,98.16974,0.13263785394932937
2020-01-28 15:59:00,M32/5069B,494.0,94.95106,0.1522342064714946
2020-01-28 16:14:00,M32/5069B,495.0,98.16974,0.14754098360655735
2020-01-28 16:29:00,M32/5069B,465.0,98.16974,0.13859910581222057
2020-01-28 16:44:00,M32/5069B,562.0,93.34172,0.1761755485893417
2020-01-28 16:59:00,M32/5069B,587.0,86.90436,0.19764309764309765
2020-01-28 17:14:00,M32/5069B,502.0,28.96812,0.5070707070707071
2020-01-28 17:29:00,M32/5069B,512.0,40.2335,0.37236363636363634
2020-01-28 17:44:00,M32/5069B,505.0,69.20162,0.21353065539112048
2020-01-28 17:59:00,M32/5069B,527.0,86.90436,0.17744107744107745
2020-01-28 18:14:00,M32/5069B,560.0,86.90436,0.18855218855218855
2020-01-28 18:29:00,M32/5069B,569.0,88.5137,0.18809917355371902
2020-01-28 18:44:00,M32/5069B,453.0,91.73238,0.14449760765550237
2020-01-28 18:59:00,M32/5069B,391.0,96.5604,0.11848484848484847
2020-01-28 19:14:00,M32/5069B,359.0,94.95106,0.11063174114021572
2020-01-28 19:29:00,M32/5069B,318.0,98.16974,0.09478390461997019
2020-01-28 19:44:00,M32/5069B,234.0,98.16974,0.06974664679582712
2020-01-28 19:59:00,M32/5069B,218.0,99.77908,0.06392961876832844
2020-01-28 20:14:00,M32/5069B,159.0,101.38842,0.04588744588744589
2020-01-28 20:29:00,M32/5069B,190.0,101.38842,0.05483405483405483
2020-01-28 20:44:00,M32/5069B,140.0,102.99776,0.03977272727272727
2020-01-28 20:59:00,M32/5069B,131.0,101.38842,0.03780663780663781
2020-01-28 21:14:00,M32/5069B,127.0,101.38842,0.03665223665223665
2020-01-28 21:29:00,M32/5069B,111.0,104.6071,0.03104895104895105
2020-01-28 21:44:00,M32/5069B,107.0,99.77908,0.031378299120234605
2020-01-28 21:59:00,M32/5069B,104.0,102.99776,0.02954545454545454
2020-01-28 22:14:00,M32/5069B,91.0,98.16974,0.02712369597615499
2020-01-28 22:29:00,M32/5069B,87.0,102.99776,0.02471590909090909
2020-01-28 22:44:00,M32/5069B,79.0,102.99776,0.022443181818181817
2020-01-28 22:59:00,M32/5069B,57.0,102.99776,0.01619318181818182
2020-01-28 23:14:00,M32/5069B,41.0,102.99776,0.011647727272727273
2020-01-28 23:29:00,M32/5069B,63.0,101.38842,0.01818181818181818
2020-01-28 23:44:00,M32/5069B,62.0,101.38842,0.01789321789321789
2020-01-28 23:59:00,M32/5069B,75.0,102.99776,0.02130681818181818
2020-01-29 00:14:00,M32/5069B,46.0,102.99776,0.013068181818181817
2020-01-29 00:29:00,M32/5069B,40.0,102.99776,0.011363636363636364
2020-01-29 00:44:00,M32/5069B,28.0,94.95106,0.008628659476117104
2020-01-29 00:59:00,M32/5069B,33.0,98.16974,0.009836065573770491
2020-01-29 01:14:00,M32/5069B,28.0,94.95106,0.008628659476117104
2020-01-29 01:29:00,M32/5069B,19.0,91.73238,0.006060606060606061
2020-01-29 01:44:00,M32/5069B,31.0,91.73238,0.009888357256778307
2020-01-29 01:59:00,M32/5069B,22.0,98.16974,0.006557377049180327
2020-01-29 02:14:00,M32/5069B,24.0,96.5604,0.007272727272727273
2020-01-29 02:29:00,M32/5069B,16.0,94.95106,0.004930662557781202
2020-01-29 02:44:00,M32/5069B,12.0,91.73238,0.003827751196172248
2020-01-29 02:59:00,M32/5069B,13.0,96.5604,0.00393939393939394
2020-01-29 03:14:00,M32/5069B,15.0,96.5604,0.004545454545454545
2020-01-29 03:29:00,M32/5069B,20.0,94.95106,0.0061633281972265025
2020-01-29 03:44:00,M32/5069B,17.0,96.5604,0.005151515151515151
2020-01-29 03:59:00,M32/5069B,23.0,94.95106,0.007087827426810477
2020-01-29 04:14:00,M32/5069B,21.0,94.95106,0.0064714946070878274
2020-01-29 04:29:00,M32/5069B,35.0,96.5604,0.010606060606060605
2020-01-29 04:44:00,M32/5069B,36.0,98.16974,0.010730253353204171
2020-01-29 04:59:00,M32/5069B,52.0,96.5604,0.01575757575757576
2020-01-29 05:14:00,M32/5069B,68.0,99.77908,0.01994134897360704
2020-01-29 05:29:00,M32/5069B,62.0,101.38842,0.01789321789321789
2020-01-29 05:44:00,M32/5069B,103.0,96.5604,0.031212121212121212
2020-01-29 05:59:00,M32/5069B,142.0,102.99776,0.04034090909090909
2020-01-29 06:14:00,M32/5069B,156.0,101.38842,0.04502164502164502
2020-01-29 06:29:00,M32/5069B,239.0,101.38842,0.06897546897546898
2020-01-29 06:44:00,M32/5069B,350.0,99.77908,0.10263929618768328
2020-01-29 06:59:00,M32/5069B,441.0,94.95106,0.13590138674884436
2020-01-29 07:14:00,M32/5069B,526.0,93.34172,0.16489028213166146
2020-01-29 07:29:00,M32/5069B,618.0,82.07634,0.22032085561497325
2020-01-29 07:44:00,M32/5069B,557.0,28.96812,0.5626262626262627
2020-01-29 07:59:00,M32/5069B,560.0,19.31208,0.8484848484848484
2020-01-29 08:14:00,M32/5069B,512.0,20.92142,0.716083916083916
2020-01-29 08:29:00,M32/5069B,502.0,70.81096,0.20743801652892563
2020-01-29 08:44:00,M32/5069B,522.0,32.1868,0.4745454545454546
2020-01-29 08:59:00,M32/5069B,421.0,14.48406,0.8505050505050505
2020-01-29 09:14:00,M32/5069B,476.0,27.35878,0.509090909090909
2020-01-29 09:29:00,M32/5069B,483.0,85.29502,0.16569468267581475
2020-01-29 09:44:00,M32/5069B,510.0,96.5604,0.15454545454545454
2020-01-29 09:59:00,M32/5069B,445.0,98.16974,0.13263785394932937
2020-01-29 10:14:00,M32/5069B,415.0,101.38842,0.11976911976911976
2020-01-29 10:29:00,M32/5069B,408.0,98.16974,0.12160953800298062
2020-01-29 10:44:00,M32/5069B,427.0,98.16974,0.12727272727272726
2020-01-29 10:59:00,M32/5069B,356.0,99.77908,0.10439882697947214
2020-01-29 11:14:00,M32/5069B,391.0,99.77908,0.11466275659824048
2020-01-29 11:29:00,M32/5069B,367.0,99.77908,0.10762463343108505
2020-01-29 11:44:00,M32/5069B,366.0,98.16974,0.10909090909090909
2020-01-29 11:59:00,M32/5069B,331.0,101.38842,0.09552669552669552
2020-01-29 12:14:00,M32/5069B,346.0,99.77908,0.10146627565982405
2020-01-29 12:29:00,M32/5069B,337.0,99.77908,0.09882697947214077
2020-01-29 12:44:00,M32/5069B,382.0,101.38842,0.11024531024531026
2020-01-29 12:59:00,M32/5069B,340.0,99.77908,0.0997067448680352
2020-01-29 13:14:00,M32/5069B,359.0,99.77908,0.10527859237536658
2020-01-29 13:29:00,M32/5069B,360.0,101.38842,0.10389610389610389
2020-01-29 13:44:00,M32/5069B,386.0,101.38842,0.1113997113997114
2020-01-29 13:59:00,M32/5069B,368.0,101.38842,0.1062049062049062
2020-01-29 14:14:00,M32/5069B,356.0,99.77908,0.10439882697947214
2020-01-29 14:29:00,M32/5069B,385.0,98.16974,0.11475409836065573
2020-01-29 14:44:00,M32/5069B,358.0,99.77908,0.10498533724340176
2020-01-29 14:59:00,M32/5069B,401.0,98.16974,0.11952309985096869
2020-01-29 15:14:00,M32/5069B,418.0,99.77908,0.12258064516129033
2020-01-29 15:29:00,M32/5069B,399.0,99.77908,0.11700879765395895
2020-01-29 15:44:00,M32/5069B,396.0,99.77908,0.11612903225806452
2020-01-29 15:59:00,M32/5069B,463.0,98.16974,0.13800298062593144
2020-01-29 16:14:00,M32/5069B,440.0,98.16974,0.13114754098360656
2020-01-29 16:29:00,M32/5069B,495.0,96.5604,0.15
2020-01-29 16:44:00,M32/5069B,469.0,98.16974,0.1397913561847988
2020-01-29 16:59:00,M32/5069B,495.0,96.5604,0.15
2020-01-29 17:14:00,M32/5069B,639.0,82.07634,0.22780748663101605
2020-01-29 17:29:00,M32/5069B,527.0,80.467,0.19163636363636363
2020-01-29 17:44:00,M32/5069B,561.0,85.29502,0.19245283018867926
2020-01-29 17:59:00,M32/5069B,505.0,45.06152,0.3279220779220779
2020-01-29 18:14:00,M32/5069B,486.0,78.85766,0.1803339517625232
2020-01-29 18:29:00,M32/5069B,565.0,88.5137,0.18677685950413223
2020-01-29 18:44:00,M32/5069B,456.0,93.34172,0.14294670846394986
2020-01-29 18:59:00,M32/5069B,420.0,96.5604,0.12727272727272726
2020-01-29 19:14:00,M32/5069B,353.0,96.5604,0.10696969696969696
2020-01-29 19:29:00,M32/5069B,329.0,96.5604,0.09969696969696969
2020-01-29 19:44:00,M32/5069B,246.0,101.38842,0.070995670995671
2020-01-29 19:59:00,M32/5069B,244.0,99.77908,0.0715542521994135
2020-01-29 20:14:00,M32/5069B,178.0,98.16974,0.05305514157973174
2020-01-29 20:29:00,M32/5069B,182.0,99.77908,0.05337243401759531
2020-01-29 20:44:00,M32/5069B,170.0,96.5604,0.05151515151515151
2020-01-29 20:59:00,M32/5069B,134.0,98.16974,0.03994038748137108
2020-01-29 21:14:00,M32/5069B,127.0,99.77908,0.037243401759530795
2020-01-29 21:29:00,M32/5069B,118.0,102.99776,0.033522727272727273
2020-01-29 21:44:00,M32/5069B,143.0,102.99776,0.040625
2020-01-29 21:59:00,M32/5069B,95.0,99.77908,0.027859237536656895
2020-01-29 22:14:00,M32/5069B,77.0,98.16974,0.022950819672131147
2020-01-29 22:29:00,M32/5069B,61.0,102.99776,0.017329545454545455
2020-01-29 22:44:00,M32/5069B,76.0,101.38842,0.021933621933621934
2020-01-29 22:59:00,M32/5069B,82.0,101.38842,0.023665223665223663
2020-01-29 23:14:00,M32/5069B,32.0,94.95106,0.009861325115562404
2020-01-29 23:29:00,M32/5069B,36.0,101.38842,0.01038961038961039
2020-01-29 23:44:00,M32/5069B,47.0,98.16974,0.014008941877794336
2020-01-29 23:59:00,M32/5069B,39.0,98.16974,0.011624441132637853
2020-01-30 00:14:00,M32/5069B,38.0,99.77908,0.011143695014662757
2020-01-30 00:29:00,M32/5069B,44.0,96.5604,0.013333333333333332
2020-01-30 00:44:00,M32/5069B,25.0,94.95106,0.007704160246533127
2020-01-30 00:59:00,M32/5069B,32.0,91.73238,0.010207336523125997
2020-01-30 01:14:00,M32/5069B,32.0,94.95106,0.009861325115562404
2020-01-30 01:29:00,M32/5069B,26.0,98.16974,0.007749627421758568
2020-01-30 01:44:00,M32/5069B,22.0,93.34172,0.006896551724137931
2020-01-30 01:59:00,M32/5069B,16.0,98.16974,0.004769001490312965
2020-01-30 02:14:00,M32/5069B,18.0,96.5604,0.005454545454545454
2020-01-30 02:29:00,M32/5069B,18.0,98.16974,0.0053651266766020856
2020-01-30 02:44:00,M32/5069B,17.0,94.95106,0.005238828967642527
2020-01-30 02:59:00,M32/5069B,24.0,93.34172,0.007523510971786834
2020-01-30 03:14:00,M32/5069B,21.0,102.99776,0.005965909090909091
2020-01-30 03:29:00,M32/5069B,20.0,93.34172,0.006269592476489028
2020-01-30 03:44:00,M32/5069B,16.0,94.95106,0.004930662557781202
2020-01-30 03:59:00,M32/5069B,17.0,94.95106,0.005238828967642527
2020-01-30 04:14:00,M32/5069B,32.0,94.95106,0.009861325115562404
2020-01-30 04:29:00,M32/5069B,38.0,99.77908,0.011143695014662757
2020-01-30 04:44:00,M32/5069B,58.0,94.95106,0.017873651771956857
2020-01-30 04:59:00,M32/5069B,50.0,98.16974,0.014903129657228018
2020-01-30 05:14:00,M32/5069B,58.0,96.5604,0.017575757575757574
2020-01-30 05:29:00,M32/5069B,72.0,98.16974,0.021460506706408342
2020-01-30 05:44:00,M32/5069B,97.0,99.77908,0.02844574780058651
2020-01-30 05:59:00,M32/5069B,136.0,101.38842,0.03924963924963925
2020-01-30 06:14:00,M32/5069B,155.0,101.38842,0.044733044733044736
2020-01-30 06:29:00,M32/5069B,261.0,99.77908,0.07653958944281525
2020-01-30 06:44:00,M32/5069B,358.0,99.77908,0.10498533724340176
2020-01-30 06:59:00,M32/5069B,451.0,94.95106,0.13898305084745763
2020-01-30 07:14:00,M32/5069B,440.0,94.95106,0.13559322033898305
2020-01-30 07:29:00,M32/5069B,503.0,90.12304,0.16331168831168832
2020-01-30 07:44:00,M32/5069B,588.0,83.68568,0.2055944055944056
2020-01-30 07:59:00,M32/5069B,637.0,61.15492,0.3047846889952153
2020-01-30 08:14:00,M32/5069B,532.0,20.92142,0.744055944055944
2020-01-30 08:29:00,M32/5069B,554.0,20.92142,0.7748251748251748
2020-01-30 08:44:00,M32/5069B,502.0,19.31208,0.7606060606060605
2020-01-30 08:59:00,M32/5069B,390.0,14.48406,0.7878787878787878
2020-01-30 09:14:00,M32/5069B,440.0,54.71756,0.23529411764705882
2020-01-30 09:29:00,M32/5069B,473.0,94.95106,0.14576271186440679
2020-01-30 09:44:00,M32/5069B,502.0,94.95106,0.1546995377503852
2020-01-30 09:59:00,M32/5069B,497.0,94.95106,0.1531587057010786
2020-01-30 10:14:00,M32/5069B,464.0,94.95106,0.14298921417565486
2020-01-30 10:29:00,M32/5069B,423.0,96.5604,0.12818181818181817
2020-01-30 10:44:00,M32/5069B,368.0,98.16974,0.1096870342771982
2020-01-30 10:59:00,M32/5069B,366.0,98.16974,0.10909090909090909
2020-01-30 11:14:00,M32/5069B,375.0,98.16974,0.11177347242921012
2020-01-30 11:29:00,M32/5069B,383.0,98.16974,0.11415797317436661
2020-01-30 11:44:00,M32/5069B,370.0,98.16974,0.11028315946348732
2020-01-30 11:59:00,M32/5069B,394.0,96.5604,0.1193939393939394
2020-01-30 12:14:00,M32/5069B,367.0,99.77908,0.10762463343108505
2020-01-30 12:29:00,M32/5069B,352.0,98.16974,0.10491803278688523
2020-01-30 12:44:00,M32/5069B,361.0,99.77908,0.1058651026392962
2020-01-30 12:59:00,M32/5069B,329.0,99.77908,0.09648093841642229
2020-01-30 13:14:00,M32/5069B,355.0,99.77908,0.10410557184750734
2020-01-30 13:29:00,M32/5069B,351.0,99.77908,0.1029325513196481
2020-01-30 13:44:00,M32/5069B,365.0,101.38842,0.10533910533910534
2020-01-30 13:59:00,M32/5069B,360.0,98.16974,0.10730253353204172
2020-01-30 14:14:00,M32/5069B,358.0,99.77908,0.10498533724340176
2020-01-30 14:29:00,M32/5069B,369.0,98.16974,0.10998509687034277
2020-01-30 14:44:00,M32/5069B,353.0,98.16974,0.1052160953800298
2020-01-30 14:59:00,M32/5069B,384.0,98.16974,0.11445603576751116
2020-01-30 15:14:00,M32/5069B,386.0,98.16974,0.11505216095380029
2020-01-30 15:29:00,M32/5069B,413.0,98.16974,0.12309985096870342
2020-01-30 15:44:00,M32/5069B,406.0,99.77908,0.1190615835777126
2020-01-30 15:59:00,M32/5069B,448.0,99.77908,0.1313782991202346
2020-01-30 16:14:00,M32/5069B,454.0,98.16974,0.1353204172876304
2020-01-30 16:29:00,M32/5069B,514.0,94.95106,0.1583975346687211
2020-01-30 16:44:00,M32/5069B,494.0,93.34172,0.15485893416927898
2020-01-30 16:59:00,M32/5069B,576.0,93.34172,0.180564263322884
2020-01-30 17:14:00,M32/5069B,506.0,93.34172,0.1586206896551724
2020-01-30 17:29:00,M32/5069B,515.0,86.90436,0.1734006734006734
2020-01-30 17:44:00,M32/5069B,544.0,83.68568,0.1902097902097902
2020-01-30 17:59:00,M32/5069B,489.0,90.12304,0.15876623376623378
2020-01-30 18:14:00,M32/5069B,509.0,88.5137,0.16826446280991736
2020-01-30 18:29:00,M32/5069B,549.0,93.34172,0.17210031347962385
2020-01-30 18:44:00,M32/5069B,473.0,90.12304,0.15357142857142858
2020-01-30 18:59:00,M32/5069B,398.0,94.95106,0.1226502311248074
2020-01-30 19:14:00,M32/5069B,337.0,96.5604,0.10212121212121211
2020-01-30 19:29:00,M32/5069B,300.0,98.16974,0.0894187779433681
2020-01-30 19:44:00,M32/5069B,237.0,101.38842,0.06839826839826839
2020-01-30 19:59:00,M32/5069B,242.0,99.77908,0.07096774193548387
2020-01-30 20:14:00,M32/5069B,172.0,99.77908,0.05043988269794721
2020-01-30 20:29:00,M32/5069B,184.0,99.77908,0.05395894428152493
2020-01-30 20:44:00,M32/5069B,135.0,101.38842,0.03896103896103896
2020-01-30 20:59:00,M32/5069B,141.0,98.16974,0.042026825633383
2020-01-30 21:14:00,M32/5069B,141.0,104.6071,0.039440559440559436
2020-01-30 21:29:00,M32/5069B,131.0,104.6071,0.03664335664335664
2020-01-30 21:44:00,M32/5069B,110.0,102.99776,0.03125
2020-01-30 21:59:00,M32/5069B,102.0,101.38842,0.02943722943722944
2020-01-30 22:14:00,M32/5069B,87.0,101.38842,0.025108225108225107
2020-01-30 22:29:00,M32/5069B,83.0,99.77908,0.02434017595307918
2020-01-30 22:44:00,M32/5069B,72.0,102.99776,0.020454545454545454
2020-01-30 22:59:00,M32/5069B,77.0,101.38842,0.02222222222222222
2020-01-30 23:14:00,M32/5069B,62.0,96.5604,0.018787878787878787
2020-01-30 23:29:00,M32/5069B,73.0,98.16974,0.021758569299552902
2020-01-30 23:44:00,M32/5069B,39.0,96.5604,0.011818181818181818
2020-01-30 23:59:00,M32/5069B,63.0,96.5604,0.01909090909090909
2020-01-31 00:14:00,M32/5069B,48.0,102.99776,0.013636363636363636
2020-01-31 00:29:00,M32/5069B,41.0,98.16974,0.012220566318926974
2020-01-31 00:44:00,M32/5069B,44.0,99.77908,0.012903225806451613
2020-01-31 00:59:00,M32/5069B,32.0,93.34172,0.010031347962382444
2020-01-31 01:14:00,M32/5069B,25.0,91.73238,0.007974481658692184
2020-01-31 01:29:00,M32/5069B,23.0,96.5604,0.0069696969696969695
2020-01-31 01:44:00,M32/5069B,23.0,93.34172,0.007210031347962382
2020-01-31 01:59:00,M32/5069B,23.0,98.16974,0.006855439642324887
2020-01-31 02:14:00,M32/5069B,19.0,101.38842,0.005483405483405483
2020-01-31 02:29:00,M32/5069B,22.0,96.5604,0.006666666666666666
2020-01-31 02:44:00,M32/5069B,15.0,94.95106,0.004622496147919876
2020-01-31 02:59:00,M32/5069B,14.0,98.16974,0.004172876304023845
2020-01-31 03:14:00,M32/5069B,20.0,96.5604,0.006060606060606061
2020-01-31 03:29:00,M32/5069B,29.0,96.5604,0.008787878787878787
2020-01-31 03:44:00,M32/5069B,21.0,94.95106,0.0064714946070878274
2020-01-31 03:59:00,M32/5069B,22.0,94.95106,0.006779661016949152
2020-01-31 04:14:00,M32/5069B,37.0,94.95106,0.01140215716486903
2020-01-31 04:29:00,M32/5069B,35.0,98.16974,0.010432190760059612
2020-01-31 04:44:00,M32/5069B,37.0,96.5604,0.011212121212121211
2020-01-31 04:59:00,M32/5069B,56.0,96.5604,0.016969696969696968
2020-01-31 05:14:00,M32/5069B,51.0,99.77908,0.014956011730205278
2020-01-31 05:29:00,M32/5069B,77.0,98.16974,0.022950819672131147
2020-01-31 05:44:00,M32/5069B,100.0,99.77908,0.02932551319648094
2020-01-31 05:59:00,M32/5069B,121.0,102.99776,0.034374999999999996
2020-01-31 06:14:00,M32/5069B,162.0,98.16974,0.048286140089418776
2020-01-31 06:29:00,M32/5069B,201.0,101.38842,0.05800865800865801
2020-01-31 06:44:00,M32/5069B,343.0,99.77908,0.10058651026392962
2020-01-31 06:59:00,M32/5069B,456.0,94.95106,0.14052388289676426
2020-01-31 07:14:00,M32/5069B,536.0,91.73238,0.17097288676236042
2020-01-31 07:29:00,M32/5069B,561.0,86.90436,0.18888888888888888
2020-01-31 07:44:00,M32/5069B,603.0,61.15492,0.2885167464114833
2020-01-31 07:59:00,M32/5069B,555.0,57.93624,0.2803030303030303
2020-01-31 08:14:00,M32/5069B,472.0,93.34172,0.14796238244514107
2020-01-31 08:29:00,M32/5069B,451.0,96.5604,0.13666666666666666
2020-01-31 08:44:00,M32/5069B,426.0,98.16974,0.12697466467958268
2020-01-31 08:59:00,M32/5069B,414.0,98.16974,0.12339791356184798
2020-01-31 09:14:00,M32/5069B,387.0,96.5604,0.11727272727272726
2020-01-31 09:29:00,M32/5069B,422.0,96.5604,0.12787878787878787
2020-01-31 09:44:00,M32/5069B,409.0,96.5604,0.12393939393939395
2020-01-31 09:59:00,M32/5069B,405.0,99.77908,0.11876832844574779
2020-01-31 10:14:00,M32/5069B,390.0,96.5604,0.11818181818181817
2020-01-31 10:29:00,M32/5069B,350.0,99.77908,0.10263929618768328
2020-01-31 10:44:00,M32/5069B,377.0,99.77908,0.11055718475073313
2020-01-31 10:59:00,M32/5069B,364.0,98.16974,0.10849478390461996
2020-01-31 11:14:00,M32/5069B,374.0,96.5604,0.11333333333333333
2020-01-31 11:29:00,M32/5069B,381.0,98.16974,0.11356184798807749
2020-01-31 11:44:00,M32/5069B,411.0,98.16974,0.12250372578241431
2020-01-31 11:59:00,M32/5069B,352.0,99.77908,0.1032258064516129
2020-01-31 12:14:00,M32/5069B,392.0,96.5604,0.11878787878787878
2020-01-31 12:29:00,M32/5069B,352.0,98.16974,0.10491803278688523
2020-01-31 12:44:00,M32/5069B,452.0,98.16974,0.13472429210134126
2020-01-31 12:59:00,M32/5069B,386.0,99.77908,0.11319648093841643
2020-01-31 13:14:00,M32/5069B,429.0,99.77908,0.12580645161290321
2020-01-31 13:29:00,M32/5069B,418.0,96.5604,0.12666666666666665
2020-01-31 13:44:00,M32/5069B,428.0,98.16974,0.12757078986587184
2020-01-31 13:59:00,M32/5069B,435.0,96.5604,0.1318181818181818
2020-01-31 14:14:00,M32/5069B,411.0,98.16974,0.12250372578241431
2020-01-31 14:29:00,M32/5069B,428.0,98.16974,0.12757078986587184
2020-01-31 14:44:00,M32/5069B,447.0,98.16974,0.13323397913561846
2020-01-31 14:59:00,M32/5069B,437.0,98.16974,0.1302533532041729
2020-01-31 15:14:00,M32/5069B,438.0,96.5604,0.13272727272727272
2020-01-31 15:29:00,M32/5069B,508.0,94.95106,0.15654853620955314
2020-01-31 15:44:00,M32/5069B,517.0,96.5604,0.15666666666666665
2020-01-31 15:59:00,M32/5069B,495.0,96.5604,0.15
2020-01-31 16:14:00,M32/5069B,494.0,94.95106,0.1522342064714946
2020-01-31 16:29:00,M32/5069B,541.0,93.34172,0.1695924764890282
2020-01-31 16:44:00,M32/5069B,536.0,93.34172,0.16802507836990596
2020-01-31 16:59:00,M32/5069B,566.0,90.12304,0.18376623376623377
2020-01-31 17:14:00,M32/5069B,526.0,88.5137,0.17388429752066115
2020-01-31 17:29:00,M32/5069B,499.0,88.5137,0.1649586776859504
2020-01-31 17:44:00,M32/5069B,485.0,91.73238,0.15470494417862837
2020-01-31 17:59:00,M32/5069B,457.0,90.12304,0.14837662337662336
2020-01-31 18:14:00,M32/5069B,478.0,91.73238,0.15247208931419456
2020-01-31 18:29:00,M32/5069B,472.0,93.34172,0.14796238244514107
2020-01-31 18:44:00,M32/5069B,416.0,93.34172,0.1304075235109718
2020-01-31 18:59:00,M32/5069B,410.0,94.95106,0.1263482280431433
2020-01-31 19:14:00,M32/5069B,344.0,96.5604,0.10424242424242423
2020-01-31 19:29:00,M32/5069B,346.0,96.5604,0.10484848484848484
2020-01-31 19:44:00,M32/5069B,313.0,98.16974,0.09329359165424739
2020-01-31 19:59:00,M32/5069B,285.0,99.77908,0.08357771260997068
2020-01-31 20:14:00,M32/5069B,266.0,101.38842,0.07676767676767676
2020-01-31 20:29:00,M32/5069B,225.0,96.5604,0.06818181818181818
2020-01-31 20:44:00,M32/5069B,198.0,96.5604,0.06
2020-01-31 20:59:00,M32/5069B,167.0,99.77908,0.048973607038123174
2020-01-31 21:14:00,M32/5069B,175.0,96.5604,0.05303030303030303
2020-01-31 21:29:00,M32/5069B,166.0,99.77908,0.04868035190615836
2020-01-31 21:44:00,M32/5069B,138.0,98.16974,0.04113263785394933
2020-01-31 21:59:00,M32/5069B,131.0,101.38842,0.03780663780663781
2020-01-31 22:14:00,M32/5069B,118.0,101.38842,0.03405483405483406
2020-01-31 22:29:00,M32/5069B,104.0,98.16974,0.030998509687034274
2020-01-31 22:44:00,M32/5069B,112.0,101.38842,0.03232323232323232
2020-01-31 22:59:00,M32/5069B,86.0,99.77908,0.025219941348973606
2020-01-31 23:14:00,M32/5069B,51.0,99.77908,0.014956011730205278
2020-01-31 23:29:00,M32/5069B,72.0,94.95106,0.022187981510015407
2020-01-31 23:44:00,M32/5069B,64.0,99.77908,0.0187683284457478
2020-01-31 23:59:00,M32/5069B,64.0,98.16974,0.01907600596125186
2020-01-01 00:14:59,M32/5077A,0.0,0.0,0.0
2020-01-01 00:29:59,M32/5077A,0.0,0.0,0.0
2020-01-01 00:44:59,M32/5077A,0.0,0.0,0.0
2020-01-01 00:59:59,M32/5077A,0.0,0.0,0.0
2020-01-01 01:14:59,M32/5077A,0.0,0.0,0.0
2020-01-01 01:29:59,M32/5077A,0.0,0.0,0.0
2020-01-01 01:44:59,M32/5077A,0.0,0.0,0.0
2020-01-01 01:59:59,M32/5077A,0.0,0.0,0.0
2020-01-01 02:14:59,M32/5077A,0.0,0.0,0.0
2020-01-01 02:29:59,M32/5077A,0.0,0.0,0.0
2020-01-01 02:44:59,M32/5077A,0.0,0.0,0.0
2020-01-01 02:59:59,M32/5077A,0.0,0.0,0.0
2020-01-01 03:14:59,M32/5077A,0.0,0.0,0.0
2020-01-01 03:29:59,M32/5077A,0.0,0.0,0.0
2020-01-01 03:44:59,M32/5077A,0.0,0.0,0.0
2020-01-01 03:59:59,M32/5077A,0.0,0.0,0.0
2020-01-01 04:14:59,M32/5077A,0.0,0.0,0.0
2020-01-01 04:29:59,M32/5077A,0.0,0.0,0.0
2020-01-01 04:44:59,M32/5077A,0.0,0.0,0.0
2020-01-01 04:59:59,M32/5077A,0.0,0.0,0.0
2020-01-01 05:14:59,M32/5077A,0.0,0.0,0.0
2020-01-01 05:29:59,M32/5077A,0.0,0.0,0.0
2020-01-01 05:44:59,M32/5077A,0.0,0.0,0.0
2020-01-01 05:59:59,M32/5077A,0.0,0.0,0.0
2020-01-01 06:14:59,M32/5077A,0.0,0.0,0.0
2020-01-01 06:29:59,M32/5077A,0.0,0.0,0.0
2020-01-01 06:44:59,M32/5077A,0.0,0.0,0.0
2020-01-01 06:59:59,M32/5077A,0.0,0.0,0.0
2020-01-01 07:14:59,M32/5077A,0.0,0.0,0.0
2020-01-01 07:29:59,M32/5077A,0.0,0.0,0.0
2020-01-01 07:44:59,M32/5077A,0.0,0.0,0.0
2020-01-01 07:59:59,M32/5077A,0.0,0.0,0.0
2020-01-01 08:14:59,M32/5077A,0.0,0.0,0.0
2020-01-01 08:29:59,M32/5077A,0.0,0.0,0.0
2020-01-01 08:44:59,M32/5077A,0.0,0.0,0.0
2020-01-01 08:59:59,M32/5077A,0.0,0.0,0.0
2020-01-01 09:14:59,M32/5077A,0.0,0.0,0.0
2020-01-01 09:29:59,M32/5077A,0.0,0.0,0.0
2020-01-01 09:44:59,M32/5077A,0.0,0.0,0.0
2020-01-01 09:59:59,M32/5077A,0.0,0.0,0.0
2020-01-01 10:14:59,M32/5077A,0.0,0.0,0.0
2020-01-01 10:29:59,M32/5077A,0.0,0.0,0.0
2020-01-01 10:44:59,M32/5077A,0.0,0.0,0.0
2020-01-01 10:59:59,M32/5077A,0.0,0.0,0.0
2020-01-01 11:14:59,M32/5077A,0.0,0.0,0.0
2020-01-01 11:29:59,M32/5077A,0.0,0.0,0.0
2020-01-01 11:44:59,M32/5077A,0.0,0.0,0.0
2020-01-01 11:59:59,M32/5077A,0.0,0.0,0.0
2020-01-01 12:14:59,M32/5077A,0.0,0.0,0.0
2020-01-01 12:29:59,M32/5077A,0.0,0.0,0.0
2020-01-01 12:44:59,M32/5077A,0.0,0.0,0.0
2020-01-01 12:59:59,M32/5077A,0.0,0.0,0.0
2020-01-01 13:14:59,M32/5077A,0.0,0.0,0.0
2020-01-01 13:29:59,M32/5077A,0.0,0.0,0.0
2020-01-01 13:44:59,M32/5077A,0.0,0.0,0.0
2020-01-01 13:59:59,M32/5077A,0.0,0.0,0.0
2020-01-01 14:14:59,M32/5077A,0.0,0.0,0.0
2020-01-01 14:29:59,M32/5077A,0.0,0.0,0.0
2020-01-01 14:44:59,M32/5077A,0.0,0.0,0.0
2020-01-01 14:59:59,M32/5077A,0.0,0.0,0.0
2020-01-01 15:14:59,M32/5077A,0.0,0.0,0.0
2020-01-01 15:29:59,M32/5077A,0.0,0.0,0.0
2020-01-01 15:44:59,M32/5077A,0.0,0.0,0.0
2020-01-01 15:59:59,M32/5077A,0.0,0.0,0.0
2020-01-01 16:14:59,M32/5077A,0.0,0.0,0.0
2020-01-01 16:29:59,M32/5077A,0.0,0.0,0.0
2020-01-01 16:44:59,M32/5077A,0.0,0.0,0.0
2020-01-01 16:59:59,M32/5077A,0.0,0.0,0.0
2020-01-01 17:14:59,M32/5077A,0.0,0.0,0.0
2020-01-01 17:29:59,M32/5077A,0.0,0.0,0.0
2020-01-01 17:44:59,M32/5077A,0.0,0.0,0.0
2020-01-01 17:59:59,M32/5077A,0.0,0.0,0.0
2020-01-01 18:14:59,M32/5077A,0.0,0.0,0.0
2020-01-01 18:29:59,M32/5077A,0.0,0.0,0.0
2020-01-01 18:44:59,M32/5077A,0.0,0.0,0.0
2020-01-01 18:59:59,M32/5077A,0.0,0.0,0.0
2020-01-01 19:14:59,M32/5077A,0.0,0.0,0.0
2020-01-01 19:29:59,M32/5077A,0.0,0.0,0.0
2020-01-01 19:44:59,M32/5077A,0.0,0.0,0.0
2020-01-01 19:59:59,M32/5077A,0.0,0.0,0.0
2020-01-01 20:14:59,M32/5077A,0.0,0.0,0.0
2020-01-01 20:29:59,M32/5077A,0.0,0.0,0.0
2020-01-01 20:44:59,M32/5077A,0.0,0.0,0.0
2020-01-01 20:59:59,M32/5077A,0.0,0.0,0.0
2020-01-01 21:14:59,M32/5077A,0.0,0.0,0.0
2020-01-01 21:29:59,M32/5077A,0.0,0.0,0.0
2020-01-01 21:44:59,M32/5077A,0.0,0.0,0.0
2020-01-01 21:59:59,M32/5077A,0.0,0.0,0.0
2020-01-01 22:14:59,M32/5077A,0.0,0.0,0.0
2020-01-01 22:29:59,M32/5077A,0.0,0.0,0.0
2020-01-01 22:44:59,M32/5077A,0.0,0.0,0.0
2020-01-01 22:59:59,M32/5077A,0.0,0.0,0.0
2020-01-01 23:14:59,M32/5077A,0.0,0.0,0.0
2020-01-01 23:29:59,M32/5077A,0.0,0.0,0.0
2020-01-01 23:44:59,M32/5077A,0.0,0.0,0.0
2020-01-01 23:59:59,M32/5077A,0.0,0.0,0.0
2020-01-02 00:14:59,M32/5077A,0.0,0.0,0.0
2020-01-02 00:29:59,M32/5077A,0.0,0.0,0.0
2020-01-02 00:44:59,M32/5077A,0.0,0.0,0.0
2020-01-02 00:59:59,M32/5077A,0.0,0.0,0.0
2020-01-02 01:14:59,M32/5077A,0.0,0.0,0.0
2020-01-02 01:29:59,M32/5077A,0.0,0.0,0.0
2020-01-02 01:44:59,M32/5077A,0.0,0.0,0.0
2020-01-02 01:59:59,M32/5077A,0.0,0.0,0.0
2020-01-02 02:14:59,M32/5077A,0.0,0.0,0.0
2020-01-02 02:29:59,M32/5077A,0.0,0.0,0.0
2020-01-02 02:44:59,M32/5077A,0.0,0.0,0.0
2020-01-02 02:59:59,M32/5077A,0.0,0.0,0.0
2020-01-02 03:14:59,M32/5077A,0.0,0.0,0.0
2020-01-02 03:29:59,M32/5077A,0.0,0.0,0.0
2020-01-02 03:44:59,M32/5077A,0.0,0.0,0.0
2020-01-02 03:59:59,M32/5077A,0.0,0.0,0.0
2020-01-02 04:14:59,M32/5077A,0.0,0.0,0.0
2020-01-02 04:29:59,M32/5077A,0.0,0.0,0.0
2020-01-02 04:44:59,M32/5077A,0.0,0.0,0.0
2020-01-02 04:59:59,M32/5077A,0.0,0.0,0.0
2020-01-02 05:14:59,M32/5077A,0.0,0.0,0.0
2020-01-02 05:29:59,M32/5077A,0.0,0.0,0.0
2020-01-02 05:44:59,M32/5077A,0.0,0.0,0.0
2020-01-02 05:59:59,M32/5077A,0.0,0.0,0.0
2020-01-02 06:14:59,M32/5077A,0.0,0.0,0.0
2020-01-02 06:29:59,M32/5077A,0.0,0.0,0.0
2020-01-02 06:44:59,M32/5077A,0.0,0.0,0.0
2020-01-02 06:59:59,M32/5077A,0.0,0.0,0.0
2020-01-02 07:14:59,M32/5077A,0.0,0.0,0.0
2020-01-02 07:29:59,M32/5077A,0.0,0.0,0.0
2020-01-02 07:44:59,M32/5077A,0.0,0.0,0.0
2020-01-02 07:59:59,M32/5077A,0.0,0.0,0.0
2020-01-02 08:14:59,M32/5077A,0.0,0.0,0.0
2020-01-02 08:29:59,M32/5077A,0.0,0.0,0.0
2020-01-02 08:44:59,M32/5077A,0.0,0.0,0.0
2020-01-02 08:59:59,M32/5077A,0.0,0.0,0.0
2020-01-02 09:14:59,M32/5077A,0.0,0.0,0.0
2020-01-02 09:29:59,M32/5077A,0.0,0.0,0.0
2020-01-02 09:44:59,M32/5077A,0.0,0.0,0.0
2020-01-02 09:59:59,M32/5077A,0.0,0.0,0.0
2020-01-02 10:14:59,M32/5077A,0.0,0.0,0.0
2020-01-02 10:29:59,M32/5077A,0.0,0.0,0.0
2020-01-02 10:44:59,M32/5077A,0.0,0.0,0.0
2020-01-02 10:59:59,M32/5077A,0.0,0.0,0.0
2020-01-02 11:14:59,M32/5077A,0.0,0.0,0.0
2020-01-02 11:29:59,M32/5077A,0.0,0.0,0.0
2020-01-02 11:44:59,M32/5077A,0.0,0.0,0.0
2020-01-02 11:59:59,M32/5077A,0.0,0.0,0.0
2020-01-02 12:14:59,M32/5077A,0.0,0.0,0.0
2020-01-02 12:29:59,M32/5077A,0.0,0.0,0.0
2020-01-02 12:44:59,M32/5077A,0.0,0.0,0.0
2020-01-02 12:59:59,M32/5077A,0.0,0.0,0.0
2020-01-02 13:14:59,M32/5077A,0.0,0.0,0.0
2020-01-02 13:29:59,M32/5077A,0.0,0.0,0.0
2020-01-02 13:44:59,M32/5077A,0.0,0.0,0.0
2020-01-02 13:59:59,M32/5077A,0.0,0.0,0.0
2020-01-02 14:14:59,M32/5077A,0.0,0.0,0.0
2020-01-02 14:29:59,M32/5077A,0.0,0.0,0.0
2020-01-02 14:44:59,M32/5077A,0.0,0.0,0.0
2020-01-02 14:59:59,M32/5077A,0.0,0.0,0.0
2020-01-02 15:14:59,M32/5077A,0.0,0.0,0.0
2020-01-02 15:29:59,M32/5077A,0.0,0.0,0.0
2020-01-02 15:44:59,M32/5077A,0.0,0.0,0.0
2020-01-02 15:59:59,M32/5077A,0.0,0.0,0.0
2020-01-02 16:14:59,M32/5077A,0.0,0.0,0.0
2020-01-02 16:29:59,M32/5077A,0.0,0.0,0.0
2020-01-02 16:44:59,M32/5077A,0.0,0.0,0.0
2020-01-02 16:59:59,M32/5077A,0.0,0.0,0.0
2020-01-02 17:14:59,M32/5077A,0.0,0.0,0.0
2020-01-02 17:29:59,M32/5077A,0.0,0.0,0.0
2020-01-02 17:44:59,M32/5077A,0.0,0.0,0.0
2020-01-02 17:59:59,M32/5077A,0.0,0.0,0.0
2020-01-02 18:14:59,M32/5077A,0.0,0.0,0.0
2020-01-02 18:29:59,M32/5077A,0.0,0.0,0.0
2020-01-02 18:44:59,M32/5077A,0.0,0.0,0.0
2020-01-02 18:59:59,M32/5077A,0.0,0.0,0.0
2020-01-02 19:14:59,M32/5077A,0.0,0.0,0.0
2020-01-02 19:29:59,M32/5077A,0.0,0.0,0.0
2020-01-02 19:44:59,M32/5077A,0.0,0.0,0.0
2020-01-02 19:59:59,M32/5077A,0.0,0.0,0.0
2020-01-02 20:14:59,M32/5077A,0.0,0.0,0.0
2020-01-02 20:29:59,M32/5077A,0.0,0.0,0.0
2020-01-02 20:44:59,M32/5077A,0.0,0.0,0.0
2020-01-02 20:59:59,M32/5077A,0.0,0.0,0.0
2020-01-02 21:14:59,M32/5077A,0.0,0.0,0.0
2020-01-02 21:29:59,M32/5077A,0.0,0.0,0.0
2020-01-02 21:44:59,M32/5077A,0.0,0.0,0.0
2020-01-02 21:59:59,M32/5077A,0.0,0.0,0.0
2020-01-02 22:14:59,M32/5077A,0.0,0.0,0.0
2020-01-02 22:29:59,M32/5077A,0.0,0.0,0.0
2020-01-02 22:44:59,M32/5077A,0.0,0.0,0.0
2020-01-02 22:59:59,M32/5077A,0.0,0.0,0.0
2020-01-02 23:14:59,M32/5077A,0.0,0.0,0.0
2020-01-02 23:29:59,M32/5077A,0.0,0.0,0.0
2020-01-02 23:44:59,M32/5077A,0.0,0.0,0.0
2020-01-02 23:59:59,M32/5077A,0.0,0.0,0.0
2020-01-03 00:14:59,M32/5077A,0.0,0.0,0.0
2020-01-03 00:29:59,M32/5077A,0.0,0.0,0.0
2020-01-03 00:44:59,M32/5077A,0.0,0.0,0.0
2020-01-03 00:59:59,M32/5077A,0.0,0.0,0.0
2020-01-03 01:14:59,M32/5077A,0.0,0.0,0.0
2020-01-03 01:29:59,M32/5077A,0.0,0.0,0.0
2020-01-03 01:44:59,M32/5077A,0.0,0.0,0.0
2020-01-03 01:59:59,M32/5077A,0.0,0.0,0.0
2020-01-03 02:14:59,M32/5077A,0.0,0.0,0.0
2020-01-03 02:29:59,M32/5077A,0.0,0.0,0.0
2020-01-03 02:44:59,M32/5077A,0.0,0.0,0.0
2020-01-03 02:59:59,M32/5077A,0.0,0.0,0.0
2020-01-03 03:14:59,M32/5077A,0.0,0.0,0.0
2020-01-03 03:29:59,M32/5077A,0.0,0.0,0.0
2020-01-03 03:44:59,M32/5077A,0.0,0.0,0.0
2020-01-03 03:59:59,M32/5077A,0.0,0.0,0.0
2020-01-03 04:14:59,M32/5077A,0.0,0.0,0.0
2020-01-03 04:29:59,M32/5077A,0.0,0.0,0.0
2020-01-03 04:44:59,M32/5077A,0.0,0.0,0.0
2020-01-03 04:59:59,M32/5077A,0.0,0.0,0.0
2020-01-03 05:14:59,M32/5077A,0.0,0.0,0.0
2020-01-03 05:29:59,M32/5077A,0.0,0.0,0.0
2020-01-03 05:44:59,M32/5077A,0.0,0.0,0.0
2020-01-03 05:59:59,M32/5077A,0.0,0.0,0.0
2020-01-03 06:14:59,M32/5077A,0.0,0.0,0.0
2020-01-03 06:29:59,M32/5077A,0.0,0.0,0.0
2020-01-03 06:44:59,M32/5077A,0.0,0.0,0.0
2020-01-03 06:59:59,M32/5077A,0.0,0.0,0.0
2020-01-03 07:14:59,M32/5077A,0.0,0.0,0.0
2020-01-03 07:29:59,M32/5077A,0.0,0.0,0.0
2020-01-03 07:44:59,M32/5077A,0.0,0.0,0.0
2020-01-03 07:59:59,M32/5077A,0.0,0.0,0.0
2020-01-03 08:14:59,M32/5077A,0.0,0.0,0.0
2020-01-03 08:29:59,M32/5077A,0.0,0.0,0.0
2020-01-03 08:44:59,M32/5077A,0.0,0.0,0.0
2020-01-03 08:59:59,M32/5077A,0.0,0.0,0.0
2020-01-03 09:14:59,M32/5077A,0.0,0.0,0.0
2020-01-03 09:29:59,M32/5077A,0.0,0.0,0.0
2020-01-03 09:44:59,M32/5077A,0.0,0.0,0.0
2020-01-03 09:59:59,M32/5077A,0.0,0.0,0.0
2020-01-03 10:14:59,M32/5077A,0.0,0.0,0.0
2020-01-03 10:29:59,M32/5077A,0.0,0.0,0.0
2020-01-03 10:44:59,M32/5077A,0.0,0.0,0.0
2020-01-03 10:59:59,M32/5077A,0.0,0.0,0.0
2020-01-03 11:14:59,M32/5077A,0.0,0.0,0.0
2020-01-03 11:29:59,M32/5077A,0.0,0.0,0.0
2020-01-03 11:44:59,M32/5077A,0.0,0.0,0.0
2020-01-03 11:59:59,M32/5077A,0.0,0.0,0.0
2020-01-03 12:14:59,M32/5077A,0.0,0.0,0.0
2020-01-03 12:29:59,M32/5077A,0.0,0.0,0.0
2020-01-03 12:44:59,M32/5077A,0.0,0.0,0.0
2020-01-03 12:59:59,M32/5077A,0.0,0.0,0.0
2020-01-03 13:14:59,M32/5077A,0.0,0.0,0.0
2020-01-03 13:29:59,M32/5077A,0.0,0.0,0.0
2020-01-03 13:44:59,M32/5077A,0.0,0.0,0.0
2020-01-03 13:59:59,M32/5077A,0.0,0.0,0.0
2020-01-03 14:14:59,M32/5077A,0.0,0.0,0.0
2020-01-03 14:29:59,M32/5077A,0.0,0.0,0.0
2020-01-03 14:44:59,M32/5077A,0.0,0.0,0.0
2020-01-03 14:59:59,M32/5077A,0.0,0.0,0.0
2020-01-03 15:14:59,M32/5077A,0.0,0.0,0.0
2020-01-03 15:29:59,M32/5077A,0.0,0.0,0.0
2020-01-03 15:44:59,M32/5077A,0.0,0.0,0.0
2020-01-03 15:59:59,M32/5077A,0.0,0.0,0.0
2020-01-03 16:14:59,M32/5077A,0.0,0.0,0.0
2020-01-03 16:29:59,M32/5077A,0.0,0.0,0.0
2020-01-03 16:44:59,M32/5077A,0.0,0.0,0.0
2020-01-03 16:59:59,M32/5077A,0.0,0.0,0.0
2020-01-03 17:14:59,M32/5077A,0.0,0.0,0.0
2020-01-03 17:29:59,M32/5077A,0.0,0.0,0.0
2020-01-03 17:44:59,M32/5077A,0.0,0.0,0.0
2020-01-03 17:59:59,M32/5077A,0.0,0.0,0.0
2020-01-03 18:14:59,M32/5077A,0.0,0.0,0.0
2020-01-03 18:29:59,M32/5077A,0.0,0.0,0.0
2020-01-03 18:44:59,M32/5077A,0.0,0.0,0.0
2020-01-03 18:59:59,M32/5077A,0.0,0.0,0.0
2020-01-03 19:14:59,M32/5077A,0.0,0.0,0.0
2020-01-03 19:29:59,M32/5077A,0.0,0.0,0.0
2020-01-03 19:44:59,M32/5077A,0.0,0.0,0.0
2020-01-03 19:59:59,M32/5077A,0.0,0.0,0.0
2020-01-03 20:14:59,M32/5077A,0.0,0.0,0.0
2020-01-03 20:29:59,M32/5077A,0.0,0.0,0.0
2020-01-03 20:44:59,M32/5077A,0.0,0.0,0.0
2020-01-03 20:59:59,M32/5077A,0.0,0.0,0.0
2020-01-03 21:14:59,M32/5077A,0.0,0.0,0.0
2020-01-03 21:29:59,M32/5077A,0.0,0.0,0.0
2020-01-03 21:44:59,M32/5077A,0.0,0.0,0.0
2020-01-03 21:59:59,M32/5077A,0.0,0.0,0.0
2020-01-03 22:14:59,M32/5077A,0.0,0.0,0.0
2020-01-03 22:29:59,M32/5077A,0.0,0.0,0.0
2020-01-03 22:44:59,M32/5077A,0.0,0.0,0.0
2020-01-03 22:59:59,M32/5077A,0.0,0.0,0.0
2020-01-03 23:14:59,M32/5077A,0.0,0.0,0.0
2020-01-03 23:29:59,M32/5077A,0.0,0.0,0.0
2020-01-03 23:44:59,M32/5077A,0.0,0.0,0.0
2020-01-03 23:59:59,M32/5077A,0.0,0.0,0.0
2020-01-04 00:14:59,M32/5077A,0.0,0.0,0.0
2020-01-04 00:29:59,M32/5077A,0.0,0.0,0.0
2020-01-04 00:44:59,M32/5077A,0.0,0.0,0.0
2020-01-04 00:59:59,M32/5077A,0.0,0.0,0.0
2020-01-04 01:14:59,M32/5077A,0.0,0.0,0.0
2020-01-04 01:29:59,M32/5077A,0.0,0.0,0.0
2020-01-04 01:44:59,M32/5077A,0.0,0.0,0.0
2020-01-04 01:59:59,M32/5077A,0.0,0.0,0.0
2020-01-04 02:14:59,M32/5077A,0.0,0.0,0.0
2020-01-04 02:29:59,M32/5077A,0.0,0.0,0.0
2020-01-04 02:44:59,M32/5077A,0.0,0.0,0.0
2020-01-04 02:59:59,M32/5077A,0.0,0.0,0.0
2020-01-04 03:14:59,M32/5077A,0.0,0.0,0.0
2020-01-04 03:29:59,M32/5077A,0.0,0.0,0.0
2020-01-04 03:44:59,M32/5077A,0.0,0.0,0.0
2020-01-04 03:59:59,M32/5077A,0.0,0.0,0.0
2020-01-04 04:14:59,M32/5077A,0.0,0.0,0.0
2020-01-04 04:29:59,M32/5077A,0.0,0.0,0.0
2020-01-04 04:44:59,M32/5077A,0.0,0.0,0.0
2020-01-04 04:59:59,M32/5077A,0.0,0.0,0.0
2020-01-04 05:14:59,M32/5077A,0.0,0.0,0.0
2020-01-04 05:29:59,M32/5077A,0.0,0.0,0.0
2020-01-04 05:44:59,M32/5077A,0.0,0.0,0.0
2020-01-04 05:59:59,M32/5077A,0.0,0.0,0.0
2020-01-04 06:14:59,M32/5077A,0.0,0.0,0.0
2020-01-04 06:29:59,M32/5077A,0.0,0.0,0.0
2020-01-04 06:44:59,M32/5077A,0.0,0.0,0.0
2020-01-04 06:59:59,M32/5077A,0.0,0.0,0.0
2020-01-04 07:14:59,M32/5077A,0.0,0.0,0.0
2020-01-04 07:29:59,M32/5077A,0.0,0.0,0.0
2020-01-04 07:44:59,M32/5077A,0.0,0.0,0.0
2020-01-04 07:59:59,M32/5077A,0.0,0.0,0.0
2020-01-04 08:14:59,M32/5077A,0.0,0.0,0.0
2020-01-04 08:29:59,M32/5077A,0.0,0.0,0.0
2020-01-04 08:44:59,M32/5077A,0.0,0.0,0.0
2020-01-04 08:59:59,M32/5077A,0.0,0.0,0.0
2020-01-04 09:14:59,M32/5077A,0.0,0.0,0.0
2020-01-04 09:29:59,M32/5077A,0.0,0.0,0.0
2020-01-04 09:44:59,M32/5077A,0.0,0.0,0.0
2020-01-04 09:59:59,M32/5077A,0.0,0.0,0.0
2020-01-04 10:14:59,M32/5077A,0.0,0.0,0.0
2020-01-04 10:29:59,M32/5077A,0.0,0.0,0.0
2020-01-04 10:44:59,M32/5077A,0.0,0.0,0.0
2020-01-04 10:59:59,M32/5077A,0.0,0.0,0.0
2020-01-04 11:14:59,M32/5077A,0.0,0.0,0.0
2020-01-04 11:29:59,M32/5077A,0.0,0.0,0.0
2020-01-04 11:44:59,M32/5077A,0.0,0.0,0.0
2020-01-04 11:59:59,M32/5077A,0.0,0.0,0.0
2020-01-04 12:14:59,M32/5077A,0.0,0.0,0.0
2020-01-04 12:29:59,M32/5077A,0.0,0.0,0.0
2020-01-04 12:44:59,M32/5077A,0.0,0.0,0.0
2020-01-04 12:59:59,M32/5077A,0.0,0.0,0.0
2020-01-04 13:14:59,M32/5077A,0.0,0.0,0.0
2020-01-04 13:29:59,M32/5077A,0.0,0.0,0.0
2020-01-04 13:44:59,M32/5077A,0.0,0.0,0.0
2020-01-04 13:59:59,M32/5077A,0.0,0.0,0.0
2020-01-04 14:14:59,M32/5077A,0.0,0.0,0.0
2020-01-04 14:29:59,M32/5077A,0.0,0.0,0.0
2020-01-04 14:44:59,M32/5077A,0.0,0.0,0.0
2020-01-04 14:59:59,M32/5077A,0.0,0.0,0.0
2020-01-04 15:14:59,M32/5077A,0.0,0.0,0.0
2020-01-04 15:29:59,M32/5077A,0.0,0.0,0.0
2020-01-04 15:44:59,M32/5077A,0.0,0.0,0.0
2020-01-04 15:59:59,M32/5077A,0.0,0.0,0.0
2020-01-04 16:14:59,M32/5077A,0.0,0.0,0.0
2020-01-04 16:29:59,M32/5077A,0.0,0.0,0.0
2020-01-04 16:44:59,M32/5077A,0.0,0.0,0.0
2020-01-04 16:59:59,M32/5077A,0.0,0.0,0.0
2020-01-04 17:14:59,M32/5077A,0.0,0.0,0.0
2020-01-04 17:29:59,M32/5077A,0.0,0.0,0.0
2020-01-04 17:44:59,M32/5077A,0.0,0.0,0.0
2020-01-04 17:59:59,M32/5077A,0.0,0.0,0.0
2020-01-04 18:14:59,M32/5077A,0.0,0.0,0.0
2020-01-04 18:29:59,M32/5077A,0.0,0.0,0.0
2020-01-04 18:44:59,M32/5077A,0.0,0.0,0.0
2020-01-04 18:59:59,M32/5077A,0.0,0.0,0.0
2020-01-04 19:14:59,M32/5077A,0.0,0.0,0.0
2020-01-04 19:29:59,M32/5077A,0.0,0.0,0.0
2020-01-04 19:44:59,M32/5077A,0.0,0.0,0.0
2020-01-04 19:59:59,M32/5077A,0.0,0.0,0.0
2020-01-04 20:14:59,M32/5077A,0.0,0.0,0.0
2020-01-04 20:29:59,M32/5077A,0.0,0.0,0.0
2020-01-04 20:44:59,M32/5077A,0.0,0.0,0.0
2020-01-04 20:59:59,M32/5077A,0.0,0.0,0.0
2020-01-04 21:14:59,M32/5077A,0.0,0.0,0.0
2020-01-04 21:29:59,M32/5077A,0.0,0.0,0.0
2020-01-04 21:44:59,M32/5077A,0.0,0.0,0.0
2020-01-04 21:59:59,M32/5077A,0.0,0.0,0.0
2020-01-04 22:14:59,M32/5077A,0.0,0.0,0.0
2020-01-04 22:29:59,M32/5077A,0.0,0.0,0.0
2020-01-04 22:44:59,M32/5077A,0.0,0.0,0.0
2020-01-04 22:59:59,M32/5077A,0.0,0.0,0.0
2020-01-04 23:14:59,M32/5077A,0.0,0.0,0.0
2020-01-04 23:29:59,M32/5077A,0.0,0.0,0.0
2020-01-04 23:44:59,M32/5077A,0.0,0.0,0.0
2020-01-04 23:59:59,M32/5077A,0.0,0.0,0.0
2020-01-05 00:14:59,M32/5077A,0.0,0.0,0.0
2020-01-05 00:29:59,M32/5077A,0.0,0.0,0.0
2020-01-05 00:44:59,M32/5077A,0.0,0.0,0.0
2020-01-05 00:59:59,M32/5077A,0.0,0.0,0.0
2020-01-05 01:14:59,M32/5077A,0.0,0.0,0.0
2020-01-05 01:29:59,M32/5077A,0.0,0.0,0.0
2020-01-05 01:44:59,M32/5077A,0.0,0.0,0.0
2020-01-05 01:59:59,M32/5077A,0.0,0.0,0.0
2020-01-05 02:14:59,M32/5077A,0.0,0.0,0.0
2020-01-05 02:29:59,M32/5077A,0.0,0.0,0.0
2020-01-05 02:44:59,M32/5077A,0.0,0.0,0.0
2020-01-05 02:59:59,M32/5077A,0.0,0.0,0.0
2020-01-05 03:14:59,M32/5077A,0.0,0.0,0.0
2020-01-05 03:29:59,M32/5077A,0.0,0.0,0.0
2020-01-05 03:44:59,M32/5077A,0.0,0.0,0.0
2020-01-05 03:59:59,M32/5077A,0.0,0.0,0.0
2020-01-05 04:14:59,M32/5077A,0.0,0.0,0.0
2020-01-05 04:29:59,M32/5077A,0.0,0.0,0.0
2020-01-05 04:44:59,M32/5077A,0.0,0.0,0.0
2020-01-05 04:59:59,M32/5077A,0.0,0.0,0.0
2020-01-05 05:14:59,M32/5077A,0.0,0.0,0.0
2020-01-05 05:29:59,M32/5077A,0.0,0.0,0.0
2020-01-05 05:44:59,M32/5077A,0.0,0.0,0.0
2020-01-05 05:59:59,M32/5077A,0.0,0.0,0.0
2020-01-05 06:14:59,M32/5077A,0.0,0.0,0.0
2020-01-05 06:29:59,M32/5077A,0.0,0.0,0.0
2020-01-05 06:44:59,M32/5077A,0.0,0.0,0.0
2020-01-05 06:59:59,M32/5077A,0.0,0.0,0.0
2020-01-05 07:14:59,M32/5077A,0.0,0.0,0.0
2020-01-05 07:29:59,M32/5077A,0.0,0.0,0.0
2020-01-05 07:44:59,M32/5077A,0.0,0.0,0.0
2020-01-05 07:59:59,M32/5077A,0.0,0.0,0.0
2020-01-05 08:14:59,M32/5077A,0.0,0.0,0.0
2020-01-05 08:29:59,M32/5077A,0.0,0.0,0.0
2020-01-05 08:44:59,M32/5077A,0.0,0.0,0.0
2020-01-05 08:59:59,M32/5077A,0.0,0.0,0.0
2020-01-05 09:14:59,M32/5077A,0.0,0.0,0.0
2020-01-05 09:29:59,M32/5077A,0.0,0.0,0.0
2020-01-05 09:44:59,M32/5077A,0.0,0.0,0.0
2020-01-05 09:59:59,M32/5077A,0.0,0.0,0.0
2020-01-05 10:14:59,M32/5077A,0.0,0.0,0.0
2020-01-05 10:29:59,M32/5077A,0.0,0.0,0.0
2020-01-05 10:44:59,M32/5077A,0.0,0.0,0.0
2020-01-05 10:59:59,M32/5077A,0.0,0.0,0.0
2020-01-05 11:14:59,M32/5077A,0.0,0.0,0.0
2020-01-05 11:29:59,M32/5077A,0.0,0.0,0.0
2020-01-05 11:44:59,M32/5077A,0.0,0.0,0.0
2020-01-05 11:59:59,M32/5077A,0.0,0.0,0.0
2020-01-05 12:14:59,M32/5077A,0.0,0.0,0.0
2020-01-05 12:29:59,M32/5077A,0.0,0.0,0.0
2020-01-05 12:44:59,M32/5077A,0.0,0.0,0.0
2020-01-05 12:59:59,M32/5077A,0.0,0.0,0.0
2020-01-05 13:14:59,M32/5077A,0.0,0.0,0.0
2020-01-05 13:29:59,M32/5077A,0.0,0.0,0.0
2020-01-05 13:44:59,M32/5077A,0.0,0.0,0.0
2020-01-05 13:59:59,M32/5077A,0.0,0.0,0.0
2020-01-05 14:14:59,M32/5077A,0.0,0.0,0.0
2020-01-05 14:29:59,M32/5077A,0.0,0.0,0.0
2020-01-05 14:44:59,M32/5077A,0.0,0.0,0.0
2020-01-05 14:59:59,M32/5077A,0.0,0.0,0.0
2020-01-05 15:14:59,M32/5077A,0.0,0.0,0.0
2020-01-05 15:29:59,M32/5077A,0.0,0.0,0.0
2020-01-05 15:44:59,M32/5077A,0.0,0.0,0.0
2020-01-05 15:59:59,M32/5077A,0.0,0.0,0.0
2020-01-05 16:14:59,M32/5077A,0.0,0.0,0.0
2020-01-05 16:29:59,M32/5077A,0.0,0.0,0.0
2020-01-05 16:44:59,M32/5077A,0.0,0.0,0.0
2020-01-05 16:59:59,M32/5077A,0.0,0.0,0.0
2020-01-05 17:14:59,M32/5077A,0.0,0.0,0.0
2020-01-05 17:29:59,M32/5077A,0.0,0.0,0.0
2020-01-05 17:44:59,M32/5077A,0.0,0.0,0.0
2020-01-05 17:59:59,M32/5077A,0.0,0.0,0.0
2020-01-05 18:14:59,M32/5077A,0.0,0.0,0.0
2020-01-05 18:29:59,M32/5077A,0.0,0.0,0.0
2020-01-05 18:44:59,M32/5077A,0.0,0.0,0.0
2020-01-05 18:59:59,M32/5077A,0.0,0.0,0.0
2020-01-05 19:14:59,M32/5077A,0.0,0.0,0.0
2020-01-05 19:29:59,M32/5077A,0.0,0.0,0.0
2020-01-05 19:44:59,M32/5077A,0.0,0.0,0.0
2020-01-05 19:59:59,M32/5077A,0.0,0.0,0.0
2020-01-05 20:14:59,M32/5077A,0.0,0.0,0.0
2020-01-05 20:29:59,M32/5077A,0.0,0.0,0.0
2020-01-05 20:44:59,M32/5077A,0.0,0.0,0.0
2020-01-05 20:59:59,M32/5077A,0.0,0.0,0.0
2020-01-05 21:14:59,M32/5077A,0.0,0.0,0.0
2020-01-05 21:29:59,M32/5077A,0.0,0.0,0.0
2020-01-05 21:44:59,M32/5077A,0.0,0.0,0.0
2020-01-05 21:59:59,M32/5077A,0.0,0.0,0.0
2020-01-05 22:14:59,M32/5077A,0.0,0.0,0.0
2020-01-05 22:29:59,M32/5077A,0.0,0.0,0.0
2020-01-05 22:44:59,M32/5077A,0.0,0.0,0.0
2020-01-05 22:59:59,M32/5077A,0.0,0.0,0.0
2020-01-05 23:14:59,M32/5077A,0.0,0.0,0.0
2020-01-05 23:29:59,M32/5077A,0.0,0.0,0.0
2020-01-05 23:44:59,M32/5077A,0.0,0.0,0.0
2020-01-05 23:59:59,M32/5077A,0.0,0.0,0.0
2020-01-06 00:14:59,M32/5077A,0.0,0.0,0.0
2020-01-06 00:29:59,M32/5077A,0.0,0.0,0.0
2020-01-06 00:44:59,M32/5077A,0.0,0.0,0.0
2020-01-06 00:59:59,M32/5077A,0.0,0.0,0.0
2020-01-06 01:14:59,M32/5077A,0.0,0.0,0.0
2020-01-06 01:29:59,M32/5077A,0.0,0.0,0.0
2020-01-06 01:44:59,M32/5077A,0.0,0.0,0.0
2020-01-06 01:59:59,M32/5077A,0.0,0.0,0.0
2020-01-06 02:14:59,M32/5077A,0.0,0.0,0.0
2020-01-06 02:29:59,M32/5077A,0.0,0.0,0.0
2020-01-06 02:44:59,M32/5077A,0.0,0.0,0.0
2020-01-06 02:59:59,M32/5077A,0.0,0.0,0.0
2020-01-06 03:14:59,M32/5077A,0.0,0.0,0.0
2020-01-06 03:29:59,M32/5077A,0.0,0.0,0.0
2020-01-06 03:44:59,M32/5077A,0.0,0.0,0.0
2020-01-06 03:59:59,M32/5077A,0.0,0.0,0.0
2020-01-06 04:14:59,M32/5077A,0.0,0.0,0.0
2020-01-06 04:29:59,M32/5077A,0.0,0.0,0.0
2020-01-06 04:44:59,M32/5077A,0.0,0.0,0.0
2020-01-06 04:59:59,M32/5077A,0.0,0.0,0.0
2020-01-06 05:14:59,M32/5077A,0.0,0.0,0.0
2020-01-06 05:29:59,M32/5077A,0.0,0.0,0.0
2020-01-06 05:44:59,M32/5077A,0.0,0.0,0.0
2020-01-06 05:59:59,M32/5077A,0.0,0.0,0.0
2020-01-06 06:14:59,M32/5077A,0.0,0.0,0.0
2020-01-06 06:29:59,M32/5077A,0.0,0.0,0.0
2020-01-06 06:44:59,M32/5077A,0.0,0.0,0.0
2020-01-06 06:59:59,M32/5077A,0.0,0.0,0.0
2020-01-06 07:14:59,M32/5077A,0.0,0.0,0.0
2020-01-06 07:29:59,M32/5077A,0.0,0.0,0.0
2020-01-06 07:44:59,M32/5077A,0.0,0.0,0.0
2020-01-06 07:59:59,M32/5077A,0.0,0.0,0.0
2020-01-06 08:14:59,M32/5077A,0.0,0.0,0.0
2020-01-06 08:29:59,M32/5077A,0.0,0.0,0.0
2020-01-06 08:44:59,M32/5077A,0.0,0.0,0.0
2020-01-06 08:59:59,M32/5077A,0.0,0.0,0.0
2020-01-06 09:14:59,M32/5077A,0.0,0.0,0.0
2020-01-06 09:29:59,M32/5077A,0.0,0.0,0.0
2020-01-06 09:44:59,M32/5077A,0.0,0.0,0.0
2020-01-06 09:59:59,M32/5077A,0.0,0.0,0.0
2020-01-06 10:14:59,M32/5077A,0.0,0.0,0.0
2020-01-06 10:29:59,M32/5077A,0.0,0.0,0.0
2020-01-06 10:44:59,M32/5077A,0.0,0.0,0.0
2020-01-06 10:59:59,M32/5077A,0.0,0.0,0.0
2020-01-06 11:14:59,M32/5077A,0.0,0.0,0.0
2020-01-06 11:29:59,M32/5077A,0.0,0.0,0.0
2020-01-06 11:44:59,M32/5077A,0.0,0.0,0.0
2020-01-06 11:59:59,M32/5077A,0.0,0.0,0.0
2020-01-06 12:14:59,M32/5077A,0.0,0.0,0.0
2020-01-06 12:29:59,M32/5077A,0.0,0.0,0.0
2020-01-06 12:44:59,M32/5077A,0.0,0.0,0.0
2020-01-06 12:59:59,M32/5077A,0.0,0.0,0.0
2020-01-06 13:14:59,M32/5077A,0.0,0.0,0.0
2020-01-06 13:29:59,M32/5077A,0.0,0.0,0.0
2020-01-06 13:44:59,M32/5077A,0.0,0.0,0.0
2020-01-06 13:59:59,M32/5077A,0.0,0.0,0.0
2020-01-06 14:14:59,M32/5077A,0.0,0.0,0.0
2020-01-06 14:29:59,M32/5077A,0.0,0.0,0.0
2020-01-06 14:44:59,M32/5077A,0.0,0.0,0.0
2020-01-06 14:59:59,M32/5077A,0.0,0.0,0.0
2020-01-06 15:14:59,M32/5077A,0.0,0.0,0.0
2020-01-06 15:29:59,M32/5077A,0.0,0.0,0.0
2020-01-06 15:44:59,M32/5077A,0.0,0.0,0.0
2020-01-06 15:59:59,M32/5077A,0.0,0.0,0.0
2020-01-06 16:14:59,M32/5077A,0.0,0.0,0.0
2020-01-06 16:29:59,M32/5077A,0.0,0.0,0.0
2020-01-06 16:44:59,M32/5077A,0.0,0.0,0.0
2020-01-06 16:59:59,M32/5077A,0.0,0.0,0.0
2020-01-06 17:14:59,M32/5077A,0.0,0.0,0.0
2020-01-06 17:29:59,M32/5077A,0.0,0.0,0.0
2020-01-06 17:44:59,M32/5077A,0.0,0.0,0.0
2020-01-06 17:59:59,M32/5077A,0.0,0.0,0.0
2020-01-06 18:14:59,M32/5077A,0.0,0.0,0.0
2020-01-06 18:29:59,M32/5077A,0.0,0.0,0.0
2020-01-06 18:44:59,M32/5077A,0.0,0.0,0.0
2020-01-06 18:59:59,M32/5077A,0.0,0.0,0.0
2020-01-06 19:14:59,M32/5077A,0.0,0.0,0.0
2020-01-06 19:29:59,M32/5077A,0.0,0.0,0.0
2020-01-06 19:44:59,M32/5077A,0.0,0.0,0.0
2020-01-06 19:59:59,M32/5077A,0.0,0.0,0.0
2020-01-06 20:14:59,M32/5077A,0.0,0.0,0.0
2020-01-06 20:29:59,M32/5077A,0.0,0.0,0.0
2020-01-06 20:44:59,M32/5077A,0.0,0.0,0.0
2020-01-06 20:59:59,M32/5077A,0.0,0.0,0.0
2020-01-06 21:14:59,M32/5077A,0.0,0.0,0.0
2020-01-06 21:29:59,M32/5077A,0.0,0.0,0.0
2020-01-06 21:44:59,M32/5077A,0.0,0.0,0.0
2020-01-06 21:59:59,M32/5077A,0.0,0.0,0.0
2020-01-06 22:14:59,M32/5077A,0.0,0.0,0.0
2020-01-06 22:29:59,M32/5077A,0.0,0.0,0.0
2020-01-06 22:44:59,M32/5077A,0.0,0.0,0.0
2020-01-06 22:59:59,M32/5077A,0.0,0.0,0.0
2020-01-06 23:14:59,M32/5077A,0.0,0.0,0.0
2020-01-06 23:29:59,M32/5077A,0.0,0.0,0.0
2020-01-06 23:44:59,M32/5077A,0.0,0.0,0.0
2020-01-06 23:59:59,M32/5077A,0.0,0.0,0.0
2020-01-07 00:14:59,M32/5077A,0.0,0.0,0.0
2020-01-07 00:29:59,M32/5077A,0.0,0.0,0.0
2020-01-07 00:44:59,M32/5077A,0.0,0.0,0.0
2020-01-07 00:59:59,M32/5077A,0.0,0.0,0.0
2020-01-07 01:14:59,M32/5077A,0.0,0.0,0.0
2020-01-07 01:29:59,M32/5077A,0.0,0.0,0.0
2020-01-07 01:44:59,M32/5077A,0.0,0.0,0.0
2020-01-07 01:59:59,M32/5077A,0.0,0.0,0.0
2020-01-07 02:14:59,M32/5077A,0.0,0.0,0.0
2020-01-07 02:29:59,M32/5077A,0.0,0.0,0.0
2020-01-07 02:44:59,M32/5077A,0.0,0.0,0.0
2020-01-07 02:59:59,M32/5077A,0.0,0.0,0.0
2020-01-07 03:14:59,M32/5077A,0.0,0.0,0.0
2020-01-07 03:29:59,M32/5077A,0.0,0.0,0.0
2020-01-07 03:44:59,M32/5077A,0.0,0.0,0.0
2020-01-07 03:59:59,M32/5077A,0.0,0.0,0.0
2020-01-07 04:14:59,M32/5077A,0.0,0.0,0.0
2020-01-07 04:29:59,M32/5077A,0.0,0.0,0.0
2020-01-07 04:44:59,M32/5077A,0.0,0.0,0.0
2020-01-07 04:59:59,M32/5077A,0.0,0.0,0.0
2020-01-07 05:14:59,M32/5077A,0.0,0.0,0.0
2020-01-07 05:29:59,M32/5077A,0.0,0.0,0.0
2020-01-07 05:44:59,M32/5077A,0.0,0.0,0.0
2020-01-07 05:59:59,M32/5077A,0.0,0.0,0.0
2020-01-07 06:14:59,M32/5077A,0.0,0.0,0.0
2020-01-07 06:29:59,M32/5077A,0.0,0.0,0.0
2020-01-07 06:44:59,M32/5077A,0.0,0.0,0.0
2020-01-07 06:59:59,M32/5077A,0.0,0.0,0.0
2020-01-07 07:14:59,M32/5077A,0.0,0.0,0.0
2020-01-07 07:29:59,M32/5077A,0.0,0.0,0.0
2020-01-07 07:44:59,M32/5077A,0.0,0.0,0.0
2020-01-07 07:59:59,M32/5077A,0.0,0.0,0.0
2020-01-07 08:14:59,M32/5077A,0.0,0.0,0.0
2020-01-07 08:29:59,M32/5077A,0.0,0.0,0.0
2020-01-07 08:44:59,M32/5077A,0.0,0.0,0.0
2020-01-07 08:59:59,M32/5077A,0.0,0.0,0.0
2020-01-07 09:14:59,M32/5077A,0.0,0.0,0.0
2020-01-07 09:29:59,M32/5077A,0.0,0.0,0.0
2020-01-07 09:44:59,M32/5077A,0.0,0.0,0.0
2020-01-07 09:59:59,M32/5077A,0.0,0.0,0.0
2020-01-07 10:14:59,M32/5077A,0.0,0.0,0.0
2020-01-07 10:29:59,M32/5077A,0.0,0.0,0.0
2020-01-07 10:44:59,M32/5077A,0.0,0.0,0.0
2020-01-07 10:59:59,M32/5077A,0.0,0.0,0.0
2020-01-07 11:14:59,M32/5077A,0.0,0.0,0.0
2020-01-07 11:29:59,M32/5077A,0.0,0.0,0.0
2020-01-07 11:44:59,M32/5077A,0.0,0.0,0.0
2020-01-07 11:59:59,M32/5077A,0.0,0.0,0.0
2020-01-07 12:14:59,M32/5077A,0.0,0.0,0.0
2020-01-07 12:29:59,M32/5077A,0.0,0.0,0.0
2020-01-07 12:44:59,M32/5077A,0.0,0.0,0.0
2020-01-07 12:59:59,M32/5077A,0.0,0.0,0.0
2020-01-07 13:14:59,M32/5077A,0.0,0.0,0.0
2020-01-07 13:29:59,M32/5077A,0.0,0.0,0.0
2020-01-07 13:44:59,M32/5077A,0.0,0.0,0.0
2020-01-07 13:59:59,M32/5077A,0.0,0.0,0.0
2020-01-07 14:14:59,M32/5077A,0.0,0.0,0.0
2020-01-07 14:29:59,M32/5077A,0.0,0.0,0.0
2020-01-07 14:44:59,M32/5077A,0.0,0.0,0.0
2020-01-07 14:59:59,M32/5077A,0.0,0.0,0.0
2020-01-07 15:14:59,M32/5077A,0.0,0.0,0.0
2020-01-07 15:29:59,M32/5077A,0.0,0.0,0.0
2020-01-07 15:44:59,M32/5077A,0.0,0.0,0.0
2020-01-07 15:59:59,M32/5077A,0.0,0.0,0.0
2020-01-07 16:14:59,M32/5077A,0.0,0.0,0.0
2020-01-07 16:29:59,M32/5077A,0.0,0.0,0.0
2020-01-07 16:44:59,M32/5077A,0.0,0.0,0.0
2020-01-07 16:59:59,M32/5077A,0.0,0.0,0.0
2020-01-07 17:14:59,M32/5077A,0.0,0.0,0.0
2020-01-07 17:29:59,M32/5077A,0.0,0.0,0.0
2020-01-07 17:44:59,M32/5077A,0.0,0.0,0.0
2020-01-07 17:59:59,M32/5077A,0.0,0.0,0.0
2020-01-07 18:14:59,M32/5077A,0.0,0.0,0.0
2020-01-07 18:29:59,M32/5077A,0.0,0.0,0.0
2020-01-07 18:44:59,M32/5077A,0.0,0.0,0.0
2020-01-07 18:59:59,M32/5077A,0.0,0.0,0.0
2020-01-07 19:14:59,M32/5077A,0.0,0.0,0.0
2020-01-07 19:29:59,M32/5077A,0.0,0.0,0.0
2020-01-07 19:44:59,M32/5077A,0.0,0.0,0.0
2020-01-07 19:59:59,M32/5077A,0.0,0.0,0.0
2020-01-07 20:14:59,M32/5077A,0.0,0.0,0.0
2020-01-07 20:29:59,M32/5077A,0.0,0.0,0.0
2020-01-07 20:44:59,M32/5077A,0.0,0.0,0.0
2020-01-07 20:59:59,M32/5077A,0.0,0.0,0.0
2020-01-07 21:14:59,M32/5077A,0.0,0.0,0.0
2020-01-07 21:29:59,M32/5077A,0.0,0.0,0.0
2020-01-07 21:44:59,M32/5077A,0.0,0.0,0.0
2020-01-07 21:59:59,M32/5077A,0.0,0.0,0.0
2020-01-07 22:14:59,M32/5077A,0.0,0.0,0.0
2020-01-07 22:29:59,M32/5077A,0.0,0.0,0.0
2020-01-07 22:44:59,M32/5077A,0.0,0.0,0.0
2020-01-07 22:59:59,M32/5077A,0.0,0.0,0.0
2020-01-07 23:14:59,M32/5077A,0.0,0.0,0.0
2020-01-07 23:29:59,M32/5077A,0.0,0.0,0.0
2020-01-07 23:44:59,M32/5077A,0.0,0.0,0.0
2020-01-07 23:59:59,M32/5077A,0.0,0.0,0.0
2020-01-08 00:14:59,M32/5077A,0.0,0.0,0.0
2020-01-08 00:29:59,M32/5077A,0.0,0.0,0.0
2020-01-08 00:44:59,M32/5077A,0.0,0.0,0.0
2020-01-08 00:59:59,M32/5077A,0.0,0.0,0.0
2020-01-08 01:14:59,M32/5077A,0.0,0.0,0.0
2020-01-08 01:29:59,M32/5077A,0.0,0.0,0.0
2020-01-08 01:44:59,M32/5077A,0.0,0.0,0.0
2020-01-08 01:59:59,M32/5077A,0.0,0.0,0.0
2020-01-08 02:14:59,M32/5077A,0.0,0.0,0.0
2020-01-08 02:29:59,M32/5077A,0.0,0.0,0.0
2020-01-08 02:44:59,M32/5077A,0.0,0.0,0.0
2020-01-08 02:59:59,M32/5077A,0.0,0.0,0.0
2020-01-08 03:14:59,M32/5077A,0.0,0.0,0.0
2020-01-08 03:29:59,M32/5077A,0.0,0.0,0.0
2020-01-08 03:44:59,M32/5077A,0.0,0.0,0.0
2020-01-08 03:59:59,M32/5077A,0.0,0.0,0.0
2020-01-08 04:14:59,M32/5077A,0.0,0.0,0.0
2020-01-08 04:29:59,M32/5077A,0.0,0.0,0.0
2020-01-08 04:44:59,M32/5077A,0.0,0.0,0.0
2020-01-08 04:59:59,M32/5077A,0.0,0.0,0.0
2020-01-08 05:14:59,M32/5077A,0.0,0.0,0.0
2020-01-08 05:29:59,M32/5077A,0.0,0.0,0.0
2020-01-08 05:44:59,M32/5077A,0.0,0.0,0.0
2020-01-08 05:59:59,M32/5077A,0.0,0.0,0.0
2020-01-08 06:14:59,M32/5077A,0.0,0.0,0.0
2020-01-08 06:29:59,M32/5077A,0.0,0.0,0.0
2020-01-08 06:44:59,M32/5077A,0.0,0.0,0.0
2020-01-08 06:59:59,M32/5077A,0.0,0.0,0.0
2020-01-08 07:14:59,M32/5077A,0.0,0.0,0.0
2020-01-08 07:29:59,M32/5077A,0.0,0.0,0.0
2020-01-08 07:44:59,M32/5077A,0.0,0.0,0.0
2020-01-08 07:59:59,M32/5077A,0.0,0.0,0.0
2020-01-08 08:14:59,M32/5077A,0.0,0.0,0.0
2020-01-08 08:29:59,M32/5077A,0.0,0.0,0.0
2020-01-08 08:44:59,M32/5077A,0.0,0.0,0.0
2020-01-08 08:59:59,M32/5077A,0.0,0.0,0.0
2020-01-08 09:14:59,M32/5077A,0.0,0.0,0.0
2020-01-08 09:29:59,M32/5077A,0.0,0.0,0.0
2020-01-08 09:44:59,M32/5077A,0.0,0.0,0.0
2020-01-08 09:59:59,M32/5077A,0.0,0.0,0.0
2020-01-08 10:14:59,M32/5077A,0.0,0.0,0.0
2020-01-08 10:29:59,M32/5077A,0.0,0.0,0.0
2020-01-08 10:44:59,M32/5077A,0.0,0.0,0.0
2020-01-08 10:59:59,M32/5077A,0.0,0.0,0.0
2020-01-08 11:14:59,M32/5077A,0.0,0.0,0.0
2020-01-08 11:29:59,M32/5077A,0.0,0.0,0.0
2020-01-08 11:44:59,M32/5077A,0.0,0.0,0.0
2020-01-08 11:59:59,M32/5077A,0.0,0.0,0.0
2020-01-08 12:14:59,M32/5077A,0.0,0.0,0.0
2020-01-08 12:29:59,M32/5077A,0.0,0.0,0.0
2020-01-08 12:44:59,M32/5077A,0.0,0.0,0.0
2020-01-08 12:59:59,M32/5077A,0.0,0.0,0.0
2020-01-08 13:14:59,M32/5077A,0.0,0.0,0.0
2020-01-08 13:29:59,M32/5077A,0.0,0.0,0.0
2020-01-08 13:44:59,M32/5077A,0.0,0.0,0.0
2020-01-08 13:59:59,M32/5077A,0.0,0.0,0.0
2020-01-08 14:14:59,M32/5077A,0.0,0.0,0.0
2020-01-08 14:29:59,M32/5077A,0.0,0.0,0.0
2020-01-08 14:44:59,M32/5077A,0.0,0.0,0.0
2020-01-08 14:59:59,M32/5077A,0.0,0.0,0.0
2020-01-08 15:14:59,M32/5077A,0.0,0.0,0.0
2020-01-08 15:29:59,M32/5077A,0.0,0.0,0.0
2020-01-08 15:44:59,M32/5077A,0.0,0.0,0.0
2020-01-08 15:59:59,M32/5077A,0.0,0.0,0.0
2020-01-08 16:14:59,M32/5077A,0.0,0.0,0.0
2020-01-08 16:29:59,M32/5077A,0.0,0.0,0.0
2020-01-08 16:44:59,M32/5077A,0.0,0.0,0.0
2020-01-08 16:59:59,M32/5077A,0.0,0.0,0.0
2020-01-08 17:14:59,M32/5077A,0.0,0.0,0.0
2020-01-08 17:29:59,M32/5077A,0.0,0.0,0.0
2020-01-08 17:44:59,M32/5077A,0.0,0.0,0.0
2020-01-08 17:59:59,M32/5077A,0.0,0.0,0.0
2020-01-08 18:14:59,M32/5077A,0.0,0.0,0.0
2020-01-08 18:29:59,M32/5077A,0.0,0.0,0.0
2020-01-08 18:44:59,M32/5077A,0.0,0.0,0.0
2020-01-08 18:59:59,M32/5077A,0.0,0.0,0.0
2020-01-08 19:14:59,M32/5077A,0.0,0.0,0.0
2020-01-08 19:29:59,M32/5077A,0.0,0.0,0.0
2020-01-08 19:44:59,M32/5077A,0.0,0.0,0.0
2020-01-08 19:59:59,M32/5077A,0.0,0.0,0.0
2020-01-08 20:14:59,M32/5077A,0.0,0.0,0.0
2020-01-08 20:29:59,M32/5077A,0.0,0.0,0.0
2020-01-08 20:44:59,M32/5077A,0.0,0.0,0.0
2020-01-08 20:59:59,M32/5077A,0.0,0.0,0.0
2020-01-08 21:14:59,M32/5077A,0.0,0.0,0.0
2020-01-08 21:29:59,M32/5077A,0.0,0.0,0.0
2020-01-08 21:44:59,M32/5077A,0.0,0.0,0.0
2020-01-08 21:59:59,M32/5077A,0.0,0.0,0.0
2020-01-08 22:14:59,M32/5077A,0.0,0.0,0.0
2020-01-08 22:29:59,M32/5077A,0.0,0.0,0.0
2020-01-08 22:44:59,M32/5077A,0.0,0.0,0.0
2020-01-08 22:59:59,M32/5077A,0.0,0.0,0.0
2020-01-08 23:14:59,M32/5077A,0.0,0.0,0.0
2020-01-08 23:29:59,M32/5077A,0.0,0.0,0.0
2020-01-08 23:44:59,M32/5077A,0.0,0.0,0.0
2020-01-08 23:59:59,M32/5077A,0.0,0.0,0.0
2020-01-09 00:14:59,M32/5077A,0.0,0.0,0.0
2020-01-09 00:29:59,M32/5077A,0.0,0.0,0.0
2020-01-09 00:44:59,M32/5077A,0.0,0.0,0.0
2020-01-09 00:59:59,M32/5077A,0.0,0.0,0.0
2020-01-09 01:14:59,M32/5077A,0.0,0.0,0.0
2020-01-09 01:29:59,M32/5077A,0.0,0.0,0.0
2020-01-09 01:44:59,M32/5077A,0.0,0.0,0.0
2020-01-09 01:59:59,M32/5077A,0.0,0.0,0.0
2020-01-09 02:14:59,M32/5077A,0.0,0.0,0.0
2020-01-09 02:29:59,M32/5077A,0.0,0.0,0.0
2020-01-09 02:44:59,M32/5077A,0.0,0.0,0.0
2020-01-09 02:59:59,M32/5077A,0.0,0.0,0.0
2020-01-09 03:14:59,M32/5077A,0.0,0.0,0.0
2020-01-09 03:29:59,M32/5077A,0.0,0.0,0.0
2020-01-09 03:44:59,M32/5077A,0.0,0.0,0.0
2020-01-09 03:59:59,M32/5077A,0.0,0.0,0.0
2020-01-09 04:14:59,M32/5077A,0.0,0.0,0.0
2020-01-09 04:29:59,M32/5077A,0.0,0.0,0.0
2020-01-09 04:44:59,M32/5077A,0.0,0.0,0.0
2020-01-09 04:59:59,M32/5077A,0.0,0.0,0.0
2020-01-09 05:14:59,M32/5077A,0.0,0.0,0.0
2020-01-09 05:29:59,M32/5077A,0.0,0.0,0.0
2020-01-09 05:44:59,M32/5077A,0.0,0.0,0.0
2020-01-09 05:59:59,M32/5077A,0.0,0.0,0.0
2020-01-09 06:14:59,M32/5077A,0.0,0.0,0.0
2020-01-09 06:29:59,M32/5077A,0.0,0.0,0.0
2020-01-09 06:44:59,M32/5077A,0.0,0.0,0.0
2020-01-09 06:59:59,M32/5077A,0.0,0.0,0.0
2020-01-09 07:14:59,M32/5077A,0.0,0.0,0.0
2020-01-09 07:29:59,M32/5077A,0.0,0.0,0.0
2020-01-09 07:44:59,M32/5077A,0.0,0.0,0.0
2020-01-09 07:59:59,M32/5077A,0.0,0.0,0.0
2020-01-09 08:14:59,M32/5077A,0.0,0.0,0.0
2020-01-09 08:29:59,M32/5077A,0.0,0.0,0.0
2020-01-09 08:44:59,M32/5077A,0.0,0.0,0.0
2020-01-09 08:59:59,M32/5077A,0.0,0.0,0.0
2020-01-09 09:14:59,M32/5077A,0.0,0.0,0.0
2020-01-09 09:29:59,M32/5077A,0.0,0.0,0.0
2020-01-09 09:44:59,M32/5077A,0.0,0.0,0.0
2020-01-09 09:59:59,M32/5077A,0.0,0.0,0.0
2020-01-09 10:14:59,M32/5077A,0.0,0.0,0.0
2020-01-09 10:29:59,M32/5077A,0.0,0.0,0.0
2020-01-09 10:44:59,M32/5077A,0.0,0.0,0.0
2020-01-09 10:59:59,M32/5077A,0.0,0.0,0.0
2020-01-09 11:14:59,M32/5077A,0.0,0.0,0.0
2020-01-09 11:29:59,M32/5077A,0.0,0.0,0.0
2020-01-09 11:44:59,M32/5077A,0.0,0.0,0.0
2020-01-09 11:59:59,M32/5077A,0.0,0.0,0.0
2020-01-09 12:14:59,M32/5077A,0.0,0.0,0.0
2020-01-09 12:29:59,M32/5077A,0.0,0.0,0.0
2020-01-09 12:44:59,M32/5077A,0.0,0.0,0.0
2020-01-09 12:59:59,M32/5077A,0.0,0.0,0.0
2020-01-09 13:14:59,M32/5077A,0.0,0.0,0.0
2020-01-09 13:29:59,M32/5077A,0.0,0.0,0.0
2020-01-09 13:44:59,M32/5077A,0.0,0.0,0.0
2020-01-09 13:59:59,M32/5077A,0.0,0.0,0.0
2020-01-09 14:14:59,M32/5077A,0.0,0.0,0.0
2020-01-09 14:29:59,M32/5077A,0.0,0.0,0.0
2020-01-09 14:44:59,M32/5077A,0.0,0.0,0.0
2020-01-09 14:59:59,M32/5077A,0.0,0.0,0.0
2020-01-09 15:14:59,M32/5077A,0.0,0.0,0.0
2020-01-09 15:29:59,M32/5077A,0.0,0.0,0.0
2020-01-09 15:44:59,M32/5077A,0.0,0.0,0.0
2020-01-09 15:59:59,M32/5077A,0.0,0.0,0.0
2020-01-09 16:14:59,M32/5077A,0.0,0.0,0.0
2020-01-09 16:29:59,M32/5077A,0.0,0.0,0.0
2020-01-09 16:44:59,M32/5077A,0.0,0.0,0.0
2020-01-09 16:59:59,M32/5077A,0.0,0.0,0.0
2020-01-09 17:14:59,M32/5077A,0.0,0.0,0.0
2020-01-09 17:29:59,M32/5077A,0.0,0.0,0.0
2020-01-09 17:44:59,M32/5077A,0.0,0.0,0.0
2020-01-09 17:59:59,M32/5077A,0.0,0.0,0.0
2020-01-09 18:14:59,M32/5077A,0.0,0.0,0.0
2020-01-09 18:29:59,M32/5077A,0.0,0.0,0.0
2020-01-09 18:44:59,M32/5077A,0.0,0.0,0.0
2020-01-09 18:59:59,M32/5077A,0.0,0.0,0.0
2020-01-09 19:14:59,M32/5077A,0.0,0.0,0.0
2020-01-09 19:29:59,M32/5077A,0.0,0.0,0.0
2020-01-09 19:44:59,M32/5077A,0.0,0.0,0.0
2020-01-09 19:59:59,M32/5077A,0.0,0.0,0.0
2020-01-09 20:14:59,M32/5077A,0.0,0.0,0.0
2020-01-09 20:29:59,M32/5077A,0.0,0.0,0.0
2020-01-09 20:44:59,M32/5077A,0.0,0.0,0.0
2020-01-09 20:59:59,M32/5077A,0.0,0.0,0.0
2020-01-09 21:14:59,M32/5077A,0.0,0.0,0.0
2020-01-09 21:29:59,M32/5077A,0.0,0.0,0.0
2020-01-09 21:44:59,M32/5077A,0.0,0.0,0.0
2020-01-09 21:59:59,M32/5077A,0.0,0.0,0.0
2020-01-09 22:14:59,M32/5077A,0.0,0.0,0.0
2020-01-09 22:29:59,M32/5077A,0.0,0.0,0.0
2020-01-09 22:44:59,M32/5077A,0.0,0.0,0.0
2020-01-09 22:59:59,M32/5077A,0.0,0.0,0.0
2020-01-09 23:14:59,M32/5077A,0.0,0.0,0.0
2020-01-09 23:29:59,M32/5077A,0.0,0.0,0.0
2020-01-09 23:44:59,M32/5077A,0.0,0.0,0.0
2020-01-09 23:59:59,M32/5077A,0.0,0.0,0.0
2020-01-10 00:14:59,M32/5077A,0.0,0.0,0.0
2020-01-10 00:29:59,M32/5077A,0.0,0.0,0.0
2020-01-10 00:44:59,M32/5077A,0.0,0.0,0.0
2020-01-10 00:59:59,M32/5077A,0.0,0.0,0.0
2020-01-10 01:14:59,M32/5077A,0.0,0.0,0.0
2020-01-10 01:29:59,M32/5077A,0.0,0.0,0.0
2020-01-10 01:44:59,M32/5077A,0.0,0.0,0.0
2020-01-10 01:59:59,M32/5077A,0.0,0.0,0.0
2020-01-10 02:14:59,M32/5077A,0.0,0.0,0.0
2020-01-10 02:29:59,M32/5077A,0.0,0.0,0.0
2020-01-10 02:44:59,M32/5077A,0.0,0.0,0.0
2020-01-10 02:59:59,M32/5077A,0.0,0.0,0.0
2020-01-10 03:14:59,M32/5077A,0.0,0.0,0.0
2020-01-10 03:29:59,M32/5077A,0.0,0.0,0.0
2020-01-10 03:44:59,M32/5077A,0.0,0.0,0.0
2020-01-10 03:59:59,M32/5077A,0.0,0.0,0.0
2020-01-10 04:14:59,M32/5077A,0.0,0.0,0.0
2020-01-10 04:29:59,M32/5077A,0.0,0.0,0.0
2020-01-10 04:44:59,M32/5077A,0.0,0.0,0.0
2020-01-10 04:59:59,M32/5077A,0.0,0.0,0.0
2020-01-10 05:14:59,M32/5077A,0.0,0.0,0.0
2020-01-10 05:29:59,M32/5077A,0.0,0.0,0.0
2020-01-10 05:44:59,M32/5077A,0.0,0.0,0.0
2020-01-10 05:59:59,M32/5077A,0.0,0.0,0.0
2020-01-10 06:14:59,M32/5077A,0.0,0.0,0.0
2020-01-10 06:29:59,M32/5077A,0.0,0.0,0.0
2020-01-10 06:44:59,M32/5077A,0.0,0.0,0.0
2020-01-10 06:59:59,M32/5077A,0.0,0.0,0.0
2020-01-10 07:14:59,M32/5077A,0.0,0.0,0.0
2020-01-10 07:29:59,M32/5077A,0.0,0.0,0.0
2020-01-10 07:44:59,M32/5077A,0.0,0.0,0.0
2020-01-10 07:59:59,M32/5077A,0.0,0.0,0.0
2020-01-10 08:14:59,M32/5077A,0.0,0.0,0.0
2020-01-10 08:29:59,M32/5077A,0.0,0.0,0.0
2020-01-10 08:44:59,M32/5077A,0.0,0.0,0.0
2020-01-10 08:59:59,M32/5077A,0.0,0.0,0.0
2020-01-10 09:14:59,M32/5077A,0.0,0.0,0.0
2020-01-10 09:29:59,M32/5077A,0.0,0.0,0.0
2020-01-10 09:44:59,M32/5077A,0.0,0.0,0.0
2020-01-10 09:59:59,M32/5077A,0.0,0.0,0.0
2020-01-10 10:14:59,M32/5077A,0.0,0.0,0.0
2020-01-10 10:29:59,M32/5077A,0.0,0.0,0.0
2020-01-10 10:44:59,M32/5077A,0.0,0.0,0.0
2020-01-10 10:59:59,M32/5077A,0.0,0.0,0.0
2020-01-10 11:14:59,M32/5077A,0.0,0.0,0.0
2020-01-10 11:29:59,M32/5077A,0.0,0.0,0.0
2020-01-10 11:44:59,M32/5077A,0.0,0.0,0.0
2020-01-10 11:59:59,M32/5077A,0.0,0.0,0.0
2020-01-10 12:14:59,M32/5077A,0.0,0.0,0.0
2020-01-10 12:29:59,M32/5077A,0.0,0.0,0.0
2020-01-10 12:44:59,M32/5077A,0.0,0.0,0.0
2020-01-10 12:59:59,M32/5077A,0.0,0.0,0.0
2020-01-10 13:14:59,M32/5077A,0.0,0.0,0.0
2020-01-10 13:29:59,M32/5077A,0.0,0.0,0.0
2020-01-10 13:44:59,M32/5077A,0.0,0.0,0.0
2020-01-10 13:59:59,M32/5077A,0.0,0.0,0.0
2020-01-10 14:14:59,M32/5077A,0.0,0.0,0.0
2020-01-10 14:29:59,M32/5077A,0.0,0.0,0.0
2020-01-10 14:44:59,M32/5077A,0.0,0.0,0.0
2020-01-10 14:59:59,M32/5077A,0.0,0.0,0.0
2020-01-10 15:14:59,M32/5077A,0.0,0.0,0.0
2020-01-10 15:29:59,M32/5077A,0.0,0.0,0.0
2020-01-10 15:44:59,M32/5077A,0.0,0.0,0.0
2020-01-10 15:59:59,M32/5077A,0.0,0.0,0.0
2020-01-10 16:14:59,M32/5077A,0.0,0.0,0.0
2020-01-10 16:29:59,M32/5077A,0.0,0.0,0.0
2020-01-10 16:44:59,M32/5077A,0.0,0.0,0.0
2020-01-10 16:59:59,M32/5077A,0.0,0.0,0.0
2020-01-10 17:14:59,M32/5077A,0.0,0.0,0.0
2020-01-10 17:29:59,M32/5077A,0.0,0.0,0.0
2020-01-10 17:44:59,M32/5077A,0.0,0.0,0.0
2020-01-10 17:59:59,M32/5077A,0.0,0.0,0.0
2020-01-10 18:14:59,M32/5077A,0.0,0.0,0.0
2020-01-10 18:29:59,M32/5077A,0.0,0.0,0.0
2020-01-10 18:44:59,M32/5077A,0.0,0.0,0.0
2020-01-10 18:59:59,M32/5077A,0.0,0.0,0.0
2020-01-10 19:14:59,M32/5077A,0.0,0.0,0.0
2020-01-10 19:29:59,M32/5077A,0.0,0.0,0.0
2020-01-10 19:44:59,M32/5077A,0.0,0.0,0.0
2020-01-10 19:59:59,M32/5077A,0.0,0.0,0.0
2020-01-10 20:14:59,M32/5077A,0.0,0.0,0.0
2020-01-10 20:29:59,M32/5077A,0.0,0.0,0.0
2020-01-10 20:44:59,M32/5077A,0.0,0.0,0.0
2020-01-10 20:59:59,M32/5077A,0.0,0.0,0.0
2020-01-10 21:14:59,M32/5077A,0.0,0.0,0.0
2020-01-10 21:29:59,M32/5077A,0.0,0.0,0.0
2020-01-10 21:44:59,M32/5077A,0.0,0.0,0.0
2020-01-10 21:59:59,M32/5077A,0.0,0.0,0.0
2020-01-10 22:14:59,M32/5077A,0.0,0.0,0.0
2020-01-10 22:29:59,M32/5077A,0.0,0.0,0.0
2020-01-10 22:44:59,M32/5077A,0.0,0.0,0.0
2020-01-10 22:59:59,M32/5077A,0.0,0.0,0.0
2020-01-10 23:14:59,M32/5077A,0.0,0.0,0.0
2020-01-10 23:29:59,M32/5077A,0.0,0.0,0.0
2020-01-10 23:44:59,M32/5077A,0.0,0.0,0.0
2020-01-10 23:59:59,M32/5077A,0.0,0.0,0.0
2020-01-11 00:14:59,M32/5077A,0.0,0.0,0.0
2020-01-11 00:29:59,M32/5077A,0.0,0.0,0.0
2020-01-11 00:44:59,M32/5077A,0.0,0.0,0.0
2020-01-11 00:59:59,M32/5077A,0.0,0.0,0.0
2020-01-11 01:14:59,M32/5077A,0.0,0.0,0.0
2020-01-11 01:29:59,M32/5077A,0.0,0.0,0.0
2020-01-11 01:44:59,M32/5077A,0.0,0.0,0.0
2020-01-11 01:59:59,M32/5077A,0.0,0.0,0.0
2020-01-11 02:14:59,M32/5077A,0.0,0.0,0.0
2020-01-11 02:29:59,M32/5077A,0.0,0.0,0.0
2020-01-11 02:44:59,M32/5077A,0.0,0.0,0.0
2020-01-11 02:59:59,M32/5077A,0.0,0.0,0.0
2020-01-11 03:14:59,M32/5077A,0.0,0.0,0.0
2020-01-11 03:29:59,M32/5077A,0.0,0.0,0.0
2020-01-11 03:44:59,M32/5077A,0.0,0.0,0.0
2020-01-11 03:59:59,M32/5077A,0.0,0.0,0.0
2020-01-11 04:14:59,M32/5077A,0.0,0.0,0.0
2020-01-11 04:29:59,M32/5077A,0.0,0.0,0.0
2020-01-11 04:44:59,M32/5077A,0.0,0.0,0.0
2020-01-11 04:59:59,M32/5077A,0.0,0.0,0.0
2020-01-11 05:14:59,M32/5077A,0.0,0.0,0.0
2020-01-11 05:29:59,M32/5077A,0.0,0.0,0.0
2020-01-11 05:44:59,M32/5077A,0.0,0.0,0.0
2020-01-11 05:59:59,M32/5077A,0.0,0.0,0.0
2020-01-11 06:14:59,M32/5077A,0.0,0.0,0.0
2020-01-11 06:29:59,M32/5077A,0.0,0.0,0.0
2020-01-11 06:44:59,M32/5077A,0.0,0.0,0.0
2020-01-11 06:59:59,M32/5077A,0.0,0.0,0.0
2020-01-11 07:14:59,M32/5077A,0.0,0.0,0.0
2020-01-11 07:29:59,M32/5077A,0.0,0.0,0.0
2020-01-11 07:44:59,M32/5077A,0.0,0.0,0.0
2020-01-11 07:59:59,M32/5077A,0.0,0.0,0.0
2020-01-11 08:14:59,M32/5077A,0.0,0.0,0.0
2020-01-11 08:29:59,M32/5077A,0.0,0.0,0.0
2020-01-11 08:44:59,M32/5077A,0.0,0.0,0.0
2020-01-11 08:59:59,M32/5077A,0.0,0.0,0.0
2020-01-11 09:14:59,M32/5077A,0.0,0.0,0.0
2020-01-11 09:29:59,M32/5077A,0.0,0.0,0.0
2020-01-11 09:44:59,M32/5077A,0.0,0.0,0.0
2020-01-11 09:59:59,M32/5077A,0.0,0.0,0.0
2020-01-11 10:14:59,M32/5077A,0.0,0.0,0.0
2020-01-11 10:29:59,M32/5077A,0.0,0.0,0.0
2020-01-11 10:44:59,M32/5077A,0.0,0.0,0.0
2020-01-11 10:59:59,M32/5077A,0.0,0.0,0.0
2020-01-11 11:14:59,M32/5077A,0.0,0.0,0.0
2020-01-11 11:29:59,M32/5077A,0.0,0.0,0.0
2020-01-11 11:44:59,M32/5077A,0.0,0.0,0.0
2020-01-11 11:59:59,M32/5077A,0.0,0.0,0.0
2020-01-11 12:14:59,M32/5077A,0.0,0.0,0.0
2020-01-11 12:29:59,M32/5077A,0.0,0.0,0.0
2020-01-11 12:44:59,M32/5077A,0.0,0.0,0.0
2020-01-11 12:59:59,M32/5077A,0.0,0.0,0.0
2020-01-11 13:14:59,M32/5077A,0.0,0.0,0.0
2020-01-11 13:29:59,M32/5077A,0.0,0.0,0.0
2020-01-11 13:44:59,M32/5077A,0.0,0.0,0.0
2020-01-11 13:59:59,M32/5077A,0.0,0.0,0.0
2020-01-11 14:14:59,M32/5077A,0.0,0.0,0.0
2020-01-11 14:29:59,M32/5077A,0.0,0.0,0.0
2020-01-11 14:44:59,M32/5077A,0.0,0.0,0.0
2020-01-11 14:59:59,M32/5077A,0.0,0.0,0.0
2020-01-11 15:14:59,M32/5077A,0.0,0.0,0.0
2020-01-11 15:29:59,M32/5077A,0.0,0.0,0.0
2020-01-11 15:44:59,M32/5077A,0.0,0.0,0.0
2020-01-11 15:59:59,M32/5077A,0.0,0.0,0.0
2020-01-11 16:14:59,M32/5077A,0.0,0.0,0.0
2020-01-11 16:29:59,M32/5077A,0.0,0.0,0.0
2020-01-11 16:44:59,M32/5077A,0.0,0.0,0.0
2020-01-11 16:59:59,M32/5077A,0.0,0.0,0.0
2020-01-11 17:14:59,M32/5077A,0.0,0.0,0.0
2020-01-11 17:29:59,M32/5077A,0.0,0.0,0.0
2020-01-11 17:44:59,M32/5077A,0.0,0.0,0.0
2020-01-11 17:59:59,M32/5077A,0.0,0.0,0.0
2020-01-11 18:14:59,M32/5077A,0.0,0.0,0.0
2020-01-11 18:29:59,M32/5077A,0.0,0.0,0.0
2020-01-11 18:44:59,M32/5077A,0.0,0.0,0.0
2020-01-11 18:59:59,M32/5077A,0.0,0.0,0.0
2020-01-11 19:14:59,M32/5077A,0.0,0.0,0.0
2020-01-11 19:29:59,M32/5077A,0.0,0.0,0.0
2020-01-11 19:44:59,M32/5077A,0.0,0.0,0.0
2020-01-11 19:59:59,M32/5077A,0.0,0.0,0.0
2020-01-11 20:14:59,M32/5077A,0.0,0.0,0.0
2020-01-11 20:29:59,M32/5077A,0.0,0.0,0.0
2020-01-11 20:44:59,M32/5077A,0.0,0.0,0.0
2020-01-11 20:59:59,M32/5077A,0.0,0.0,0.0
2020-01-11 21:14:59,M32/5077A,0.0,0.0,0.0
2020-01-11 21:29:59,M32/5077A,0.0,0.0,0.0
2020-01-11 21:44:59,M32/5077A,0.0,0.0,0.0
2020-01-11 21:59:59,M32/5077A,0.0,0.0,0.0
2020-01-11 22:14:59,M32/5077A,0.0,0.0,0.0
2020-01-11 22:29:59,M32/5077A,0.0,0.0,0.0
2020-01-11 22:44:59,M32/5077A,0.0,0.0,0.0
2020-01-11 22:59:59,M32/5077A,0.0,0.0,0.0
2020-01-11 23:14:59,M32/5077A,0.0,0.0,0.0
2020-01-11 23:29:59,M32/5077A,0.0,0.0,0.0
2020-01-11 23:44:59,M32/5077A,0.0,0.0,0.0
2020-01-11 23:59:59,M32/5077A,0.0,0.0,0.0
2020-01-12 00:14:59,M32/5077A,0.0,0.0,0.0
2020-01-12 00:29:59,M32/5077A,0.0,0.0,0.0
2020-01-12 00:44:59,M32/5077A,0.0,0.0,0.0
2020-01-12 00:59:59,M32/5077A,0.0,0.0,0.0
2020-01-12 01:14:59,M32/5077A,0.0,0.0,0.0
2020-01-12 01:29:59,M32/5077A,0.0,0.0,0.0
2020-01-12 01:44:59,M32/5077A,0.0,0.0,0.0
2020-01-12 01:59:59,M32/5077A,0.0,0.0,0.0
2020-01-12 02:14:59,M32/5077A,0.0,0.0,0.0
2020-01-12 02:29:59,M32/5077A,0.0,0.0,0.0
2020-01-12 02:44:59,M32/5077A,0.0,0.0,0.0
2020-01-12 02:59:59,M32/5077A,0.0,0.0,0.0
2020-01-12 03:14:59,M32/5077A,0.0,0.0,0.0
2020-01-12 03:29:59,M32/5077A,0.0,0.0,0.0
2020-01-12 03:44:59,M32/5077A,0.0,0.0,0.0
2020-01-12 03:59:59,M32/5077A,0.0,0.0,0.0
2020-01-12 04:14:59,M32/5077A,0.0,0.0,0.0
2020-01-12 04:29:59,M32/5077A,0.0,0.0,0.0
2020-01-12 04:44:59,M32/5077A,0.0,0.0,0.0
2020-01-12 04:59:59,M32/5077A,0.0,0.0,0.0
2020-01-12 05:14:59,M32/5077A,0.0,0.0,0.0
2020-01-12 05:29:59,M32/5077A,0.0,0.0,0.0
2020-01-12 05:44:59,M32/5077A,0.0,0.0,0.0
2020-01-12 05:59:59,M32/5077A,0.0,0.0,0.0
2020-01-12 06:14:59,M32/5077A,0.0,0.0,0.0
2020-01-12 06:29:59,M32/5077A,0.0,0.0,0.0
2020-01-12 06:44:59,M32/5077A,0.0,0.0,0.0
2020-01-12 06:59:59,M32/5077A,0.0,0.0,0.0
2020-01-12 07:14:59,M32/5077A,0.0,0.0,0.0
2020-01-12 07:29:59,M32/5077A,0.0,0.0,0.0
2020-01-12 07:44:59,M32/5077A,0.0,0.0,0.0
2020-01-12 07:59:59,M32/5077A,0.0,0.0,0.0
2020-01-12 08:14:59,M32/5077A,0.0,0.0,0.0
2020-01-12 08:29:59,M32/5077A,0.0,0.0,0.0
2020-01-12 08:44:59,M32/5077A,0.0,0.0,0.0
2020-01-12 08:59:59,M32/5077A,0.0,0.0,0.0
2020-01-12 09:14:59,M32/5077A,0.0,0.0,0.0
2020-01-12 09:29:59,M32/5077A,0.0,0.0,0.0
2020-01-12 09:44:59,M32/5077A,0.0,0.0,0.0
2020-01-12 09:59:59,M32/5077A,0.0,0.0,0.0
2020-01-12 10:14:59,M32/5077A,0.0,0.0,0.0
2020-01-12 10:29:59,M32/5077A,0.0,0.0,0.0
2020-01-12 10:44:59,M32/5077A,0.0,0.0,0.0
2020-01-12 10:59:59,M32/5077A,0.0,0.0,0.0
2020-01-12 11:14:59,M32/5077A,0.0,0.0,0.0
2020-01-12 11:29:59,M32/5077A,0.0,0.0,0.0
2020-01-12 11:44:59,M32/5077A,0.0,0.0,0.0
2020-01-12 11:59:59,M32/5077A,0.0,0.0,0.0
2020-01-12 12:14:59,M32/5077A,0.0,0.0,0.0
2020-01-12 12:29:59,M32/5077A,0.0,0.0,0.0
2020-01-12 12:44:59,M32/5077A,0.0,0.0,0.0
2020-01-12 12:59:59,M32/5077A,0.0,0.0,0.0
2020-01-12 13:14:59,M32/5077A,0.0,0.0,0.0
2020-01-12 13:29:59,M32/5077A,0.0,0.0,0.0
2020-01-12 13:44:59,M32/5077A,0.0,0.0,0.0
2020-01-12 13:59:59,M32/5077A,0.0,0.0,0.0
2020-01-12 14:14:59,M32/5077A,0.0,0.0,0.0
2020-01-12 14:29:59,M32/5077A,0.0,0.0,0.0
2020-01-12 14:44:59,M32/5077A,0.0,0.0,0.0
2020-01-12 14:59:59,M32/5077A,0.0,0.0,0.0
2020-01-12 15:14:59,M32/5077A,0.0,0.0,0.0
2020-01-12 15:29:59,M32/5077A,0.0,0.0,0.0
2020-01-12 15:44:59,M32/5077A,0.0,0.0,0.0
2020-01-12 15:59:59,M32/5077A,0.0,0.0,0.0
2020-01-12 16:14:59,M32/5077A,0.0,0.0,0.0
2020-01-12 16:29:59,M32/5077A,0.0,0.0,0.0
2020-01-12 16:44:59,M32/5077A,0.0,0.0,0.0
2020-01-12 16:59:59,M32/5077A,0.0,0.0,0.0
2020-01-12 17:14:59,M32/5077A,0.0,0.0,0.0
2020-01-12 17:29:59,M32/5077A,0.0,0.0,0.0
2020-01-12 17:44:59,M32/5077A,0.0,0.0,0.0
2020-01-12 17:59:59,M32/5077A,0.0,0.0,0.0
2020-01-12 18:14:59,M32/5077A,0.0,0.0,0.0
2020-01-12 18:29:59,M32/5077A,0.0,0.0,0.0
2020-01-12 18:44:59,M32/5077A,0.0,0.0,0.0
2020-01-12 18:59:59,M32/5077A,0.0,0.0,0.0
2020-01-12 19:14:59,M32/5077A,0.0,0.0,0.0
2020-01-12 19:29:59,M32/5077A,0.0,0.0,0.0
2020-01-12 19:44:59,M32/5077A,0.0,0.0,0.0
2020-01-12 19:59:59,M32/5077A,0.0,0.0,0.0
2020-01-12 20:14:59,M32/5077A,0.0,0.0,0.0
2020-01-12 20:29:59,M32/5077A,0.0,0.0,0.0
2020-01-12 20:44:59,M32/5077A,0.0,0.0,0.0
2020-01-12 20:59:59,M32/5077A,0.0,0.0,0.0
2020-01-12 21:14:59,M32/5077A,0.0,0.0,0.0
2020-01-12 21:29:59,M32/5077A,0.0,0.0,0.0
2020-01-12 21:44:59,M32/5077A,0.0,0.0,0.0
2020-01-12 21:59:59,M32/5077A,0.0,0.0,0.0
2020-01-12 22:14:59,M32/5077A,0.0,0.0,0.0
2020-01-12 22:29:59,M32/5077A,0.0,0.0,0.0
2020-01-12 22:44:59,M32/5077A,0.0,0.0,0.0
2020-01-12 22:59:59,M32/5077A,0.0,0.0,0.0
2020-01-12 23:14:59,M32/5077A,0.0,0.0,0.0
2020-01-12 23:29:59,M32/5077A,0.0,0.0,0.0
2020-01-12 23:44:59,M32/5077A,0.0,0.0,0.0
2020-01-12 23:59:59,M32/5077A,0.0,0.0,0.0
2020-01-13 00:14:59,M32/5077A,0.0,0.0,0.0
2020-01-13 00:29:59,M32/5077A,0.0,0.0,0.0
2020-01-13 00:44:59,M32/5077A,0.0,0.0,0.0
2020-01-13 00:59:59,M32/5077A,0.0,0.0,0.0
2020-01-13 01:14:59,M32/5077A,0.0,0.0,0.0
2020-01-13 01:29:59,M32/5077A,0.0,0.0,0.0
2020-01-13 01:44:59,M32/5077A,0.0,0.0,0.0
2020-01-13 01:59:59,M32/5077A,0.0,0.0,0.0
2020-01-13 02:14:59,M32/5077A,0.0,0.0,0.0
2020-01-13 02:29:59,M32/5077A,0.0,0.0,0.0
2020-01-13 02:44:59,M32/5077A,0.0,0.0,0.0
2020-01-13 02:59:59,M32/5077A,0.0,0.0,0.0
2020-01-13 03:14:59,M32/5077A,0.0,0.0,0.0
2020-01-13 03:29:59,M32/5077A,0.0,0.0,0.0
2020-01-13 03:44:59,M32/5077A,0.0,0.0,0.0
2020-01-13 03:59:59,M32/5077A,0.0,0.0,0.0
2020-01-13 04:14:59,M32/5077A,0.0,0.0,0.0
2020-01-13 04:29:59,M32/5077A,0.0,0.0,0.0
2020-01-13 04:44:59,M32/5077A,0.0,0.0,0.0
2020-01-13 04:59:59,M32/5077A,0.0,0.0,0.0
2020-01-13 05:14:59,M32/5077A,0.0,0.0,0.0
2020-01-13 05:29:59,M32/5077A,0.0,0.0,0.0
2020-01-13 05:44:59,M32/5077A,0.0,0.0,0.0
2020-01-13 05:59:59,M32/5077A,0.0,0.0,0.0
2020-01-13 06:14:59,M32/5077A,0.0,0.0,0.0
2020-01-13 06:29:59,M32/5077A,0.0,0.0,0.0
2020-01-13 06:44:59,M32/5077A,0.0,0.0,0.0
2020-01-13 06:59:59,M32/5077A,0.0,0.0,0.0
2020-01-13 07:14:59,M32/5077A,0.0,0.0,0.0
2020-01-13 07:29:59,M32/5077A,0.0,0.0,0.0
2020-01-13 07:44:59,M32/5077A,0.0,0.0,0.0
2020-01-13 07:59:59,M32/5077A,0.0,0.0,0.0
2020-01-13 08:14:59,M32/5077A,0.0,0.0,0.0
2020-01-13 08:29:59,M32/5077A,0.0,0.0,0.0
2020-01-13 08:44:59,M32/5077A,0.0,0.0,0.0
2020-01-13 08:59:59,M32/5077A,0.0,0.0,0.0
2020-01-13 09:14:59,M32/5077A,0.0,0.0,0.0
2020-01-13 09:29:59,M32/5077A,0.0,0.0,0.0
2020-01-13 09:44:59,M32/5077A,0.0,0.0,0.0
2020-01-13 09:59:59,M32/5077A,0.0,0.0,0.0
2020-01-13 10:14:59,M32/5077A,0.0,0.0,0.0
2020-01-13 10:29:59,M32/5077A,0.0,0.0,0.0
2020-01-13 10:44:59,M32/5077A,0.0,0.0,0.0
2020-01-13 10:59:59,M32/5077A,0.0,0.0,0.0
2020-01-13 11:14:59,M32/5077A,0.0,0.0,0.0
2020-01-13 11:29:59,M32/5077A,0.0,0.0,0.0
2020-01-13 11:44:59,M32/5077A,0.0,0.0,0.0
2020-01-13 11:59:59,M32/5077A,0.0,0.0,0.0
2020-01-13 12:14:59,M32/5077A,0.0,0.0,0.0
2020-01-13 12:29:59,M32/5077A,0.0,0.0,0.0
2020-01-13 12:44:59,M32/5077A,0.0,0.0,0.0
2020-01-13 12:59:59,M32/5077A,0.0,0.0,0.0
2020-01-13 13:14:59,M32/5077A,0.0,0.0,0.0
2020-01-13 13:29:59,M32/5077A,0.0,0.0,0.0
2020-01-13 13:44:59,M32/5077A,0.0,0.0,0.0
2020-01-13 13:59:59,M32/5077A,0.0,0.0,0.0
2020-01-13 14:14:59,M32/5077A,0.0,0.0,0.0
2020-01-13 14:29:59,M32/5077A,0.0,0.0,0.0
2020-01-13 14:44:59,M32/5077A,0.0,0.0,0.0
2020-01-13 14:59:59,M32/5077A,0.0,0.0,0.0
2020-01-13 15:14:59,M32/5077A,0.0,0.0,0.0
2020-01-13 15:29:59,M32/5077A,0.0,0.0,0.0
2020-01-13 15:44:59,M32/5077A,0.0,0.0,0.0
2020-01-13 15:59:59,M32/5077A,0.0,0.0,0.0
2020-01-13 16:14:59,M32/5077A,0.0,0.0,0.0
2020-01-13 16:29:59,M32/5077A,0.0,0.0,0.0
2020-01-13 16:44:59,M32/5077A,0.0,0.0,0.0
2020-01-13 16:59:59,M32/5077A,0.0,0.0,0.0
2020-01-13 17:14:59,M32/5077A,0.0,0.0,0.0
2020-01-13 17:29:59,M32/5077A,0.0,0.0,0.0
2020-01-13 17:44:59,M32/5077A,0.0,0.0,0.0
2020-01-13 17:59:59,M32/5077A,0.0,0.0,0.0
2020-01-13 18:14:59,M32/5077A,0.0,0.0,0.0
2020-01-13 18:29:59,M32/5077A,0.0,0.0,0.0
2020-01-13 18:44:59,M32/5077A,0.0,0.0,0.0
2020-01-13 18:59:59,M32/5077A,0.0,0.0,0.0
2020-01-13 19:14:59,M32/5077A,0.0,0.0,0.0
2020-01-13 19:29:59,M32/5077A,0.0,0.0,0.0
2020-01-13 19:44:59,M32/5077A,0.0,0.0,0.0
2020-01-13 19:59:59,M32/5077A,0.0,0.0,0.0
2020-01-13 20:14:59,M32/5077A,0.0,0.0,0.0
2020-01-13 20:29:59,M32/5077A,0.0,0.0,0.0
2020-01-13 20:44:59,M32/5077A,0.0,0.0,0.0
2020-01-13 20:59:59,M32/5077A,0.0,0.0,0.0
2020-01-13 21:14:59,M32/5077A,0.0,0.0,0.0
2020-01-13 21:29:59,M32/5077A,0.0,0.0,0.0
2020-01-13 21:44:59,M32/5077A,0.0,0.0,0.0
2020-01-13 21:59:59,M32/5077A,0.0,0.0,0.0
2020-01-13 22:14:59,M32/5077A,0.0,0.0,0.0
2020-01-13 22:29:59,M32/5077A,0.0,0.0,0.0
2020-01-13 22:44:59,M32/5077A,0.0,0.0,0.0
2020-01-13 22:59:59,M32/5077A,0.0,0.0,0.0
2020-01-13 23:14:59,M32/5077A,0.0,0.0,0.0
2020-01-13 23:29:59,M32/5077A,0.0,0.0,0.0
2020-01-13 23:44:59,M32/5077A,0.0,0.0,0.0
2020-01-13 23:59:59,M32/5077A,0.0,0.0,0.0
2020-01-14 00:14:59,M32/5077A,0.0,0.0,0.0
2020-01-14 00:29:59,M32/5077A,0.0,0.0,0.0
2020-01-14 00:44:59,M32/5077A,0.0,0.0,0.0
2020-01-14 00:59:59,M32/5077A,0.0,0.0,0.0
2020-01-14 01:14:59,M32/5077A,0.0,0.0,0.0
2020-01-14 01:29:59,M32/5077A,0.0,0.0,0.0
2020-01-14 01:44:59,M32/5077A,0.0,0.0,0.0
2020-01-14 01:59:59,M32/5077A,0.0,0.0,0.0
2020-01-14 02:14:59,M32/5077A,0.0,0.0,0.0
2020-01-14 02:29:59,M32/5077A,0.0,0.0,0.0
2020-01-14 02:44:59,M32/5077A,0.0,0.0,0.0
2020-01-14 02:59:59,M32/5077A,0.0,0.0,0.0
2020-01-14 03:14:59,M32/5077A,0.0,0.0,0.0
2020-01-14 03:29:59,M32/5077A,0.0,0.0,0.0
2020-01-14 03:44:59,M32/5077A,0.0,0.0,0.0
2020-01-14 03:59:59,M32/5077A,0.0,0.0,0.0
2020-01-14 04:14:59,M32/5077A,0.0,0.0,0.0
2020-01-14 04:29:59,M32/5077A,0.0,0.0,0.0
2020-01-14 04:44:59,M32/5077A,0.0,0.0,0.0
2020-01-14 04:59:59,M32/5077A,0.0,0.0,0.0
2020-01-14 05:14:59,M32/5077A,0.0,0.0,0.0
2020-01-14 05:29:59,M32/5077A,0.0,0.0,0.0
2020-01-14 05:44:59,M32/5077A,0.0,0.0,0.0
2020-01-14 05:59:59,M32/5077A,0.0,0.0,0.0
2020-01-14 06:14:59,M32/5077A,0.0,0.0,0.0
2020-01-14 06:29:59,M32/5077A,0.0,0.0,0.0
2020-01-14 06:44:59,M32/5077A,0.0,0.0,0.0
2020-01-14 06:59:59,M32/5077A,0.0,0.0,0.0
2020-01-14 07:14:59,M32/5077A,0.0,0.0,0.0
2020-01-14 07:29:59,M32/5077A,0.0,0.0,0.0
2020-01-14 07:44:59,M32/5077A,0.0,0.0,0.0
2020-01-14 07:59:59,M32/5077A,0.0,0.0,0.0
2020-01-14 08:14:59,M32/5077A,0.0,0.0,0.0
2020-01-14 08:29:59,M32/5077A,0.0,0.0,0.0
2020-01-14 08:44:59,M32/5077A,0.0,0.0,0.0
2020-01-14 08:59:59,M32/5077A,0.0,0.0,0.0
2020-01-14 09:14:59,M32/5077A,0.0,0.0,0.0
2020-01-14 09:29:59,M32/5077A,0.0,0.0,0.0
2020-01-14 09:44:59,M32/5077A,0.0,0.0,0.0
2020-01-14 09:59:59,M32/5077A,0.0,0.0,0.0
2020-01-14 10:14:59,M32/5077A,0.0,0.0,0.0
2020-01-14 10:29:59,M32/5077A,0.0,0.0,0.0
2020-01-14 10:44:59,M32/5077A,0.0,0.0,0.0
2020-01-14 10:59:59,M32/5077A,0.0,0.0,0.0
2020-01-14 11:14:59,M32/5077A,0.0,0.0,0.0
2020-01-14 11:29:59,M32/5077A,0.0,0.0,0.0
2020-01-14 11:44:59,M32/5077A,0.0,0.0,0.0
2020-01-14 11:59:59,M32/5077A,0.0,0.0,0.0
2020-01-14 12:14:59,M32/5077A,0.0,0.0,0.0
2020-01-14 12:29:59,M32/5077A,0.0,0.0,0.0
2020-01-14 12:44:59,M32/5077A,0.0,0.0,0.0
2020-01-14 12:59:59,M32/5077A,0.0,0.0,0.0
2020-01-14 13:14:59,M32/5077A,0.0,0.0,0.0
2020-01-14 13:29:59,M32/5077A,0.0,0.0,0.0
2020-01-14 13:44:59,M32/5077A,0.0,0.0,0.0
2020-01-14 13:59:59,M32/5077A,0.0,0.0,0.0
2020-01-14 14:14:59,M32/5077A,0.0,0.0,0.0
2020-01-14 14:29:59,M32/5077A,0.0,0.0,0.0
2020-01-14 14:44:59,M32/5077A,0.0,0.0,0.0
2020-01-14 14:59:59,M32/5077A,0.0,0.0,0.0
2020-01-14 15:14:59,M32/5077A,0.0,0.0,0.0
2020-01-14 15:29:59,M32/5077A,0.0,0.0,0.0
2020-01-14 15:44:59,M32/5077A,0.0,0.0,0.0
2020-01-14 15:59:59,M32/5077A,0.0,0.0,0.0
2020-01-14 16:14:59,M32/5077A,0.0,0.0,0.0
2020-01-14 16:29:59,M32/5077A,0.0,0.0,0.0
2020-01-14 16:44:59,M32/5077A,0.0,0.0,0.0
2020-01-14 16:59:59,M32/5077A,0.0,0.0,0.0
2020-01-14 17:14:59,M32/5077A,0.0,0.0,0.0
2020-01-14 17:29:59,M32/5077A,0.0,0.0,0.0
2020-01-14 17:44:59,M32/5077A,0.0,0.0,0.0
2020-01-14 17:59:59,M32/5077A,0.0,0.0,0.0
2020-01-14 18:14:59,M32/5077A,0.0,0.0,0.0
2020-01-14 18:29:59,M32/5077A,0.0,0.0,0.0
2020-01-14 18:44:59,M32/5077A,0.0,0.0,0.0
2020-01-14 18:59:59,M32/5077A,0.0,0.0,0.0
2020-01-14 19:14:59,M32/5077A,0.0,0.0,0.0
2020-01-14 19:29:59,M32/5077A,0.0,0.0,0.0
2020-01-14 19:44:59,M32/5077A,0.0,0.0,0.0
2020-01-14 19:59:59,M32/5077A,0.0,0.0,0.0
2020-01-14 20:14:59,M32/5077A,0.0,0.0,0.0
2020-01-14 20:29:59,M32/5077A,0.0,0.0,0.0
2020-01-14 20:44:59,M32/5077A,0.0,0.0,0.0
2020-01-14 20:59:59,M32/5077A,0.0,0.0,0.0
2020-01-14 21:14:59,M32/5077A,0.0,0.0,0.0
2020-01-14 21:29:59,M32/5077A,0.0,0.0,0.0
2020-01-14 21:44:59,M32/5077A,0.0,0.0,0.0
2020-01-14 21:59:59,M32/5077A,0.0,0.0,0.0
2020-01-14 22:14:59,M32/5077A,0.0,0.0,0.0
2020-01-14 22:29:59,M32/5077A,0.0,0.0,0.0
2020-01-14 22:44:59,M32/5077A,0.0,0.0,0.0
2020-01-14 22:59:59,M32/5077A,0.0,0.0,0.0
2020-01-14 23:14:59,M32/5077A,0.0,0.0,0.0
2020-01-14 23:29:59,M32/5077A,0.0,0.0,0.0
2020-01-14 23:44:59,M32/5077A,0.0,0.0,0.0
2020-01-14 23:59:59,M32/5077A,0.0,0.0,0.0
2020-01-15 00:14:59,M32/5077A,0.0,0.0,0.0
2020-01-15 00:29:59,M32/5077A,0.0,0.0,0.0
2020-01-15 00:44:59,M32/5077A,0.0,0.0,0.0
2020-01-15 00:59:59,M32/5077A,0.0,0.0,0.0
2020-01-15 01:14:59,M32/5077A,0.0,0.0,0.0
2020-01-15 01:29:59,M32/5077A,0.0,0.0,0.0
2020-01-15 01:44:59,M32/5077A,0.0,0.0,0.0
2020-01-15 01:59:59,M32/5077A,0.0,0.0,0.0
2020-01-15 02:14:59,M32/5077A,0.0,0.0,0.0
2020-01-15 02:29:59,M32/5077A,0.0,0.0,0.0
2020-01-15 02:44:59,M32/5077A,0.0,0.0,0.0
2020-01-15 02:59:59,M32/5077A,0.0,0.0,0.0
2020-01-15 03:14:59,M32/5077A,0.0,0.0,0.0
2020-01-15 03:29:59,M32/5077A,0.0,0.0,0.0
2020-01-15 03:44:59,M32/5077A,0.0,0.0,0.0
2020-01-15 03:59:59,M32/5077A,0.0,0.0,0.0
2020-01-15 04:14:59,M32/5077A,0.0,0.0,0.0
2020-01-15 04:29:59,M32/5077A,0.0,0.0,0.0
2020-01-15 04:44:59,M32/5077A,0.0,0.0,0.0
2020-01-15 04:59:59,M32/5077A,0.0,0.0,0.0
2020-01-15 05:14:59,M32/5077A,0.0,0.0,0.0
2020-01-15 05:29:59,M32/5077A,0.0,0.0,0.0
2020-01-15 05:44:59,M32/5077A,0.0,0.0,0.0
2020-01-15 05:59:59,M32/5077A,0.0,0.0,0.0
2020-01-15 06:14:59,M32/5077A,0.0,0.0,0.0
2020-01-15 06:29:59,M32/5077A,0.0,0.0,0.0
2020-01-15 06:44:59,M32/5077A,0.0,0.0,0.0
2020-01-15 06:59:59,M32/5077A,0.0,0.0,0.0
2020-01-15 07:14:59,M32/5077A,0.0,0.0,0.0
2020-01-15 07:29:59,M32/5077A,0.0,0.0,0.0
2020-01-15 07:44:59,M32/5077A,0.0,0.0,0.0
2020-01-15 07:59:59,M32/5077A,0.0,0.0,0.0
2020-01-15 08:14:59,M32/5077A,0.0,0.0,0.0
2020-01-15 08:29:59,M32/5077A,0.0,0.0,0.0
2020-01-15 08:44:59,M32/5077A,0.0,0.0,0.0
2020-01-15 08:59:59,M32/5077A,0.0,0.0,0.0
2020-01-15 09:14:59,M32/5077A,0.0,0.0,0.0
2020-01-15 09:29:59,M32/5077A,0.0,0.0,0.0
2020-01-15 09:44:59,M32/5077A,0.0,0.0,0.0
2020-01-15 09:59:59,M32/5077A,0.0,0.0,0.0
2020-01-15 10:14:59,M32/5077A,0.0,0.0,0.0
2020-01-15 10:29:59,M32/5077A,0.0,0.0,0.0
2020-01-15 10:44:59,M32/5077A,0.0,0.0,0.0
2020-01-15 10:59:59,M32/5077A,0.0,0.0,0.0
2020-01-15 11:14:59,M32/5077A,0.0,0.0,0.0
2020-01-15 11:29:59,M32/5077A,0.0,0.0,0.0
2020-01-15 11:44:59,M32/5077A,0.0,0.0,0.0
2020-01-15 11:59:59,M32/5077A,0.0,0.0,0.0
2020-01-15 12:14:59,M32/5077A,0.0,0.0,0.0
2020-01-15 12:29:59,M32/5077A,0.0,0.0,0.0
2020-01-15 12:44:59,M32/5077A,0.0,0.0,0.0
2020-01-15 12:59:59,M32/5077A,0.0,0.0,0.0
2020-01-15 13:14:59,M32/5077A,0.0,0.0,0.0
2020-01-15 13:29:59,M32/5077A,0.0,0.0,0.0
2020-01-15 13:44:59,M32/5077A,0.0,0.0,0.0
2020-01-15 13:59:59,M32/5077A,0.0,0.0,0.0
2020-01-15 14:14:59,M32/5077A,0.0,0.0,0.0
2020-01-15 14:29:59,M32/5077A,0.0,0.0,0.0
2020-01-15 14:44:59,M32/5077A,0.0,0.0,0.0
2020-01-15 14:59:59,M32/5077A,0.0,0.0,0.0
2020-01-15 15:14:59,M32/5077A,0.0,0.0,0.0
2020-01-15 15:29:59,M32/5077A,0.0,0.0,0.0
2020-01-15 15:44:59,M32/5077A,0.0,0.0,0.0
2020-01-15 15:59:59,M32/5077A,0.0,0.0,0.0
2020-01-15 16:14:59,M32/5077A,0.0,0.0,0.0
2020-01-15 16:29:59,M32/5077A,0.0,0.0,0.0
2020-01-15 16:44:59,M32/5077A,0.0,0.0,0.0
2020-01-15 16:59:59,M32/5077A,0.0,0.0,0.0
2020-01-15 17:14:59,M32/5077A,0.0,0.0,0.0
2020-01-15 17:29:59,M32/5077A,0.0,0.0,0.0
2020-01-15 17:44:59,M32/5077A,0.0,0.0,0.0
2020-01-15 17:59:59,M32/5077A,0.0,0.0,0.0
2020-01-15 18:14:59,M32/5077A,0.0,0.0,0.0
2020-01-15 18:29:59,M32/5077A,0.0,0.0,0.0
2020-01-15 18:44:59,M32/5077A,0.0,0.0,0.0
2020-01-15 18:59:59,M32/5077A,0.0,0.0,0.0
2020-01-15 19:14:59,M32/5077A,0.0,0.0,0.0
2020-01-15 19:29:59,M32/5077A,0.0,0.0,0.0
2020-01-15 19:44:59,M32/5077A,0.0,0.0,0.0
2020-01-15 19:59:59,M32/5077A,0.0,0.0,0.0
2020-01-15 20:14:59,M32/5077A,0.0,0.0,0.0
2020-01-15 20:29:59,M32/5077A,0.0,0.0,0.0
2020-01-15 20:44:59,M32/5077A,0.0,0.0,0.0
2020-01-15 20:59:59,M32/5077A,0.0,0.0,0.0
2020-01-15 21:14:59,M32/5077A,0.0,0.0,0.0
2020-01-15 21:29:59,M32/5077A,0.0,0.0,0.0
2020-01-15 21:44:59,M32/5077A,0.0,0.0,0.0
2020-01-15 21:59:59,M32/5077A,0.0,0.0,0.0
2020-01-15 22:14:59,M32/5077A,0.0,0.0,0.0
2020-01-15 22:29:59,M32/5077A,0.0,0.0,0.0
2020-01-15 22:44:59,M32/5077A,0.0,0.0,0.0
2020-01-15 22:59:59,M32/5077A,0.0,0.0,0.0
2020-01-15 23:14:59,M32/5077A,0.0,0.0,0.0
2020-01-15 23:29:59,M32/5077A,0.0,0.0,0.0
2020-01-15 23:44:59,M32/5077A,0.0,0.0,0.0
2020-01-15 23:59:59,M32/5077A,0.0,0.0,0.0
2020-01-16 00:14:59,M32/5077A,0.0,0.0,0.0
2020-01-16 00:29:59,M32/5077A,0.0,0.0,0.0
2020-01-16 00:44:59,M32/5077A,0.0,0.0,0.0
2020-01-16 00:59:59,M32/5077A,0.0,0.0,0.0
2020-01-16 01:14:59,M32/5077A,0.0,0.0,0.0
2020-01-16 01:29:59,M32/5077A,0.0,0.0,0.0
2020-01-16 01:44:59,M32/5077A,0.0,0.0,0.0
2020-01-16 01:59:59,M32/5077A,0.0,0.0,0.0
2020-01-16 02:14:59,M32/5077A,0.0,0.0,0.0
2020-01-16 02:29:59,M32/5077A,0.0,0.0,0.0
2020-01-16 02:44:59,M32/5077A,0.0,0.0,0.0
2020-01-16 02:59:59,M32/5077A,0.0,0.0,0.0
2020-01-16 03:14:59,M32/5077A,0.0,0.0,0.0
2020-01-16 03:29:59,M32/5077A,0.0,0.0,0.0
2020-01-16 03:44:59,M32/5077A,0.0,0.0,0.0
2020-01-16 03:59:59,M32/5077A,0.0,0.0,0.0
2020-01-16 04:14:59,M32/5077A,0.0,0.0,0.0
2020-01-16 04:29:59,M32/5077A,0.0,0.0,0.0
2020-01-16 04:44:59,M32/5077A,0.0,0.0,0.0
2020-01-16 04:59:59,M32/5077A,0.0,0.0,0.0
2020-01-16 05:14:59,M32/5077A,0.0,0.0,0.0
2020-01-16 05:29:59,M32/5077A,0.0,0.0,0.0
2020-01-16 05:44:59,M32/5077A,0.0,0.0,0.0
2020-01-16 05:59:59,M32/5077A,0.0,0.0,0.0
2020-01-16 06:14:59,M32/5077A,0.0,0.0,0.0
2020-01-16 06:29:59,M32/5077A,0.0,0.0,0.0
2020-01-16 06:44:59,M32/5077A,0.0,0.0,0.0
2020-01-16 06:59:59,M32/5077A,0.0,0.0,0.0
2020-01-16 07:14:59,M32/5077A,0.0,0.0,0.0
2020-01-16 07:29:59,M32/5077A,0.0,0.0,0.0
2020-01-16 07:44:59,M32/5077A,0.0,0.0,0.0
2020-01-16 07:59:59,M32/5077A,0.0,0.0,0.0
2020-01-16 08:14:59,M32/5077A,0.0,0.0,0.0
2020-01-16 08:29:59,M32/5077A,0.0,0.0,0.0
2020-01-16 08:44:59,M32/5077A,0.0,0.0,0.0
2020-01-16 08:59:59,M32/5077A,0.0,0.0,0.0
2020-01-16 09:14:59,M32/5077A,0.0,0.0,0.0
2020-01-16 09:29:59,M32/5077A,0.0,0.0,0.0
2020-01-16 09:44:59,M32/5077A,0.0,0.0,0.0
2020-01-16 09:59:59,M32/5077A,0.0,0.0,0.0
2020-01-16 10:14:59,M32/5077A,0.0,0.0,0.0
2020-01-16 10:29:59,M32/5077A,0.0,0.0,0.0
2020-01-16 10:44:59,M32/5077A,0.0,0.0,0.0
2020-01-16 10:59:59,M32/5077A,0.0,0.0,0.0
2020-01-16 11:14:59,M32/5077A,0.0,0.0,0.0
2020-01-16 11:29:59,M32/5077A,0.0,0.0,0.0
2020-01-16 11:44:59,M32/5077A,0.0,0.0,0.0
2020-01-16 11:59:59,M32/5077A,0.0,0.0,0.0
2020-01-16 12:14:59,M32/5077A,0.0,0.0,0.0
2020-01-16 12:29:59,M32/5077A,0.0,0.0,0.0
2020-01-16 12:44:59,M32/5077A,0.0,0.0,0.0
2020-01-16 12:59:59,M32/5077A,0.0,0.0,0.0
2020-01-16 13:14:59,M32/5077A,0.0,0.0,0.0
2020-01-16 13:29:59,M32/5077A,0.0,0.0,0.0
2020-01-16 13:44:59,M32/5077A,0.0,0.0,0.0
2020-01-16 13:59:59,M32/5077A,0.0,0.0,0.0
2020-01-16 14:14:59,M32/5077A,0.0,0.0,0.0
2020-01-16 14:29:59,M32/5077A,0.0,0.0,0.0
2020-01-16 14:44:59,M32/5077A,0.0,0.0,0.0
2020-01-16 14:59:59,M32/5077A,0.0,0.0,0.0
2020-01-16 15:14:59,M32/5077A,0.0,0.0,0.0
2020-01-16 15:29:59,M32/5077A,0.0,0.0,0.0
2020-01-16 15:44:59,M32/5077A,0.0,0.0,0.0
2020-01-16 15:59:59,M32/5077A,0.0,0.0,0.0
2020-01-16 16:14:59,M32/5077A,0.0,0.0,0.0
2020-01-16 16:29:59,M32/5077A,0.0,0.0,0.0
2020-01-16 16:44:59,M32/5077A,0.0,0.0,0.0
2020-01-16 16:59:59,M32/5077A,0.0,0.0,0.0
2020-01-16 17:14:59,M32/5077A,0.0,0.0,0.0
2020-01-16 17:29:59,M32/5077A,0.0,0.0,0.0
2020-01-16 17:44:59,M32/5077A,0.0,0.0,0.0
2020-01-16 17:59:59,M32/5077A,0.0,0.0,0.0
2020-01-16 18:14:59,M32/5077A,0.0,0.0,0.0
2020-01-16 18:29:59,M32/5077A,0.0,0.0,0.0
2020-01-16 18:44:59,M32/5077A,0.0,0.0,0.0
2020-01-16 18:59:59,M32/5077A,0.0,0.0,0.0
2020-01-16 19:14:59,M32/5077A,0.0,0.0,0.0
2020-01-16 19:29:59,M32/5077A,0.0,0.0,0.0
2020-01-16 19:44:59,M32/5077A,0.0,0.0,0.0
2020-01-16 19:59:59,M32/5077A,0.0,0.0,0.0
2020-01-16 20:14:59,M32/5077A,0.0,0.0,0.0
2020-01-16 20:29:59,M32/5077A,0.0,0.0,0.0
2020-01-16 20:44:59,M32/5077A,0.0,0.0,0.0
2020-01-16 20:59:59,M32/5077A,0.0,0.0,0.0
2020-01-16 21:14:59,M32/5077A,0.0,0.0,0.0
2020-01-16 21:29:59,M32/5077A,0.0,0.0,0.0
2020-01-16 21:44:59,M32/5077A,0.0,0.0,0.0
2020-01-16 21:59:59,M32/5077A,0.0,0.0,0.0
2020-01-16 22:14:59,M32/5077A,0.0,0.0,0.0
2020-01-16 22:29:59,M32/5077A,0.0,0.0,0.0
2020-01-16 22:44:59,M32/5077A,0.0,0.0,0.0
2020-01-16 22:59:59,M32/5077A,0.0,0.0,0.0
2020-01-16 23:14:59,M32/5077A,0.0,0.0,0.0
2020-01-16 23:29:59,M32/5077A,0.0,0.0,0.0
2020-01-16 23:44:59,M32/5077A,0.0,0.0,0.0
2020-01-16 23:59:59,M32/5077A,0.0,0.0,0.0
2020-01-17 00:14:59,M32/5077A,0.0,0.0,0.0
2020-01-17 00:29:59,M32/5077A,0.0,0.0,0.0
2020-01-17 00:44:59,M32/5077A,0.0,0.0,0.0
2020-01-17 00:59:59,M32/5077A,0.0,0.0,0.0
2020-01-17 01:14:59,M32/5077A,0.0,0.0,0.0
2020-01-17 01:29:59,M32/5077A,0.0,0.0,0.0
2020-01-17 01:44:59,M32/5077A,0.0,0.0,0.0
2020-01-17 01:59:59,M32/5077A,0.0,0.0,0.0
2020-01-17 02:14:59,M32/5077A,0.0,0.0,0.0
2020-01-17 02:29:59,M32/5077A,0.0,0.0,0.0
2020-01-17 02:44:59,M32/5077A,0.0,0.0,0.0
2020-01-17 02:59:59,M32/5077A,0.0,0.0,0.0
2020-01-17 03:14:59,M32/5077A,0.0,0.0,0.0
2020-01-17 03:29:59,M32/5077A,0.0,0.0,0.0
2020-01-17 03:44:59,M32/5077A,0.0,0.0,0.0
2020-01-17 03:59:59,M32/5077A,0.0,0.0,0.0
2020-01-17 04:14:59,M32/5077A,0.0,0.0,0.0
2020-01-17 04:29:59,M32/5077A,0.0,0.0,0.0
2020-01-17 04:44:59,M32/5077A,0.0,0.0,0.0
2020-01-17 04:59:59,M32/5077A,0.0,0.0,0.0
2020-01-17 05:14:59,M32/5077A,0.0,0.0,0.0
2020-01-17 05:29:59,M32/5077A,0.0,0.0,0.0
2020-01-17 05:44:59,M32/5077A,0.0,0.0,0.0
2020-01-17 05:59:59,M32/5077A,0.0,0.0,0.0
2020-01-17 06:14:59,M32/5077A,0.0,0.0,0.0
2020-01-17 06:29:59,M32/5077A,0.0,0.0,0.0
2020-01-17 06:44:59,M32/5077A,0.0,0.0,0.0
2020-01-17 06:59:59,M32/5077A,0.0,0.0,0.0
2020-01-17 07:14:59,M32/5077A,0.0,0.0,0.0
2020-01-17 07:29:59,M32/5077A,0.0,0.0,0.0
2020-01-17 07:44:59,M32/5077A,0.0,0.0,0.0
2020-01-17 07:59:59,M32/5077A,0.0,0.0,0.0
2020-01-17 08:14:59,M32/5077A,0.0,0.0,0.0
2020-01-17 08:29:59,M32/5077A,0.0,0.0,0.0
2020-01-17 08:44:59,M32/5077A,0.0,0.0,0.0
2020-01-17 08:59:59,M32/5077A,0.0,0.0,0.0
2020-01-17 09:14:59,M32/5077A,0.0,0.0,0.0
2020-01-17 09:29:59,M32/5077A,0.0,0.0,0.0
2020-01-17 09:44:59,M32/5077A,0.0,0.0,0.0
2020-01-17 09:59:59,M32/5077A,0.0,0.0,0.0
2020-01-17 10:14:59,M32/5077A,0.0,0.0,0.0
2020-01-17 10:29:59,M32/5077A,0.0,0.0,0.0
2020-01-17 10:44:59,M32/5077A,0.0,0.0,0.0
2020-01-17 10:59:59,M32/5077A,0.0,0.0,0.0
2020-01-17 11:14:59,M32/5077A,0.0,0.0,0.0
2020-01-17 11:29:59,M32/5077A,0.0,0.0,0.0
2020-01-17 11:44:59,M32/5077A,0.0,0.0,0.0
2020-01-17 11:59:59,M32/5077A,0.0,0.0,0.0
2020-01-17 12:14:59,M32/5077A,0.0,0.0,0.0
2020-01-17 12:29:59,M32/5077A,0.0,0.0,0.0
2020-01-17 12:44:59,M32/5077A,0.0,0.0,0.0
2020-01-17 12:59:59,M32/5077A,0.0,0.0,0.0
2020-01-17 13:14:59,M32/5077A,0.0,0.0,0.0
2020-01-17 13:29:59,M32/5077A,0.0,0.0,0.0
2020-01-17 13:44:59,M32/5077A,0.0,0.0,0.0
2020-01-17 13:59:59,M32/5077A,0.0,0.0,0.0
2020-01-17 14:14:59,M32/5077A,0.0,0.0,0.0
2020-01-17 14:29:59,M32/5077A,0.0,0.0,0.0
2020-01-17 14:44:59,M32/5077A,0.0,0.0,0.0
2020-01-17 14:59:59,M32/5077A,0.0,0.0,0.0
2020-01-17 15:14:59,M32/5077A,0.0,0.0,0.0
2020-01-17 15:29:59,M32/5077A,0.0,0.0,0.0
2020-01-17 15:44:59,M32/5077A,0.0,0.0,0.0
2020-01-17 15:59:59,M32/5077A,0.0,0.0,0.0
2020-01-17 16:14:59,M32/5077A,0.0,0.0,0.0
2020-01-17 16:29:59,M32/5077A,0.0,0.0,0.0
2020-01-17 16:44:59,M32/5077A,0.0,0.0,0.0
2020-01-17 16:59:59,M32/5077A,0.0,0.0,0.0
2020-01-17 17:14:59,M32/5077A,0.0,0.0,0.0
2020-01-17 17:29:59,M32/5077A,0.0,0.0,0.0
2020-01-17 17:44:59,M32/5077A,0.0,0.0,0.0
2020-01-17 17:59:59,M32/5077A,0.0,0.0,0.0
2020-01-17 18:14:59,M32/5077A,0.0,0.0,0.0
2020-01-17 18:29:59,M32/5077A,0.0,0.0,0.0
2020-01-17 18:44:59,M32/5077A,0.0,0.0,0.0
2020-01-17 18:59:59,M32/5077A,0.0,0.0,0.0
2020-01-17 19:14:59,M32/5077A,0.0,0.0,0.0
2020-01-17 19:29:59,M32/5077A,0.0,0.0,0.0
2020-01-17 19:44:59,M32/5077A,0.0,0.0,0.0
2020-01-17 19:59:59,M32/5077A,0.0,0.0,0.0
2020-01-17 20:14:59,M32/5077A,0.0,0.0,0.0
2020-01-17 20:29:59,M32/5077A,0.0,0.0,0.0
2020-01-17 20:44:59,M32/5077A,0.0,0.0,0.0
2020-01-17 20:59:59,M32/5077A,0.0,0.0,0.0
2020-01-17 21:14:59,M32/5077A,0.0,0.0,0.0
2020-01-17 21:29:59,M32/5077A,0.0,0.0,0.0
2020-01-17 21:44:59,M32/5077A,0.0,0.0,0.0
2020-01-17 21:59:59,M32/5077A,0.0,0.0,0.0
2020-01-17 22:14:59,M32/5077A,0.0,0.0,0.0
2020-01-17 22:29:59,M32/5077A,0.0,0.0,0.0
2020-01-17 22:44:59,M32/5077A,0.0,0.0,0.0
2020-01-17 22:59:59,M32/5077A,0.0,0.0,0.0
2020-01-17 23:14:59,M32/5077A,0.0,0.0,0.0
2020-01-17 23:29:59,M32/5077A,0.0,0.0,0.0
2020-01-17 23:44:59,M32/5077A,0.0,0.0,0.0
2020-01-17 23:59:59,M32/5077A,0.0,0.0,0.0
2020-01-18 00:14:59,M32/5077A,0.0,0.0,0.0
2020-01-18 00:29:59,M32/5077A,0.0,0.0,0.0
2020-01-18 00:44:59,M32/5077A,0.0,0.0,0.0
2020-01-18 00:59:59,M32/5077A,0.0,0.0,0.0
2020-01-18 01:14:59,M32/5077A,0.0,0.0,0.0
2020-01-18 01:29:59,M32/5077A,0.0,0.0,0.0
2020-01-18 01:44:59,M32/5077A,0.0,0.0,0.0
2020-01-18 01:59:59,M32/5077A,0.0,0.0,0.0
2020-01-18 02:14:59,M32/5077A,0.0,0.0,0.0
2020-01-18 02:29:59,M32/5077A,0.0,0.0,0.0
2020-01-18 02:44:59,M32/5077A,0.0,0.0,0.0
2020-01-18 02:59:59,M32/5077A,0.0,0.0,0.0
2020-01-18 03:14:59,M32/5077A,0.0,0.0,0.0
2020-01-18 03:29:59,M32/5077A,0.0,0.0,0.0
2020-01-18 03:44:59,M32/5077A,0.0,0.0,0.0
2020-01-18 03:59:59,M32/5077A,0.0,0.0,0.0
2020-01-18 04:14:59,M32/5077A,0.0,0.0,0.0
2020-01-18 04:29:59,M32/5077A,0.0,0.0,0.0
2020-01-18 04:44:59,M32/5077A,0.0,0.0,0.0
2020-01-18 04:59:59,M32/5077A,0.0,0.0,0.0
2020-01-18 05:14:59,M32/5077A,0.0,0.0,0.0
2020-01-18 05:29:59,M32/5077A,0.0,0.0,0.0
2020-01-18 05:44:59,M32/5077A,0.0,0.0,0.0
2020-01-18 05:59:59,M32/5077A,0.0,0.0,0.0
2020-01-18 06:14:59,M32/5077A,0.0,0.0,0.0
2020-01-18 06:29:59,M32/5077A,0.0,0.0,0.0
2020-01-18 06:44:59,M32/5077A,0.0,0.0,0.0
2020-01-18 06:59:59,M32/5077A,0.0,0.0,0.0
2020-01-18 07:14:59,M32/5077A,0.0,0.0,0.0
2020-01-18 07:29:59,M32/5077A,0.0,0.0,0.0
2020-01-18 07:44:59,M32/5077A,0.0,0.0,0.0
2020-01-18 07:59:59,M32/5077A,0.0,0.0,0.0
2020-01-18 08:14:59,M32/5077A,0.0,0.0,0.0
2020-01-18 08:29:59,M32/5077A,0.0,0.0,0.0
2020-01-18 08:44:59,M32/5077A,0.0,0.0,0.0
2020-01-18 08:59:59,M32/5077A,0.0,0.0,0.0
2020-01-18 09:14:59,M32/5077A,0.0,0.0,0.0
2020-01-18 09:29:59,M32/5077A,0.0,0.0,0.0
2020-01-18 09:44:59,M32/5077A,0.0,0.0,0.0
2020-01-18 09:59:59,M32/5077A,0.0,0.0,0.0
2020-01-18 10:14:59,M32/5077A,0.0,0.0,0.0
2020-01-18 10:29:59,M32/5077A,0.0,0.0,0.0
2020-01-18 10:44:59,M32/5077A,0.0,0.0,0.0
2020-01-18 10:59:59,M32/5077A,0.0,0.0,0.0
2020-01-18 11:14:59,M32/5077A,0.0,0.0,0.0
2020-01-18 11:29:59,M32/5077A,0.0,0.0,0.0
2020-01-18 11:44:59,M32/5077A,0.0,0.0,0.0
2020-01-18 11:59:59,M32/5077A,0.0,0.0,0.0
2020-01-18 12:14:59,M32/5077A,0.0,0.0,0.0
2020-01-18 12:29:59,M32/5077A,0.0,0.0,0.0
2020-01-18 12:44:59,M32/5077A,0.0,0.0,0.0
2020-01-18 12:59:59,M32/5077A,0.0,0.0,0.0
2020-01-18 13:14:59,M32/5077A,0.0,0.0,0.0
2020-01-18 13:29:59,M32/5077A,0.0,0.0,0.0
2020-01-18 13:44:59,M32/5077A,0.0,0.0,0.0
2020-01-18 13:59:59,M32/5077A,0.0,0.0,0.0
2020-01-18 14:14:59,M32/5077A,0.0,0.0,0.0
2020-01-18 14:29:59,M32/5077A,0.0,0.0,0.0
2020-01-18 14:44:59,M32/5077A,0.0,0.0,0.0
2020-01-18 14:59:59,M32/5077A,0.0,0.0,0.0
2020-01-18 15:14:59,M32/5077A,0.0,0.0,0.0
2020-01-18 15:29:59,M32/5077A,0.0,0.0,0.0
2020-01-18 15:44:59,M32/5077A,0.0,0.0,0.0
2020-01-18 15:59:59,M32/5077A,0.0,0.0,0.0
2020-01-18 16:14:59,M32/5077A,0.0,0.0,0.0
2020-01-18 16:29:59,M32/5077A,0.0,0.0,0.0
2020-01-18 16:44:59,M32/5077A,0.0,0.0,0.0
2020-01-18 16:59:59,M32/5077A,0.0,0.0,0.0
2020-01-18 17:14:59,M32/5077A,0.0,0.0,0.0
2020-01-18 17:29:59,M32/5077A,0.0,0.0,0.0
2020-01-18 17:44:59,M32/5077A,0.0,0.0,0.0
2020-01-18 17:59:59,M32/5077A,0.0,0.0,0.0
2020-01-18 18:14:59,M32/5077A,0.0,0.0,0.0
2020-01-18 18:29:59,M32/5077A,0.0,0.0,0.0
2020-01-18 18:44:59,M32/5077A,0.0,0.0,0.0
2020-01-18 18:59:59,M32/5077A,0.0,0.0,0.0
2020-01-18 19:14:59,M32/5077A,0.0,0.0,0.0
2020-01-18 19:29:59,M32/5077A,0.0,0.0,0.0
2020-01-18 19:44:59,M32/5077A,0.0,0.0,0.0
2020-01-18 19:59:59,M32/5077A,0.0,0.0,0.0
2020-01-18 20:14:59,M32/5077A,0.0,0.0,0.0
2020-01-18 20:29:59,M32/5077A,0.0,0.0,0.0
2020-01-18 20:44:59,M32/5077A,0.0,0.0,0.0
2020-01-18 20:59:59,M32/5077A,0.0,0.0,0.0
2020-01-18 21:14:59,M32/5077A,0.0,0.0,0.0
2020-01-18 21:29:59,M32/5077A,0.0,0.0,0.0
2020-01-18 21:44:59,M32/5077A,0.0,0.0,0.0
2020-01-18 21:59:59,M32/5077A,0.0,0.0,0.0
2020-01-18 22:14:59,M32/5077A,0.0,0.0,0.0
2020-01-18 22:29:59,M32/5077A,0.0,0.0,0.0
2020-01-18 22:44:59,M32/5077A,0.0,0.0,0.0
2020-01-18 22:59:59,M32/5077A,0.0,0.0,0.0
2020-01-18 23:14:59,M32/5077A,0.0,0.0,0.0
2020-01-18 23:29:59,M32/5077A,0.0,0.0,0.0
2020-01-18 23:44:59,M32/5077A,0.0,0.0,0.0
2020-01-18 23:59:59,M32/5077A,0.0,0.0,0.0
2020-01-19 00:14:59,M32/5077A,0.0,0.0,0.0
2020-01-19 00:29:59,M32/5077A,0.0,0.0,0.0
2020-01-19 00:44:59,M32/5077A,0.0,0.0,0.0
2020-01-19 00:59:59,M32/5077A,0.0,0.0,0.0
2020-01-19 01:14:59,M32/5077A,0.0,0.0,0.0
2020-01-19 01:29:59,M32/5077A,0.0,0.0,0.0
2020-01-19 01:44:59,M32/5077A,0.0,0.0,0.0
2020-01-19 01:59:59,M32/5077A,0.0,0.0,0.0
2020-01-19 02:14:59,M32/5077A,0.0,0.0,0.0
2020-01-19 02:29:59,M32/5077A,0.0,0.0,0.0
2020-01-19 02:44:59,M32/5077A,0.0,0.0,0.0
2020-01-19 02:59:59,M32/5077A,0.0,0.0,0.0
2020-01-19 03:14:59,M32/5077A,0.0,0.0,0.0
2020-01-19 03:29:59,M32/5077A,0.0,0.0,0.0
2020-01-19 03:44:59,M32/5077A,0.0,0.0,0.0
2020-01-19 03:59:59,M32/5077A,0.0,0.0,0.0
2020-01-19 04:14:59,M32/5077A,0.0,0.0,0.0
2020-01-19 04:29:59,M32/5077A,0.0,0.0,0.0
2020-01-19 04:44:59,M32/5077A,0.0,0.0,0.0
2020-01-19 04:59:59,M32/5077A,0.0,0.0,0.0
2020-01-19 05:14:59,M32/5077A,0.0,0.0,0.0
2020-01-19 05:29:59,M32/5077A,0.0,0.0,0.0
2020-01-19 05:44:59,M32/5077A,0.0,0.0,0.0
2020-01-19 05:59:59,M32/5077A,0.0,0.0,0.0
2020-01-19 06:14:59,M32/5077A,0.0,0.0,0.0
2020-01-19 06:29:59,M32/5077A,0.0,0.0,0.0
2020-01-19 06:44:59,M32/5077A,0.0,0.0,0.0
2020-01-19 06:59:59,M32/5077A,0.0,0.0,0.0
2020-01-19 07:14:59,M32/5077A,0.0,0.0,0.0
2020-01-19 07:29:59,M32/5077A,0.0,0.0,0.0
2020-01-19 07:44:59,M32/5077A,0.0,0.0,0.0
2020-01-19 07:59:59,M32/5077A,0.0,0.0,0.0
2020-01-19 08:14:59,M32/5077A,0.0,0.0,0.0
2020-01-19 08:29:59,M32/5077A,0.0,0.0,0.0
2020-01-19 08:44:59,M32/5077A,0.0,0.0,0.0
2020-01-19 08:59:59,M32/5077A,0.0,0.0,0.0
2020-01-19 09:14:59,M32/5077A,0.0,0.0,0.0
2020-01-19 09:29:59,M32/5077A,0.0,0.0,0.0
2020-01-19 09:44:59,M32/5077A,0.0,0.0,0.0
2020-01-19 09:59:59,M32/5077A,0.0,0.0,0.0
2020-01-19 10:14:59,M32/5077A,0.0,0.0,0.0
2020-01-19 10:29:59,M32/5077A,0.0,0.0,0.0
2020-01-19 10:44:59,M32/5077A,0.0,0.0,0.0
2020-01-19 10:59:59,M32/5077A,0.0,0.0,0.0
2020-01-19 11:14:59,M32/5077A,0.0,0.0,0.0
2020-01-19 11:29:59,M32/5077A,0.0,0.0,0.0
2020-01-19 11:44:59,M32/5077A,0.0,0.0,0.0
2020-01-19 11:59:59,M32/5077A,0.0,0.0,0.0
2020-01-19 12:14:59,M32/5077A,0.0,0.0,0.0
2020-01-19 12:29:59,M32/5077A,0.0,0.0,0.0
2020-01-19 12:44:59,M32/5077A,0.0,0.0,0.0
2020-01-19 12:59:59,M32/5077A,0.0,0.0,0.0
2020-01-19 13:14:59,M32/5077A,0.0,0.0,0.0
2020-01-19 13:29:59,M32/5077A,0.0,0.0,0.0
2020-01-19 13:44:59,M32/5077A,0.0,0.0,0.0
2020-01-19 13:59:59,M32/5077A,0.0,0.0,0.0
2020-01-19 14:14:59,M32/5077A,0.0,0.0,0.0
2020-01-19 14:29:59,M32/5077A,0.0,0.0,0.0
2020-01-19 14:44:59,M32/5077A,0.0,0.0,0.0
2020-01-19 14:59:59,M32/5077A,0.0,0.0,0.0
2020-01-19 15:14:59,M32/5077A,0.0,0.0,0.0
2020-01-19 15:29:59,M32/5077A,0.0,0.0,0.0
2020-01-19 15:44:59,M32/5077A,0.0,0.0,0.0
2020-01-19 15:59:59,M32/5077A,0.0,0.0,0.0
2020-01-19 16:14:59,M32/5077A,0.0,0.0,0.0
2020-01-19 16:29:59,M32/5077A,0.0,0.0,0.0
2020-01-19 16:44:59,M32/5077A,0.0,0.0,0.0
2020-01-19 16:59:59,M32/5077A,0.0,0.0,0.0
2020-01-19 17:14:59,M32/5077A,0.0,0.0,0.0
2020-01-19 17:29:59,M32/5077A,0.0,0.0,0.0
2020-01-19 17:44:59,M32/5077A,0.0,0.0,0.0
2020-01-19 17:59:59,M32/5077A,0.0,0.0,0.0
2020-01-19 18:14:59,M32/5077A,0.0,0.0,0.0
2020-01-19 18:29:59,M32/5077A,0.0,0.0,0.0
2020-01-19 18:44:59,M32/5077A,0.0,0.0,0.0
2020-01-19 18:59:59,M32/5077A,0.0,0.0,0.0
2020-01-19 19:14:59,M32/5077A,0.0,0.0,0.0
2020-01-19 19:29:59,M32/5077A,0.0,0.0,0.0
2020-01-19 19:44:59,M32/5077A,0.0,0.0,0.0
2020-01-19 19:59:59,M32/5077A,0.0,0.0,0.0
2020-01-19 20:14:59,M32/5077A,0.0,0.0,0.0
2020-01-19 20:29:59,M32/5077A,0.0,0.0,0.0
2020-01-19 20:44:59,M32/5077A,0.0,0.0,0.0
2020-01-19 20:59:59,M32/5077A,0.0,0.0,0.0
2020-01-19 21:14:59,M32/5077A,0.0,0.0,0.0
2020-01-19 21:29:59,M32/5077A,0.0,0.0,0.0
2020-01-19 21:44:59,M32/5077A,0.0,0.0,0.0
2020-01-19 21:59:59,M32/5077A,0.0,0.0,0.0
2020-01-19 22:14:59,M32/5077A,0.0,0.0,0.0
2020-01-19 22:29:59,M32/5077A,0.0,0.0,0.0
2020-01-19 22:44:59,M32/5077A,0.0,0.0,0.0
2020-01-19 22:59:59,M32/5077A,0.0,0.0,0.0
2020-01-19 23:14:59,M32/5077A,0.0,0.0,0.0
2020-01-19 23:29:59,M32/5077A,0.0,0.0,0.0
2020-01-19 23:44:59,M32/5077A,0.0,0.0,0.0
2020-01-19 23:59:59,M32/5077A,0.0,0.0,0.0
2020-01-20 00:14:59,M32/5077A,0.0,0.0,0.0
2020-01-20 00:29:59,M32/5077A,0.0,0.0,0.0
2020-01-20 00:44:59,M32/5077A,0.0,0.0,0.0
2020-01-20 00:59:59,M32/5077A,0.0,0.0,0.0
2020-01-20 01:14:59,M32/5077A,0.0,0.0,0.0
2020-01-20 01:29:59,M32/5077A,0.0,0.0,0.0
2020-01-20 01:44:59,M32/5077A,0.0,0.0,0.0
2020-01-20 01:59:59,M32/5077A,0.0,0.0,0.0
2020-01-20 02:14:59,M32/5077A,0.0,0.0,0.0
2020-01-20 02:29:59,M32/5077A,0.0,0.0,0.0
2020-01-20 02:44:59,M32/5077A,0.0,0.0,0.0
2020-01-20 02:59:59,M32/5077A,0.0,0.0,0.0
2020-01-20 03:14:59,M32/5077A,0.0,0.0,0.0
2020-01-20 03:29:59,M32/5077A,0.0,0.0,0.0
2020-01-20 03:44:59,M32/5077A,0.0,0.0,0.0
2020-01-20 03:59:59,M32/5077A,0.0,0.0,0.0
2020-01-20 04:14:59,M32/5077A,0.0,0.0,0.0
2020-01-20 04:29:59,M32/5077A,0.0,0.0,0.0
2020-01-20 04:44:59,M32/5077A,0.0,0.0,0.0
2020-01-20 04:59:59,M32/5077A,0.0,0.0,0.0
2020-01-20 05:14:59,M32/5077A,0.0,0.0,0.0
2020-01-20 05:29:59,M32/5077A,0.0,0.0,0.0
2020-01-20 05:44:59,M32/5077A,0.0,0.0,0.0
2020-01-20 05:59:59,M32/5077A,0.0,0.0,0.0
2020-01-20 06:14:59,M32/5077A,0.0,0.0,0.0
2020-01-20 06:29:59,M32/5077A,0.0,0.0,0.0
2020-01-20 06:44:59,M32/5077A,0.0,0.0,0.0
2020-01-20 06:59:59,M32/5077A,0.0,0.0,0.0
2020-01-20 07:14:59,M32/5077A,0.0,0.0,0.0
2020-01-20 07:29:59,M32/5077A,0.0,0.0,0.0
2020-01-20 07:44:59,M32/5077A,0.0,0.0,0.0
2020-01-20 07:59:59,M32/5077A,0.0,0.0,0.0
2020-01-20 08:14:59,M32/5077A,0.0,0.0,0.0
2020-01-20 08:29:59,M32/5077A,0.0,0.0,0.0
2020-01-20 08:44:59,M32/5077A,0.0,0.0,0.0
2020-01-20 08:59:59,M32/5077A,0.0,0.0,0.0
2020-01-20 09:14:59,M32/5077A,0.0,0.0,0.0
2020-01-20 09:29:59,M32/5077A,0.0,0.0,0.0
2020-01-20 09:44:59,M32/5077A,0.0,0.0,0.0
2020-01-20 09:59:59,M32/5077A,0.0,0.0,0.0
2020-01-20 10:14:59,M32/5077A,0.0,0.0,0.0
2020-01-20 10:29:59,M32/5077A,0.0,0.0,0.0
2020-01-20 10:44:59,M32/5077A,0.0,0.0,0.0
2020-01-20 10:59:59,M32/5077A,0.0,0.0,0.0
2020-01-20 11:14:59,M32/5077A,0.0,0.0,0.0
2020-01-20 11:29:59,M32/5077A,0.0,0.0,0.0
2020-01-20 11:44:59,M32/5077A,0.0,0.0,0.0
2020-01-20 11:59:59,M32/5077A,0.0,0.0,0.0
2020-01-20 12:14:59,M32/5077A,0.0,0.0,0.0
2020-01-20 12:29:59,M32/5077A,0.0,0.0,0.0
2020-01-20 12:44:59,M32/5077A,0.0,0.0,0.0
2020-01-20 12:59:59,M32/5077A,0.0,0.0,0.0
2020-01-20 13:14:59,M32/5077A,0.0,0.0,0.0
2020-01-20 13:29:59,M32/5077A,0.0,0.0,0.0
2020-01-20 13:44:59,M32/5077A,0.0,0.0,0.0
2020-01-20 13:59:59,M32/5077A,0.0,0.0,0.0
2020-01-20 14:14:59,M32/5077A,0.0,0.0,0.0
2020-01-20 14:29:59,M32/5077A,0.0,0.0,0.0
2020-01-20 14:44:59,M32/5077A,0.0,0.0,0.0
2020-01-20 14:59:59,M32/5077A,0.0,0.0,0.0
2020-01-20 15:14:59,M32/5077A,0.0,0.0,0.0
2020-01-20 15:29:59,M32/5077A,0.0,0.0,0.0
2020-01-20 15:44:59,M32/5077A,0.0,0.0,0.0
2020-01-20 15:59:59,M32/5077A,0.0,0.0,0.0
2020-01-20 16:14:59,M32/5077A,0.0,0.0,0.0
2020-01-20 16:29:59,M32/5077A,0.0,0.0,0.0
2020-01-20 16:44:59,M32/5077A,0.0,0.0,0.0
2020-01-20 16:59:59,M32/5077A,0.0,0.0,0.0
2020-01-20 17:14:59,M32/5077A,0.0,0.0,0.0
2020-01-20 17:29:59,M32/5077A,0.0,0.0,0.0
2020-01-20 17:44:59,M32/5077A,0.0,0.0,0.0
2020-01-20 17:59:59,M32/5077A,0.0,0.0,0.0
2020-01-20 18:14:59,M32/5077A,0.0,0.0,0.0
2020-01-20 18:29:59,M32/5077A,0.0,0.0,0.0
2020-01-20 18:44:59,M32/5077A,0.0,0.0,0.0
2020-01-20 18:59:59,M32/5077A,0.0,0.0,0.0
2020-01-20 19:14:59,M32/5077A,0.0,0.0,0.0
2020-01-20 19:29:59,M32/5077A,0.0,0.0,0.0
2020-01-20 19:44:59,M32/5077A,0.0,0.0,0.0
2020-01-20 19:59:59,M32/5077A,0.0,0.0,0.0
2020-01-20 20:14:59,M32/5077A,0.0,0.0,0.0
2020-01-20 20:29:59,M32/5077A,0.0,0.0,0.0
2020-01-20 20:44:59,M32/5077A,0.0,0.0,0.0
2020-01-20 20:59:59,M32/5077A,0.0,0.0,0.0
2020-01-20 21:14:59,M32/5077A,0.0,0.0,0.0
2020-01-20 21:29:59,M32/5077A,0.0,0.0,0.0
2020-01-20 21:44:59,M32/5077A,0.0,0.0,0.0
2020-01-20 21:59:59,M32/5077A,0.0,0.0,0.0
2020-01-20 22:14:59,M32/5077A,0.0,0.0,0.0
2020-01-20 22:29:59,M32/5077A,0.0,0.0,0.0
2020-01-20 22:44:59,M32/5077A,0.0,0.0,0.0
2020-01-20 22:59:59,M32/5077A,0.0,0.0,0.0
2020-01-20 23:14:59,M32/5077A,0.0,0.0,0.0
2020-01-20 23:29:59,M32/5077A,0.0,0.0,0.0
2020-01-20 23:44:59,M32/5077A,0.0,0.0,0.0
2020-01-20 23:59:59,M32/5077A,0.0,0.0,0.0
2020-01-21 00:14:59,M32/5077A,0.0,0.0,0.0
2020-01-21 00:29:59,M32/5077A,0.0,0.0,0.0
2020-01-21 00:44:59,M32/5077A,0.0,0.0,0.0
2020-01-21 00:59:59,M32/5077A,0.0,0.0,0.0
2020-01-21 01:14:59,M32/5077A,0.0,0.0,0.0
2020-01-21 01:29:59,M32/5077A,0.0,0.0,0.0
2020-01-21 01:44:59,M32/5077A,0.0,0.0,0.0
2020-01-21 01:59:59,M32/5077A,0.0,0.0,0.0
2020-01-21 02:14:59,M32/5077A,0.0,0.0,0.0
2020-01-21 02:29:59,M32/5077A,0.0,0.0,0.0
2020-01-21 02:44:59,M32/5077A,0.0,0.0,0.0
2020-01-21 02:59:59,M32/5077A,0.0,0.0,0.0
2020-01-21 03:14:59,M32/5077A,0.0,0.0,0.0
2020-01-21 03:29:59,M32/5077A,0.0,0.0,0.0
2020-01-21 03:44:59,M32/5077A,0.0,0.0,0.0
2020-01-21 03:59:59,M32/5077A,0.0,0.0,0.0
2020-01-21 04:14:59,M32/5077A,0.0,0.0,0.0
2020-01-21 04:29:59,M32/5077A,0.0,0.0,0.0
2020-01-21 04:44:59,M32/5077A,0.0,0.0,0.0
2020-01-21 04:59:59,M32/5077A,0.0,0.0,0.0
2020-01-21 05:14:59,M32/5077A,0.0,0.0,0.0
2020-01-21 05:29:59,M32/5077A,0.0,0.0,0.0
2020-01-21 05:44:59,M32/5077A,0.0,0.0,0.0
2020-01-21 05:59:59,M32/5077A,0.0,0.0,0.0
2020-01-21 06:14:59,M32/5077A,0.0,0.0,0.0
2020-01-21 06:29:59,M32/5077A,0.0,0.0,0.0
2020-01-21 06:44:59,M32/5077A,0.0,0.0,0.0
2020-01-21 06:59:59,M32/5077A,0.0,0.0,0.0
2020-01-21 07:14:59,M32/5077A,0.0,0.0,0.0
2020-01-21 07:29:59,M32/5077A,0.0,0.0,0.0
2020-01-21 07:44:59,M32/5077A,0.0,0.0,0.0
2020-01-21 07:59:59,M32/5077A,0.0,0.0,0.0
2020-01-21 08:14:59,M32/5077A,0.0,0.0,0.0
2020-01-21 08:29:59,M32/5077A,0.0,0.0,0.0
2020-01-21 08:44:59,M32/5077A,0.0,0.0,0.0
2020-01-21 08:59:59,M32/5077A,0.0,0.0,0.0
2020-01-21 09:14:59,M32/5077A,0.0,0.0,0.0
2020-01-21 09:29:59,M32/5077A,0.0,0.0,0.0
2020-01-21 09:44:59,M32/5077A,0.0,0.0,0.0
2020-01-21 09:59:59,M32/5077A,0.0,0.0,0.0
2020-01-21 10:14:59,M32/5077A,0.0,0.0,0.0
2020-01-21 10:29:59,M32/5077A,0.0,0.0,0.0
2020-01-21 10:44:59,M32/5077A,0.0,0.0,0.0
2020-01-21 10:59:59,M32/5077A,0.0,0.0,0.0
2020-01-21 11:14:59,M32/5077A,0.0,0.0,0.0
2020-01-21 11:29:59,M32/5077A,0.0,0.0,0.0
2020-01-21 11:44:59,M32/5077A,0.0,0.0,0.0
2020-01-21 11:59:59,M32/5077A,0.0,0.0,0.0
2020-01-21 12:14:59,M32/5077A,0.0,0.0,0.0
2020-01-21 12:29:59,M32/5077A,0.0,0.0,0.0
2020-01-21 12:44:59,M32/5077A,0.0,0.0,0.0
2020-01-21 12:59:59,M32/5077A,0.0,0.0,0.0
2020-01-21 13:14:59,M32/5077A,0.0,0.0,0.0
2020-01-21 13:29:59,M32/5077A,0.0,0.0,0.0
2020-01-21 13:44:59,M32/5077A,0.0,0.0,0.0
2020-01-21 13:59:59,M32/5077A,0.0,0.0,0.0
2020-01-21 14:14:59,M32/5077A,0.0,0.0,0.0
2020-01-21 14:29:59,M32/5077A,0.0,0.0,0.0
2020-01-21 14:44:59,M32/5077A,0.0,0.0,0.0
2020-01-21 14:59:59,M32/5077A,0.0,0.0,0.0
2020-01-21 15:14:59,M32/5077A,0.0,0.0,0.0
2020-01-21 15:29:59,M32/5077A,0.0,0.0,0.0
2020-01-21 15:44:59,M32/5077A,0.0,0.0,0.0
2020-01-21 15:59:59,M32/5077A,0.0,0.0,0.0
2020-01-21 16:14:59,M32/5077A,0.0,0.0,0.0
2020-01-21 16:29:59,M32/5077A,0.0,0.0,0.0
2020-01-21 16:44:59,M32/5077A,0.0,0.0,0.0
2020-01-21 16:59:59,M32/5077A,0.0,0.0,0.0
2020-01-21 17:14:59,M32/5077A,0.0,0.0,0.0
2020-01-21 17:29:59,M32/5077A,0.0,0.0,0.0
2020-01-21 17:44:59,M32/5077A,0.0,0.0,0.0
2020-01-21 17:59:59,M32/5077A,0.0,0.0,0.0
2020-01-21 18:14:59,M32/5077A,0.0,0.0,0.0
2020-01-21 18:29:59,M32/5077A,0.0,0.0,0.0
2020-01-21 18:44:59,M32/5077A,0.0,0.0,0.0
2020-01-21 18:59:59,M32/5077A,0.0,0.0,0.0
2020-01-21 19:14:59,M32/5077A,0.0,0.0,0.0
2020-01-21 19:29:59,M32/5077A,0.0,0.0,0.0
2020-01-21 19:44:59,M32/5077A,0.0,0.0,0.0
2020-01-21 19:59:59,M32/5077A,0.0,0.0,0.0
2020-01-21 20:14:59,M32/5077A,0.0,0.0,0.0
2020-01-21 20:29:59,M32/5077A,0.0,0.0,0.0
2020-01-21 20:44:59,M32/5077A,0.0,0.0,0.0
2020-01-21 20:59:59,M32/5077A,0.0,0.0,0.0
2020-01-21 21:14:59,M32/5077A,0.0,0.0,0.0
2020-01-21 21:29:59,M32/5077A,0.0,0.0,0.0
2020-01-21 21:44:59,M32/5077A,0.0,0.0,0.0
2020-01-21 21:59:59,M32/5077A,0.0,0.0,0.0
2020-01-21 22:14:59,M32/5077A,0.0,0.0,0.0
2020-01-21 22:29:59,M32/5077A,0.0,0.0,0.0
2020-01-21 22:44:59,M32/5077A,0.0,0.0,0.0
2020-01-21 22:59:59,M32/5077A,0.0,0.0,0.0
2020-01-21 23:14:59,M32/5077A,0.0,0.0,0.0
2020-01-21 23:29:59,M32/5077A,0.0,0.0,0.0
2020-01-21 23:44:59,M32/5077A,0.0,0.0,0.0
2020-01-21 23:59:59,M32/5077A,0.0,0.0,0.0
2020-01-22 00:14:59,M32/5077A,0.0,0.0,0.0
2020-01-22 00:29:59,M32/5077A,0.0,0.0,0.0
2020-01-22 00:44:59,M32/5077A,0.0,0.0,0.0
2020-01-22 00:59:59,M32/5077A,0.0,0.0,0.0
2020-01-22 01:14:59,M32/5077A,0.0,0.0,0.0
2020-01-22 01:29:59,M32/5077A,0.0,0.0,0.0
2020-01-22 01:44:59,M32/5077A,0.0,0.0,0.0
2020-01-22 01:59:59,M32/5077A,0.0,0.0,0.0
2020-01-22 02:14:59,M32/5077A,0.0,0.0,0.0
2020-01-22 02:29:59,M32/5077A,0.0,0.0,0.0
2020-01-22 02:44:59,M32/5077A,0.0,0.0,0.0
2020-01-22 02:59:59,M32/5077A,0.0,0.0,0.0
2020-01-22 03:14:59,M32/5077A,0.0,0.0,0.0
2020-01-22 03:29:59,M32/5077A,0.0,0.0,0.0
2020-01-22 03:44:59,M32/5077A,0.0,0.0,0.0
2020-01-22 03:59:59,M32/5077A,0.0,0.0,0.0
2020-01-22 04:14:59,M32/5077A,0.0,0.0,0.0
2020-01-22 04:29:59,M32/5077A,0.0,0.0,0.0
2020-01-22 04:44:59,M32/5077A,0.0,0.0,0.0
2020-01-22 04:59:59,M32/5077A,0.0,0.0,0.0
2020-01-22 05:14:59,M32/5077A,0.0,0.0,0.0
2020-01-22 05:29:59,M32/5077A,0.0,0.0,0.0
2020-01-22 05:44:59,M32/5077A,0.0,0.0,0.0
2020-01-22 05:59:59,M32/5077A,0.0,0.0,0.0
2020-01-22 06:14:59,M32/5077A,0.0,0.0,0.0
2020-01-22 06:29:59,M32/5077A,0.0,0.0,0.0
2020-01-22 06:44:59,M32/5077A,0.0,0.0,0.0
2020-01-22 06:59:59,M32/5077A,0.0,0.0,0.0
2020-01-22 07:14:59,M32/5077A,0.0,0.0,0.0
2020-01-22 07:29:59,M32/5077A,0.0,0.0,0.0
2020-01-22 07:44:59,M32/5077A,0.0,0.0,0.0
2020-01-22 07:59:59,M32/5077A,0.0,0.0,0.0
2020-01-22 08:14:59,M32/5077A,0.0,0.0,0.0
2020-01-22 08:29:59,M32/5077A,0.0,0.0,0.0
2020-01-22 08:44:59,M32/5077A,0.0,0.0,0.0
2020-01-22 08:59:59,M32/5077A,0.0,0.0,0.0
2020-01-22 09:14:59,M32/5077A,0.0,0.0,0.0
2020-01-22 09:29:59,M32/5077A,0.0,0.0,0.0
2020-01-22 09:44:59,M32/5077A,0.0,0.0,0.0
2020-01-22 09:59:59,M32/5077A,0.0,0.0,0.0
2020-01-22 10:14:59,M32/5077A,0.0,0.0,0.0
2020-01-22 10:29:59,M32/5077A,0.0,0.0,0.0
2020-01-22 10:44:59,M32/5077A,0.0,0.0,0.0
2020-01-22 10:59:59,M32/5077A,0.0,0.0,0.0
2020-01-22 11:14:59,M32/5077A,0.0,0.0,0.0
2020-01-22 11:29:59,M32/5077A,0.0,0.0,0.0
2020-01-22 11:44:59,M32/5077A,0.0,0.0,0.0
2020-01-22 11:59:59,M32/5077A,0.0,0.0,0.0
2020-01-22 12:14:59,M32/5077A,0.0,0.0,0.0
2020-01-22 12:29:59,M32/5077A,0.0,0.0,0.0
2020-01-22 12:44:59,M32/5077A,0.0,0.0,0.0
2020-01-22 12:59:59,M32/5077A,0.0,0.0,0.0
2020-01-22 13:14:59,M32/5077A,0.0,0.0,0.0
2020-01-22 13:29:59,M32/5077A,0.0,0.0,0.0
2020-01-22 13:44:59,M32/5077A,0.0,0.0,0.0
2020-01-22 13:59:59,M32/5077A,0.0,0.0,0.0
2020-01-22 14:14:59,M32/5077A,0.0,0.0,0.0
2020-01-22 14:29:59,M32/5077A,0.0,0.0,0.0
2020-01-22 14:44:59,M32/5077A,0.0,0.0,0.0
2020-01-22 14:59:59,M32/5077A,0.0,0.0,0.0
2020-01-22 15:14:59,M32/5077A,0.0,0.0,0.0
2020-01-22 15:29:59,M32/5077A,0.0,0.0,0.0
2020-01-22 15:44:59,M32/5077A,0.0,0.0,0.0
2020-01-22 15:59:59,M32/5077A,0.0,0.0,0.0
2020-01-22 16:14:59,M32/5077A,0.0,0.0,0.0
2020-01-22 16:29:59,M32/5077A,0.0,0.0,0.0
2020-01-22 16:44:59,M32/5077A,0.0,0.0,0.0
2020-01-22 16:59:59,M32/5077A,0.0,0.0,0.0
2020-01-22 17:14:59,M32/5077A,0.0,0.0,0.0
2020-01-22 17:29:59,M32/5077A,0.0,0.0,0.0
2020-01-22 17:44:59,M32/5077A,0.0,0.0,0.0
2020-01-22 17:59:59,M32/5077A,0.0,0.0,0.0
2020-01-22 18:14:59,M32/5077A,0.0,0.0,0.0
2020-01-22 18:29:59,M32/5077A,0.0,0.0,0.0
2020-01-22 18:44:59,M32/5077A,0.0,0.0,0.0
2020-01-22 18:59:59,M32/5077A,0.0,0.0,0.0
2020-01-22 19:14:59,M32/5077A,0.0,0.0,0.0
2020-01-22 19:29:59,M32/5077A,0.0,0.0,0.0
2020-01-22 19:44:59,M32/5077A,0.0,0.0,0.0
2020-01-22 19:59:59,M32/5077A,0.0,0.0,0.0
2020-01-22 20:14:59,M32/5077A,0.0,0.0,0.0
2020-01-22 20:29:59,M32/5077A,0.0,0.0,0.0
2020-01-22 20:44:59,M32/5077A,0.0,0.0,0.0
2020-01-22 20:59:59,M32/5077A,0.0,0.0,0.0
2020-01-22 21:14:59,M32/5077A,0.0,0.0,0.0
2020-01-22 21:29:59,M32/5077A,0.0,0.0,0.0
2020-01-22 21:44:59,M32/5077A,0.0,0.0,0.0
2020-01-22 21:59:59,M32/5077A,0.0,0.0,0.0
2020-01-22 22:14:59,M32/5077A,0.0,0.0,0.0
2020-01-22 22:29:59,M32/5077A,0.0,0.0,0.0
2020-01-22 22:44:59,M32/5077A,0.0,0.0,0.0
2020-01-22 22:59:59,M32/5077A,0.0,0.0,0.0
2020-01-22 23:14:59,M32/5077A,0.0,0.0,0.0
2020-01-22 23:29:59,M32/5077A,0.0,0.0,0.0
2020-01-22 23:44:59,M32/5077A,0.0,0.0,0.0
2020-01-22 23:59:59,M32/5077A,0.0,0.0,0.0
2020-01-23 00:14:59,M32/5077A,0.0,0.0,0.0
2020-01-23 00:29:59,M32/5077A,0.0,0.0,0.0
2020-01-23 00:44:59,M32/5077A,0.0,0.0,0.0
2020-01-23 00:59:59,M32/5077A,0.0,0.0,0.0
2020-01-23 01:14:59,M32/5077A,0.0,0.0,0.0
2020-01-23 01:29:59,M32/5077A,0.0,0.0,0.0
2020-01-23 01:44:59,M32/5077A,0.0,0.0,0.0
2020-01-23 01:59:59,M32/5077A,0.0,0.0,0.0
2020-01-23 02:14:59,M32/5077A,0.0,0.0,0.0
2020-01-23 02:29:59,M32/5077A,0.0,0.0,0.0
2020-01-23 02:44:59,M32/5077A,0.0,0.0,0.0
2020-01-23 02:59:59,M32/5077A,0.0,0.0,0.0
2020-01-23 03:14:59,M32/5077A,0.0,0.0,0.0
2020-01-23 03:29:59,M32/5077A,0.0,0.0,0.0
2020-01-23 03:44:59,M32/5077A,0.0,0.0,0.0
2020-01-23 03:59:59,M32/5077A,0.0,0.0,0.0
2020-01-23 04:14:59,M32/5077A,0.0,0.0,0.0
2020-01-23 04:29:59,M32/5077A,0.0,0.0,0.0
2020-01-23 04:44:59,M32/5077A,0.0,0.0,0.0
2020-01-23 04:59:59,M32/5077A,0.0,0.0,0.0
2020-01-23 05:14:59,M32/5077A,0.0,0.0,0.0
2020-01-23 05:29:59,M32/5077A,0.0,0.0,0.0
2020-01-23 05:44:59,M32/5077A,0.0,0.0,0.0
2020-01-23 05:59:59,M32/5077A,0.0,0.0,0.0
2020-01-23 06:14:59,M32/5077A,0.0,0.0,0.0
2020-01-23 06:29:59,M32/5077A,0.0,0.0,0.0
2020-01-23 06:44:59,M32/5077A,0.0,0.0,0.0
2020-01-23 06:59:59,M32/5077A,0.0,0.0,0.0
2020-01-23 07:14:59,M32/5077A,0.0,0.0,0.0
2020-01-23 07:29:59,M32/5077A,0.0,0.0,0.0
2020-01-23 07:44:59,M32/5077A,0.0,0.0,0.0
2020-01-23 07:59:59,M32/5077A,0.0,0.0,0.0
2020-01-23 08:14:59,M32/5077A,0.0,0.0,0.0
2020-01-23 08:29:59,M32/5077A,0.0,0.0,0.0
2020-01-23 08:44:59,M32/5077A,0.0,0.0,0.0
2020-01-23 08:59:59,M32/5077A,0.0,0.0,0.0
2020-01-23 09:14:59,M32/5077A,0.0,0.0,0.0
2020-01-23 09:29:59,M32/5077A,0.0,0.0,0.0
2020-01-23 09:44:59,M32/5077A,0.0,0.0,0.0
2020-01-23 09:59:59,M32/5077A,0.0,0.0,0.0
2020-01-23 10:14:59,M32/5077A,0.0,0.0,0.0
2020-01-23 10:29:59,M32/5077A,0.0,0.0,0.0
2020-01-23 10:44:59,M32/5077A,0.0,0.0,0.0
2020-01-23 10:59:59,M32/5077A,0.0,0.0,0.0
2020-01-23 11:14:59,M32/5077A,0.0,0.0,0.0
2020-01-23 11:29:59,M32/5077A,0.0,0.0,0.0
2020-01-23 11:44:59,M32/5077A,0.0,0.0,0.0
2020-01-23 11:59:59,M32/5077A,0.0,0.0,0.0
2020-01-23 12:14:59,M32/5077A,0.0,0.0,0.0
2020-01-23 12:29:59,M32/5077A,0.0,0.0,0.0
2020-01-23 12:44:59,M32/5077A,0.0,0.0,0.0
2020-01-23 12:59:59,M32/5077A,0.0,0.0,0.0
2020-01-23 13:14:59,M32/5077A,0.0,0.0,0.0
2020-01-23 13:29:59,M32/5077A,0.0,0.0,0.0
2020-01-23 13:44:59,M32/5077A,0.0,0.0,0.0
2020-01-23 13:59:59,M32/5077A,0.0,0.0,0.0
2020-01-23 14:14:59,M32/5077A,0.0,0.0,0.0
2020-01-23 14:29:59,M32/5077A,0.0,0.0,0.0
2020-01-23 14:44:59,M32/5077A,0.0,0.0,0.0
2020-01-23 14:59:59,M32/5077A,0.0,0.0,0.0
2020-01-23 15:14:59,M32/5077A,0.0,0.0,0.0
2020-01-23 15:29:59,M32/5077A,0.0,0.0,0.0
2020-01-23 15:44:59,M32/5077A,0.0,0.0,0.0
2020-01-23 15:59:59,M32/5077A,0.0,0.0,0.0
2020-01-23 16:14:59,M32/5077A,0.0,0.0,0.0
2020-01-23 16:29:59,M32/5077A,0.0,0.0,0.0
2020-01-23 16:44:59,M32/5077A,0.0,0.0,0.0
2020-01-23 16:59:59,M32/5077A,0.0,0.0,0.0
2020-01-23 17:14:59,M32/5077A,0.0,0.0,0.0
2020-01-23 17:29:59,M32/5077A,0.0,0.0,0.0
2020-01-23 17:44:59,M32/5077A,0.0,0.0,0.0
2020-01-23 17:59:59,M32/5077A,0.0,0.0,0.0
2020-01-23 18:14:59,M32/5077A,0.0,0.0,0.0
2020-01-23 18:29:59,M32/5077A,0.0,0.0,0.0
2020-01-23 18:44:59,M32/5077A,0.0,0.0,0.0
2020-01-23 18:59:59,M32/5077A,0.0,0.0,0.0
2020-01-23 19:14:59,M32/5077A,0.0,0.0,0.0
2020-01-23 19:29:59,M32/5077A,0.0,0.0,0.0
2020-01-23 19:44:59,M32/5077A,0.0,0.0,0.0
2020-01-23 19:59:59,M32/5077A,0.0,0.0,0.0
2020-01-23 20:14:59,M32/5077A,0.0,0.0,0.0
2020-01-23 20:29:59,M32/5077A,0.0,0.0,0.0
2020-01-23 20:44:59,M32/5077A,0.0,0.0,0.0
2020-01-23 20:59:59,M32/5077A,0.0,0.0,0.0
2020-01-23 21:14:59,M32/5077A,0.0,0.0,0.0
2020-01-23 21:29:59,M32/5077A,0.0,0.0,0.0
2020-01-23 21:44:59,M32/5077A,0.0,0.0,0.0
2020-01-23 21:59:59,M32/5077A,0.0,0.0,0.0
2020-01-23 22:14:59,M32/5077A,0.0,0.0,0.0
2020-01-23 22:29:59,M32/5077A,0.0,0.0,0.0
2020-01-23 22:44:59,M32/5077A,0.0,0.0,0.0
2020-01-23 22:59:59,M32/5077A,0.0,0.0,0.0
2020-01-23 23:14:59,M32/5077A,0.0,0.0,0.0
2020-01-23 23:29:59,M32/5077A,0.0,0.0,0.0
2020-01-23 23:44:59,M32/5077A,0.0,0.0,0.0
2020-01-23 23:59:59,M32/5077A,0.0,0.0,0.0
2020-01-24 00:14:59,M32/5077A,0.0,0.0,0.0
2020-01-24 00:29:59,M32/5077A,0.0,0.0,0.0
2020-01-24 00:44:59,M32/5077A,0.0,0.0,0.0
2020-01-24 00:59:59,M32/5077A,0.0,0.0,0.0
2020-01-24 01:14:59,M32/5077A,0.0,0.0,0.0
2020-01-24 01:29:59,M32/5077A,0.0,0.0,0.0
2020-01-24 01:44:59,M32/5077A,0.0,0.0,0.0
2020-01-24 01:59:59,M32/5077A,0.0,0.0,0.0
2020-01-24 02:14:59,M32/5077A,0.0,0.0,0.0
2020-01-24 02:29:59,M32/5077A,0.0,0.0,0.0
2020-01-24 02:44:59,M32/5077A,0.0,0.0,0.0
2020-01-24 02:59:59,M32/5077A,0.0,0.0,0.0
2020-01-24 03:14:59,M32/5077A,0.0,0.0,0.0
2020-01-24 03:29:59,M32/5077A,0.0,0.0,0.0
2020-01-24 03:44:59,M32/5077A,0.0,0.0,0.0
2020-01-24 03:59:59,M32/5077A,0.0,0.0,0.0
2020-01-24 04:14:59,M32/5077A,0.0,0.0,0.0
2020-01-24 04:29:59,M32/5077A,0.0,0.0,0.0
2020-01-24 04:44:59,M32/5077A,0.0,0.0,0.0
2020-01-24 04:59:59,M32/5077A,0.0,0.0,0.0
2020-01-24 05:14:59,M32/5077A,0.0,0.0,0.0
2020-01-24 05:29:59,M32/5077A,0.0,0.0,0.0
2020-01-24 05:44:59,M32/5077A,0.0,0.0,0.0
2020-01-24 05:59:59,M32/5077A,0.0,0.0,0.0
2020-01-24 06:14:59,M32/5077A,0.0,0.0,0.0
2020-01-24 06:29:59,M32/5077A,0.0,0.0,0.0
2020-01-24 06:44:59,M32/5077A,0.0,0.0,0.0
2020-01-24 06:59:59,M32/5077A,0.0,0.0,0.0
2020-01-24 07:14:59,M32/5077A,0.0,0.0,0.0
2020-01-24 07:29:59,M32/5077A,0.0,0.0,0.0
2020-01-24 07:44:59,M32/5077A,0.0,0.0,0.0
2020-01-24 07:59:59,M32/5077A,0.0,0.0,0.0
2020-01-24 08:14:59,M32/5077A,0.0,0.0,0.0
2020-01-24 08:29:59,M32/5077A,0.0,0.0,0.0
2020-01-24 08:44:59,M32/5077A,0.0,0.0,0.0
2020-01-24 08:59:59,M32/5077A,0.0,0.0,0.0
2020-01-24 09:14:59,M32/5077A,0.0,0.0,0.0
2020-01-24 09:29:59,M32/5077A,0.0,0.0,0.0
2020-01-24 09:44:59,M32/5077A,0.0,0.0,0.0
2020-01-24 09:59:59,M32/5077A,0.0,0.0,0.0
2020-01-24 10:14:59,M32/5077A,0.0,0.0,0.0
2020-01-24 10:29:59,M32/5077A,0.0,0.0,0.0
2020-01-24 10:44:59,M32/5077A,0.0,0.0,0.0
2020-01-24 10:59:59,M32/5077A,0.0,0.0,0.0
2020-01-24 11:14:59,M32/5077A,0.0,0.0,0.0
2020-01-24 11:29:59,M32/5077A,0.0,0.0,0.0
2020-01-24 11:44:59,M32/5077A,0.0,0.0,0.0
2020-01-24 11:59:59,M32/5077A,0.0,0.0,0.0
2020-01-24 12:14:59,M32/5077A,0.0,0.0,0.0
2020-01-24 12:29:59,M32/5077A,0.0,0.0,0.0
2020-01-24 12:44:59,M32/5077A,0.0,0.0,0.0
2020-01-24 12:59:59,M32/5077A,0.0,0.0,0.0
2020-01-24 13:14:59,M32/5077A,0.0,0.0,0.0
2020-01-24 13:29:59,M32/5077A,0.0,0.0,0.0
2020-01-24 13:44:59,M32/5077A,0.0,0.0,0.0
2020-01-24 13:59:59,M32/5077A,0.0,0.0,0.0
2020-01-24 14:14:59,M32/5077A,0.0,0.0,0.0
2020-01-24 14:29:59,M32/5077A,0.0,0.0,0.0
2020-01-24 14:44:59,M32/5077A,0.0,0.0,0.0
2020-01-24 14:59:59,M32/5077A,0.0,0.0,0.0
2020-01-24 15:14:59,M32/5077A,0.0,0.0,0.0
2020-01-24 15:29:59,M32/5077A,0.0,0.0,0.0
2020-01-24 15:44:59,M32/5077A,0.0,0.0,0.0
2020-01-24 15:59:59,M32/5077A,0.0,0.0,0.0
2020-01-24 16:14:59,M32/5077A,0.0,0.0,0.0
2020-01-24 16:29:59,M32/5077A,0.0,0.0,0.0
2020-01-24 16:44:59,M32/5077A,0.0,0.0,0.0
2020-01-24 16:59:59,M32/5077A,0.0,0.0,0.0
2020-01-24 17:14:59,M32/5077A,0.0,0.0,0.0
2020-01-24 17:29:59,M32/5077A,0.0,0.0,0.0
2020-01-24 17:44:59,M32/5077A,0.0,0.0,0.0
2020-01-24 17:59:59,M32/5077A,0.0,0.0,0.0
2020-01-24 18:14:59,M32/5077A,0.0,0.0,0.0
2020-01-24 18:29:59,M32/5077A,0.0,0.0,0.0
2020-01-24 18:44:59,M32/5077A,0.0,0.0,0.0
2020-01-24 18:59:59,M32/5077A,0.0,0.0,0.0
2020-01-24 19:14:59,M32/5077A,0.0,0.0,0.0
2020-01-24 19:29:59,M32/5077A,0.0,0.0,0.0
2020-01-24 19:44:59,M32/5077A,0.0,0.0,0.0
2020-01-24 19:59:59,M32/5077A,0.0,0.0,0.0
2020-01-24 20:14:59,M32/5077A,0.0,0.0,0.0
2020-01-24 20:29:59,M32/5077A,0.0,0.0,0.0
2020-01-24 20:44:59,M32/5077A,0.0,0.0,0.0
2020-01-24 20:59:59,M32/5077A,0.0,0.0,0.0
2020-01-24 21:14:59,M32/5077A,0.0,0.0,0.0
2020-01-24 21:29:59,M32/5077A,0.0,0.0,0.0
2020-01-24 21:44:59,M32/5077A,0.0,0.0,0.0
2020-01-24 21:59:59,M32/5077A,0.0,0.0,0.0
2020-01-24 22:14:59,M32/5077A,0.0,0.0,0.0
2020-01-24 22:29:59,M32/5077A,0.0,0.0,0.0
2020-01-24 22:44:59,M32/5077A,0.0,0.0,0.0
2020-01-24 22:59:59,M32/5077A,0.0,0.0,0.0
2020-01-24 23:14:59,M32/5077A,0.0,0.0,0.0
2020-01-24 23:29:59,M32/5077A,0.0,0.0,0.0
2020-01-24 23:44:59,M32/5077A,0.0,0.0,0.0
2020-01-24 23:59:59,M32/5077A,0.0,0.0,0.0
2020-01-25 00:14:59,M32/5077A,0.0,0.0,0.0
2020-01-25 00:29:59,M32/5077A,0.0,0.0,0.0
2020-01-25 00:44:59,M32/5077A,0.0,0.0,0.0
2020-01-25 00:59:59,M32/5077A,0.0,0.0,0.0
2020-01-25 01:14:59,M32/5077A,0.0,0.0,0.0
2020-01-25 01:29:59,M32/5077A,0.0,0.0,0.0
2020-01-25 01:44:59,M32/5077A,0.0,0.0,0.0
2020-01-25 01:59:59,M32/5077A,0.0,0.0,0.0
2020-01-25 02:14:59,M32/5077A,0.0,0.0,0.0
2020-01-25 02:29:59,M32/5077A,0.0,0.0,0.0
2020-01-25 02:44:59,M32/5077A,0.0,0.0,0.0
2020-01-25 02:59:59,M32/5077A,0.0,0.0,0.0
2020-01-25 03:14:59,M32/5077A,0.0,0.0,0.0
2020-01-25 03:29:59,M32/5077A,0.0,0.0,0.0
2020-01-25 03:44:59,M32/5077A,0.0,0.0,0.0
2020-01-25 03:59:59,M32/5077A,0.0,0.0,0.0
2020-01-25 04:14:59,M32/5077A,0.0,0.0,0.0
2020-01-25 04:29:59,M32/5077A,0.0,0.0,0.0
2020-01-25 04:44:59,M32/5077A,0.0,0.0,0.0
2020-01-25 04:59:59,M32/5077A,0.0,0.0,0.0
2020-01-25 05:14:59,M32/5077A,0.0,0.0,0.0
2020-01-25 05:29:59,M32/5077A,0.0,0.0,0.0
2020-01-25 05:44:59,M32/5077A,0.0,0.0,0.0
2020-01-25 05:59:59,M32/5077A,0.0,0.0,0.0
2020-01-25 06:14:59,M32/5077A,0.0,0.0,0.0
2020-01-25 06:29:59,M32/5077A,0.0,0.0,0.0
2020-01-25 06:44:59,M32/5077A,0.0,0.0,0.0
2020-01-25 06:59:59,M32/5077A,0.0,0.0,0.0
2020-01-25 07:14:59,M32/5077A,0.0,0.0,0.0
2020-01-25 07:29:59,M32/5077A,0.0,0.0,0.0
2020-01-25 07:44:59,M32/5077A,0.0,0.0,0.0
2020-01-25 07:59:59,M32/5077A,0.0,0.0,0.0
2020-01-25 08:14:59,M32/5077A,0.0,0.0,0.0
2020-01-25 08:29:59,M32/5077A,0.0,0.0,0.0
2020-01-25 08:44:59,M32/5077A,0.0,0.0,0.0
2020-01-25 08:59:59,M32/5077A,0.0,0.0,0.0
2020-01-25 09:14:59,M32/5077A,0.0,0.0,0.0
2020-01-25 09:29:59,M32/5077A,0.0,0.0,0.0
2020-01-25 09:44:59,M32/5077A,0.0,0.0,0.0
2020-01-25 09:59:59,M32/5077A,0.0,0.0,0.0
2020-01-25 10:14:59,M32/5077A,0.0,0.0,0.0
2020-01-25 10:29:59,M32/5077A,0.0,0.0,0.0
2020-01-25 10:44:59,M32/5077A,0.0,0.0,0.0
2020-01-25 10:59:59,M32/5077A,0.0,0.0,0.0
2020-01-25 11:14:59,M32/5077A,0.0,0.0,0.0
2020-01-25 11:29:59,M32/5077A,0.0,0.0,0.0
2020-01-25 11:44:59,M32/5077A,0.0,0.0,0.0
2020-01-25 11:59:59,M32/5077A,0.0,0.0,0.0
2020-01-25 12:14:59,M32/5077A,0.0,0.0,0.0
2020-01-25 12:29:59,M32/5077A,0.0,0.0,0.0
2020-01-25 12:44:59,M32/5077A,0.0,0.0,0.0
2020-01-25 12:59:59,M32/5077A,0.0,0.0,0.0
2020-01-25 13:14:59,M32/5077A,0.0,0.0,0.0
2020-01-25 13:29:59,M32/5077A,0.0,0.0,0.0
2020-01-25 13:44:59,M32/5077A,0.0,0.0,0.0
2020-01-25 13:59:59,M32/5077A,0.0,0.0,0.0
2020-01-25 14:14:59,M32/5077A,0.0,0.0,0.0
2020-01-25 14:29:59,M32/5077A,0.0,0.0,0.0
2020-01-25 14:44:59,M32/5077A,0.0,0.0,0.0
2020-01-25 14:59:59,M32/5077A,0.0,0.0,0.0
2020-01-25 15:14:59,M32/5077A,0.0,0.0,0.0
2020-01-25 15:29:59,M32/5077A,0.0,0.0,0.0
2020-01-25 15:44:59,M32/5077A,0.0,0.0,0.0
2020-01-25 15:59:59,M32/5077A,0.0,0.0,0.0
2020-01-25 16:14:59,M32/5077A,0.0,0.0,0.0
2020-01-25 16:29:59,M32/5077A,0.0,0.0,0.0
2020-01-25 16:44:59,M32/5077A,0.0,0.0,0.0
2020-01-25 16:59:59,M32/5077A,0.0,0.0,0.0
2020-01-25 17:14:59,M32/5077A,0.0,0.0,0.0
2020-01-25 17:29:59,M32/5077A,0.0,0.0,0.0
2020-01-25 17:44:59,M32/5077A,0.0,0.0,0.0
2020-01-25 17:59:59,M32/5077A,0.0,0.0,0.0
2020-01-25 18:14:59,M32/5077A,0.0,0.0,0.0
2020-01-25 18:29:59,M32/5077A,0.0,0.0,0.0
2020-01-25 18:44:59,M32/5077A,0.0,0.0,0.0
2020-01-25 18:59:59,M32/5077A,0.0,0.0,0.0
2020-01-25 19:14:59,M32/5077A,0.0,0.0,0.0
2020-01-25 19:29:59,M32/5077A,0.0,0.0,0.0
2020-01-25 19:44:59,M32/5077A,0.0,0.0,0.0
2020-01-25 19:59:59,M32/5077A,0.0,0.0,0.0
2020-01-25 20:14:59,M32/5077A,0.0,0.0,0.0
2020-01-25 20:29:59,M32/5077A,0.0,0.0,0.0
2020-01-25 20:44:59,M32/5077A,0.0,0.0,0.0
2020-01-25 20:59:59,M32/5077A,0.0,0.0,0.0
2020-01-25 21:14:59,M32/5077A,0.0,0.0,0.0
2020-01-25 21:29:59,M32/5077A,0.0,0.0,0.0
2020-01-25 21:44:59,M32/5077A,0.0,0.0,0.0
2020-01-25 21:59:59,M32/5077A,0.0,0.0,0.0
2020-01-25 22:14:59,M32/5077A,0.0,0.0,0.0
2020-01-25 22:29:59,M32/5077A,0.0,0.0,0.0
2020-01-25 22:44:59,M32/5077A,0.0,0.0,0.0
2020-01-25 22:59:59,M32/5077A,0.0,0.0,0.0
2020-01-25 23:14:59,M32/5077A,0.0,0.0,0.0
2020-01-25 23:29:59,M32/5077A,0.0,0.0,0.0
2020-01-25 23:44:59,M32/5077A,0.0,0.0,0.0
2020-01-25 23:59:59,M32/5077A,0.0,0.0,0.0
2020-01-26 00:14:59,M32/5077A,0.0,0.0,0.0
2020-01-26 00:29:59,M32/5077A,0.0,0.0,0.0
2020-01-26 00:44:59,M32/5077A,0.0,0.0,0.0
2020-01-26 00:59:59,M32/5077A,0.0,0.0,0.0
2020-01-26 01:14:59,M32/5077A,0.0,0.0,0.0
2020-01-26 01:29:59,M32/5077A,0.0,0.0,0.0
2020-01-26 01:44:59,M32/5077A,0.0,0.0,0.0
2020-01-26 01:59:59,M32/5077A,0.0,0.0,0.0
2020-01-26 02:14:59,M32/5077A,0.0,0.0,0.0
2020-01-26 02:29:59,M32/5077A,0.0,0.0,0.0
2020-01-26 02:44:59,M32/5077A,0.0,0.0,0.0
2020-01-26 02:59:59,M32/5077A,0.0,0.0,0.0
2020-01-26 03:14:59,M32/5077A,0.0,0.0,0.0
2020-01-26 03:29:59,M32/5077A,0.0,0.0,0.0
2020-01-26 03:44:59,M32/5077A,0.0,0.0,0.0
2020-01-26 03:59:59,M32/5077A,0.0,0.0,0.0
2020-01-26 04:14:59,M32/5077A,0.0,0.0,0.0
2020-01-26 04:29:59,M32/5077A,0.0,0.0,0.0
2020-01-26 04:44:59,M32/5077A,0.0,0.0,0.0
2020-01-26 04:59:59,M32/5077A,0.0,0.0,0.0
2020-01-26 05:14:59,M32/5077A,0.0,0.0,0.0
2020-01-26 05:29:59,M32/5077A,0.0,0.0,0.0
2020-01-26 05:44:59,M32/5077A,0.0,0.0,0.0
2020-01-26 05:59:59,M32/5077A,0.0,0.0,0.0
2020-01-26 06:14:59,M32/5077A,0.0,0.0,0.0
2020-01-26 06:29:59,M32/5077A,0.0,0.0,0.0
2020-01-26 06:44:59,M32/5077A,0.0,0.0,0.0
2020-01-26 06:59:59,M32/5077A,0.0,0.0,0.0
2020-01-26 07:14:59,M32/5077A,0.0,0.0,0.0
2020-01-26 07:29:59,M32/5077A,0.0,0.0,0.0
2020-01-26 07:44:59,M32/5077A,0.0,0.0,0.0
2020-01-26 07:59:59,M32/5077A,0.0,0.0,0.0
2020-01-26 08:14:59,M32/5077A,0.0,0.0,0.0
2020-01-26 08:29:59,M32/5077A,0.0,0.0,0.0
2020-01-26 08:44:59,M32/5077A,0.0,0.0,0.0
2020-01-26 08:59:59,M32/5077A,0.0,0.0,0.0
2020-01-26 09:14:59,M32/5077A,0.0,0.0,0.0
2020-01-26 09:29:59,M32/5077A,0.0,0.0,0.0
2020-01-26 09:44:59,M32/5077A,0.0,0.0,0.0
2020-01-26 09:59:59,M32/5077A,0.0,0.0,0.0
2020-01-26 10:14:59,M32/5077A,0.0,0.0,0.0
2020-01-26 10:29:59,M32/5077A,0.0,0.0,0.0
2020-01-26 10:44:59,M32/5077A,0.0,0.0,0.0
2020-01-26 10:59:59,M32/5077A,0.0,0.0,0.0
2020-01-26 11:14:59,M32/5077A,0.0,0.0,0.0
2020-01-26 11:29:59,M32/5077A,0.0,0.0,0.0
2020-01-26 11:44:59,M32/5077A,0.0,0.0,0.0
2020-01-26 11:59:59,M32/5077A,0.0,0.0,0.0
2020-01-26 12:14:59,M32/5077A,0.0,0.0,0.0
2020-01-26 12:29:59,M32/5077A,0.0,0.0,0.0
2020-01-26 12:44:59,M32/5077A,0.0,0.0,0.0
2020-01-26 12:59:59,M32/5077A,0.0,0.0,0.0
2020-01-26 13:14:59,M32/5077A,0.0,0.0,0.0
2020-01-26 13:29:59,M32/5077A,0.0,0.0,0.0
2020-01-26 13:44:59,M32/5077A,0.0,0.0,0.0
2020-01-26 13:59:59,M32/5077A,0.0,0.0,0.0
2020-01-26 14:14:59,M32/5077A,0.0,0.0,0.0
2020-01-26 14:29:59,M32/5077A,0.0,0.0,0.0
2020-01-26 14:44:59,M32/5077A,0.0,0.0,0.0
2020-01-26 14:59:59,M32/5077A,0.0,0.0,0.0
2020-01-26 15:14:59,M32/5077A,0.0,0.0,0.0
2020-01-26 15:29:59,M32/5077A,0.0,0.0,0.0
2020-01-26 15:44:59,M32/5077A,0.0,0.0,0.0
2020-01-26 15:59:59,M32/5077A,0.0,0.0,0.0
2020-01-26 16:14:59,M32/5077A,0.0,0.0,0.0
2020-01-26 16:29:59,M32/5077A,0.0,0.0,0.0
2020-01-26 16:44:59,M32/5077A,0.0,0.0,0.0
2020-01-26 16:59:59,M32/5077A,0.0,0.0,0.0
2020-01-26 17:14:59,M32/5077A,0.0,0.0,0.0
2020-01-26 17:29:59,M32/5077A,0.0,0.0,0.0
2020-01-26 17:44:59,M32/5077A,0.0,0.0,0.0
2020-01-26 17:59:59,M32/5077A,0.0,0.0,0.0
2020-01-26 18:14:59,M32/5077A,0.0,0.0,0.0
2020-01-26 18:29:59,M32/5077A,0.0,0.0,0.0
2020-01-26 18:44:59,M32/5077A,0.0,0.0,0.0
2020-01-26 18:59:59,M32/5077A,0.0,0.0,0.0
2020-01-26 19:14:59,M32/5077A,0.0,0.0,0.0
2020-01-26 19:29:59,M32/5077A,0.0,0.0,0.0
2020-01-26 19:44:59,M32/5077A,0.0,0.0,0.0
2020-01-26 19:59:59,M32/5077A,0.0,0.0,0.0
2020-01-26 20:14:59,M32/5077A,0.0,0.0,0.0
2020-01-26 20:29:59,M32/5077A,0.0,0.0,0.0
2020-01-26 20:44:59,M32/5077A,0.0,0.0,0.0
2020-01-26 20:59:59,M32/5077A,0.0,0.0,0.0
2020-01-26 21:14:59,M32/5077A,0.0,0.0,0.0
2020-01-26 21:29:59,M32/5077A,0.0,0.0,0.0
2020-01-26 21:44:59,M32/5077A,0.0,0.0,0.0
2020-01-26 21:59:59,M32/5077A,0.0,0.0,0.0
2020-01-26 22:14:59,M32/5077A,0.0,0.0,0.0
2020-01-26 22:29:59,M32/5077A,0.0,0.0,0.0
2020-01-26 22:44:59,M32/5077A,0.0,0.0,0.0
2020-01-26 22:59:59,M32/5077A,0.0,0.0,0.0
2020-01-26 23:14:59,M32/5077A,0.0,0.0,0.0
2020-01-26 23:29:59,M32/5077A,0.0,0.0,0.0
2020-01-26 23:44:59,M32/5077A,0.0,0.0,0.0
2020-01-26 23:59:59,M32/5077A,0.0,0.0,0.0
2020-01-27 00:14:59,M32/5077A,0.0,0.0,0.0
2020-01-27 00:29:59,M32/5077A,0.0,0.0,0.0
2020-01-27 00:44:59,M32/5077A,0.0,0.0,0.0
2020-01-27 00:59:59,M32/5077A,0.0,0.0,0.0
2020-01-27 01:14:59,M32/5077A,0.0,0.0,0.0
2020-01-27 01:29:59,M32/5077A,0.0,0.0,0.0
2020-01-27 01:44:59,M32/5077A,0.0,0.0,0.0
2020-01-27 01:59:59,M32/5077A,0.0,0.0,0.0
2020-01-27 02:14:59,M32/5077A,0.0,0.0,0.0
2020-01-27 02:29:59,M32/5077A,0.0,0.0,0.0
2020-01-27 02:44:59,M32/5077A,0.0,0.0,0.0
2020-01-27 02:59:59,M32/5077A,0.0,0.0,0.0
2020-01-27 03:14:59,M32/5077A,0.0,0.0,0.0
2020-01-27 03:29:59,M32/5077A,0.0,0.0,0.0
2020-01-27 03:44:59,M32/5077A,0.0,0.0,0.0
2020-01-27 03:59:59,M32/5077A,0.0,0.0,0.0
2020-01-27 04:14:59,M32/5077A,0.0,0.0,0.0
2020-01-27 04:29:59,M32/5077A,0.0,0.0,0.0
2020-01-27 04:44:59,M32/5077A,0.0,0.0,0.0
2020-01-27 04:59:59,M32/5077A,0.0,0.0,0.0
2020-01-27 05:14:59,M32/5077A,0.0,0.0,0.0
2020-01-27 05:29:59,M32/5077A,0.0,0.0,0.0
2020-01-27 05:44:59,M32/5077A,0.0,0.0,0.0
2020-01-27 05:59:59,M32/5077A,0.0,0.0,0.0
2020-01-27 06:14:59,M32/5077A,0.0,0.0,0.0
2020-01-27 06:29:59,M32/5077A,0.0,0.0,0.0
2020-01-27 06:44:59,M32/5077A,0.0,0.0,0.0
2020-01-27 06:59:59,M32/5077A,0.0,0.0,0.0
2020-01-27 07:14:59,M32/5077A,0.0,0.0,0.0
2020-01-27 07:29:59,M32/5077A,0.0,0.0,0.0
2020-01-27 07:44:59,M32/5077A,0.0,0.0,0.0
2020-01-27 07:59:59,M32/5077A,0.0,0.0,0.0
2020-01-27 08:14:59,M32/5077A,0.0,0.0,0.0
2020-01-27 08:29:59,M32/5077A,0.0,0.0,0.0
2020-01-27 08:44:59,M32/5077A,0.0,0.0,0.0
2020-01-27 08:59:59,M32/5077A,0.0,0.0,0.0
2020-01-27 09:14:59,M32/5077A,0.0,0.0,0.0
2020-01-27 09:29:59,M32/5077A,0.0,0.0,0.0
2020-01-27 09:44:59,M32/5077A,0.0,0.0,0.0
2020-01-27 09:59:59,M32/5077A,0.0,0.0,0.0
2020-01-27 10:14:59,M32/5077A,0.0,0.0,0.0
2020-01-27 10:29:59,M32/5077A,0.0,0.0,0.0
2020-01-27 10:44:59,M32/5077A,0.0,0.0,0.0
2020-01-27 10:59:59,M32/5077A,0.0,0.0,0.0
2020-01-27 11:14:59,M32/5077A,0.0,0.0,0.0
2020-01-27 11:29:59,M32/5077A,0.0,0.0,0.0
2020-01-27 11:44:59,M32/5077A,0.0,0.0,0.0
2020-01-27 11:59:59,M32/5077A,0.0,0.0,0.0
2020-01-27 12:14:59,M32/5077A,0.0,0.0,0.0
2020-01-27 12:29:59,M32/5077A,0.0,0.0,0.0
2020-01-27 12:44:59,M32/5077A,0.0,0.0,0.0
2020-01-27 12:59:59,M32/5077A,0.0,0.0,0.0
2020-01-27 13:14:59,M32/5077A,0.0,0.0,0.0
2020-01-27 13:29:59,M32/5077A,0.0,0.0,0.0
2020-01-27 13:44:59,M32/5077A,0.0,0.0,0.0
2020-01-27 13:59:59,M32/5077A,0.0,0.0,0.0
2020-01-27 14:14:59,M32/5077A,0.0,0.0,0.0
2020-01-27 14:29:59,M32/5077A,0.0,0.0,0.0
2020-01-27 14:44:59,M32/5077A,0.0,0.0,0.0
2020-01-27 14:59:59,M32/5077A,0.0,0.0,0.0
2020-01-27 15:14:59,M32/5077A,0.0,0.0,0.0
2020-01-27 15:29:59,M32/5077A,0.0,0.0,0.0
2020-01-27 15:44:59,M32/5077A,0.0,0.0,0.0
2020-01-27 15:59:59,M32/5077A,0.0,0.0,0.0
2020-01-27 16:14:59,M32/5077A,0.0,0.0,0.0
2020-01-27 16:29:59,M32/5077A,0.0,0.0,0.0
2020-01-27 16:44:59,M32/5077A,0.0,0.0,0.0
2020-01-27 16:59:59,M32/5077A,0.0,0.0,0.0
2020-01-27 17:14:59,M32/5077A,0.0,0.0,0.0
2020-01-27 17:29:59,M32/5077A,0.0,0.0,0.0
2020-01-27 17:44:59,M32/5077A,0.0,0.0,0.0
2020-01-27 17:59:59,M32/5077A,0.0,0.0,0.0
2020-01-27 18:14:59,M32/5077A,0.0,0.0,0.0
2020-01-27 18:29:59,M32/5077A,0.0,0.0,0.0
2020-01-27 18:44:59,M32/5077A,0.0,0.0,0.0
2020-01-27 18:59:59,M32/5077A,0.0,0.0,0.0
2020-01-27 19:14:59,M32/5077A,0.0,0.0,0.0
2020-01-27 19:29:59,M32/5077A,0.0,0.0,0.0
2020-01-27 19:44:59,M32/5077A,0.0,0.0,0.0
2020-01-27 19:59:59,M32/5077A,0.0,0.0,0.0
2020-01-27 20:14:59,M32/5077A,0.0,0.0,0.0
2020-01-27 20:29:59,M32/5077A,0.0,0.0,0.0
2020-01-27 20:44:59,M32/5077A,0.0,0.0,0.0
2020-01-27 20:59:59,M32/5077A,0.0,0.0,0.0
2020-01-27 21:14:59,M32/5077A,0.0,0.0,0.0
2020-01-27 21:29:59,M32/5077A,0.0,0.0,0.0
2020-01-27 21:44:59,M32/5077A,0.0,0.0,0.0
2020-01-27 21:59:59,M32/5077A,0.0,0.0,0.0
2020-01-27 22:14:59,M32/5077A,0.0,0.0,0.0
2020-01-27 22:29:59,M32/5077A,0.0,0.0,0.0
2020-01-27 22:44:59,M32/5077A,0.0,0.0,0.0
2020-01-27 22:59:59,M32/5077A,0.0,0.0,0.0
2020-01-27 23:14:59,M32/5077A,0.0,0.0,0.0
2020-01-27 23:29:59,M32/5077A,0.0,0.0,0.0
2020-01-27 23:44:59,M32/5077A,0.0,0.0,0.0
2020-01-27 23:59:59,M32/5077A,0.0,0.0,0.0
2020-01-28 00:14:59,M32/5077A,0.0,0.0,0.0
2020-01-28 00:29:59,M32/5077A,0.0,0.0,0.0
2020-01-28 00:44:59,M32/5077A,0.0,0.0,0.0
2020-01-28 00:59:59,M32/5077A,0.0,0.0,0.0
2020-01-28 01:14:59,M32/5077A,0.0,0.0,0.0
2020-01-28 01:29:59,M32/5077A,0.0,0.0,0.0
2020-01-28 01:44:59,M32/5077A,0.0,0.0,0.0
2020-01-28 01:59:59,M32/5077A,0.0,0.0,0.0
2020-01-28 02:14:59,M32/5077A,0.0,0.0,0.0
2020-01-28 02:29:59,M32/5077A,0.0,0.0,0.0
2020-01-28 02:44:59,M32/5077A,0.0,0.0,0.0
2020-01-28 02:59:59,M32/5077A,0.0,0.0,0.0
2020-01-28 03:14:59,M32/5077A,0.0,0.0,0.0
2020-01-28 03:29:59,M32/5077A,0.0,0.0,0.0
2020-01-28 03:44:59,M32/5077A,0.0,0.0,0.0
2020-01-28 03:59:59,M32/5077A,0.0,0.0,0.0
2020-01-28 04:14:59,M32/5077A,0.0,0.0,0.0
2020-01-28 04:29:59,M32/5077A,0.0,0.0,0.0
2020-01-28 04:44:59,M32/5077A,0.0,0.0,0.0
2020-01-28 04:59:59,M32/5077A,0.0,0.0,0.0
2020-01-28 05:14:59,M32/5077A,0.0,0.0,0.0
2020-01-28 05:29:59,M32/5077A,0.0,0.0,0.0
2020-01-28 05:44:59,M32/5077A,0.0,0.0,0.0
2020-01-28 05:59:59,M32/5077A,0.0,0.0,0.0
2020-01-28 06:14:59,M32/5077A,0.0,0.0,0.0
2020-01-28 06:29:59,M32/5077A,0.0,0.0,0.0
2020-01-28 06:44:59,M32/5077A,0.0,0.0,0.0
2020-01-28 06:59:59,M32/5077A,0.0,0.0,0.0
2020-01-28 07:14:59,M32/5077A,0.0,0.0,0.0
2020-01-28 07:29:59,M32/5077A,0.0,0.0,0.0
2020-01-28 07:44:59,M32/5077A,0.0,0.0,0.0
2020-01-28 07:59:59,M32/5077A,0.0,0.0,0.0
2020-01-28 08:14:59,M32/5077A,0.0,0.0,0.0
2020-01-28 08:29:59,M32/5077A,0.0,0.0,0.0
2020-01-28 08:44:59,M32/5077A,0.0,0.0,0.0
2020-01-28 08:59:59,M32/5077A,0.0,0.0,0.0
2020-01-28 09:14:59,M32/5077A,0.0,0.0,0.0
2020-01-28 09:29:59,M32/5077A,0.0,0.0,0.0
2020-01-28 09:44:59,M32/5077A,0.0,0.0,0.0
2020-01-28 09:59:59,M32/5077A,0.0,0.0,0.0
2020-01-28 10:14:59,M32/5077A,0.0,0.0,0.0
2020-01-28 10:29:59,M32/5077A,0.0,0.0,0.0
2020-01-28 10:44:59,M32/5077A,0.0,0.0,0.0
2020-01-28 10:59:59,M32/5077A,0.0,0.0,0.0
2020-01-28 11:14:59,M32/5077A,0.0,0.0,0.0
2020-01-28 11:29:59,M32/5077A,0.0,0.0,0.0
2020-01-28 11:44:59,M32/5077A,0.0,0.0,0.0
2020-01-28 11:59:59,M32/5077A,0.0,0.0,0.0
2020-01-28 12:14:59,M32/5077A,0.0,0.0,0.0
2020-01-28 12:29:59,M32/5077A,0.0,0.0,0.0
2020-01-28 12:44:59,M32/5077A,0.0,0.0,0.0
2020-01-28 12:59:59,M32/5077A,0.0,0.0,0.0
2020-01-28 13:14:59,M32/5077A,0.0,0.0,0.0
2020-01-28 13:29:59,M32/5077A,0.0,0.0,0.0
2020-01-28 13:44:59,M32/5077A,0.0,0.0,0.0
2020-01-28 13:59:59,M32/5077A,0.0,0.0,0.0
2020-01-28 14:14:59,M32/5077A,0.0,0.0,0.0
2020-01-28 14:29:59,M32/5077A,0.0,0.0,0.0
2020-01-28 14:44:59,M32/5077A,0.0,0.0,0.0
2020-01-28 14:59:59,M32/5077A,0.0,0.0,0.0
2020-01-28 15:14:59,M32/5077A,0.0,0.0,0.0
2020-01-28 15:29:59,M32/5077A,0.0,0.0,0.0
2020-01-28 15:44:59,M32/5077A,0.0,0.0,0.0
2020-01-28 15:59:59,M32/5077A,0.0,0.0,0.0
2020-01-28 16:14:59,M32/5077A,0.0,0.0,0.0
2020-01-28 16:29:59,M32/5077A,0.0,0.0,0.0
2020-01-28 16:44:59,M32/5077A,0.0,0.0,0.0
2020-01-28 16:59:59,M32/5077A,0.0,0.0,0.0
2020-01-28 17:14:59,M32/5077A,0.0,0.0,0.0
2020-01-28 17:29:59,M32/5077A,0.0,0.0,0.0
2020-01-28 17:44:59,M32/5077A,0.0,0.0,0.0
2020-01-28 17:59:59,M32/5077A,0.0,0.0,0.0
2020-01-28 18:14:59,M32/5077A,0.0,0.0,0.0
2020-01-28 18:29:59,M32/5077A,0.0,0.0,0.0
2020-01-28 18:44:59,M32/5077A,0.0,0.0,0.0
2020-01-28 18:59:59,M32/5077A,0.0,0.0,0.0
2020-01-28 19:14:59,M32/5077A,0.0,0.0,0.0
2020-01-28 19:29:59,M32/5077A,0.0,0.0,0.0
2020-01-28 19:44:59,M32/5077A,0.0,0.0,0.0
2020-01-28 19:59:59,M32/5077A,0.0,0.0,0.0
2020-01-28 20:14:59,M32/5077A,0.0,0.0,0.0
2020-01-28 20:29:59,M32/5077A,0.0,0.0,0.0
2020-01-28 20:44:59,M32/5077A,0.0,0.0,0.0
2020-01-28 20:59:59,M32/5077A,0.0,0.0,0.0
2020-01-28 21:14:59,M32/5077A,0.0,0.0,0.0
2020-01-28 21:29:59,M32/5077A,0.0,0.0,0.0
2020-01-28 21:44:59,M32/5077A,0.0,0.0,0.0
2020-01-28 21:59:59,M32/5077A,0.0,0.0,0.0
2020-01-28 22:14:59,M32/5077A,0.0,0.0,0.0
2020-01-28 22:29:59,M32/5077A,0.0,0.0,0.0
2020-01-28 22:44:59,M32/5077A,0.0,0.0,0.0
2020-01-28 22:59:59,M32/5077A,0.0,0.0,0.0
2020-01-28 23:14:59,M32/5077A,0.0,0.0,0.0
2020-01-28 23:29:59,M32/5077A,0.0,0.0,0.0
2020-01-28 23:44:59,M32/5077A,0.0,0.0,0.0
2020-01-28 23:59:59,M32/5077A,0.0,0.0,0.0
2020-01-29 00:14:59,M32/5077A,0.0,0.0,0.0
2020-01-29 00:29:59,M32/5077A,0.0,0.0,0.0
2020-01-29 00:44:59,M32/5077A,0.0,0.0,0.0
2020-01-29 00:59:59,M32/5077A,0.0,0.0,0.0
2020-01-29 01:14:59,M32/5077A,0.0,0.0,0.0
2020-01-29 01:29:59,M32/5077A,0.0,0.0,0.0
2020-01-29 01:44:59,M32/5077A,0.0,0.0,0.0
2020-01-29 01:59:59,M32/5077A,0.0,0.0,0.0
2020-01-29 02:14:59,M32/5077A,0.0,0.0,0.0
2020-01-29 02:29:59,M32/5077A,0.0,0.0,0.0
2020-01-29 02:44:59,M32/5077A,0.0,0.0,0.0
2020-01-29 02:59:59,M32/5077A,0.0,0.0,0.0
2020-01-29 03:14:59,M32/5077A,0.0,0.0,0.0
2020-01-29 03:29:59,M32/5077A,0.0,0.0,0.0
2020-01-29 03:44:59,M32/5077A,0.0,0.0,0.0
2020-01-29 03:59:59,M32/5077A,0.0,0.0,0.0
2020-01-29 04:14:59,M32/5077A,0.0,0.0,0.0
2020-01-29 04:29:59,M32/5077A,0.0,0.0,0.0
2020-01-29 04:44:59,M32/5077A,0.0,0.0,0.0
2020-01-29 04:59:59,M32/5077A,0.0,0.0,0.0
2020-01-29 05:14:59,M32/5077A,0.0,0.0,0.0
2020-01-29 05:29:59,M32/5077A,0.0,0.0,0.0
2020-01-29 05:44:59,M32/5077A,0.0,0.0,0.0
2020-01-29 05:59:59,M32/5077A,0.0,0.0,0.0
2020-01-29 06:14:59,M32/5077A,0.0,0.0,0.0
2020-01-29 06:29:59,M32/5077A,0.0,0.0,0.0
2020-01-29 06:44:59,M32/5077A,0.0,0.0,0.0
2020-01-29 06:59:59,M32/5077A,0.0,0.0,0.0
2020-01-29 07:14:59,M32/5077A,0.0,0.0,0.0
2020-01-29 07:29:59,M32/5077A,0.0,0.0,0.0
2020-01-29 07:44:59,M32/5077A,0.0,0.0,0.0
2020-01-29 07:59:59,M32/5077A,0.0,0.0,0.0
2020-01-29 08:14:59,M32/5077A,0.0,0.0,0.0
2020-01-29 08:29:59,M32/5077A,0.0,0.0,0.0
2020-01-29 08:44:59,M32/5077A,0.0,0.0,0.0
2020-01-29 08:59:59,M32/5077A,0.0,0.0,0.0
2020-01-29 09:14:59,M32/5077A,0.0,0.0,0.0
2020-01-29 09:29:59,M32/5077A,0.0,0.0,0.0
2020-01-29 09:44:59,M32/5077A,0.0,0.0,0.0
2020-01-29 09:59:59,M32/5077A,0.0,0.0,0.0
2020-01-29 10:14:59,M32/5077A,0.0,0.0,0.0
2020-01-29 10:29:59,M32/5077A,0.0,0.0,0.0
2020-01-29 10:44:59,M32/5077A,0.0,0.0,0.0
2020-01-29 10:59:59,M32/5077A,0.0,0.0,0.0
2020-01-29 11:14:59,M32/5077A,0.0,0.0,0.0
2020-01-29 11:29:59,M32/5077A,0.0,0.0,0.0
2020-01-29 11:44:59,M32/5077A,0.0,0.0,0.0
2020-01-29 11:59:59,M32/5077A,0.0,0.0,0.0
2020-01-29 12:14:59,M32/5077A,0.0,0.0,0.0
2020-01-29 12:29:59,M32/5077A,0.0,0.0,0.0
2020-01-29 12:44:59,M32/5077A,0.0,0.0,0.0
2020-01-29 12:59:59,M32/5077A,0.0,0.0,0.0
2020-01-29 13:14:59,M32/5077A,0.0,0.0,0.0
2020-01-29 13:29:59,M32/5077A,0.0,0.0,0.0
2020-01-29 13:44:59,M32/5077A,0.0,0.0,0.0
2020-01-29 13:59:59,M32/5077A,0.0,0.0,0.0
2020-01-29 14:14:59,M32/5077A,0.0,0.0,0.0
2020-01-29 14:29:59,M32/5077A,0.0,0.0,0.0
2020-01-29 14:44:59,M32/5077A,0.0,0.0,0.0
2020-01-29 14:59:59,M32/5077A,0.0,0.0,0.0
2020-01-29 15:14:59,M32/5077A,0.0,0.0,0.0
2020-01-29 15:29:59,M32/5077A,0.0,0.0,0.0
2020-01-29 15:44:59,M32/5077A,0.0,0.0,0.0
2020-01-29 15:59:59,M32/5077A,0.0,0.0,0.0
2020-01-29 16:14:59,M32/5077A,0.0,0.0,0.0
2020-01-29 16:29:59,M32/5077A,0.0,0.0,0.0
2020-01-29 16:44:59,M32/5077A,0.0,0.0,0.0
2020-01-29 16:59:59,M32/5077A,0.0,0.0,0.0
2020-01-29 17:14:59,M32/5077A,0.0,0.0,0.0
2020-01-29 17:29:59,M32/5077A,0.0,0.0,0.0
2020-01-29 17:44:59,M32/5077A,0.0,0.0,0.0
2020-01-29 17:59:59,M32/5077A,0.0,0.0,0.0
2020-01-29 18:14:59,M32/5077A,0.0,0.0,0.0
2020-01-29 18:29:59,M32/5077A,0.0,0.0,0.0
2020-01-29 18:44:59,M32/5077A,0.0,0.0,0.0
2020-01-29 18:59:59,M32/5077A,0.0,0.0,0.0
2020-01-29 19:14:59,M32/5077A,0.0,0.0,0.0
2020-01-29 19:29:59,M32/5077A,0.0,0.0,0.0
2020-01-29 19:44:59,M32/5077A,0.0,0.0,0.0
2020-01-29 19:59:59,M32/5077A,0.0,0.0,0.0
2020-01-29 20:14:59,M32/5077A,0.0,0.0,0.0
2020-01-29 20:29:59,M32/5077A,0.0,0.0,0.0
2020-01-29 20:44:59,M32/5077A,0.0,0.0,0.0
2020-01-29 20:59:59,M32/5077A,0.0,0.0,0.0
2020-01-29 21:14:59,M32/5077A,0.0,0.0,0.0
2020-01-29 21:29:59,M32/5077A,0.0,0.0,0.0
2020-01-29 21:44:59,M32/5077A,0.0,0.0,0.0
2020-01-29 21:59:59,M32/5077A,0.0,0.0,0.0
2020-01-29 22:14:59,M32/5077A,0.0,0.0,0.0
2020-01-29 22:29:59,M32/5077A,0.0,0.0,0.0
2020-01-29 22:44:59,M32/5077A,0.0,0.0,0.0
2020-01-29 22:59:59,M32/5077A,0.0,0.0,0.0
2020-01-29 23:14:59,M32/5077A,0.0,0.0,0.0
2020-01-29 23:29:59,M32/5077A,0.0,0.0,0.0
2020-01-29 23:44:59,M32/5077A,0.0,0.0,0.0
2020-01-29 23:59:59,M32/5077A,0.0,0.0,0.0
2020-01-30 00:14:59,M32/5077A,0.0,0.0,0.0
2020-01-30 00:29:59,M32/5077A,0.0,0.0,0.0
2020-01-30 00:44:59,M32/5077A,0.0,0.0,0.0
2020-01-30 00:59:59,M32/5077A,0.0,0.0,0.0
2020-01-30 01:14:59,M32/5077A,0.0,0.0,0.0
2020-01-30 01:29:59,M32/5077A,0.0,0.0,0.0
2020-01-30 01:44:59,M32/5077A,0.0,0.0,0.0
2020-01-30 01:59:59,M32/5077A,0.0,0.0,0.0
2020-01-30 02:14:59,M32/5077A,0.0,0.0,0.0
2020-01-30 02:29:59,M32/5077A,0.0,0.0,0.0
2020-01-30 02:44:59,M32/5077A,0.0,0.0,0.0
2020-01-30 02:59:59,M32/5077A,0.0,0.0,0.0
2020-01-30 03:14:59,M32/5077A,0.0,0.0,0.0
2020-01-30 03:29:59,M32/5077A,0.0,0.0,0.0
2020-01-30 03:44:59,M32/5077A,0.0,0.0,0.0
2020-01-30 03:59:59,M32/5077A,0.0,0.0,0.0
2020-01-30 04:14:59,M32/5077A,0.0,0.0,0.0
2020-01-30 04:29:59,M32/5077A,0.0,0.0,0.0
2020-01-30 04:44:59,M32/5077A,0.0,0.0,0.0
2020-01-30 04:59:59,M32/5077A,0.0,0.0,0.0
2020-01-30 05:14:59,M32/5077A,0.0,0.0,0.0
2020-01-30 05:29:59,M32/5077A,0.0,0.0,0.0
2020-01-30 05:44:59,M32/5077A,0.0,0.0,0.0
2020-01-30 05:59:59,M32/5077A,0.0,0.0,0.0
2020-01-30 06:14:59,M32/5077A,0.0,0.0,0.0
2020-01-30 06:29:59,M32/5077A,0.0,0.0,0.0
2020-01-30 06:44:59,M32/5077A,0.0,0.0,0.0
2020-01-30 06:59:59,M32/5077A,0.0,0.0,0.0
2020-01-30 07:14:59,M32/5077A,0.0,0.0,0.0
2020-01-30 07:29:59,M32/5077A,0.0,0.0,0.0
2020-01-30 07:44:59,M32/5077A,0.0,0.0,0.0
2020-01-30 07:59:59,M32/5077A,0.0,0.0,0.0
2020-01-30 08:14:59,M32/5077A,0.0,0.0,0.0
2020-01-30 08:29:59,M32/5077A,0.0,0.0,0.0
2020-01-30 08:44:59,M32/5077A,0.0,0.0,0.0
2020-01-30 08:59:59,M32/5077A,0.0,0.0,0.0
2020-01-30 09:14:59,M32/5077A,0.0,0.0,0.0
2020-01-30 09:29:59,M32/5077A,0.0,0.0,0.0
2020-01-30 09:44:59,M32/5077A,0.0,0.0,0.0
2020-01-30 09:59:59,M32/5077A,0.0,0.0,0.0
2020-01-30 10:14:59,M32/5077A,0.0,0.0,0.0
2020-01-30 10:29:59,M32/5077A,0.0,0.0,0.0
2020-01-30 10:44:59,M32/5077A,0.0,0.0,0.0
2020-01-30 10:59:59,M32/5077A,0.0,0.0,0.0
2020-01-30 11:14:59,M32/5077A,0.0,0.0,0.0
2020-01-30 11:29:59,M32/5077A,0.0,0.0,0.0
2020-01-30 11:44:59,M32/5077A,0.0,0.0,0.0
2020-01-30 11:59:59,M32/5077A,0.0,0.0,0.0
2020-01-30 12:14:59,M32/5077A,0.0,0.0,0.0
2020-01-30 12:29:59,M32/5077A,0.0,0.0,0.0
2020-01-30 12:44:59,M32/5077A,0.0,0.0,0.0
2020-01-30 12:59:59,M32/5077A,0.0,0.0,0.0
2020-01-30 13:14:59,M32/5077A,0.0,0.0,0.0
2020-01-30 13:29:59,M32/5077A,0.0,0.0,0.0
2020-01-30 13:44:59,M32/5077A,0.0,0.0,0.0
2020-01-30 13:59:59,M32/5077A,0.0,0.0,0.0
2020-01-30 14:14:59,M32/5077A,0.0,0.0,0.0
2020-01-30 14:29:59,M32/5077A,0.0,0.0,0.0
2020-01-30 14:44:59,M32/5077A,0.0,0.0,0.0
2020-01-30 14:59:59,M32/5077A,0.0,0.0,0.0
2020-01-30 15:14:59,M32/5077A,0.0,0.0,0.0
2020-01-30 15:29:59,M32/5077A,0.0,0.0,0.0
2020-01-30 15:44:59,M32/5077A,0.0,0.0,0.0
2020-01-30 15:59:59,M32/5077A,0.0,0.0,0.0
2020-01-30 16:14:59,M32/5077A,0.0,0.0,0.0
2020-01-30 16:29:59,M32/5077A,0.0,0.0,0.0
2020-01-30 16:44:59,M32/5077A,0.0,0.0,0.0
2020-01-30 16:59:59,M32/5077A,0.0,0.0,0.0
2020-01-30 17:14:59,M32/5077A,0.0,0.0,0.0
2020-01-30 17:29:59,M32/5077A,0.0,0.0,0.0
2020-01-30 17:44:59,M32/5077A,0.0,0.0,0.0
2020-01-30 17:59:59,M32/5077A,0.0,0.0,0.0
2020-01-30 18:14:59,M32/5077A,0.0,0.0,0.0
2020-01-30 18:29:59,M32/5077A,0.0,0.0,0.0
2020-01-30 18:44:59,M32/5077A,0.0,0.0,0.0
2020-01-30 18:59:59,M32/5077A,0.0,0.0,0.0
2020-01-30 19:14:59,M32/5077A,0.0,0.0,0.0
2020-01-30 19:29:59,M32/5077A,0.0,0.0,0.0
2020-01-30 19:44:59,M32/5077A,0.0,0.0,0.0
2020-01-30 19:59:59,M32/5077A,0.0,0.0,0.0
2020-01-30 20:14:59,M32/5077A,0.0,0.0,0.0
2020-01-30 20:29:59,M32/5077A,0.0,0.0,0.0
2020-01-30 20:44:59,M32/5077A,0.0,0.0,0.0
2020-01-30 20:59:59,M32/5077A,0.0,0.0,0.0
2020-01-30 21:14:59,M32/5077A,0.0,0.0,0.0
2020-01-30 21:29:59,M32/5077A,0.0,0.0,0.0
2020-01-30 21:44:59,M32/5077A,0.0,0.0,0.0
2020-01-30 21:59:59,M32/5077A,0.0,0.0,0.0
2020-01-30 22:14:59,M32/5077A,0.0,0.0,0.0
2020-01-30 22:29:59,M32/5077A,0.0,0.0,0.0
2020-01-30 22:44:59,M32/5077A,0.0,0.0,0.0
2020-01-30 22:59:59,M32/5077A,0.0,0.0,0.0
2020-01-30 23:14:59,M32/5077A,0.0,0.0,0.0
2020-01-30 23:29:59,M32/5077A,0.0,0.0,0.0
2020-01-30 23:44:59,M32/5077A,0.0,0.0,0.0
2020-01-30 23:59:59,M32/5077A,0.0,0.0,0.0
2020-01-31 00:14:59,M32/5077A,0.0,0.0,0.0
2020-01-31 00:29:59,M32/5077A,0.0,0.0,0.0
2020-01-31 00:44:59,M32/5077A,0.0,0.0,0.0
2020-01-31 00:59:59,M32/5077A,0.0,0.0,0.0
2020-01-31 01:14:59,M32/5077A,0.0,0.0,0.0
2020-01-31 01:29:59,M32/5077A,0.0,0.0,0.0
2020-01-31 01:44:59,M32/5077A,0.0,0.0,0.0
2020-01-31 01:59:59,M32/5077A,0.0,0.0,0.0
2020-01-31 02:14:59,M32/5077A,0.0,0.0,0.0
2020-01-31 02:29:59,M32/5077A,0.0,0.0,0.0
2020-01-31 02:44:59,M32/5077A,0.0,0.0,0.0
2020-01-31 02:59:59,M32/5077A,0.0,0.0,0.0
2020-01-31 03:14:59,M32/5077A,0.0,0.0,0.0
2020-01-31 03:29:59,M32/5077A,0.0,0.0,0.0
2020-01-31 03:44:59,M32/5077A,0.0,0.0,0.0
2020-01-31 03:59:59,M32/5077A,0.0,0.0,0.0
2020-01-31 04:14:59,M32/5077A,0.0,0.0,0.0
2020-01-31 04:29:59,M32/5077A,0.0,0.0,0.0
2020-01-31 04:44:59,M32/5077A,0.0,0.0,0.0
2020-01-31 04:59:59,M32/5077A,0.0,0.0,0.0
2020-01-31 05:14:59,M32/5077A,0.0,0.0,0.0
2020-01-31 05:29:59,M32/5077A,0.0,0.0,0.0
2020-01-31 05:44:59,M32/5077A,0.0,0.0,0.0
2020-01-31 05:59:59,M32/5077A,0.0,0.0,0.0
2020-01-31 06:14:59,M32/5077A,0.0,0.0,0.0
2020-01-31 06:29:59,M32/5077A,0.0,0.0,0.0
2020-01-31 06:44:59,M32/5077A,0.0,0.0,0.0
2020-01-31 06:59:59,M32/5077A,0.0,0.0,0.0
2020-01-31 07:14:59,M32/5077A,0.0,0.0,0.0
2020-01-31 07:29:59,M32/5077A,0.0,0.0,0.0
2020-01-31 07:44:59,M32/5077A,0.0,0.0,0.0
2020-01-31 07:59:59,M32/5077A,0.0,0.0,0.0
2020-01-31 08:14:59,M32/5077A,0.0,0.0,0.0
2020-01-31 08:29:59,M32/5077A,0.0,0.0,0.0
2020-01-31 08:44:59,M32/5077A,0.0,0.0,0.0
2020-01-31 08:59:59,M32/5077A,0.0,0.0,0.0
2020-01-31 09:14:59,M32/5077A,0.0,0.0,0.0
2020-01-31 09:29:59,M32/5077A,0.0,0.0,0.0
2020-01-31 09:44:59,M32/5077A,0.0,0.0,0.0
2020-01-31 09:59:59,M32/5077A,0.0,0.0,0.0
2020-01-31 10:14:59,M32/5077A,0.0,0.0,0.0
2020-01-31 10:29:59,M32/5077A,0.0,0.0,0.0
2020-01-31 10:44:59,M32/5077A,0.0,0.0,0.0
2020-01-31 10:59:59,M32/5077A,0.0,0.0,0.0
2020-01-31 11:14:59,M32/5077A,0.0,0.0,0.0
2020-01-31 11:29:59,M32/5077A,0.0,0.0,0.0
2020-01-31 11:44:59,M32/5077A,0.0,0.0,0.0
2020-01-31 11:59:59,M32/5077A,0.0,0.0,0.0
2020-01-31 12:14:59,M32/5077A,0.0,0.0,0.0
2020-01-31 12:29:59,M32/5077A,0.0,0.0,0.0
2020-01-31 12:44:59,M32/5077A,0.0,0.0,0.0
2020-01-31 12:59:59,M32/5077A,0.0,0.0,0.0
2020-01-31 13:14:59,M32/5077A,0.0,0.0,0.0
2020-01-31 13:29:59,M32/5077A,0.0,0.0,0.0
2020-01-31 13:44:59,M32/5077A,0.0,0.0,0.0
2020-01-31 13:59:59,M32/5077A,0.0,0.0,0.0
2020-01-31 14:14:59,M32/5077A,0.0,0.0,0.0
2020-01-31 14:29:59,M32/5077A,0.0,0.0,0.0
2020-01-31 14:44:59,M32/5077A,0.0,0.0,0.0
2020-01-31 14:59:59,M32/5077A,0.0,0.0,0.0
2020-01-31 15:14:59,M32/5077A,0.0,0.0,0.0
2020-01-31 15:29:59,M32/5077A,0.0,0.0,0.0
2020-01-31 15:44:59,M32/5077A,0.0,0.0,0.0
2020-01-31 15:59:59,M32/5077A,0.0,0.0,0.0
2020-01-31 16:14:59,M32/5077A,0.0,0.0,0.0
2020-01-31 16:29:59,M32/5077A,0.0,0.0,0.0
2020-01-31 16:44:59,M32/5077A,0.0,0.0,0.0
2020-01-31 16:59:59,M32/5077A,0.0,0.0,0.0
2020-01-31 17:14:59,M32/5077A,0.0,0.0,0.0
2020-01-31 17:29:59,M32/5077A,0.0,0.0,0.0
2020-01-31 17:44:59,M32/5077A,0.0,0.0,0.0
2020-01-31 17:59:59,M32/5077A,0.0,0.0,0.0
2020-01-31 18:14:59,M32/5077A,0.0,0.0,0.0
2020-01-31 18:29:59,M32/5077A,0.0,0.0,0.0
2020-01-31 18:44:59,M32/5077A,0.0,0.0,0.0
2020-01-31 18:59:59,M32/5077A,0.0,0.0,0.0
2020-01-31 19:14:59,M32/5077A,0.0,0.0,0.0
2020-01-31 19:29:59,M32/5077A,0.0,0.0,0.0
2020-01-31 19:44:59,M32/5077A,0.0,0.0,0.0
2020-01-31 19:59:59,M32/5077A,0.0,0.0,0.0
2020-01-31 20:14:59,M32/5077A,0.0,0.0,0.0
2020-01-31 20:29:59,M32/5077A,0.0,0.0,0.0
2020-01-31 20:44:59,M32/5077A,0.0,0.0,0.0
2020-01-31 20:59:59,M32/5077A,0.0,0.0,0.0
2020-01-31 21:14:59,M32/5077A,0.0,0.0,0.0
2020-01-31 21:29:59,M32/5077A,0.0,0.0,0.0
2020-01-31 21:44:59,M32/5077A,0.0,0.0,0.0
2020-01-31 21:59:59,M32/5077A,0.0,0.0,0.0
2020-01-31 22:14:59,M32/5077A,0.0,0.0,0.0
2020-01-31 22:29:59,M32/5077A,0.0,0.0,0.0
2020-01-31 22:44:59,M32/5077A,0.0,0.0,0.0
2020-01-31 22:59:59,M32/5077A,0.0,0.0,0.0
2020-01-31 23:14:59,M32/5077A,0.0,0.0,0.0
2020-01-31 23:29:59,M32/5077A,0.0,0.0,0.0
2020-01-31 23:44:59,M32/5077A,0.0,0.0,0.0
2020-01-31 23:59:59,M32/5077A,0.0,0.0,0.0
