timestamp,intersection_id,volume,avg_speed_kph,occupancy
2020-01-01 00:14:00,M25/4876A,126,111.04446,0.015755711445398956
2020-01-01 00:29:00,M25/4876A,115,111.04446,0.014380212827149842
2020-01-01 00:44:00,M25/4876A,171,106.21644,0.022354694485842024
2020-01-01 00:59:00,M25/4876A,257,107.82578,0.033095952506664264
2020-01-01 01:14:00,M25/4876A,230,109.43512,0.029183373090392324
2020-01-01 01:29:00,M25/4876A,259,107.82578,0.03335350855729979
2020-01-01 01:44:00,M25/4876A,253,109.43512,0.032101710399431556
2020-01-01 01:59:00,M25/4876A,270,109.43512,0.03425874232350404
2020-01-01 02:14:00,M25/4876A,203,111.04446,0.025384201773142764
2020-01-01 02:29:00,M25/4876A,197,109.43512,0.024996193473075166
2020-01-01 02:44:00,M25/4876A,195,106.21644,0.025492195466311082
2020-01-01 02:59:00,M25/4876A,174,107.82578,0.022407376405290204
2020-01-01 03:14:00,M25/4876A,125,106.21644,0.016341150939943
2020-01-01 03:29:00,M25/4876A,149,107.82578,0.019187925772346206
2020-01-01 03:44:00,M25/4876A,132,106.21644,0.01725625539257981
2020-01-01 03:59:00,M25/4876A,162,106.21644,0.02117813161816613
2020-01-01 04:14:00,M25/4876A,163,106.21644,0.021308860825685675
2020-01-01 04:29:00,M25/4876A,180,107.82578,0.02318004455719676
2020-01-01 04:44:00,M25/4876A,208,107.82578,0.026785829266094033
2020-01-01 04:59:00,M25/4876A,181,109.43512,0.022966045779830482
2020-01-01 05:14:00,M25/4876A,225,107.82578,0.028975055696495947
2020-01-01 05:29:00,M25/4876A,255,107.82578,0.03283839645602875
2020-01-01 05:44:00,M25/4876A,263,107.82578,0.033868620658570825
2020-01-01 05:59:00,M25/4876A,296,109.43512,0.03755773232502664
2020-01-01 06:14:00,M25/4876A,286,109.43512,0.03628889001674872
2020-01-01 06:29:00,M25/4876A,315,109.43512,0.039968532710754706
2020-01-01 06:44:00,M25/4876A,310,107.82578,0.039921187848505534
2020-01-01 06:59:00,M25/4876A,272,107.82578,0.03502762288643066
2020-01-01 07:14:00,M25/4876A,274,107.82578,0.035285178937066175
2020-01-01 07:29:00,M25/4876A,297,107.82578,0.038247073519374654
2020-01-01 07:44:00,M25/4876A,330,109.43512,0.0418717961731716
2020-01-01 07:59:00,M25/4876A,332,111.04446,0.04151504920533693
2020-01-01 08:14:00,M25/4876A,352,109.43512,0.044663249251383035
2020-01-01 08:29:00,M25/4876A,381,111.04446,0.047642270322992085
2020-01-01 08:44:00,M25/4876A,374,111.04446,0.04676695302046992
2020-01-01 08:59:00,M25/4876A,423,111.04446,0.05289417413812507
2020-01-01 09:14:00,M25/4876A,445,112.6538,0.05485024035498582
2020-01-01 09:29:00,M25/4876A,519,112.6538,0.06397140391963516
2020-01-01 09:44:00,M25/4876A,585,111.04446,0.07315151742506658
2020-01-01 09:59:00,M25/4876A,639,111.04446,0.07990396518738041
2020-01-01 10:14:00,M25/4876A,743,111.04446,0.09290867939628114
2020-01-01 10:29:00,M25/4876A,859,109.43512,0.10899355428107395
2020-01-01 10:44:00,M25/4876A,890,111.04446,0.1112903427492466
2020-01-01 10:59:00,M25/4876A,1035,109.43512,0.13132517890676546
2020-01-01 11:14:00,M25/4876A,1101,109.43512,0.1396995381413998
2020-01-01 11:29:00,M25/4876A,1197,107.82578,0.15414729630535845
2020-01-01 11:44:00,M25/4876A,1230,109.43512,0.15606760391818505
2020-01-01 11:59:00,M25/4876A,1327,109.43512,0.16837537430848093
2020-01-01 12:14:00,M25/4876A,1306,109.43512,0.1657108054610973
2020-01-01 12:29:00,M25/4876A,1429,106.21644,0.18681203754542838
2020-01-01 12:44:00,M25/4876A,1435,107.82578,0.18479646633098526
2020-01-01 12:59:00,M25/4876A,1425,106.21644,0.1862891207153502
2020-01-01 13:14:00,M25/4876A,1485,107.82578,0.19123536759687326
2020-01-01 13:29:00,M25/4876A,1394,107.82578,0.17951656729295712
2020-01-01 13:44:00,M25/4876A,1463,107.82578,0.18840225103988256
2020-01-01 13:59:00,M25/4876A,1365,109.43512,0.17319697507993706
2020-01-01 14:14:00,M25/4876A,1467,106.21644,0.19177974743117104
2020-01-01 14:29:00,M25/4876A,1414,107.82578,0.18209212779931233
2020-01-01 14:44:00,M25/4876A,1349,107.82578,0.17372155615365795
2020-01-01 14:59:00,M25/4876A,1428,107.82578,0.18389502015376094
2020-01-01 15:14:00,M25/4876A,1337,109.43512,0.16964421661675888
2020-01-01 15:29:00,M25/4876A,1390,107.82578,0.1790014551916861
2020-01-01 15:44:00,M25/4876A,1331,101.38842,0.18228631688510893
2020-01-01 15:59:00,M25/4876A,1292,107.82578,0.16638120871054562
2020-01-01 16:14:00,M25/4876A,1273,106.21644,0.16641828117237953
2020-01-01 16:29:00,M25/4876A,1389,104.6071,0.18437645184841042
2020-01-01 16:44:00,M25/4876A,1350,102.99776,0.18199956859361516
2020-01-01 16:59:00,M25/4876A,1356,102.99776,0.18280845556514236
2020-01-01 17:14:00,M25/4876A,1254,104.6071,0.1664564943253468
2020-01-01 17:29:00,M25/4876A,1202,104.6071,0.15955399216831484
2020-01-01 17:44:00,M25/4876A,1161,106.21644,0.1517766099301906
2020-01-01 17:59:00,M25/4876A,1199,104.6071,0.15915577089002456
2020-01-01 18:14:00,M25/4876A,1190,106.21644,0.15556775694825736
2020-01-01 18:29:00,M25/4876A,1075,106.21644,0.1405338980835098
2020-01-01 18:44:00,M25/4876A,1072,106.21644,0.14014171046095117
2020-01-01 18:59:00,M25/4876A,1025,107.82578,0.13199747595070377
2020-01-01 19:14:00,M25/4876A,933,106.21644,0.12197035061573455
2020-01-01 19:29:00,M25/4876A,844,107.82578,0.10868865336818925
2020-01-01 19:44:00,M25/4876A,832,107.82578,0.10714331706437613
2020-01-01 19:59:00,M25/4876A,710,107.82578,0.09143239797560944
2020-01-01 20:14:00,M25/4876A,730,107.82578,0.09400795848196464
2020-01-01 20:29:00,M25/4876A,694,107.82578,0.08937194957052529
2020-01-01 20:44:00,M25/4876A,591,109.43512,0.0749885804192255
2020-01-01 20:59:00,M25/4876A,625,107.82578,0.08048626582359986
2020-01-01 21:14:00,M25/4876A,546,107.82578,0.07031280182349683
2020-01-01 21:29:00,M25/4876A,477,107.82578,0.06142711807657142
2020-01-01 21:44:00,M25/4876A,444,106.21644,0.05804376813867754
2020-01-01 21:59:00,M25/4876A,412,107.82578,0.05305654643091703
2020-01-01 22:14:00,M25/4876A,384,109.43512,0.0487235446378724
2020-01-01 22:29:00,M25/4876A,361,107.82578,0.04648886713971128
2020-01-01 22:44:00,M25/4876A,336,107.82578,0.04326941650676728
2020-01-01 22:59:00,M25/4876A,247,109.43512,0.0313404050144648
2020-01-01 23:14:00,M25/4876A,225,111.04446,0.028135199009640996
2020-01-01 23:29:00,M25/4876A,220,107.82578,0.028331165569907155
2020-01-01 23:44:00,M25/4876A,185,107.82578,0.023823934683785557
2020-01-01 23:59:00,M25/4876A,158,109.43512,0.02004770847079125
2020-01-02 00:14:00,M25/4876A,143,107.82578,0.01841525762043965
2020-01-02 00:29:00,M25/4876A,160,107.82578,0.020604484050841563
2020-01-02 00:44:00,M25/4876A,125,109.43512,0.015860528853474092
2020-01-02 00:59:00,M25/4876A,104,107.82578,0.013392914633047016
2020-01-02 01:14:00,M25/4876A,92,106.21644,0.012027087091798047
2020-01-02 01:29:00,M25/4876A,90,112.6538,0.01109330703808702
2020-01-02 01:44:00,M25/4876A,66,104.6071,0.008760868122386673
2020-01-02 01:59:00,M25/4876A,55,101.38842,0.007532492433268964
2020-01-02 02:14:00,M25/4876A,74,101.38842,0.010134626182943697
2020-01-02 02:29:00,M25/4876A,63,99.77908,0.008767291046230065
2020-01-02 02:44:00,M25/4876A,82,101.38842,0.011230261445964639
2020-01-02 02:59:00,M25/4876A,58,102.99776,0.007819240724762725
2020-01-02 03:14:00,M25/4876A,101,106.21644,0.013203649959473944
2020-01-02 03:29:00,M25/4876A,94,101.38842,0.01287371434049605
2020-01-02 03:44:00,M25/4876A,133,106.21644,0.017386984600099353
2020-01-02 03:59:00,M25/4876A,154,106.21644,0.020132297958009776
2020-01-02 04:14:00,M25/4876A,154,106.21644,0.020132297958009776
2020-01-02 04:29:00,M25/4876A,241,104.6071,0.03199044268932103
2020-01-02 04:44:00,M25/4876A,278,106.21644,0.036342719690433234
2020-01-02 04:59:00,M25/4876A,350,106.21644,0.0457552226318404
2020-01-02 05:14:00,M25/4876A,426,107.82578,0.054859438785365665
2020-01-02 05:29:00,M25/4876A,536,107.82578,0.06902502157031924
2020-01-02 05:44:00,M25/4876A,639,106.21644,0.08353596360498862
2020-01-02 05:59:00,M25/4876A,793,107.82578,0.1021209740769835
2020-01-02 06:14:00,M25/4876A,937,107.82578,0.12066500972274091
2020-01-02 06:29:00,M25/4876A,1150,104.6071,0.15265149001128292
2020-01-02 06:44:00,M25/4876A,1319,104.6071,0.1750846220216367
2020-01-02 06:59:00,M25/4876A,1398,104.6071,0.18557111568328133
2020-01-02 07:14:00,M25/4876A,1456,102.99776,0.19628990509059532
2020-01-02 07:29:00,M25/4876A,1414,101.38842,0.1936535327389512
2020-01-02 07:44:00,M25/4876A,1395,101.38842,0.19105139898927648
2020-01-02 07:59:00,M25/4876A,1436,102.99776,0.19359361518550475
2020-01-02 08:14:00,M25/4876A,1394,102.99776,0.18793140638481448
2020-01-02 08:29:00,M25/4876A,1409,102.99776,0.18995362381363243
2020-01-02 08:44:00,M25/4876A,1387,104.6071,0.1841109709962169
2020-01-02 08:59:00,M25/4876A,1249,106.21644,0.16328078019191045
2020-01-02 09:14:00,M25/4876A,1316,106.21644,0.17203963709571993
2020-01-02 09:29:00,M25/4876A,1224,106.21644,0.16001255000392184
2020-01-02 09:44:00,M25/4876A,1333,106.21644,0.17426203362355216
2020-01-02 09:59:00,M25/4876A,1399,106.21644,0.18289016131984207
2020-01-02 10:14:00,M25/4876A,1376,104.6071,0.18265082630915244
2020-01-02 10:29:00,M25/4876A,1475,104.6071,0.19579212849273245
2020-01-02 10:44:00,M25/4876A,1546,104.6071,0.20521669874560297
2020-01-02 10:59:00,M25/4876A,1550,104.6071,0.20574766044999004
2020-01-02 11:14:00,M25/4876A,1527,102.99776,0.20586173425366694
2020-01-02 11:29:00,M25/4876A,1689,102.99776,0.22770168248490075
2020-01-02 11:44:00,M25/4876A,1626,102.99776,0.2192083692838654
2020-01-02 11:59:00,M25/4876A,1612,102.99776,0.217320966350302
2020-01-02 12:14:00,M25/4876A,1599,102.99776,0.21556837791199307
2020-01-02 12:29:00,M25/4876A,1488,104.6071,0.19751775403199043
2020-01-02 12:44:00,M25/4876A,1587,102.99776,0.21395060396893875
2020-01-02 12:59:00,M25/4876A,1552,104.6071,0.20601314130218357
2020-01-02 13:14:00,M25/4876A,1446,104.6071,0.19194265613592618
2020-01-02 13:29:00,M25/4876A,1434,104.6071,0.19034977102276496
2020-01-02 13:44:00,M25/4876A,1443,102.99776,0.19453731665228643
2020-01-02 13:59:00,M25/4876A,1351,106.21644,0.17661515935890396
2020-01-02 14:14:00,M25/4876A,1395,104.6071,0.18517289440499102
2020-01-02 14:29:00,M25/4876A,1313,106.21644,0.1716474494731613
2020-01-02 14:44:00,M25/4876A,1332,104.6071,0.17681024756089467
2020-01-02 14:59:00,M25/4876A,1344,106.21644,0.17570005490626714
2020-01-02 15:14:00,M25/4876A,1290,104.6071,0.1712351496648304
2020-01-02 15:29:00,M25/4876A,1321,106.21644,0.17269328313331764
2020-01-02 15:44:00,M25/4876A,1293,104.6071,0.17163337094312073
2020-01-02 15:59:00,M25/4876A,1336,104.6071,0.1773412092652817
2020-01-02 16:14:00,M25/4876A,1315,104.6071,0.1745536603172496
2020-01-02 16:29:00,M25/4876A,1313,102.99776,0.17701143226919758
2020-01-02 16:44:00,M25/4876A,1284,102.99776,0.1731018119068162
2020-01-02 16:59:00,M25/4876A,1338,101.38842,0.18324499774025227
2020-01-02 17:14:00,M25/4876A,1189,102.99776,0.1602944348576359
2020-01-02 17:29:00,M25/4876A,1307,101.38842,0.17899941109604614
2020-01-02 17:44:00,M25/4876A,1137,102.99776,0.15328408110440034
2020-01-02 17:59:00,M25/4876A,1173,101.38842,0.16064752044044536
2020-01-02 18:14:00,M25/4876A,1284,101.38842,0.17584945971486093
2020-01-02 18:29:00,M25/4876A,1058,102.99776,0.14263373597929246
2020-01-02 18:44:00,M25/4876A,965,104.6071,0.1280945111833809
2020-01-02 18:59:00,M25/4876A,909,104.6071,0.12066104732196188
2020-01-02 19:14:00,M25/4876A,844,104.6071,0.112032919625672
2020-01-02 19:29:00,M25/4876A,801,106.21644,0.10471409522315475
2020-01-02 19:44:00,M25/4876A,789,104.6071,0.10473219619034976
2020-01-02 19:59:00,M25/4876A,746,106.21644,0.09752398880957983
2020-01-02 20:14:00,M25/4876A,764,106.21644,0.09987711454493162
2020-01-02 20:29:00,M25/4876A,721,104.6071,0.09570584721576955
2020-01-02 20:44:00,M25/4876A,758,104.6071,0.10061724298134997
2020-01-02 20:59:00,M25/4876A,638,104.6071,0.08468839184973782
2020-01-02 21:14:00,M25/4876A,623,106.21644,0.08144429628467591
2020-01-02 21:29:00,M25/4876A,586,106.21644,0.07660731560645279
2020-01-02 21:44:00,M25/4876A,575,106.21644,0.0751692943237378
2020-01-02 21:59:00,M25/4876A,533,107.82578,0.06863868749436595
2020-01-02 22:14:00,M25/4876A,465,107.82578,0.059881781772758304
2020-01-02 22:29:00,M25/4876A,407,107.82578,0.05241265630432823
2020-01-02 22:44:00,M25/4876A,387,107.82578,0.04983709579797303
2020-01-02 22:59:00,M25/4876A,297,106.21644,0.038826574633304564
2020-01-02 23:14:00,M25/4876A,275,106.21644,0.0359505320678746
2020-01-02 23:29:00,M25/4876A,258,107.82578,0.03322473053198202
2020-01-02 23:44:00,M25/4876A,221,106.21644,0.028891154861819222
2020-01-02 23:59:00,M25/4876A,192,106.21644,0.02510000784375245
2020-01-03 00:14:00,M25/4876A,193,104.6071,0.025618902236676178
2020-01-03 00:29:00,M25/4876A,174,106.21644,0.022746882108400656
2020-01-03 00:44:00,M25/4876A,161,104.6071,0.021371208601579608
2020-01-03 00:59:00,M25/4876A,131,101.38842,0.017941027431967897
2020-01-03 01:14:00,M25/4876A,136,101.38842,0.018625799471355984
2020-01-03 01:29:00,M25/4876A,127,99.77908,0.01767374544240029
2020-01-03 01:44:00,M25/4876A,114,101.38842,0.015612802498048398
2020-01-03 01:59:00,M25/4876A,90,99.77908,0.012524701494614378
2020-01-03 02:14:00,M25/4876A,81,98.16974,0.011457022022942331
2020-01-03 02:29:00,M25/4876A,77,101.38842,0.01054548940657655
2020-01-03 02:44:00,M25/4876A,78,99.77908,0.010854741295332463
2020-01-03 02:59:00,M25/4876A,96,101.38842,0.013147623156251283
2020-01-03 03:14:00,M25/4876A,140,102.99776,0.018874029335634167
2020-01-03 03:29:00,M25/4876A,114,102.99776,0.015368852459016393
2020-01-03 03:44:00,M25/4876A,147,101.38842,0.020132297958009776
2020-01-03 03:59:00,M25/4876A,196,102.99776,0.026423641069887833
2020-01-03 04:14:00,M25/4876A,211,104.6071,0.028008229906418
2020-01-03 04:29:00,M25/4876A,260,104.6071,0.03451251078515962
2020-01-03 04:44:00,M25/4876A,272,104.6071,0.036105395898320826
2020-01-03 04:59:00,M25/4876A,359,104.6071,0.04765381296873963
2020-01-03 05:14:00,M25/4876A,410,104.6071,0.054423574699674786
2020-01-03 05:29:00,M25/4876A,578,106.21644,0.07556148194629643
2020-01-03 05:44:00,M25/4876A,639,106.21644,0.08353596360498862
2020-01-03 05:59:00,M25/4876A,730,104.6071,0.09690051105064046
2020-01-03 06:14:00,M25/4876A,943,102.99776,0.12713006902502155
2020-01-03 06:29:00,M25/4876A,1045,101.38842,0.14311735623211033
2020-01-03 06:44:00,M25/4876A,1251,101.38842,0.17132996425489955
2020-01-03 06:59:00,M25/4876A,1311,101.38842,0.17954722872755657
2020-01-03 07:14:00,M25/4876A,1332,99.77908,0.1853655821202928
2020-01-03 07:29:00,M25/4876A,1313,101.38842,0.17982113754331183
2020-01-03 07:44:00,M25/4876A,1407,99.77908,0.19580283336580478
2020-01-03 07:59:00,M25/4876A,1311,102.99776,0.17674180327868852
2020-01-03 08:14:00,M25/4876A,1444,101.38842,0.19776216497527974
2020-01-03 08:29:00,M25/4876A,1356,102.99776,0.18280845556514236
2020-01-03 08:44:00,M25/4876A,1392,104.6071,0.18477467312670073
2020-01-03 08:59:00,M25/4876A,1311,104.6071,0.17402269861286254
2020-01-03 09:14:00,M25/4876A,1258,104.6071,0.16698745602973383
2020-01-03 09:29:00,M25/4876A,1271,104.6071,0.1687130815689918
2020-01-03 09:44:00,M25/4876A,1284,104.6071,0.17043870710824982
2020-01-03 09:59:00,M25/4876A,1355,102.99776,0.18267364106988784
2020-01-03 10:14:00,M25/4876A,1415,102.99776,0.1907625107851596
2020-01-03 10:29:00,M25/4876A,1412,102.99776,0.19035806729939603
2020-01-03 10:44:00,M25/4876A,1589,101.38842,0.21762055411753425
2020-01-03 10:59:00,M25/4876A,1521,102.99776,0.20505284728213977
2020-01-03 11:14:00,M25/4876A,1504,101.38842,0.2059794294479368
2020-01-03 11:29:00,M25/4876A,1530,101.38842,0.20954024405275484
2020-01-03 11:44:00,M25/4876A,1415,104.6071,0.18782770292692638
2020-01-03 11:59:00,M25/4876A,1551,102.99776,0.20909728213977566
2020-01-03 12:14:00,M25/4876A,1459,102.99776,0.19669434857635892
2020-01-03 12:29:00,M25/4876A,1414,104.6071,0.1876949625008296
2020-01-03 12:44:00,M25/4876A,1456,104.6071,0.19327006039689387
2020-01-03 12:59:00,M25/4876A,1395,104.6071,0.18517289440499102
2020-01-03 13:14:00,M25/4876A,1406,104.6071,0.18663303909205547
2020-01-03 13:29:00,M25/4876A,1418,104.6071,0.1882259242052167
2020-01-03 13:44:00,M25/4876A,1432,104.6071,0.19008429017057143
2020-01-03 13:59:00,M25/4876A,1353,106.21644,0.17687661777394303
2020-01-03 14:14:00,M25/4876A,1377,104.6071,0.1827835667352492
2020-01-03 14:29:00,M25/4876A,1347,104.6071,0.17880135395234617
2020-01-03 14:44:00,M25/4876A,1355,104.6071,0.17986327736112032
2020-01-03 14:59:00,M25/4876A,1315,106.21644,0.17190890788820037
2020-01-03 15:14:00,M25/4876A,1200,106.21644,0.15687504902345278
2020-01-03 15:29:00,M25/4876A,1383,104.6071,0.18358000929182983
2020-01-03 15:44:00,M25/4876A,1394,104.6071,0.18504015397889426
2020-01-03 15:59:00,M25/4876A,1384,104.6071,0.18371274971792656
2020-01-03 16:14:00,M25/4876A,1375,104.6071,0.18251808588305565
2020-01-03 16:29:00,M25/4876A,1321,104.6071,0.1753501028738302
2020-01-03 16:44:00,M25/4876A,1416,102.99776,0.19089732528041414
2020-01-03 16:59:00,M25/4876A,1274,102.99776,0.1717536669542709
2020-01-03 17:14:00,M25/4876A,1393,101.38842,0.19077749017352122
2020-01-03 17:29:00,M25/4876A,1330,102.99776,0.17930327868852458
2020-01-03 17:44:00,M25/4876A,1321,101.38842,0.18091677280633275
2020-01-03 17:59:00,M25/4876A,1250,101.38842,0.17119300984702193
2020-01-03 18:14:00,M25/4876A,1215,102.99776,0.16379961173425367
2020-01-03 18:29:00,M25/4876A,1153,104.6071,0.15304971128957323
2020-01-03 18:44:00,M25/4876A,1070,104.6071,0.14203225592354152
2020-01-03 18:59:00,M25/4876A,979,106.21644,0.12798389416163358
2020-01-03 19:14:00,M25/4876A,971,104.6071,0.1288909537399615
2020-01-03 19:29:00,M25/4876A,926,104.6071,0.12291763456560695
2020-01-03 19:44:00,M25/4876A,823,106.21644,0.10759013778858471
2020-01-03 19:59:00,M25/4876A,743,106.21644,0.0971318011870212
2020-01-03 20:14:00,M25/4876A,843,104.6071,0.11190017919957523
2020-01-03 20:29:00,M25/4876A,749,104.6071,0.09942257914647905
2020-01-03 20:44:00,M25/4876A,620,106.21644,0.08105210866211728
2020-01-03 20:59:00,M25/4876A,651,106.21644,0.08510471409522315
2020-01-03 21:14:00,M25/4876A,598,106.21644,0.07817606609668731
2020-01-03 21:29:00,M25/4876A,551,106.21644,0.07203179334326874
2020-01-03 21:44:00,M25/4876A,504,106.21644,0.06588752058985017
2020-01-03 21:59:00,M25/4876A,448,107.82578,0.057692555342356386
2020-01-03 22:14:00,M25/4876A,427,106.21644,0.05582137161084529
2020-01-03 22:29:00,M25/4876A,389,106.21644,0.05085366172510262
2020-01-03 22:44:00,M25/4876A,392,106.21644,0.05124584934766125
2020-01-03 22:59:00,M25/4876A,364,106.21644,0.04758543153711402
2020-01-03 23:14:00,M25/4876A,361,106.21644,0.047193243914555386
2020-01-03 23:29:00,M25/4876A,301,107.82578,0.03876218562064569
2020-01-03 23:44:00,M25/4876A,240,106.21644,0.03137500980469056
2020-01-03 23:59:00,M25/4876A,258,107.82578,0.03322473053198202
2020-01-04 00:14:00,M25/4876A,232,106.21644,0.03032917614453421
2020-01-04 00:29:00,M25/4876A,196,106.21644,0.025622924673830625
2020-01-04 00:44:00,M25/4876A,198,104.6071,0.026282604367160015
2020-01-04 00:59:00,M25/4876A,168,106.21644,0.021962506863283392
2020-01-04 01:14:00,M25/4876A,179,106.21644,0.023400528145998377
2020-01-04 01:29:00,M25/4876A,158,104.6071,0.020972987323289307
2020-01-04 01:44:00,M25/4876A,122,102.99776,0.01644736842105263
2020-01-04 01:59:00,M25/4876A,118,99.77908,0.016421275292938853
2020-01-04 02:14:00,M25/4876A,97,98.16974,0.013720137484264273
2020-01-04 02:29:00,M25/4876A,115,102.99776,0.015503666954270922
2020-01-04 02:44:00,M25/4876A,109,102.99776,0.014694779982743746
2020-01-04 02:59:00,M25/4876A,116,102.99776,0.01563848144952545
2020-01-04 03:14:00,M25/4876A,113,102.99776,0.015234037963761864
2020-01-04 03:29:00,M25/4876A,161,104.6071,0.021371208601579608
2020-01-04 03:44:00,M25/4876A,153,104.6071,0.02030928519280547
2020-01-04 03:59:00,M25/4876A,153,101.38842,0.020954024405275485
2020-01-04 04:14:00,M25/4876A,164,102.99776,0.022109577221742883
2020-01-04 04:29:00,M25/4876A,212,102.99776,0.02858067299396031
2020-01-04 04:44:00,M25/4876A,262,106.21644,0.03425105237012053
2020-01-04 04:59:00,M25/4876A,314,107.82578,0.04043629994977657
2020-01-04 05:14:00,M25/4876A,352,107.82578,0.045329864911851446
2020-01-04 05:29:00,M25/4876A,377,107.82578,0.04854931554479544
2020-01-04 05:44:00,M25/4876A,481,107.82578,0.06194223017784246
2020-01-04 05:59:00,M25/4876A,481,106.21644,0.06288074881690066
2020-01-04 06:14:00,M25/4876A,514,104.6071,0.06822857901373862
2020-01-04 06:29:00,M25/4876A,572,106.21644,0.07477710670117917
2020-01-04 06:44:00,M25/4876A,569,106.21644,0.07438491907862053
2020-01-04 06:59:00,M25/4876A,653,106.21644,0.08536617251026224
2020-01-04 07:14:00,M25/4876A,641,106.21644,0.08379742202002771
2020-01-04 07:29:00,M25/4876A,666,107.82578,0.08576616486162801
2020-01-04 07:44:00,M25/4876A,705,107.82578,0.09078850784902064
2020-01-04 07:59:00,M25/4876A,786,107.82578,0.10121952789975919
2020-01-04 08:14:00,M25/4876A,829,109.43512,0.10518702735624016
2020-01-04 08:29:00,M25/4876A,953,109.43512,0.12092067197888647
2020-01-04 08:44:00,M25/4876A,1002,109.43512,0.1271379992894483
2020-01-04 08:59:00,M25/4876A,1116,107.82578,0.1437162762546199
2020-01-04 09:14:00,M25/4876A,1086,109.43512,0.1377962746789829
2020-01-04 09:29:00,M25/4876A,1156,109.43512,0.14667817083692838
2020-01-04 09:44:00,M25/4876A,1199,109.43512,0.15213419276252346
2020-01-04 09:59:00,M25/4876A,1279,109.43512,0.16228493122874688
2020-01-04 10:14:00,M25/4876A,1391,107.82578,0.17913023321700386
2020-01-04 10:29:00,M25/4876A,1559,101.38842,0.21351192188120574
2020-01-04 10:44:00,M25/4876A,1515,107.82578,0.19509870835640608
2020-01-04 10:59:00,M25/4876A,1590,106.21644,0.20785943995607498
2020-01-04 11:14:00,M25/4876A,1616,106.21644,0.2112583993515831
2020-01-04 11:29:00,M25/4876A,1518,106.21644,0.1984469370146678
2020-01-04 11:44:00,M25/4876A,1349,107.82578,0.17372155615365795
2020-01-04 11:59:00,M25/4876A,1688,104.6071,0.224065839251344
2020-01-04 12:14:00,M25/4876A,1733,102.99776,0.2336335202761001
2020-01-04 12:29:00,M25/4876A,1774,102.99776,0.23916091458153577
2020-01-04 12:44:00,M25/4876A,1609,104.6071,0.21357934558969932
2020-01-04 12:59:00,M25/4876A,1497,106.21644,0.19570162365675736
2020-01-04 13:14:00,M25/4876A,1534,106.21644,0.2005386043349805
2020-01-04 13:29:00,M25/4876A,1509,106.21644,0.19727037414699192
2020-01-04 13:44:00,M25/4876A,1498,106.21644,0.19583235286427692
2020-01-04 13:59:00,M25/4876A,1400,107.82578,0.1802892354448637
2020-01-04 14:14:00,M25/4876A,1404,106.21644,0.18354380735743978
2020-01-04 14:29:00,M25/4876A,1370,107.82578,0.17642589468533088
2020-01-04 14:44:00,M25/4876A,1416,106.21644,0.1851125578476743
2020-01-04 14:59:00,M25/4876A,1361,106.21644,0.17792245143409938
2020-01-04 15:14:00,M25/4876A,1387,109.43512,0.1759884281581485
2020-01-04 15:29:00,M25/4876A,1347,107.82578,0.17346400010302243
2020-01-04 15:44:00,M25/4876A,1355,107.82578,0.1744942243055645
2020-01-04 15:59:00,M25/4876A,1366,107.82578,0.17591078258405987
2020-01-04 16:14:00,M25/4876A,1336,106.21644,0.1746542212461108
2020-01-04 16:29:00,M25/4876A,1443,104.6071,0.1915444348576359
2020-01-04 16:44:00,M25/4876A,1402,104.6071,0.1861020773876684
2020-01-04 16:59:00,M25/4876A,1379,102.99776,0.18590918895599653
2020-01-04 17:14:00,M25/4876A,1289,102.99776,0.17377588438308889
2020-01-04 17:29:00,M25/4876A,1360,102.99776,0.18334771354616047
2020-01-04 17:44:00,M25/4876A,1381,102.99776,0.1861788179465056
2020-01-04 17:59:00,M25/4876A,1324,104.6071,0.17574832415212052
2020-01-04 18:14:00,M25/4876A,1295,104.6071,0.17189885179531425
2020-01-04 18:29:00,M25/4876A,1285,104.6071,0.17057144753434655
2020-01-04 18:44:00,M25/4876A,1111,106.21644,0.14524014955421338
2020-01-04 18:59:00,M25/4876A,1108,106.21644,0.14484796193165475
2020-01-04 19:14:00,M25/4876A,1095,106.21644,0.1431484822339007
2020-01-04 19:29:00,M25/4876A,1034,106.21644,0.1351740005752085
2020-01-04 19:44:00,M25/4876A,838,107.82578,0.10791598521628269
2020-01-04 19:59:00,M25/4876A,857,106.21644,0.11203493084424922
2020-01-04 20:14:00,M25/4876A,769,107.82578,0.09903030146935726
2020-01-04 20:29:00,M25/4876A,775,106.21644,0.1013151358276466
2020-01-04 20:44:00,M25/4876A,758,106.21644,0.09909273929981435
2020-01-04 20:59:00,M25/4876A,597,109.43512,0.07574988580419226
2020-01-04 21:14:00,M25/4876A,645,109.43512,0.0818403288839263
2020-01-04 21:29:00,M25/4876A,648,109.43512,0.08222098157640968
2020-01-04 21:44:00,M25/4876A,560,107.82578,0.07211569417794549
2020-01-04 21:59:00,M25/4876A,496,109.43512,0.06293457849058519
2020-01-04 22:14:00,M25/4876A,507,107.82578,0.06529045883610421
2020-01-04 22:29:00,M25/4876A,471,109.43512,0.05976247271989037
2020-01-04 22:44:00,M25/4876A,438,107.82578,0.05640477508917878
2020-01-04 22:59:00,M25/4876A,370,111.04446,0.046266771704742964
2020-01-04 23:14:00,M25/4876A,428,109.43512,0.05430645079429528
2020-01-04 23:29:00,M25/4876A,391,107.82578,0.05035220789924407
2020-01-04 23:44:00,M25/4876A,314,109.43512,0.03984164847992691
2020-01-04 23:59:00,M25/4876A,302,106.21644,0.03948022067090229
2020-01-05 00:14:00,M25/4876A,260,109.43512,0.03298990001522611
2020-01-05 00:29:00,M25/4876A,210,109.43512,0.02664568847383647
2020-01-05 00:44:00,M25/4876A,229,111.04446,0.028635380325367946
2020-01-05 00:59:00,M25/4876A,181,111.04446,0.02263320453664453
2020-01-05 01:14:00,M25/4876A,200,109.43512,0.025376846165558544
2020-01-05 01:29:00,M25/4876A,168,107.82578,0.02163470825338364
2020-01-05 01:44:00,M25/4876A,151,107.82578,0.019445481822981725
2020-01-05 01:59:00,M25/4876A,136,107.82578,0.01751381144321533
2020-01-05 02:14:00,M25/4876A,134,106.21644,0.017517713807618896
2020-01-05 02:29:00,M25/4876A,113,107.82578,0.014551916860906856
2020-01-05 02:44:00,M25/4876A,128,109.43512,0.016241181545957467
2020-01-05 02:59:00,M25/4876A,87,106.21644,0.011373441054200328
2020-01-05 03:14:00,M25/4876A,127,109.43512,0.016114297315129675
2020-01-05 03:29:00,M25/4876A,148,107.82578,0.019059147747028448
2020-01-05 03:44:00,M25/4876A,139,104.6071,0.018450919227450718
2020-01-05 03:59:00,M25/4876A,152,106.21644,0.019870839542970687
2020-01-05 04:14:00,M25/4876A,172,104.6071,0.022831353288644055
2020-01-05 04:29:00,M25/4876A,194,107.82578,0.024982936911645395
2020-01-05 04:44:00,M25/4876A,209,106.21644,0.027322404371584695
2020-01-05 04:59:00,M25/4876A,252,107.82578,0.03245206238007546
2020-01-05 05:14:00,M25/4876A,334,109.43512,0.042379333096482764
2020-01-05 05:29:00,M25/4876A,386,107.82578,0.049708317772655275
2020-01-05 05:44:00,M25/4876A,389,107.82578,0.050094651848608555
2020-01-05 05:59:00,M25/4876A,422,106.21644,0.05516772557324757
2020-01-05 06:14:00,M25/4876A,402,107.82578,0.051768766177739435
2020-01-05 06:29:00,M25/4876A,503,107.82578,0.06477534673483316
2020-01-05 06:44:00,M25/4876A,448,107.82578,0.057692555342356386
2020-01-05 06:59:00,M25/4876A,470,107.82578,0.06052567189934709
2020-01-05 07:14:00,M25/4876A,531,106.21644,0.06941720919287787
2020-01-05 07:29:00,M25/4876A,563,107.82578,0.07250202825389876
2020-01-05 07:44:00,M25/4876A,588,107.82578,0.07572147888684275
2020-01-05 07:59:00,M25/4876A,586,109.43512,0.07435415926508653
2020-01-05 08:14:00,M25/4876A,622,109.43512,0.07892199157488708
2020-01-05 08:29:00,M25/4876A,723,109.43512,0.09173729888849413
2020-01-05 08:44:00,M25/4876A,814,109.43512,0.10328376389382328
2020-01-05 08:59:00,M25/4876A,835,109.43512,0.10594833274120692
2020-01-05 09:14:00,M25/4876A,931,109.43512,0.11812921890067501
2020-01-05 09:29:00,M25/4876A,1019,109.43512,0.1292950312135208
2020-01-05 09:44:00,M25/4876A,1093,109.43512,0.13868446429477743
2020-01-05 09:59:00,M25/4876A,1065,109.43512,0.13513170583159925
2020-01-05 10:14:00,M25/4876A,1196,109.43512,0.1517535400700401
2020-01-05 10:29:00,M25/4876A,1329,107.82578,0.17114599564730273
2020-01-05 10:44:00,M25/4876A,1391,107.82578,0.17913023321700386
2020-01-05 10:59:00,M25/4876A,1483,107.82578,0.19097781154623775
2020-01-05 11:14:00,M25/4876A,1578,106.21644,0.20629068946584045
2020-01-05 11:29:00,M25/4876A,1608,107.82578,0.20707506471095774
2020-01-05 11:44:00,M25/4876A,1683,106.21644,0.22001725625539253
2020-01-05 11:59:00,M25/4876A,1659,104.6071,0.22021636689453772
2020-01-05 12:14:00,M25/4876A,1584,106.21644,0.2070750647109577
2020-01-05 12:29:00,M25/4876A,1629,106.21644,0.2129578790493372
2020-01-05 12:44:00,M25/4876A,1619,107.82578,0.20849162298945306
2020-01-05 12:59:00,M25/4876A,1607,106.21644,0.2100818364839072
2020-01-05 13:14:00,M25/4876A,1535,106.21644,0.20066933354250005
2020-01-05 13:29:00,M25/4876A,1512,106.21644,0.19766256176955055
2020-01-05 13:44:00,M25/4876A,1466,106.21644,0.1916490182236515
2020-01-05 13:59:00,M25/4876A,1325,107.82578,0.1706308835460317
2020-01-05 14:14:00,M25/4876A,1416,107.82578,0.18234968384994785
2020-01-05 14:29:00,M25/4876A,1541,106.21644,0.2014537087876173
2020-01-05 14:44:00,M25/4876A,1370,106.21644,0.17909901430177527
2020-01-05 14:59:00,M25/4876A,1557,104.6071,0.20667684343266743
2020-01-05 15:14:00,M25/4876A,1539,104.6071,0.2042875157629256
2020-01-05 15:29:00,M25/4876A,1570,104.6071,0.20840246897192538
2020-01-05 15:44:00,M25/4876A,1496,104.6071,0.19857967744076457
2020-01-05 15:59:00,M25/4876A,1559,104.6071,0.20694232428486092
2020-01-05 16:14:00,M25/4876A,1568,102.99776,0.21138912855910266
2020-01-05 16:29:00,M25/4876A,1561,102.99776,0.21044542709232097
2020-01-05 16:44:00,M25/4876A,1512,101.38842,0.2070750647109577
2020-01-05 16:59:00,M25/4876A,1506,101.38842,0.20625333826369202
2020-01-05 17:14:00,M25/4876A,1507,102.99776,0.20316544434857634
2020-01-05 17:29:00,M25/4876A,1532,101.38842,0.20981415286851007
2020-01-05 17:44:00,M25/4876A,1512,101.38842,0.2070750647109577
2020-01-05 17:59:00,M25/4876A,1459,101.38842,0.19981648109344397
2020-01-05 18:14:00,M25/4876A,1345,104.6071,0.17853587310015262
2020-01-05 18:29:00,M25/4876A,1295,104.6071,0.17189885179531425
2020-01-05 18:44:00,M25/4876A,1172,104.6071,0.1555717793854118
2020-01-05 18:59:00,M25/4876A,1152,106.21644,0.1506000470625147
2020-01-05 19:14:00,M25/4876A,1102,104.6071,0.14627994955863807
2020-01-05 19:29:00,M25/4876A,994,104.6071,0.13194398354018716
2020-01-05 19:44:00,M25/4876A,1010,106.21644,0.13203649959473943
2020-01-05 19:59:00,M25/4876A,933,106.21644,0.12197035061573455
2020-01-05 20:14:00,M25/4876A,919,106.21644,0.12014014171046095
2020-01-05 20:29:00,M25/4876A,840,107.82578,0.10817354126691822
2020-01-05 20:44:00,M25/4876A,834,106.21644,0.10902815907129969
2020-01-05 20:59:00,M25/4876A,752,106.21644,0.09830836405469709
2020-01-05 21:14:00,M25/4876A,646,107.82578,0.08319060435527281
2020-01-05 21:29:00,M25/4876A,662,107.82578,0.08525105276035698
2020-01-05 21:44:00,M25/4876A,585,106.21644,0.07647658639893325
2020-01-05 21:59:00,M25/4876A,572,107.82578,0.0736610304817586
2020-01-05 22:14:00,M25/4876A,462,109.43512,0.05862051464244023
2020-01-05 22:29:00,M25/4876A,485,94.95106,0.07092613445255261
2020-01-05 22:44:00,M25/4876A,406,90.12304,0.0625539257981018
2020-01-05 22:59:00,M25/4876A,336,90.12304,0.05176876617773943
2020-01-05 23:14:00,M25/4876A,333,90.12304,0.051306545051152466
2020-01-05 23:29:00,M25/4876A,300,91.73238,0.045411198401525806
2020-01-05 23:44:00,M25/4876A,240,88.5137,0.037650011765628676
2020-01-05 23:59:00,M25/4876A,186,88.5137,0.029178759118362225
2020-01-06 00:14:00,M25/4876A,188,106.21644,0.024577091013674272
2020-01-06 00:29:00,M25/4876A,172,106.21644,0.022485423693361567
2020-01-06 00:44:00,M25/4876A,153,106.21644,0.02000156875049023
2020-01-06 00:59:00,M25/4876A,163,106.21644,0.021308860825685675
2020-01-06 01:14:00,M25/4876A,154,106.21644,0.020132297958009776
2020-01-06 01:29:00,M25/4876A,133,104.6071,0.017654476670870112
2020-01-06 01:44:00,M25/4876A,132,104.6071,0.017521736244773347
2020-01-06 01:59:00,M25/4876A,94,102.99776,0.012672562553925798
2020-01-06 02:14:00,M25/4876A,100,99.77908,0.013916334994015976
2020-01-06 02:29:00,M25/4876A,97,101.38842,0.0132845775641289
2020-01-06 02:44:00,M25/4876A,77,99.77908,0.010715577945392303
2020-01-06 02:59:00,M25/4876A,125,104.6071,0.01659255326209597
2020-01-06 03:14:00,M25/4876A,117,102.99776,0.015773295944779983
2020-01-06 03:29:00,M25/4876A,106,99.77908,0.014751315093656936
2020-01-06 03:44:00,M25/4876A,175,104.6071,0.023229574566934356
2020-01-06 03:59:00,M25/4876A,201,106.21644,0.026276570711428346
2020-01-06 04:14:00,M25/4876A,247,106.21644,0.03229011425732737
2020-01-06 04:29:00,M25/4876A,285,106.21644,0.037257824143070044
2020-01-06 04:44:00,M25/4876A,356,106.21644,0.04653959787695766
2020-01-06 04:59:00,M25/4876A,525,107.82578,0.06760846329182388
2020-01-06 05:14:00,M25/4876A,591,107.82578,0.07610781296279603
2020-01-06 05:29:00,M25/4876A,793,107.82578,0.1021209740769835
2020-01-06 05:44:00,M25/4876A,1063,107.82578,0.13689104091277862
2020-01-06 05:59:00,M25/4876A,1266,106.21644,0.1655031767197427
2020-01-06 06:14:00,M25/4876A,1714,101.38842,0.23473985510223647
2020-01-06 06:29:00,M25/4876A,2009,98.16974,0.2841624351122363
2020-01-06 06:44:00,M25/4876A,2140,94.95106,0.3129524283061084
2020-01-06 06:59:00,M25/4876A,2283,91.73238,0.3455792198356114
2020-01-06 07:14:00,M25/4876A,2161,91.73238,0.32711199915232425
2020-01-06 07:29:00,M25/4876A,1987,91.73238,0.30077350407943926
2020-01-06 07:44:00,M25/4876A,1860,59.54558,0.4337383112188979
2020-01-06 07:59:00,M25/4876A,1486,30.57746,0.6748104082466736
2020-01-06 08:14:00,M25/4876A,1287,19.31208,0.9253666954270922
2020-01-06 08:29:00,M25/4876A,1227,19.31208,0.8822260569456427
2020-01-06 08:44:00,M25/4876A,2023,56.3269,0.49870578084555645
2020-01-06 08:59:00,M25/4876A,1659,54.71756,0.42100187788661625
2020-01-06 09:14:00,M25/4876A,1628,93.34172,0.24218261878551667
2020-01-06 09:29:00,M25/4876A,1431,104.6071,0.18995154974447467
2020-01-06 09:44:00,M25/4876A,1492,101.38842,0.20433597655340535
2020-01-06 09:59:00,M25/4876A,1362,104.6071,0.1807924603437977
2020-01-06 10:14:00,M25/4876A,1479,102.99776,0.19939063848144953
2020-01-06 10:29:00,M25/4876A,1325,104.6071,0.17588106457821728
2020-01-06 10:44:00,M25/4876A,1317,104.6071,0.17481914116944314
2020-01-06 10:59:00,M25/4876A,1341,102.99776,0.1807862381363244
2020-01-06 11:14:00,M25/4876A,1358,102.99776,0.18307808455565142
2020-01-06 11:29:00,M25/4876A,1347,102.99776,0.18159512510785158
2020-01-06 11:44:00,M25/4876A,1346,102.99776,0.18146031061259707
2020-01-06 11:59:00,M25/4876A,1305,104.6071,0.17322625605628192
2020-01-06 12:14:00,M25/4876A,1294,104.6071,0.1717661113692175
2020-01-06 12:29:00,M25/4876A,1297,104.6071,0.17216433264750777
2020-01-06 12:44:00,M25/4876A,1327,102.99776,0.17889883520276098
2020-01-06 12:59:00,M25/4876A,1306,104.6071,0.17335899648237868
2020-01-06 13:14:00,M25/4876A,1350,102.99776,0.18199956859361516
2020-01-06 13:29:00,M25/4876A,1351,102.99776,0.1821343830888697
2020-01-06 13:44:00,M25/4876A,1281,102.99776,0.17269736842105263
2020-01-06 13:59:00,M25/4876A,1280,104.6071,0.16990774540386272
2020-01-06 14:14:00,M25/4876A,1302,104.6071,0.17282803477799163
2020-01-06 14:29:00,M25/4876A,1298,102.99776,0.17498921484037963
2020-01-06 14:44:00,M25/4876A,1293,102.99776,0.17431514236410697
2020-01-06 14:59:00,M25/4876A,1375,99.77908,0.19134960616771968
2020-01-06 15:14:00,M25/4876A,1326,106.21644,0.17334692917091535
2020-01-06 15:29:00,M25/4876A,1291,104.6071,0.17136789009092718
2020-01-06 15:44:00,M25/4876A,1426,99.77908,0.1984469370146678
2020-01-06 15:59:00,M25/4876A,1381,101.38842,0.1891340372789898
2020-01-06 16:14:00,M25/4876A,1424,101.38842,0.19502307681772738
2020-01-06 16:29:00,M25/4876A,1354,101.38842,0.18543626826629414
2020-01-06 16:44:00,M25/4876A,1522,96.5604,0.2188668392292206
2020-01-06 16:59:00,M25/4876A,1372,98.16974,0.19406215080835654
2020-01-06 17:14:00,M25/4876A,1438,96.5604,0.2067874604544147
2020-01-06 17:29:00,M25/4876A,1299,98.16974,0.18373668651607516
2020-01-06 17:44:00,M25/4876A,1254,98.16974,0.1773716742811072
2020-01-06 17:59:00,M25/4876A,1229,99.77908,0.17103175707645635
2020-01-06 18:14:00,M25/4876A,1276,96.5604,0.18349151567443198
2020-01-06 18:29:00,M25/4876A,1119,99.77908,0.15572378858303876
2020-01-06 18:44:00,M25/4876A,1075,99.77908,0.14960060118567176
2020-01-06 18:59:00,M25/4876A,961,102.99776,0.1295567299396031
2020-01-06 19:14:00,M25/4876A,896,102.99776,0.12079378774805866
2020-01-06 19:29:00,M25/4876A,817,104.6071,0.10844892812105926
2020-01-06 19:44:00,M25/4876A,797,104.6071,0.10579411959912391
2020-01-06 19:59:00,M25/4876A,703,104.6071,0.09331651954602774
2020-01-06 20:14:00,M25/4876A,712,104.6071,0.09451118338089864
2020-01-06 20:29:00,M25/4876A,666,104.6071,0.08840512378044733
2020-01-06 20:44:00,M25/4876A,651,104.6071,0.08641401738899582
2020-01-06 20:59:00,M25/4876A,583,104.6071,0.07738766841441559
2020-01-06 21:14:00,M25/4876A,541,104.6071,0.07181257051835135
2020-01-06 21:29:00,M25/4876A,497,106.21644,0.06497241613721337
2020-01-06 21:44:00,M25/4876A,438,104.6071,0.058140306630384275
2020-01-06 21:59:00,M25/4876A,412,106.21644,0.05386043349805213
2020-01-06 22:14:00,M25/4876A,278,104.6071,0.036901838454901435
2020-01-06 22:29:00,M25/4876A,308,104.6071,0.04088405123780447
2020-01-06 22:44:00,M25/4876A,273,104.6071,0.036238136324417594
2020-01-06 22:59:00,M25/4876A,221,102.99776,0.029794003451251074
2020-01-06 23:14:00,M25/4876A,173,104.6071,0.02296409371474082
2020-01-06 23:29:00,M25/4876A,184,104.6071,0.02442423840180527
2020-01-06 23:44:00,M25/4876A,187,104.6071,0.02482245968009557
2020-01-06 23:59:00,M25/4876A,133,102.99776,0.017930327868852458
2020-01-07 00:14:00,M25/4876A,146,102.99776,0.019682916307161343
2020-01-07 00:29:00,M25/4876A,131,104.6071,0.017388995818676575
2020-01-07 00:44:00,M25/4876A,115,99.77908,0.016003785243118372
2020-01-07 00:59:00,M25/4876A,113,102.99776,0.015234037963761864
2020-01-07 01:14:00,M25/4876A,140,102.99776,0.018874029335634167
2020-01-07 01:29:00,M25/4876A,133,102.99776,0.017930327868852458
2020-01-07 01:44:00,M25/4876A,76,98.16974,0.010749798441279225
2020-01-07 01:59:00,M25/4876A,74,101.38842,0.010134626182943697
2020-01-07 02:14:00,M25/4876A,82,98.16974,0.011598466739274954
2020-01-07 02:29:00,M25/4876A,83,99.77908,0.011550558045033259
2020-01-07 02:44:00,M25/4876A,69,99.77908,0.009602271145871023
2020-01-07 02:59:00,M25/4876A,102,99.77908,0.014194661693896295
2020-01-07 03:14:00,M25/4876A,111,99.77908,0.015447131843357732
2020-01-07 03:29:00,M25/4876A,130,102.99776,0.01752588438308887
2020-01-07 03:44:00,M25/4876A,139,102.99776,0.018739214840379638
2020-01-07 03:59:00,M25/4876A,156,104.6071,0.02070750647109577
2020-01-07 04:14:00,M25/4876A,195,104.6071,0.025884383088869714
2020-01-07 04:29:00,M25/4876A,245,104.6071,0.0325214043937081
2020-01-07 04:44:00,M25/4876A,327,104.6071,0.04340611933364306
2020-01-07 04:59:00,M25/4876A,434,104.6071,0.05760934492599721
2020-01-07 05:14:00,M25/4876A,537,106.21644,0.07020158443799514
2020-01-07 05:29:00,M25/4876A,736,107.82578,0.0947806266338712
2020-01-07 05:44:00,M25/4876A,929,106.21644,0.12144743378565637
2020-01-07 05:59:00,M25/4876A,1127,106.21644,0.1473318168745261
2020-01-07 06:14:00,M25/4876A,1507,102.99776,0.20316544434857634
2020-01-07 06:29:00,M25/4876A,1894,96.5604,0.272361230946218
2020-01-07 06:44:00,M25/4876A,1996,93.34172,0.29692660141025257
2020-01-07 06:59:00,M25/4876A,2140,88.5137,0.33571260491018906
2020-01-07 07:14:00,M25/4876A,2154,88.5137,0.33790885559651734
2020-01-07 07:29:00,M25/4876A,2195,85.29502,0.3573347225161574
2020-01-07 07:44:00,M25/4876A,2089,78.85766,0.36783997464386964
2020-01-07 07:59:00,M25/4876A,2114,90.12304,0.32571182053494385
2020-01-07 08:14:00,M25/4876A,2012,94.95106,0.2942337783887337
2020-01-07 08:29:00,M25/4876A,1963,91.73238,0.2971406082073172
2020-01-07 08:44:00,M25/4876A,1854,69.20162,0.37201276160282515
2020-01-07 08:59:00,M25/4876A,1907,74.02964,0.3576921634092358
2020-01-07 09:14:00,M25/4876A,1724,96.5604,0.24791486914006325
2020-01-07 09:29:00,M25/4876A,1437,88.5137,0.2254294454467017
2020-01-07 09:44:00,M25/4876A,1516,94.95106,0.2216990099589067
2020-01-07 09:59:00,M25/4876A,1399,104.6071,0.1857038561093781
2020-01-07 10:14:00,M25/4876A,1421,102.99776,0.1915713977566868
2020-01-07 10:29:00,M25/4876A,1363,102.99776,0.18375215703192407
2020-01-07 10:44:00,M25/4876A,1456,101.38842,0.19940561786981112
2020-01-07 10:59:00,M25/4876A,1427,102.99776,0.19238028472821397
2020-01-07 11:14:00,M25/4876A,1388,99.77908,0.19315872971694173
2020-01-07 11:29:00,M25/4876A,1418,101.38842,0.19420135037046168
2020-01-07 11:44:00,M25/4876A,1270,102.99776,0.1712144089732528
2020-01-07 11:59:00,M25/4876A,1338,101.38842,0.18324499774025227
2020-01-07 12:14:00,M25/4876A,1257,102.99776,0.1694618205349439
2020-01-07 12:29:00,M25/4876A,1257,102.99776,0.1694618205349439
2020-01-07 12:44:00,M25/4876A,1297,102.99776,0.17485440034512512
2020-01-07 12:59:00,M25/4876A,1306,102.99776,0.1760677308024159
2020-01-07 13:14:00,M25/4876A,1323,104.6071,0.17561558372602376
2020-01-07 13:29:00,M25/4876A,1364,102.99776,0.18388697152717862
2020-01-07 13:44:00,M25/4876A,1311,104.6071,0.17402269861286254
2020-01-07 13:59:00,M25/4876A,1261,102.99776,0.17000107851596202
2020-01-07 14:14:00,M25/4876A,1347,102.99776,0.18159512510785158
2020-01-07 14:29:00,M25/4876A,1321,102.99776,0.1780899482312338
2020-01-07 14:44:00,M25/4876A,1355,102.99776,0.18267364106988784
2020-01-07 14:59:00,M25/4876A,1324,102.99776,0.17849439171699738
2020-01-07 15:14:00,M25/4876A,1286,102.99776,0.17337144089732529
2020-01-07 15:29:00,M25/4876A,1377,101.38842,0.18858621964747935
2020-01-07 15:44:00,M25/4876A,1390,101.38842,0.19036662694988837
2020-01-07 15:59:00,M25/4876A,1442,101.38842,0.1974882561595245
2020-01-07 16:14:00,M25/4876A,1541,96.5604,0.22159907966637904
2020-01-07 16:29:00,M25/4876A,1502,99.77908,0.20902335161011998
2020-01-07 16:44:00,M25/4876A,1551,98.16974,0.21938075503189575
2020-01-07 16:59:00,M25/4876A,1396,99.77908,0.19427203651646302
2020-01-07 17:14:00,M25/4876A,1414,99.77908,0.19677697681538592
2020-01-07 17:29:00,M25/4876A,1335,98.16974,0.18882869630404955
2020-01-07 17:44:00,M25/4876A,1280,101.38842,0.17530164208335045
2020-01-07 17:59:00,M25/4876A,1353,101.38842,0.18529931385841653
2020-01-07 18:14:00,M25/4876A,1248,101.38842,0.17091910103126667
2020-01-07 18:29:00,M25/4876A,1206,101.38842,0.16516701590040675
2020-01-07 18:44:00,M25/4876A,1081,101.38842,0.14804771491570456
2020-01-07 18:59:00,M25/4876A,920,102.99776,0.12402933563416738
2020-01-07 19:14:00,M25/4876A,825,101.38842,0.11298738649903448
2020-01-07 19:29:00,M25/4876A,783,102.99776,0.1055597497842968
2020-01-07 19:44:00,M25/4876A,706,104.6071,0.09371474082431804
2020-01-07 19:59:00,M25/4876A,657,106.21644,0.08588908934034041
2020-01-07 20:14:00,M25/4876A,632,104.6071,0.08389194929315723
2020-01-07 20:29:00,M25/4876A,682,104.6071,0.09052897059799561
2020-01-07 20:44:00,M25/4876A,623,104.6071,0.08269728545828631
2020-01-07 20:59:00,M25/4876A,554,104.6071,0.07353819605760933
2020-01-07 21:14:00,M25/4876A,518,106.21644,0.0677177294951238
2020-01-07 21:29:00,M25/4876A,498,104.6071,0.06610473219619034
2020-01-07 21:44:00,M25/4876A,441,106.21644,0.057651580516118905
2020-01-07 21:59:00,M25/4876A,358,106.21644,0.046801056291996754
2020-01-07 22:14:00,M25/4876A,340,106.21644,0.04444793055664496
2020-01-07 22:29:00,M25/4876A,302,102.99776,0.04071397756686799
2020-01-07 22:44:00,M25/4876A,313,104.6071,0.04154775336828831
2020-01-07 22:59:00,M25/4876A,266,104.6071,0.035308953341740223
2020-01-07 23:14:00,M25/4876A,250,104.6071,0.03318510652419194
2020-01-07 23:29:00,M25/4876A,230,104.6071,0.030530298002256585
2020-01-07 23:44:00,M25/4876A,232,102.99776,0.0312769628990509
2020-01-07 23:59:00,M25/4876A,185,102.99776,0.02494068162208801
2020-01-08 00:14:00,M25/4876A,129,104.6071,0.017123514966483042
2020-01-08 00:29:00,M25/4876A,131,101.38842,0.017941027431967897
2020-01-08 00:44:00,M25/4876A,116,102.99776,0.01563848144952545
2020-01-08 00:59:00,M25/4876A,103,101.38842,0.014106304011394606
2020-01-08 01:14:00,M25/4876A,124,99.77908,0.01725625539257981
2020-01-08 01:29:00,M25/4876A,89,98.16974,0.012588579753603304
2020-01-08 01:44:00,M25/4876A,95,99.77908,0.013220518244315178
2020-01-08 01:59:00,M25/4876A,91,94.95106,0.013307790175633582
2020-01-08 02:14:00,M25/4876A,79,98.16974,0.01117413259027709
2020-01-08 02:29:00,M25/4876A,85,99.77908,0.01182888474491358
2020-01-08 02:44:00,M25/4876A,89,98.16974,0.012588579753603304
2020-01-08 02:59:00,M25/4876A,120,96.5604,0.01725625539257981
2020-01-08 03:14:00,M25/4876A,110,99.77908,0.015307968493417574
2020-01-08 03:29:00,M25/4876A,133,99.77908,0.01850872554204125
2020-01-08 03:44:00,M25/4876A,170,102.99776,0.02291846419327006
2020-01-08 03:59:00,M25/4876A,187,101.38842,0.02561047427311448
2020-01-08 04:14:00,M25/4876A,192,104.6071,0.02548616181057941
2020-01-08 04:29:00,M25/4876A,266,106.21644,0.03477396920019871
2020-01-08 04:44:00,M25/4876A,328,104.6071,0.043538859759739826
2020-01-08 04:59:00,M25/4876A,414,106.21644,0.05412189191309122
2020-01-08 05:14:00,M25/4876A,525,107.82578,0.06760846329182388
2020-01-08 05:29:00,M25/4876A,693,106.21644,0.09059534081104399
2020-01-08 05:44:00,M25/4876A,956,106.21644,0.12497712238868405
2020-01-08 05:59:00,M25/4876A,1060,106.21644,0.13857295997071664
2020-01-08 06:14:00,M25/4876A,1488,102.99776,0.2006039689387403
2020-01-08 06:29:00,M25/4876A,1899,98.16974,0.268603516315648
2020-01-08 06:44:00,M25/4876A,2095,94.95106,0.3063716529445314
2020-01-08 06:59:00,M25/4876A,2118,91.73238,0.32060306071477224
2020-01-08 07:14:00,M25/4876A,2154,91.73238,0.3260524045229553
2020-01-08 07:29:00,M25/4876A,2191,90.12304,0.3375754961173425
2020-01-08 07:44:00,M25/4876A,2239,91.73238,0.338918910736721
2020-01-08 07:59:00,M25/4876A,2125,94.95106,0.31075883651891606
2020-01-08 08:14:00,M25/4876A,1986,94.95106,0.29043155262426695
2020-01-08 08:29:00,M25/4876A,1937,99.77908,0.2695594088340894
2020-01-08 08:44:00,M25/4876A,1986,99.77908,0.2763784129811573
2020-01-08 08:59:00,M25/4876A,1911,99.77908,0.2659411617356453
2020-01-08 09:14:00,M25/4876A,1744,101.38842,0.238848487338565
2020-01-08 09:29:00,M25/4876A,1695,101.38842,0.2321377213525617
2020-01-08 09:44:00,M25/4876A,1702,102.99776,0.22945427092320966
2020-01-08 09:59:00,M25/4876A,1537,101.38842,0.21049892490789815
2020-01-08 10:14:00,M25/4876A,1544,101.38842,0.21145760576304148
2020-01-08 10:29:00,M25/4876A,1487,102.99776,0.20046915444348576
2020-01-08 10:44:00,M25/4876A,1437,101.38842,0.1968034841201364
2020-01-08 10:59:00,M25/4876A,1318,102.99776,0.1776855047454702
2020-01-08 11:14:00,M25/4876A,1328,102.99776,0.17903364969801552
2020-01-08 11:29:00,M25/4876A,1346,102.99776,0.18146031061259707
2020-01-08 11:44:00,M25/4876A,1359,102.99776,0.18321289905090593
2020-01-08 11:59:00,M25/4876A,1344,102.99776,0.181190681622088
2020-01-08 12:14:00,M25/4876A,1256,102.99776,0.1693270060396894
2020-01-08 12:29:00,M25/4876A,1280,102.99776,0.1725625539257981
2020-01-08 12:44:00,M25/4876A,1384,102.99776,0.1865832614322692
2020-01-08 12:59:00,M25/4876A,1379,102.99776,0.18590918895599653
2020-01-08 13:14:00,M25/4876A,1294,102.99776,0.17444995685936152
2020-01-08 13:29:00,M25/4876A,1306,104.6071,0.17335899648237868
2020-01-08 13:44:00,M25/4876A,1377,102.99776,0.18563955996548748
2020-01-08 13:59:00,M25/4876A,1390,102.99776,0.18739214840379637
2020-01-08 14:14:00,M25/4876A,1376,102.99776,0.18550474547023293
2020-01-08 14:29:00,M25/4876A,1374,104.6071,0.1823853454569589
2020-01-08 14:44:00,M25/4876A,1358,102.99776,0.18307808455565142
2020-01-08 14:59:00,M25/4876A,1385,102.99776,0.1867180759275237
2020-01-08 15:14:00,M25/4876A,1349,102.99776,0.18186475409836064
2020-01-08 15:29:00,M25/4876A,1430,102.99776,0.19278472821397757
2020-01-08 15:44:00,M25/4876A,1395,102.99776,0.18806622088006902
2020-01-08 15:59:00,M25/4876A,1553,101.38842,0.21269019543394005
2020-01-08 16:14:00,M25/4876A,1545,101.38842,0.2115945601709191
2020-01-08 16:29:00,M25/4876A,1548,99.77908,0.21542486570736732
2020-01-08 16:44:00,M25/4876A,1527,99.77908,0.21250243535862395
2020-01-08 16:59:00,M25/4876A,1362,98.16974,0.19264770364503034
2020-01-08 17:14:00,M25/4876A,1401,98.16974,0.19816404758200254
2020-01-08 17:29:00,M25/4876A,1403,96.5604,0.20175438596491227
2020-01-08 17:44:00,M25/4876A,1332,99.77908,0.1853655821202928
2020-01-08 17:59:00,M25/4876A,1385,99.77908,0.19274123966712126
2020-01-08 18:14:00,M25/4876A,1355,101.38842,0.18557322267417176
2020-01-08 18:29:00,M25/4876A,1217,101.38842,0.16667351438706055
2020-01-08 18:44:00,M25/4876A,1128,102.99776,0.15207075064710956
2020-01-08 18:59:00,M25/4876A,1056,102.99776,0.14236410698878343
2020-01-08 19:14:00,M25/4876A,1009,102.99776,0.1360278257118205
2020-01-08 19:29:00,M25/4876A,925,102.99776,0.12470340811044002
2020-01-08 19:44:00,M25/4876A,872,102.99776,0.11755823986194996
2020-01-08 19:59:00,M25/4876A,790,104.6071,0.10486493661644654
2020-01-08 20:14:00,M25/4876A,735,102.99776,0.09908865401207938
2020-01-08 20:29:00,M25/4876A,650,104.6071,0.08628127696289904
2020-01-08 20:44:00,M25/4876A,627,104.6071,0.0832282471626734
2020-01-08 20:59:00,M25/4876A,564,104.6071,0.07486560031857702
2020-01-08 21:14:00,M25/4876A,553,102.99776,0.07455241587575497
2020-01-08 21:29:00,M25/4876A,546,104.6071,0.07247627264883519
2020-01-08 21:44:00,M25/4876A,487,106.21644,0.06366512406201792
2020-01-08 21:59:00,M25/4876A,404,101.38842,0.05532958078255749
2020-01-08 22:14:00,M25/4876A,407,93.34172,0.06054565469637917
2020-01-08 22:29:00,M25/4876A,369,70.81096,0.07235861636206761
2020-01-08 22:44:00,M25/4876A,329,74.02964,0.061709869827812576
2020-01-08 22:59:00,M25/4876A,275,75.63898,0.050483725882547306
2020-01-08 23:14:00,M25/4876A,238,74.02964,0.044641182428630376
2020-01-08 23:29:00,M25/4876A,221,75.63898,0.0405705578910653
2020-01-08 23:44:00,M25/4876A,214,74.02964,0.04013955058708782
2020-01-08 23:59:00,M25/4876A,178,74.02964,0.03338710282477398
2020-01-09 00:14:00,M25/4876A,156,74.02964,0.029260606970026633
2020-01-09 00:29:00,M25/4876A,152,74.02964,0.028510334996436206
2020-01-09 00:44:00,M25/4876A,136,74.02964,0.0255092471020745
2020-01-09 00:59:00,M25/4876A,107,75.63898,0.019642758797936588
2020-01-09 01:14:00,M25/4876A,109,77.24832,0.019593039976991657
2020-01-09 01:29:00,M25/4876A,94,77.24832,0.016896750071901064
2020-01-09 01:44:00,M25/4876A,94,70.81096,0.018432818260255706
2020-01-09 01:59:00,M25/4876A,76,74.02964,0.014255167498218103
2020-01-09 02:14:00,M25/4876A,93,77.24832,0.01671699741156169
2020-01-09 02:29:00,M25/4876A,84,72.4203,0.01610583836640782
2020-01-09 02:44:00,M25/4876A,103,72.4203,0.019748825615952446
2020-01-09 02:59:00,M25/4876A,88,74.02964,0.016505983418989383
2020-01-09 03:14:00,M25/4876A,105,74.02964,0.019694639306748696
2020-01-09 03:29:00,M25/4876A,138,72.4203,0.02645959160195571
2020-01-09 03:44:00,M25/4876A,154,101.38842,0.0210909788131531
2020-01-09 03:59:00,M25/4876A,162,102.99776,0.02183994823123382
2020-01-09 04:14:00,M25/4876A,208,104.6071,0.027610008628127694
2020-01-09 04:29:00,M25/4876A,252,104.6071,0.033450587376385475
2020-01-09 04:44:00,M25/4876A,350,102.99776,0.047185073339085414
2020-01-09 04:59:00,M25/4876A,474,104.6071,0.06291896196986792
2020-01-09 05:14:00,M25/4876A,511,104.6071,0.06783035773544834
2020-01-09 05:29:00,M25/4876A,721,104.6071,0.09570584721576955
2020-01-09 05:44:00,M25/4876A,852,104.6071,0.11309484303444614
2020-01-09 05:59:00,M25/4876A,1047,104.6071,0.13897922612331587
2020-01-09 06:14:00,M25/4876A,1436,102.99776,0.19359361518550475
2020-01-09 06:29:00,M25/4876A,1818,98.16974,0.2571464942927057
2020-01-09 06:44:00,M25/4876A,2001,94.95106,0.2926251444114593
2020-01-09 06:59:00,M25/4876A,2064,93.34172,0.30704233733004077
2020-01-09 07:14:00,M25/4876A,2143,90.12304,0.33017995809195116
2020-01-09 07:29:00,M25/4876A,2140,83.68568,0.35508063980885374
2020-01-09 07:44:00,M25/4876A,2158,74.02964,0.40477172975203507
2020-01-09 07:59:00,M25/4876A,2084,90.12304,0.3210896092690743
2020-01-09 08:14:00,M25/4876A,1918,98.16974,0.2712909659259678
2020-01-09 08:29:00,M25/4876A,1946,77.24832,0.34979867702041983
2020-01-09 08:44:00,M25/4876A,1819,99.77908,0.2531381335411506
2020-01-09 08:59:00,M25/4876A,1946,98.16974,0.27525141798328123
2020-01-09 09:14:00,M25/4876A,1872,98.16974,0.2647845089746672
2020-01-09 09:29:00,M25/4876A,1946,96.5604,0.2798389416163359
2020-01-09 09:44:00,M25/4876A,1797,99.77908,0.2500765398424671
2020-01-09 09:59:00,M25/4876A,1692,99.77908,0.2354643880987503
2020-01-09 10:14:00,M25/4876A,1624,99.77908,0.22600128030281944
2020-01-09 10:29:00,M25/4876A,1635,98.16974,0.23126211120383594
2020-01-09 10:44:00,M25/4876A,1465,101.38842,0.2006382075407097
2020-01-09 10:59:00,M25/4876A,1354,102.99776,0.1825388265746333
2020-01-09 11:14:00,M25/4876A,1288,102.99776,0.17364106988783434
2020-01-09 11:29:00,M25/4876A,1406,101.38842,0.19255789747593027
2020-01-09 11:44:00,M25/4876A,1323,102.99776,0.17835957722174287
2020-01-09 11:59:00,M25/4876A,1406,101.38842,0.19255789747593027
2020-01-09 12:14:00,M25/4876A,1367,102.99776,0.1842914150129422
2020-01-09 12:29:00,M25/4876A,1344,102.99776,0.181190681622088
2020-01-09 12:44:00,M25/4876A,1332,102.99776,0.17957290767903364
2020-01-09 12:59:00,M25/4876A,1366,102.99776,0.18415660051768765
2020-01-09 13:14:00,M25/4876A,1387,102.99776,0.1869877049180328
2020-01-09 13:29:00,M25/4876A,1447,102.99776,0.19507657463330458
2020-01-09 13:44:00,M25/4876A,1462,101.38842,0.20022734431707684
2020-01-09 13:59:00,M25/4876A,1477,101.38842,0.2022816604352411
2020-01-09 14:14:00,M25/4876A,1437,102.99776,0.19372842968075926
2020-01-09 14:29:00,M25/4876A,1461,101.38842,0.20009038990919922
2020-01-09 14:44:00,M25/4876A,1308,98.16974,0.18500968896306877
2020-01-09 14:59:00,M25/4876A,1366,86.90436,0.2182596746876298
2020-01-09 15:14:00,M25/4876A,1421,83.68568,0.2357801818543837
2020-01-09 15:29:00,M25/4876A,1516,88.5137,0.23782257431955448
2020-01-09 15:44:00,M25/4876A,1432,93.34172,0.21302549760495076
2020-01-09 15:59:00,M25/4876A,1505,94.95106,0.22009037598163234
2020-01-09 16:14:00,M25/4876A,1452,96.5604,0.2088006902502157
2020-01-09 16:29:00,M25/4876A,1361,96.5604,0.19571469657750934
2020-01-09 16:44:00,M25/4876A,1257,94.95106,0.18382299176671882
2020-01-09 16:59:00,M25/4876A,1232,94.95106,0.18016700545473158
2020-01-09 17:14:00,M25/4876A,1095,94.95106,0.16013220046504145
2020-01-09 17:29:00,M25/4876A,1169,98.16974,0.1653488733928344
2020-01-09 17:44:00,M25/4876A,1186,98.16974,0.16775343357048894
2020-01-09 17:59:00,M25/4876A,1071,101.38842,0.14667817083692838
2020-01-09 18:14:00,M25/4876A,1231,101.38842,0.1685908760973472
2020-01-09 18:29:00,M25/4876A,1161,101.38842,0.15900406754591395
2020-01-09 18:44:00,M25/4876A,1212,99.77908,0.16866598012747364
2020-01-09 18:59:00,M25/4876A,1172,102.99776,0.1580025884383089
2020-01-09 19:14:00,M25/4876A,1205,101.38842,0.16503006149252913
2020-01-09 19:29:00,M25/4876A,1052,102.99776,0.1418248490077653
2020-01-09 19:44:00,M25/4876A,1000,102.99776,0.13481449525452974
2020-01-09 19:59:00,M25/4876A,863,104.6071,0.11455498772151058
2020-01-09 20:14:00,M25/4876A,761,104.6071,0.10101546425964027
2020-01-09 20:29:00,M25/4876A,787,106.21644,0.10288388631788113
2020-01-09 20:44:00,M25/4876A,617,104.6071,0.08190084290170571
2020-01-09 20:59:00,M25/4876A,574,104.6071,0.0761930045795447
2020-01-09 21:14:00,M25/4876A,523,104.6071,0.06942324284860954
2020-01-09 21:29:00,M25/4876A,508,102.99776,0.06848576358930113
2020-01-09 21:44:00,M25/4876A,475,104.6071,0.06305170239596468
2020-01-09 21:59:00,M25/4876A,424,104.6071,0.056281940665029534
2020-01-09 22:14:00,M25/4876A,381,106.21644,0.04980782806494627
2020-01-09 22:29:00,M25/4876A,390,104.6071,0.05176876617773943
2020-01-09 22:44:00,M25/4876A,347,106.21644,0.045363035009281766
2020-01-09 22:59:00,M25/4876A,324,104.6071,0.04300789805535275
2020-01-09 23:14:00,M25/4876A,275,107.82578,0.03541395696238394
2020-01-09 23:29:00,M25/4876A,263,106.21644,0.034381781577640075
2020-01-09 23:44:00,M25/4876A,244,102.99776,0.03289473684210526
2020-01-09 23:59:00,M25/4876A,214,106.21644,0.027976050409182416
2020-01-10 00:14:00,M25/4876A,180,104.6071,0.023893276697418198
2020-01-10 00:29:00,M25/4876A,169,102.99776,0.02278364969801553
2020-01-10 00:44:00,M25/4876A,164,101.38842,0.022460522891929277
2020-01-10 00:59:00,M25/4876A,150,102.99776,0.020222174288179462
2020-01-10 01:14:00,M25/4876A,119,102.99776,0.01604292493528904
2020-01-10 01:29:00,M25/4876A,114,98.16974,0.016124697661918836
2020-01-10 01:44:00,M25/4876A,90,98.16974,0.012730024469935925
2020-01-10 01:59:00,M25/4876A,112,98.16974,0.015841808229253594
2020-01-10 02:14:00,M25/4876A,109,98.16974,0.015417474080255731
2020-01-10 02:29:00,M25/4876A,118,99.77908,0.016421275292938853
2020-01-10 02:44:00,M25/4876A,129,98.16974,0.01824636840690816
2020-01-10 02:59:00,M25/4876A,119,98.16974,0.016831921243581946
2020-01-10 03:14:00,M25/4876A,126,99.77908,0.01753458209246013
2020-01-10 03:29:00,M25/4876A,153,101.38842,0.020954024405275485
2020-01-10 03:44:00,M25/4876A,178,101.38842,0.024377884602215922
2020-01-10 03:59:00,M25/4876A,194,99.77908,0.02699768988839099
2020-01-10 04:14:00,M25/4876A,233,102.99776,0.03141177739430544
2020-01-10 04:29:00,M25/4876A,289,104.6071,0.038361983141965886
2020-01-10 04:44:00,M25/4876A,396,102.99776,0.05338654012079379
2020-01-10 04:59:00,M25/4876A,431,104.6071,0.057211123647706905
2020-01-10 05:14:00,M25/4876A,547,104.6071,0.07260901307493196
2020-01-10 05:29:00,M25/4876A,704,104.6071,0.09344925997212451
2020-01-10 05:44:00,M25/4876A,887,106.21644,0.11595680706983552
2020-01-10 05:59:00,M25/4876A,1097,104.6071,0.1456162474281542
2020-01-10 06:14:00,M25/4876A,1274,104.6071,0.16911130284728212
2020-01-10 06:29:00,M25/4876A,1723,98.16974,0.24370924624110665
2020-01-10 06:44:00,M25/4876A,1828,98.16974,0.2585609414560319
2020-01-10 06:59:00,M25/4876A,1929,94.95106,0.28209590383293603
2020-01-10 07:14:00,M25/4876A,2004,94.95106,0.2930638627688978
2020-01-10 07:29:00,M25/4876A,2057,93.34172,0.306001011573592
2020-01-10 07:44:00,M25/4876A,1855,96.5604,0.2667529479436295
2020-01-10 07:59:00,M25/4876A,1939,98.16974,0.27426130496895285
2020-01-10 08:14:00,M25/4876A,1826,99.77908,0.25411227699073174
2020-01-10 08:29:00,M25/4876A,1744,101.38842,0.238848487338565
2020-01-10 08:44:00,M25/4876A,1770,99.77908,0.2463191293940828
2020-01-10 08:59:00,M25/4876A,1659,101.38842,0.2272073626689675
2020-01-10 09:14:00,M25/4876A,1635,99.77908,0.2275320771521612
2020-01-10 09:29:00,M25/4876A,1597,99.77908,0.22224386985443514
2020-01-10 09:44:00,M25/4876A,1625,102.99776,0.21907355478861085
2020-01-10 09:59:00,M25/4876A,1439,102.99776,0.19399805867126832
2020-01-10 10:14:00,M25/4876A,1445,102.99776,0.19480694564279552
2020-01-10 10:29:00,M25/4876A,1583,99.77908,0.2202955829552729
2020-01-10 10:44:00,M25/4876A,1491,101.38842,0.20419902214552776
2020-01-10 10:59:00,M25/4876A,1554,101.38842,0.21282714984181766
2020-01-10 11:14:00,M25/4876A,1463,101.38842,0.20036429872495445
2020-01-10 11:29:00,M25/4876A,1449,102.99776,0.1953462036238136
2020-01-10 11:44:00,M25/4876A,1447,102.99776,0.19507657463330458
2020-01-10 11:59:00,M25/4876A,1350,102.99776,0.18199956859361516
2020-01-10 12:14:00,M25/4876A,1567,101.38842,0.2146075571442267
2020-01-10 12:29:00,M25/4876A,1433,102.99776,0.19318917169974115
2020-01-10 12:44:00,M25/4876A,1563,102.99776,0.21071505608283003
2020-01-10 12:59:00,M25/4876A,1536,102.99776,0.2070750647109577
2020-01-10 13:14:00,M25/4876A,1535,102.99776,0.20694025021570317
2020-01-10 13:29:00,M25/4876A,1544,102.99776,0.20815358067299394
2020-01-10 13:44:00,M25/4876A,1533,102.99776,0.2066706212251941
2020-01-10 13:59:00,M25/4876A,1378,104.6071,0.182916307161346
2020-01-10 14:14:00,M25/4876A,1497,102.99776,0.20181729939603105
2020-01-10 14:29:00,M25/4876A,1448,102.99776,0.1952113891285591
2020-01-10 14:44:00,M25/4876A,1542,102.99776,0.20788395168248489
2020-01-10 14:59:00,M25/4876A,1452,104.6071,0.1927390986925068
2020-01-10 15:14:00,M25/4876A,1465,104.6071,0.19446472423176478
2020-01-10 15:29:00,M25/4876A,1486,102.99776,0.20033433994823122
2020-01-10 15:44:00,M25/4876A,1463,104.6071,0.19419924337957123
2020-01-10 15:59:00,M25/4876A,1571,93.34172,0.23370325191157656
2020-01-10 16:14:00,M25/4876A,1527,93.34172,0.2271577757281842
2020-01-10 16:29:00,M25/4876A,1595,98.16974,0.22560432255053112
2020-01-10 16:44:00,M25/4876A,1442,99.77908,0.2006735506137104
2020-01-10 16:59:00,M25/4876A,1477,98.16974,0.20891384602328178
2020-01-10 17:14:00,M25/4876A,1471,98.16974,0.20806517772528604
2020-01-10 17:29:00,M25/4876A,1573,99.77908,0.2189039494558713
2020-01-10 17:44:00,M25/4876A,1442,101.38842,0.1974882561595245
2020-01-10 17:59:00,M25/4876A,1401,99.77908,0.1949678532661638
2020-01-10 18:14:00,M25/4876A,1358,99.77908,0.18898382921873694
2020-01-10 18:29:00,M25/4876A,1256,102.99776,0.1693270060396894
2020-01-10 18:44:00,M25/4876A,1200,102.99776,0.1617773943054357
2020-01-10 18:59:00,M25/4876A,1194,101.38842,0.16352356300587534
2020-01-10 19:14:00,M25/4876A,1097,102.99776,0.14789150129421916
2020-01-10 19:29:00,M25/4876A,1068,104.6071,0.14176677507134797
2020-01-10 19:44:00,M25/4876A,1035,106.21644,0.13530472978272803
2020-01-10 19:59:00,M25/4876A,916,106.21644,0.11974795408790231
2020-01-10 20:14:00,M25/4876A,849,106.21644,0.11098909718409285
2020-01-10 20:29:00,M25/4876A,853,104.6071,0.1132275834605429
2020-01-10 20:44:00,M25/4876A,780,104.6071,0.10353753235547886
2020-01-10 20:59:00,M25/4876A,671,106.21644,0.08771929824561403
2020-01-10 21:14:00,M25/4876A,586,104.6071,0.0777858896927059
2020-01-10 21:29:00,M25/4876A,508,104.6071,0.06743213645715802
2020-01-10 21:44:00,M25/4876A,507,104.6071,0.06729939603106125
2020-01-10 21:59:00,M25/4876A,486,106.21644,0.06353439485449838
2020-01-10 22:14:00,M25/4876A,445,104.6071,0.05906948961306165
2020-01-10 22:29:00,M25/4876A,377,106.21644,0.04928491123486809
2020-01-10 22:44:00,M25/4876A,429,104.6071,0.056945642795513375
2020-01-10 22:59:00,M25/4876A,391,106.21644,0.051115120140141704
2020-01-10 23:14:00,M25/4876A,322,106.21644,0.04209480482129317
2020-01-10 23:29:00,M25/4876A,284,106.21644,0.0371270949355505
2020-01-10 23:44:00,M25/4876A,244,106.21644,0.03189792663476874
2020-01-10 23:59:00,M25/4876A,226,107.82578,0.029103833721813712
2020-01-11 00:14:00,M25/4876A,196,104.6071,0.02601712351496648
2020-01-11 00:29:00,M25/4876A,202,102.99776,0.02723252804141501
2020-01-11 00:44:00,M25/4876A,178,102.99776,0.023996980155306297
2020-01-11 00:59:00,M25/4876A,161,104.6071,0.021371208601579608
2020-01-11 01:14:00,M25/4876A,217,101.38842,0.029719106509443007
2020-01-11 01:29:00,M25/4876A,152,102.99776,0.020491803278688523
2020-01-11 01:44:00,M25/4876A,158,101.38842,0.02163879644466357
2020-01-11 01:59:00,M25/4876A,125,99.77908,0.017395418742519972
2020-01-11 02:14:00,M25/4876A,113,99.77908,0.015725458543238053
2020-01-11 02:29:00,M25/4876A,88,98.16974,0.012447135037270681
2020-01-11 02:44:00,M25/4876A,126,99.77908,0.01753458209246013
2020-01-11 02:59:00,M25/4876A,113,99.77908,0.015725458543238053
2020-01-11 03:14:00,M25/4876A,120,102.99776,0.01617773943054357
2020-01-11 03:29:00,M25/4876A,166,101.38842,0.02273443170768451
2020-01-11 03:44:00,M25/4876A,154,102.99776,0.020761432269197584
2020-01-11 03:59:00,M25/4876A,187,102.99776,0.025210310612597066
2020-01-11 04:14:00,M25/4876A,208,106.21644,0.027191675164065152
2020-01-11 04:29:00,M25/4876A,213,104.6071,0.028273710758611535
2020-01-11 04:44:00,M25/4876A,268,106.21644,0.03503542761523779
2020-01-11 04:59:00,M25/4876A,309,106.21644,0.04039532512353909
2020-01-11 05:14:00,M25/4876A,361,106.21644,0.047193243914555386
2020-01-11 05:29:00,M25/4876A,444,107.82578,0.05717744324108535
2020-01-11 05:44:00,M25/4876A,541,109.43512,0.06864436887783587
2020-01-11 05:59:00,M25/4876A,514,107.82578,0.06619190501332853
2020-01-11 06:14:00,M25/4876A,605,106.21644,0.07909117054932412
2020-01-11 06:29:00,M25/4876A,735,107.82578,0.09465184860855343
2020-01-11 06:44:00,M25/4876A,800,107.82578,0.10302242025420781
2020-01-11 06:59:00,M25/4876A,848,106.21644,0.11085836797657331
2020-01-11 07:14:00,M25/4876A,787,106.21644,0.10288388631788113
2020-01-11 07:29:00,M25/4876A,838,107.82578,0.10791598521628269
2020-01-11 07:44:00,M25/4876A,887,107.82578,0.11422610845685292
2020-01-11 07:59:00,M25/4876A,1043,107.82578,0.13431548040642344
2020-01-11 08:14:00,M25/4876A,1153,106.21644,0.15073077627003423
2020-01-11 08:29:00,M25/4876A,1145,107.82578,0.14745083898883496
2020-01-11 08:44:00,M25/4876A,1263,107.82578,0.16264664597633058
2020-01-11 08:59:00,M25/4876A,1293,107.82578,0.1665099867358634
2020-01-11 09:14:00,M25/4876A,1271,109.43512,0.16126985738212454
2020-01-11 09:29:00,M25/4876A,1326,107.82578,0.17075966157134947
2020-01-11 09:44:00,M25/4876A,1400,107.82578,0.1802892354448637
2020-01-11 09:59:00,M25/4876A,1392,104.6071,0.18477467312670073
2020-01-11 10:14:00,M25/4876A,1473,106.21644,0.1925641226762883
2020-01-11 10:29:00,M25/4876A,1461,104.6071,0.1939337625273777
2020-01-11 10:44:00,M25/4876A,1629,101.38842,0.22309873043263895
2020-01-11 10:59:00,M25/4876A,1539,106.21644,0.20119225037257824
2020-01-11 11:14:00,M25/4876A,1499,106.21644,0.19596308207179647
2020-01-11 11:29:00,M25/4876A,1541,102.99776,0.20774913718723034
2020-01-11 11:44:00,M25/4876A,1656,102.99776,0.22325280414150128
2020-01-11 11:59:00,M25/4876A,1486,106.21644,0.1942636023740424
2020-01-11 12:14:00,M25/4876A,1580,106.21644,0.20655214788087953
2020-01-11 12:29:00,M25/4876A,1620,104.6071,0.21503949027676378
2020-01-11 12:44:00,M25/4876A,1601,106.21644,0.20929746123878995
2020-01-11 12:59:00,M25/4876A,1565,106.21644,0.20459120976808637
2020-01-11 13:14:00,M25/4876A,1528,106.21644,0.19975422908986323
2020-01-11 13:29:00,M25/4876A,1574,104.6071,0.20893343067631245
2020-01-11 13:44:00,M25/4876A,1444,107.82578,0.18595546855884512
2020-01-11 13:59:00,M25/4876A,1451,104.6071,0.19260635826641
2020-01-11 14:14:00,M25/4876A,1378,107.82578,0.17745611888787297
2020-01-11 14:29:00,M25/4876A,1478,104.6071,0.19619034977102273
2020-01-11 14:44:00,M25/4876A,1333,107.82578,0.1716611077485738
2020-01-11 14:59:00,M25/4876A,1365,107.82578,0.1757820045587421
2020-01-11 15:14:00,M25/4876A,1183,107.82578,0.1523444039509098
2020-01-11 15:29:00,M25/4876A,974,107.82578,0.12542979665949802
2020-01-11 15:44:00,M25/4876A,1300,106.21644,0.16994796977540721
2020-01-11 15:59:00,M25/4876A,1490,102.99776,0.20087359792924933
2020-01-11 16:14:00,M25/4876A,1456,101.38842,0.19940561786981112
2020-01-11 16:29:00,M25/4876A,1554,101.38842,0.21282714984181766
2020-01-11 16:44:00,M25/4876A,1425,102.99776,0.19211065573770492
2020-01-11 16:59:00,M25/4876A,1429,101.38842,0.19570784885711548
2020-01-11 17:14:00,M25/4876A,1406,101.38842,0.19255789747593027
2020-01-11 17:29:00,M25/4876A,1190,102.99776,0.16042924935289044
2020-01-11 17:44:00,M25/4876A,1499,101.38842,0.2052946574085487
2020-01-11 17:59:00,M25/4876A,1298,104.6071,0.17229707307360456
2020-01-11 18:14:00,M25/4876A,1262,102.99776,0.17013589301121657
2020-01-11 18:29:00,M25/4876A,1205,104.6071,0.15995221344660515
2020-01-11 18:44:00,M25/4876A,1089,106.21644,0.14236410698878343
2020-01-11 18:59:00,M25/4876A,947,106.21644,0.12380055952100816
2020-01-11 19:14:00,M25/4876A,906,106.21644,0.11844066201270687
2020-01-11 19:29:00,M25/4876A,820,106.21644,0.10719795016602608
2020-01-11 19:44:00,M25/4876A,746,106.21644,0.09752398880957983
2020-01-11 19:59:00,M25/4876A,736,107.82578,0.0947806266338712
2020-01-11 20:14:00,M25/4876A,646,107.82578,0.08319060435527281
2020-01-11 20:29:00,M25/4876A,568,107.82578,0.07314591838048756
2020-01-11 20:44:00,M25/4876A,566,107.82578,0.07288836232985203
2020-01-11 20:59:00,M25/4876A,514,107.82578,0.06619190501332853
2020-01-11 21:14:00,M25/4876A,538,109.43512,0.06826371618535249
2020-01-11 21:29:00,M25/4876A,522,109.43512,0.0662335684921078
2020-01-11 21:44:00,M25/4876A,455,109.43512,0.05773232502664569
2020-01-11 21:59:00,M25/4876A,416,109.43512,0.05278384002436177
2020-01-11 22:14:00,M25/4876A,400,109.43512,0.05075369233111709
2020-01-11 22:29:00,M25/4876A,447,109.43512,0.05671725118002335
2020-01-11 22:44:00,M25/4876A,395,109.43512,0.05011927117697812
2020-01-11 22:59:00,M25/4876A,365,107.82578,0.04700397924098232
2020-01-11 23:14:00,M25/4876A,380,109.43512,0.048216007714561235
2020-01-11 23:29:00,M25/4876A,330,109.43512,0.0418717961731716
2020-01-11 23:44:00,M25/4876A,356,107.82578,0.045844977013122484
2020-01-11 23:59:00,M25/4876A,320,106.21644,0.041833346406254086
2020-01-12 00:14:00,M25/4876A,228,109.43512,0.02892960462873674
2020-01-12 00:29:00,M25/4876A,241,106.21644,0.031505739012210106
2020-01-12 00:44:00,M25/4876A,235,107.82578,0.030262835949673546
2020-01-12 00:59:00,M25/4876A,192,107.82578,0.024725380861009876
2020-01-12 01:14:00,M25/4876A,167,106.21644,0.02183177765576385
2020-01-12 01:29:00,M25/4876A,135,102.99776,0.01819995685936152
2020-01-12 01:44:00,M25/4876A,122,104.6071,0.016194331983805668
2020-01-12 01:59:00,M25/4876A,115,106.21644,0.015033858864747559
2020-01-12 02:14:00,M25/4876A,145,102.99776,0.019548101811906814
2020-01-12 02:29:00,M25/4876A,127,102.99776,0.01712144089732528
2020-01-12 02:44:00,M25/4876A,104,102.99776,0.014020707506471095
2020-01-12 02:59:00,M25/4876A,82,104.6071,0.010884714939934956
2020-01-12 03:14:00,M25/4876A,90,106.21644,0.01176562867675896
2020-01-12 03:29:00,M25/4876A,110,104.6071,0.014601446870644453
2020-01-12 03:44:00,M25/4876A,111,106.21644,0.014510942034669384
2020-01-12 03:59:00,M25/4876A,136,102.99776,0.018334771354616048
2020-01-12 04:14:00,M25/4876A,164,107.82578,0.0211195961521126
2020-01-12 04:29:00,M25/4876A,168,106.21644,0.021962506863283392
2020-01-12 04:44:00,M25/4876A,191,104.6071,0.02535342138448264
2020-01-12 04:59:00,M25/4876A,240,104.6071,0.03185770226322426
2020-01-12 05:14:00,M25/4876A,282,106.21644,0.03686563652051141
2020-01-12 05:29:00,M25/4876A,337,106.21644,0.04405574293408633
2020-01-12 05:44:00,M25/4876A,377,106.21644,0.04928491123486809
2020-01-12 05:59:00,M25/4876A,351,109.43512,0.044536365020555246
2020-01-12 06:14:00,M25/4876A,423,106.21644,0.05529845478076711
2020-01-12 06:29:00,M25/4876A,488,107.82578,0.06284367635506677
2020-01-12 06:44:00,M25/4876A,495,106.21644,0.06471095772217428
2020-01-12 06:59:00,M25/4876A,559,107.82578,0.07198691615262771
2020-01-12 07:14:00,M25/4876A,563,107.82578,0.07250202825389876
2020-01-12 07:29:00,M25/4876A,564,107.82578,0.07263080627921652
2020-01-12 07:44:00,M25/4876A,663,109.43512,0.08412424503882658
2020-01-12 07:59:00,M25/4876A,659,109.43512,0.0836167081155154
2020-01-12 08:14:00,M25/4876A,638,111.04446,0.07977891985844869
2020-01-12 08:29:00,M25/4876A,782,109.43512,0.0992234685073339
2020-01-12 08:44:00,M25/4876A,806,111.04446,0.10078653511898063
2020-01-12 08:59:00,M25/4876A,881,111.04446,0.11016493478886095
2020-01-12 09:14:00,M25/4876A,959,109.43512,0.12168197736385321
2020-01-12 09:29:00,M25/4876A,1038,111.04446,0.12979705143114378
2020-01-12 09:44:00,M25/4876A,1113,109.43512,0.14122214891133328
2020-01-12 09:59:00,M25/4876A,1157,109.43512,0.14680505506775618
2020-01-12 10:14:00,M25/4876A,1251,106.21644,0.16354223860694952
2020-01-12 10:29:00,M25/4876A,1316,109.43512,0.1669796477693752
2020-01-12 10:44:00,M25/4876A,1311,107.82578,0.16882799119158307
2020-01-12 10:59:00,M25/4876A,1439,107.82578,0.18531157843225632
2020-01-12 11:14:00,M25/4876A,1462,106.21644,0.19112610139357333
2020-01-12 11:29:00,M25/4876A,1441,106.21644,0.1883807880356629
2020-01-12 11:44:00,M25/4876A,1599,106.21644,0.20903600282375087
2020-01-12 11:59:00,M25/4876A,1537,104.6071,0.20402203491073206
2020-01-12 12:14:00,M25/4876A,1593,106.21644,0.2082516275786336
2020-01-12 12:29:00,M25/4876A,1504,106.21644,0.19661672810939418
2020-01-12 12:44:00,M25/4876A,1569,106.21644,0.20511412659816455
2020-01-12 12:59:00,M25/4876A,1572,107.82578,0.20243905579951837
2020-01-12 13:14:00,M25/4876A,1514,106.21644,0.19792402018458963
2020-01-12 13:29:00,M25/4876A,1485,107.82578,0.19123536759687326
2020-01-12 13:44:00,M25/4876A,1559,106.21644,0.2038068345229691
2020-01-12 13:59:00,M25/4876A,1475,107.82578,0.18994758734369568
2020-01-12 14:14:00,M25/4876A,1407,107.82578,0.181190681622088
2020-01-12 14:29:00,M25/4876A,1449,107.82578,0.18659935868543392
2020-01-12 14:44:00,M25/4876A,1377,106.21644,0.1800141187544121
2020-01-12 14:59:00,M25/4876A,1462,104.6071,0.19406650295347447
2020-01-12 15:14:00,M25/4876A,1339,106.21644,0.17504640886866943
2020-01-12 15:29:00,M25/4876A,1472,106.21644,0.19243339346876875
2020-01-12 15:44:00,M25/4876A,1514,106.21644,0.19792402018458963
2020-01-12 15:59:00,M25/4876A,1493,106.21644,0.1951787068266792
2020-01-12 16:14:00,M25/4876A,1522,104.6071,0.20203092851928053
2020-01-12 16:29:00,M25/4876A,1518,106.21644,0.1984469370146678
2020-01-12 16:44:00,M25/4876A,1576,102.99776,0.2124676445211389
2020-01-12 16:59:00,M25/4876A,1574,102.99776,0.21219801553062984
2020-01-12 17:14:00,M25/4876A,1619,99.77908,0.22530546355311865
2020-01-12 17:29:00,M25/4876A,1585,101.38842,0.2170727364860238
2020-01-12 17:44:00,M25/4876A,1581,98.16974,0.22362409652187437
2020-01-12 17:59:00,M25/4876A,1591,101.38842,0.21789446293328948
2020-01-12 18:14:00,M25/4876A,1431,101.38842,0.1959817576728707
2020-01-12 18:29:00,M25/4876A,1427,101.38842,0.19543394004136022
2020-01-12 18:44:00,M25/4876A,1317,102.99776,0.1775506902502157
2020-01-12 18:59:00,M25/4876A,1105,106.21644,0.14445577430909612
2020-01-12 19:14:00,M25/4876A,1085,106.21644,0.14184119015870525
2020-01-12 19:29:00,M25/4876A,1123,104.6071,0.1490674985066702
2020-01-12 19:44:00,M25/4876A,1011,106.21644,0.13216722880225898
2020-01-12 19:59:00,M25/4876A,924,106.21644,0.12079378774805866
2020-01-12 20:14:00,M25/4876A,921,107.82578,0.11860456131765676
2020-01-12 20:29:00,M25/4876A,867,106.21644,0.11334222291944465
2020-01-12 20:44:00,M25/4876A,911,106.21644,0.11909430805030458
2020-01-12 20:59:00,M25/4876A,767,107.82578,0.09877274541872175
2020-01-12 21:14:00,M25/4876A,656,107.82578,0.0844783846084504
2020-01-12 21:29:00,M25/4876A,709,107.82578,0.09130361995029168
2020-01-12 21:44:00,M25/4876A,582,107.82578,0.07494881073493619
2020-01-12 21:59:00,M25/4876A,540,107.82578,0.06954013367159027
2020-01-12 22:14:00,M25/4876A,468,107.82578,0.06026811584871158
2020-01-12 22:29:00,M25/4876A,450,106.21644,0.0588281433837948
2020-01-12 22:44:00,M25/4876A,429,107.82578,0.05524577286131894
2020-01-12 22:59:00,M25/4876A,334,109.43512,0.042379333096482764
2020-01-12 23:14:00,M25/4876A,319,106.21644,0.04170261719873454
2020-01-12 23:29:00,M25/4876A,284,107.82578,0.03657295919024378
2020-01-12 23:44:00,M25/4876A,251,104.6071,0.03331784695028871
2020-01-12 23:59:00,M25/4876A,230,106.21644,0.030067717729495118
2020-01-13 00:14:00,M25/4876A,205,106.21644,0.02679948754150652
2020-01-13 00:29:00,M25/4876A,159,102.99776,0.021435504745470232
2020-01-13 00:44:00,M25/4876A,155,104.6071,0.020574766044999006
2020-01-13 00:59:00,M25/4876A,162,104.6071,0.021503949027676376
2020-01-13 01:14:00,M25/4876A,109,101.38842,0.014928030458660313
2020-01-13 01:29:00,M25/4876A,97,102.99776,0.013077006039689388
2020-01-13 01:44:00,M25/4876A,93,101.38842,0.012736759932618432
2020-01-13 01:59:00,M25/4876A,94,99.77908,0.013081354894375018
2020-01-13 02:14:00,M25/4876A,89,98.16974,0.012588579753603304
2020-01-13 02:29:00,M25/4876A,83,98.16974,0.011739911455607575
2020-01-13 02:44:00,M25/4876A,68,101.38842,0.009312899735677992
2020-01-13 02:59:00,M25/4876A,88,99.77908,0.012246374794734059
2020-01-13 03:14:00,M25/4876A,121,101.38842,0.01657148335319172
2020-01-13 03:29:00,M25/4876A,139,104.6071,0.018450919227450718
2020-01-13 03:44:00,M25/4876A,147,102.99776,0.019817730802415875
2020-01-13 03:59:00,M25/4876A,192,106.21644,0.02510000784375245
2020-01-13 04:14:00,M25/4876A,273,104.6071,0.036238136324417594
2020-01-13 04:29:00,M25/4876A,302,106.21644,0.03948022067090229
2020-01-13 04:44:00,M25/4876A,389,106.21644,0.05085366172510262
2020-01-13 04:59:00,M25/4876A,494,106.21644,0.06458022851465474
2020-01-13 05:14:00,M25/4876A,678,106.21644,0.08863440269825083
2020-01-13 05:29:00,M25/4876A,854,106.21644,0.11164274322169059
2020-01-13 05:44:00,M25/4876A,1095,106.21644,0.1431484822339007
2020-01-13 05:59:00,M25/4876A,1371,104.6071,0.1819871241786686
2020-01-13 06:14:00,M25/4876A,1709,99.77908,0.23783016504773302
2020-01-13 06:29:00,M25/4876A,1971,96.5604,0.28343399482312337
2020-01-13 06:44:00,M25/4876A,2232,90.12304,0.3438925181806976
2020-01-13 06:59:00,M25/4876A,2115,90.12304,0.32586589424380624
2020-01-13 07:14:00,M25/4876A,1837,57.93624,0.44027418272457103
2020-01-13 07:29:00,M25/4876A,1477,25.74944,0.7964840379637619
2020-01-13 07:44:00,M25/4876A,1413,25.74944,0.7619715271786023
2020-01-13 07:59:00,M25/4876A,1323,25.74944,0.7134383088869715
2020-01-13 08:14:00,M25/4876A,1921,82.07634,0.32499280989358637
2020-01-13 08:29:00,M25/4876A,2013,90.12304,0.3101503759398496
2020-01-13 08:44:00,M25/4876A,2055,90.12304,0.31662147171206706
2020-01-13 08:59:00,M25/4876A,2063,59.54558,0.4810764172282722
2020-01-13 09:14:00,M25/4876A,1825,40.2335,0.629853321829163
2020-01-13 09:29:00,M25/4876A,1930,45.06152,0.5947245162085542
2020-01-13 09:44:00,M25/4876A,1967,70.81096,0.3857165267864146
2020-01-13 09:59:00,M25/4876A,1756,94.95106,0.2567964785539843
2020-01-13 10:14:00,M25/4876A,1544,101.38842,0.21145760576304148
2020-01-13 10:29:00,M25/4876A,1435,99.77908,0.19969940716412926
2020-01-13 10:44:00,M25/4876A,1450,101.38842,0.19858389142254543
2020-01-13 10:59:00,M25/4876A,1388,101.38842,0.19009271813413314
2020-01-13 11:14:00,M25/4876A,1441,101.38842,0.19735130175164686
2020-01-13 11:29:00,M25/4876A,1430,102.99776,0.19278472821397757
2020-01-13 11:44:00,M25/4876A,1478,102.99776,0.19925582398619499
2020-01-13 11:59:00,M25/4876A,1419,101.38842,0.1943383047783393
2020-01-13 12:14:00,M25/4876A,1384,102.99776,0.1865832614322692
2020-01-13 12:29:00,M25/4876A,1378,102.99776,0.18577437446074202
2020-01-13 12:44:00,M25/4876A,1387,102.99776,0.1869877049180328
2020-01-13 12:59:00,M25/4876A,1354,102.99776,0.1825388265746333
2020-01-13 13:14:00,M25/4876A,1418,101.38842,0.19420135037046168
2020-01-13 13:29:00,M25/4876A,1434,101.38842,0.19639262089650356
2020-01-13 13:44:00,M25/4876A,1430,101.38842,0.19584480326499307
2020-01-13 13:59:00,M25/4876A,1370,102.99776,0.1846958584987058
2020-01-13 14:14:00,M25/4876A,1338,102.99776,0.18038179465056084
2020-01-13 14:29:00,M25/4876A,1426,101.38842,0.1952969856334826
2020-01-13 14:44:00,M25/4876A,1425,102.99776,0.19211065573770492
2020-01-13 14:59:00,M25/4876A,1361,101.38842,0.18639494912143748
2020-01-13 15:14:00,M25/4876A,1347,101.38842,0.1844775874111508
2020-01-13 15:29:00,M25/4876A,1486,101.38842,0.20351425010613966
2020-01-13 15:44:00,M25/4876A,1492,99.77908,0.20763171811071834
2020-01-13 15:59:00,M25/4876A,1419,101.38842,0.1943383047783393
2020-01-13 16:14:00,M25/4876A,1516,99.77908,0.2109716385092822
2020-01-13 16:29:00,M25/4876A,1523,99.77908,0.2119457819588633
2020-01-13 16:44:00,M25/4876A,1463,99.77908,0.2035959809624537
2020-01-13 16:59:00,M25/4876A,1439,98.16974,0.20353894680264217
2020-01-13 17:14:00,M25/4876A,1417,98.16974,0.20042716304332447
2020-01-13 17:29:00,M25/4876A,1359,99.77908,0.18912299256867712
2020-01-13 17:44:00,M25/4876A,1374,98.16974,0.19434504024102175
2020-01-13 17:59:00,M25/4876A,1267,99.77908,0.1763199643741824
2020-01-13 18:14:00,M25/4876A,1273,94.95106,0.18616282300639067
2020-01-13 18:29:00,M25/4876A,1262,91.73238,0.19102977460908524
2020-01-13 18:44:00,M25/4876A,1316,93.34172,0.19576924221237094
2020-01-13 18:59:00,M25/4876A,1070,96.5604,0.15386827725050328
2020-01-13 19:14:00,M25/4876A,1073,96.5604,0.1542996836353178
2020-01-13 19:29:00,M25/4876A,914,99.77908,0.12719530184530603
2020-01-13 19:44:00,M25/4876A,837,101.38842,0.11463083939356587
2020-01-13 19:59:00,M25/4876A,708,102.99776,0.09544866264020707
2020-01-13 20:14:00,M25/4876A,685,102.99776,0.0923479292493529
2020-01-13 20:29:00,M25/4876A,664,101.38842,0.09093772683073804
2020-01-13 20:44:00,M25/4876A,641,101.38842,0.08778777544955284
2020-01-13 20:59:00,M25/4876A,578,99.77908,0.08043641626541234
2020-01-13 21:14:00,M25/4876A,496,96.5604,0.0713258556226632
2020-01-13 21:29:00,M25/4876A,505,101.38842,0.06916197597819686
2020-01-13 21:44:00,M25/4876A,443,101.38842,0.060670802689784566
2020-01-13 21:59:00,M25/4876A,467,101.38842,0.0639577084788474
2020-01-13 22:14:00,M25/4876A,323,101.38842,0.044236273744470464
2020-01-13 22:29:00,M25/4876A,372,102.99776,0.050150992234685075
2020-01-13 22:44:00,M25/4876A,295,102.99776,0.03977027610008628
2020-01-13 22:59:00,M25/4876A,254,102.99776,0.03424288179465056
2020-01-13 23:14:00,M25/4876A,201,104.6071,0.02668082564545032
2020-01-13 23:29:00,M25/4876A,207,104.6071,0.02747726820203093
2020-01-13 23:44:00,M25/4876A,175,102.99776,0.023592536669542707
2020-01-13 23:59:00,M25/4876A,192,104.6071,0.02548616181057941
2020-01-14 00:14:00,M25/4876A,180,102.99776,0.024266609145815354
2020-01-14 00:29:00,M25/4876A,149,101.38842,0.020406206773765014
2020-01-14 00:44:00,M25/4876A,132,101.38842,0.018077981839845516
2020-01-14 00:59:00,M25/4876A,126,99.77908,0.01753458209246013
2020-01-14 01:14:00,M25/4876A,121,96.5604,0.017400057520851307
2020-01-14 01:29:00,M25/4876A,99,99.77908,0.013777171644075817
2020-01-14 01:44:00,M25/4876A,100,98.16974,0.01414447163326214
2020-01-14 01:59:00,M25/4876A,108,94.95106,0.01579386086778491
2020-01-14 02:14:00,M25/4876A,79,99.77908,0.01099390464527262
2020-01-14 02:29:00,M25/4876A,96,98.16974,0.013578692767931652
2020-01-14 02:44:00,M25/4876A,72,96.5604,0.010353753235547885
2020-01-14 02:59:00,M25/4876A,95,98.16974,0.013437248051599031
2020-01-14 03:14:00,M25/4876A,102,98.16974,0.014427361065927381
2020-01-14 03:29:00,M25/4876A,125,98.16974,0.017680589541577675
2020-01-14 03:44:00,M25/4876A,144,99.77908,0.020039522391383006
2020-01-14 03:59:00,M25/4876A,205,101.38842,0.028075653614911593
2020-01-14 04:14:00,M25/4876A,220,101.38842,0.030129969733075856
2020-01-14 04:29:00,M25/4876A,290,102.99776,0.03909620362381363
2020-01-14 04:44:00,M25/4876A,354,104.6071,0.046990110838255786
2020-01-14 04:59:00,M25/4876A,450,104.6071,0.05973319174354549
2020-01-14 05:14:00,M25/4876A,571,106.21644,0.07464637749365963
2020-01-14 05:29:00,M25/4876A,802,106.21644,0.10484482443067429
2020-01-14 05:44:00,M25/4876A,968,106.21644,0.12654587287891858
2020-01-14 05:59:00,M25/4876A,1260,104.6071,0.16725293688192736
2020-01-14 06:14:00,M25/4876A,1553,101.38842,0.21269019543394005
2020-01-14 06:29:00,M25/4876A,1952,96.5604,0.2807017543859649
2020-01-14 06:44:00,M25/4876A,2163,91.73238,0.32741474047500113
2020-01-14 06:59:00,M25/4876A,2209,91.73238,0.3343777908965684
2020-01-14 07:14:00,M25/4876A,2275,88.5137,0.3568907365283552
2020-01-14 07:29:00,M25/4876A,2225,88.5137,0.34904698407718254
2020-01-14 07:44:00,M25/4876A,2096,69.20162,0.4205710616610148
2020-01-14 07:59:00,M25/4876A,2178,77.24832,0.39150129421915436
2020-01-14 08:14:00,M25/4876A,1952,61.15492,0.44321329639889195
2020-01-14 08:29:00,M25/4876A,2005,53.10822,0.5242241221533714
2020-01-14 08:44:00,M25/4876A,2015,59.54558,0.4698831704871394
2020-01-14 08:59:00,M25/4876A,1908,64.3736,0.4115616911130285
2020-01-14 09:14:00,M25/4876A,1752,98.16974,0.24781114301475266
2020-01-14 09:29:00,M25/4876A,1698,101.38842,0.23254858457619457
2020-01-14 09:44:00,M25/4876A,1592,101.38842,0.21803141734116713
2020-01-14 09:59:00,M25/4876A,1677,98.16974,0.23720278928980607
2020-01-14 10:14:00,M25/4876A,1646,98.16974,0.2328180030834948
2020-01-14 10:29:00,M25/4876A,1666,98.16974,0.23564689741014722
2020-01-14 10:44:00,M25/4876A,1482,99.77908,0.20624008461131677
2020-01-14 10:59:00,M25/4876A,1477,99.77908,0.20554426786161595
2020-01-14 11:14:00,M25/4876A,1426,99.77908,0.1984469370146678
2020-01-14 11:29:00,M25/4876A,1483,98.16974,0.20976251432127752
2020-01-14 11:44:00,M25/4876A,1417,101.38842,0.19406439596258404
2020-01-14 11:59:00,M25/4876A,1494,99.77908,0.2079100448105987
2020-01-14 12:14:00,M25/4876A,1349,101.38842,0.18475149622690606
2020-01-14 12:29:00,M25/4876A,1380,101.38842,0.1889970828711122
2020-01-14 12:44:00,M25/4876A,1326,99.77908,0.18453060202065183
2020-01-14 12:59:00,M25/4876A,1397,98.16974,0.19759826871667208
2020-01-14 13:14:00,M25/4876A,1428,99.77908,0.19872526371454816
2020-01-14 13:29:00,M25/4876A,1490,99.77908,0.20735339141083806
2020-01-14 13:44:00,M25/4876A,1420,99.77908,0.19761195691502687
2020-01-14 13:59:00,M25/4876A,1383,99.77908,0.19246291296724097
2020-01-14 14:14:00,M25/4876A,1421,99.77908,0.19775112026496702
2020-01-14 14:29:00,M25/4876A,1382,101.38842,0.18927099168686745
2020-01-14 14:44:00,M25/4876A,1420,98.16974,0.20085149719232234
2020-01-14 14:59:00,M25/4876A,1340,98.16974,0.18953591988571264
2020-01-14 15:14:00,M25/4876A,1449,96.5604,0.20836928386540118
2020-01-14 15:29:00,M25/4876A,1524,96.5604,0.21915444348576357
2020-01-14 15:44:00,M25/4876A,1476,96.5604,0.21225194132873165
2020-01-14 15:59:00,M25/4876A,1499,93.34172,0.2229924727023891
2020-01-14 16:14:00,M25/4876A,1473,93.34172,0.2191246913212936
2020-01-14 16:29:00,M25/4876A,1480,86.90436,0.23647461093535294
2020-01-14 16:44:00,M25/4876A,1423,80.467,0.24555651423641067
2020-01-14 16:59:00,M25/4876A,1411,74.02964,0.26465843868402295
2020-01-14 17:14:00,M25/4876A,1165,72.4203,0.2233726392483942
2020-01-14 17:29:00,M25/4876A,1124,78.85766,0.19791868429856843
2020-01-14 17:44:00,M25/4876A,1065,86.90436,0.1701658517879398
2020-01-14 17:59:00,M25/4876A,1133,86.90436,0.1810309014795641
2020-01-14 18:14:00,M25/4876A,1168,91.73238,0.17680093244327383
2020-01-14 18:29:00,M25/4876A,1237,93.34172,0.1840171372467347
2020-01-14 18:44:00,M25/4876A,1251,94.95106,0.18294555505184187
2020-01-14 18:59:00,M25/4876A,1294,93.34172,0.19249650412067476
2020-01-14 19:14:00,M25/4876A,1117,96.5604,0.16062697727926373
2020-01-14 19:29:00,M25/4876A,999,98.16974,0.14130327161628875
2020-01-14 19:44:00,M25/4876A,867,99.77908,0.12065462439811853
2020-01-14 19:59:00,M25/4876A,752,101.38842,0.1029897147239684
2020-01-14 20:14:00,M25/4876A,708,101.38842,0.09696372077735323
2020-01-14 20:29:00,M25/4876A,662,101.38842,0.0906638180149828
2020-01-14 20:44:00,M25/4876A,626,101.38842,0.08573345933138858
2020-01-14 20:59:00,M25/4876A,578,101.38842,0.07915964775326294
2020-01-14 21:14:00,M25/4876A,540,102.99776,0.07279982743744608
2020-01-14 21:29:00,M25/4876A,502,101.38842,0.068751112754564
2020-01-14 21:44:00,M25/4876A,465,104.6071,0.061724298134997004
2020-01-14 21:59:00,M25/4876A,437,102.99776,0.058913934426229504
2020-01-14 22:14:00,M25/4876A,357,101.38842,0.04889272361230946
2020-01-14 22:29:00,M25/4876A,354,101.38842,0.04848186038867661
2020-01-14 22:44:00,M25/4876A,306,101.38842,0.04190804881055097
2020-01-14 22:59:00,M25/4876A,279,102.99776,0.037613244176013805
2020-01-14 23:14:00,M25/4876A,234,102.99776,0.031546591889559966
2020-01-14 23:29:00,M25/4876A,236,101.38842,0.03232124025911774
2020-01-14 23:44:00,M25/4876A,237,101.38842,0.03245819466699535
2020-01-14 23:59:00,M25/4876A,176,101.38842,0.024103975786460688
2020-01-15 00:14:00,M25/4876A,156,101.38842,0.021364887628908334
2020-01-15 00:29:00,M25/4876A,150,101.38842,0.020543161181642632
2020-01-15 00:44:00,M25/4876A,123,102.99776,0.01658218291630716
2020-01-15 00:59:00,M25/4876A,121,98.16974,0.017114810676247188
2020-01-15 01:14:00,M25/4876A,120,99.77908,0.016699601992819172
2020-01-15 01:29:00,M25/4876A,84,99.77908,0.01168972139497342
2020-01-15 01:44:00,M25/4876A,96,96.5604,0.013805004314063847
2020-01-15 01:59:00,M25/4876A,76,96.5604,0.01092896174863388
2020-01-15 02:14:00,M25/4876A,89,96.5604,0.012798389416163358
2020-01-15 02:29:00,M25/4876A,87,98.16974,0.01230569032093806
2020-01-15 02:44:00,M25/4876A,86,98.16974,0.01216424560460544
2020-01-15 02:59:00,M25/4876A,117,99.77908,0.01628211194299869
2020-01-15 03:14:00,M25/4876A,105,94.95106,0.015355142510346441
2020-01-15 03:29:00,M25/4876A,125,98.16974,0.017680589541577675
2020-01-15 03:44:00,M25/4876A,145,99.77908,0.020178685741323164
2020-01-15 03:59:00,M25/4876A,190,101.38842,0.026021337496747333
2020-01-15 04:14:00,M25/4876A,228,101.38842,0.031225604996096796
2020-01-15 04:29:00,M25/4876A,259,99.77908,0.03604330763450138
2020-01-15 04:44:00,M25/4876A,340,102.99776,0.04583692838654012
2020-01-15 04:59:00,M25/4876A,411,102.99776,0.055408757549611734
2020-01-15 05:14:00,M25/4876A,553,101.38842,0.0757357875563225
2020-01-15 05:29:00,M25/4876A,744,101.38842,0.10189407946094746
2020-01-15 05:44:00,M25/4876A,898,99.77908,0.12496868824626348
2020-01-15 05:59:00,M25/4876A,1094,101.38842,0.1498281222181136
2020-01-15 06:14:00,M25/4876A,1410,98.16974,0.19943705002899614
2020-01-15 06:29:00,M25/4876A,1851,91.73238,0.2801870941374142
2020-01-15 06:44:00,M25/4876A,2032,86.90436,0.32467324960853866
2020-01-15 06:59:00,M25/4876A,2038,85.29502,0.331775929151676
2020-01-15 07:14:00,M25/4876A,1856,62.76426,0.41061038472600164
2020-01-15 07:29:00,M25/4876A,2006,62.76426,0.4437954912501936
2020-01-15 07:44:00,M25/4876A,2068,70.81096,0.4055220017256256
2020-01-15 07:59:00,M25/4876A,1833,54.71756,0.46515759021468805
2020-01-15 08:14:00,M25/4876A,1961,77.24832,0.35249496692551047
2020-01-15 08:29:00,M25/4876A,2066,78.85766,0.36379003715377434
2020-01-15 08:44:00,M25/4876A,1814,86.90436,0.28984117853833125
2020-01-15 08:59:00,M25/4876A,1711,90.12304,0.26362011586342904
2020-01-15 09:14:00,M25/4876A,1528,96.5604,0.21972965199884958
2020-01-15 09:29:00,M25/4876A,1701,94.95106,0.24875330866761233
2020-01-15 09:44:00,M25/4876A,1566,98.16974,0.2215024257768851
2020-01-15 09:59:00,M25/4876A,1553,98.16974,0.21966364446456102
2020-01-15 10:14:00,M25/4876A,1547,98.16974,0.21881497616656528
2020-01-15 10:29:00,M25/4876A,1602,98.16974,0.22659443556485945
2020-01-15 10:44:00,M25/4876A,1550,98.16974,0.21923931031556315
2020-01-15 10:59:00,M25/4876A,1554,96.5604,0.22346850733390852
2020-01-15 11:14:00,M25/4876A,1469,98.16974,0.2077822882926208
2020-01-15 11:29:00,M25/4876A,1578,98.16974,0.22319976237287653
2020-01-15 11:44:00,M25/4876A,1642,98.16974,0.2322522242181643
2020-01-15 11:59:00,M25/4876A,1360,102.99776,0.18334771354616047
2020-01-15 12:14:00,M25/4876A,1346,102.99776,0.18146031061259707
2020-01-15 12:29:00,M25/4876A,1382,101.38842,0.18927099168686745
2020-01-15 12:44:00,M25/4876A,1364,102.99776,0.18388697152717862
2020-01-15 12:59:00,M25/4876A,1422,101.38842,0.19474916800197214
2020-01-15 13:14:00,M25/4876A,1446,101.38842,0.19803607379103494
2020-01-15 13:29:00,M25/4876A,1579,99.77908,0.21973892955551227
2020-01-15 13:44:00,M25/4876A,1582,101.38842,0.21666187326239095
2020-01-15 13:59:00,M25/4876A,1592,101.38842,0.21803141734116713
2020-01-15 14:14:00,M25/4876A,1553,102.99776,0.20936691113028472
2020-01-15 14:29:00,M25/4876A,1576,101.38842,0.21584014681512523
2020-01-15 14:44:00,M25/4876A,1513,101.38842,0.20721201911883533
2020-01-15 14:59:00,M25/4876A,1559,101.38842,0.21351192188120574
2020-01-15 15:14:00,M25/4876A,1543,99.77908,0.2147290489576665
2020-01-15 15:29:00,M25/4876A,1560,101.38842,0.21364887628908336
2020-01-15 15:44:00,M25/4876A,1665,101.38842,0.2280290891162332
2020-01-15 15:59:00,M25/4876A,1644,101.38842,0.22515304655080326
2020-01-15 16:14:00,M25/4876A,1620,101.38842,0.2218661407617404
2020-01-15 16:29:00,M25/4876A,1628,99.77908,0.2265579337025801
2020-01-15 16:44:00,M25/4876A,1467,98.16974,0.20749939885995558
2020-01-15 16:59:00,M25/4876A,1460,93.34172,0.2171908006307459
2020-01-15 17:14:00,M25/4876A,1339,86.90436,0.21394561083948485
2020-01-15 17:29:00,M25/4876A,1347,91.73238,0.20389628082285088
2020-01-15 17:44:00,M25/4876A,1335,96.5604,0.19197584124245037
2020-01-15 17:59:00,M25/4876A,1306,98.16974,0.18472679953040352
2020-01-15 18:14:00,M25/4876A,1431,98.16974,0.2024073890719812
2020-01-15 18:29:00,M25/4876A,1361,99.77908,0.18940131926855744
2020-01-15 18:44:00,M25/4876A,1334,99.77908,0.18564390882017312
2020-01-15 18:59:00,M25/4876A,1132,102.99776,0.1526100086281277
2020-01-15 19:14:00,M25/4876A,1083,104.6071,0.14375788146279947
2020-01-15 19:29:00,M25/4876A,1031,104.6071,0.13685537930576758
2020-01-15 19:44:00,M25/4876A,941,104.6071,0.12490874095705846
2020-01-15 19:59:00,M25/4876A,854,106.21644,0.11164274322169059
2020-01-15 20:14:00,M25/4876A,747,106.21644,0.09765471801709937
2020-01-15 20:29:00,M25/4876A,612,65.98294,0.12879058902754686
2020-01-15 20:44:00,M25/4876A,673,46.67086,0.20023206688286574
2020-01-15 20:59:00,M25/4876A,671,43.45218,0.21442495126705652
2020-01-15 21:14:00,M25/4876A,565,86.90436,0.09027578052599622
2020-01-15 21:29:00,M25/4876A,519,104.6071,0.06889228114422247
2020-01-15 21:44:00,M25/4876A,526,104.6071,0.06982146412689985
2020-01-15 21:59:00,M25/4876A,447,104.6071,0.05933497046525518
2020-01-15 22:14:00,M25/4876A,387,104.6071,0.05137054489944912
2020-01-15 22:29:00,M25/4876A,372,104.6071,0.04937943850799761
2020-01-15 22:44:00,M25/4876A,341,104.6071,0.045264485298997806
2020-01-15 22:59:00,M25/4876A,300,106.21644,0.039218762255863196
2020-01-15 23:14:00,M25/4876A,223,107.82578,0.028717499645860428
2020-01-15 23:29:00,M25/4876A,175,104.6071,0.023229574566934356
2020-01-15 23:44:00,M25/4876A,201,106.21644,0.026276570711428346
2020-01-15 23:59:00,M25/4876A,178,104.6071,0.02362779584522466
2020-01-16 00:14:00,M25/4876A,141,102.99776,0.019008843830888696
2020-01-16 00:29:00,M25/4876A,114,102.99776,0.015368852459016393
2020-01-16 00:44:00,M25/4876A,139,102.99776,0.018739214840379638
2020-01-16 00:59:00,M25/4876A,100,99.77908,0.013916334994015976
2020-01-16 01:14:00,M25/4876A,112,99.77908,0.015586295193297893
2020-01-16 01:29:00,M25/4876A,103,99.77908,0.014333825043836457
2020-01-16 01:44:00,M25/4876A,121,99.77908,0.01683876534275933
2020-01-16 01:59:00,M25/4876A,93,98.16974,0.01315435861893379
2020-01-16 02:14:00,M25/4876A,90,96.5604,0.012942191544434857
2020-01-16 02:29:00,M25/4876A,95,96.5604,0.013661202185792348
2020-01-16 02:44:00,M25/4876A,94,94.95106,0.013746508533072051
2020-01-16 02:59:00,M25/4876A,94,99.77908,0.013081354894375018
2020-01-16 03:14:00,M25/4876A,112,99.77908,0.015586295193297893
2020-01-16 03:29:00,M25/4876A,138,99.77908,0.019204542291742045
2020-01-16 03:44:00,M25/4876A,133,99.77908,0.01850872554204125
2020-01-16 03:59:00,M25/4876A,196,102.99776,0.026423641069887833
2020-01-16 04:14:00,M25/4876A,204,104.6071,0.02707904692374062
2020-01-16 04:29:00,M25/4876A,304,104.6071,0.040353089533417395
2020-01-16 04:44:00,M25/4876A,356,102.99776,0.04799396031061259
2020-01-16 04:59:00,M25/4876A,398,104.6071,0.05283068958651357
2020-01-16 05:14:00,M25/4876A,577,104.6071,0.076591225857835
2020-01-16 05:29:00,M25/4876A,745,104.6071,0.09889161744209198
2020-01-16 05:44:00,M25/4876A,891,106.21644,0.1164797238999137
2020-01-16 05:59:00,M25/4876A,1126,104.6071,0.1494657197849605
2020-01-16 06:14:00,M25/4876A,1451,102.99776,0.1956158326143227
2020-01-16 06:29:00,M25/4876A,1902,98.16974,0.2690278504646459
2020-01-16 06:44:00,M25/4876A,2041,94.95106,0.2984747225106389
2020-01-16 06:59:00,M25/4876A,2120,91.73238,0.32090580203744906
2020-01-16 07:14:00,M25/4876A,2252,90.12304,0.346973992357944
2020-01-16 07:29:00,M25/4876A,2114,82.07634,0.3576443519599384
2020-01-16 07:44:00,M25/4876A,1982,88.5137,0.3109263471644835
2020-01-16 07:59:00,M25/4876A,1981,96.5604,0.28487201610583834
2020-01-16 08:14:00,M25/4876A,1851,98.16974,0.26181416993168216
2020-01-16 08:29:00,M25/4876A,1819,98.16974,0.2572879390090383
2020-01-16 08:44:00,M25/4876A,1829,99.77908,0.2545297670405522
2020-01-16 08:59:00,M25/4876A,1749,65.98294,0.3680633009953913
2020-01-16 09:14:00,M25/4876A,1898,93.34172,0.28234804081996967
2020-01-16 09:29:00,M25/4876A,1851,99.77908,0.2575913607392357
2020-01-16 09:44:00,M25/4876A,1768,99.77908,0.24604080269420248
2020-01-16 09:59:00,M25/4876A,1692,99.77908,0.2354643880987503
2020-01-16 10:14:00,M25/4876A,1543,101.38842,0.21132065135516387
2020-01-16 10:29:00,M25/4876A,1693,99.77908,0.2356035514486905
2020-01-16 10:44:00,M25/4876A,1634,98.16974,0.23112066648750335
2020-01-16 10:59:00,M25/4876A,1500,96.5604,0.2157031924072476
2020-01-16 11:14:00,M25/4876A,1479,99.77908,0.2058225945614963
2020-01-16 11:29:00,M25/4876A,1454,101.38842,0.1991317090540559
2020-01-16 11:44:00,M25/4876A,1408,101.38842,0.1928318062916855
2020-01-16 11:59:00,M25/4876A,1447,101.38842,0.19817302819891258
2020-01-16 12:14:00,M25/4876A,1481,99.77908,0.2061009212613766
2020-01-16 12:29:00,M25/4876A,1412,102.99776,0.19035806729939603
2020-01-16 12:44:00,M25/4876A,1415,101.38842,0.1937904871468288
2020-01-16 12:59:00,M25/4876A,1506,101.38842,0.20625333826369202
2020-01-16 13:14:00,M25/4876A,1490,101.38842,0.20406206773765012
2020-01-16 13:29:00,M25/4876A,1556,101.38842,0.2131010586575729
2020-01-16 13:44:00,M25/4876A,1458,102.99776,0.19655953408110438
2020-01-16 13:59:00,M25/4876A,1524,101.38842,0.20871851760548912
2020-01-16 14:14:00,M25/4876A,1446,102.99776,0.19494176013805004
2020-01-16 14:29:00,M25/4876A,1575,101.38842,0.2157031924072476
2020-01-16 14:44:00,M25/4876A,1531,101.38842,0.20967719846063246
2020-01-16 14:59:00,M25/4876A,1492,102.99776,0.2011432269197584
2020-01-16 15:14:00,M25/4876A,1444,99.77908,0.2009518773135907
2020-01-16 15:29:00,M25/4876A,1460,102.99776,0.19682916307161344
2020-01-16 15:44:00,M25/4876A,1570,99.77908,0.21848645940605083
2020-01-16 15:59:00,M25/4876A,1554,99.77908,0.21625984580700827
2020-01-16 16:14:00,M25/4876A,1498,99.77908,0.20846669821035932
2020-01-16 16:29:00,M25/4876A,1502,98.16974,0.21244996393159732
2020-01-16 16:44:00,M25/4876A,1588,96.5604,0.22835777969513948
2020-01-16 16:59:00,M25/4876A,1538,90.12304,0.23696536423024775
2020-01-16 17:14:00,M25/4876A,1504,85.29502,0.24484347274000032
2020-01-16 17:29:00,M25/4876A,1368,78.85766,0.24088323854131818
2020-01-16 17:44:00,M25/4876A,1278,86.90436,0.20419902214552776
2020-01-16 17:59:00,M25/4876A,1314,90.12304,0.20245285344508812
2020-01-16 18:14:00,M25/4876A,1080,96.5604,0.15530629853321828
2020-01-16 18:29:00,M25/4876A,1264,99.77908,0.17590247432436193
2020-01-16 18:44:00,M25/4876A,1476,96.5604,0.21225194132873165
2020-01-16 18:59:00,M25/4876A,1228,99.77908,0.1708925937265162
2020-01-16 19:14:00,M25/4876A,1012,99.77908,0.14083331013944167
2020-01-16 19:29:00,M25/4876A,1017,96.5604,0.14624676445211388
2020-01-16 19:44:00,M25/4876A,1027,96.5604,0.14768478573482885
2020-01-16 19:59:00,M25/4876A,977,96.5604,0.14049467932125395
2020-01-16 20:14:00,M25/4876A,889,99.77908,0.12371621809680203
2020-01-16 20:29:00,M25/4876A,850,99.77908,0.1182888474491358
2020-01-16 20:44:00,M25/4876A,778,101.38842,0.10655052932878645
2020-01-16 20:59:00,M25/4876A,669,101.38842,0.09162249887012613
2020-01-16 21:14:00,M25/4876A,589,101.38842,0.08066614623991673
2020-01-16 21:29:00,M25/4876A,622,101.38842,0.0851856416998781
2020-01-16 21:44:00,M25/4876A,530,101.38842,0.0725858361751373
2020-01-16 21:59:00,M25/4876A,544,101.38842,0.07450319788542394
2020-01-16 22:14:00,M25/4876A,402,104.6071,0.05336165129090064
2020-01-16 22:29:00,M25/4876A,406,102.99776,0.05473468507333908
2020-01-16 22:44:00,M25/4876A,337,102.99776,0.04543248490077653
2020-01-16 22:59:00,M25/4876A,324,101.38842,0.044373228152348086
2020-01-16 23:14:00,M25/4876A,273,102.99776,0.036804357204486625
2020-01-16 23:29:00,M25/4876A,262,101.38842,0.035882054863935794
2020-01-16 23:44:00,M25/4876A,226,102.99776,0.03046807592752373
2020-01-16 23:59:00,M25/4876A,192,99.77908,0.026719363188510672
2020-01-17 00:14:00,M25/4876A,170,99.77908,0.02365776948982716
2020-01-17 00:29:00,M25/4876A,172,99.77908,0.02393609618970748
2020-01-17 00:44:00,M25/4876A,145,99.77908,0.020178685741323164
2020-01-17 00:59:00,M25/4876A,146,101.38842,0.01999534355013216
2020-01-17 01:14:00,M25/4876A,144,99.77908,0.020039522391383006
2020-01-17 01:29:00,M25/4876A,153,101.38842,0.020954024405275485
2020-01-17 01:44:00,M25/4876A,120,101.38842,0.016434528945314105
2020-01-17 01:59:00,M25/4876A,100,99.77908,0.013916334994015976
2020-01-17 02:14:00,M25/4876A,90,98.16974,0.012730024469935925
2020-01-17 02:29:00,M25/4876A,83,99.77908,0.011550558045033259
2020-01-17 02:44:00,M25/4876A,90,98.16974,0.012730024469935925
2020-01-17 02:59:00,M25/4876A,102,99.77908,0.014194661693896295
2020-01-17 03:14:00,M25/4876A,117,101.38842,0.016023665721681252
2020-01-17 03:29:00,M25/4876A,134,98.16974,0.018953591988571265
2020-01-17 03:44:00,M25/4876A,175,99.77908,0.024353586239527956
2020-01-17 03:59:00,M25/4876A,221,102.99776,0.029794003451251074
2020-01-17 04:14:00,M25/4876A,273,102.99776,0.036804357204486625
2020-01-17 04:29:00,M25/4876A,295,104.6071,0.03915842569854649
2020-01-17 04:44:00,M25/4876A,352,102.99776,0.04745470232959447
2020-01-17 04:59:00,M25/4876A,445,101.38842,0.0609447115055398
2020-01-17 05:14:00,M25/4876A,537,106.21644,0.07020158443799514
2020-01-17 05:29:00,M25/4876A,637,101.38842,0.08723995781804238
2020-01-17 05:44:00,M25/4876A,884,98.16974,0.1250371292380373
2020-01-17 05:59:00,M25/4876A,1032,99.77908,0.14361657713824488
2020-01-17 06:14:00,M25/4876A,1315,96.5604,0.1890997986770204
2020-01-17 06:29:00,M25/4876A,1675,96.5604,0.24086856485475983
2020-01-17 06:44:00,M25/4876A,1931,93.34172,0.2872571479575139
2020-01-17 06:59:00,M25/4876A,1940,93.34172,0.28859599535866237
2020-01-17 07:14:00,M25/4876A,2064,86.90436,0.32978621416930304
2020-01-17 07:29:00,M25/4876A,1913,91.73238,0.2895720751403963
2020-01-17 07:44:00,M25/4876A,2018,91.73238,0.30546599458093027
2020-01-17 07:59:00,M25/4876A,1895,96.5604,0.2725050330744895
2020-01-17 08:14:00,M25/4876A,1832,90.12304,0.28226303463576974
2020-01-17 08:29:00,M25/4876A,1867,91.73238,0.282609024718829
2020-01-17 08:44:00,M25/4876A,1833,94.95106,0.26805691639490503
2020-01-17 08:59:00,M25/4876A,1773,99.77908,0.24673661944390327
2020-01-17 09:14:00,M25/4876A,1583,99.77908,0.2202955829552729
2020-01-17 09:29:00,M25/4876A,1596,101.38842,0.2185792349726776
2020-01-17 09:44:00,M25/4876A,1532,101.38842,0.20981415286851007
2020-01-17 09:59:00,M25/4876A,1489,101.38842,0.2039251133297725
2020-01-17 10:14:00,M25/4876A,1581,101.38842,0.2165249188545133
2020-01-17 10:29:00,M25/4876A,1518,101.38842,0.20789679115822343
2020-01-17 10:44:00,M25/4876A,1507,99.77908,0.20971916835982074
2020-01-17 10:59:00,M25/4876A,1550,99.77908,0.21570319240724764
2020-01-17 11:14:00,M25/4876A,1534,101.38842,0.2100880616842653
2020-01-17 11:29:00,M25/4876A,1478,101.38842,0.20241861484311874
2020-01-17 11:44:00,M25/4876A,1400,101.38842,0.19173617102866455
2020-01-17 11:59:00,M25/4876A,1548,101.38842,0.21200542339455195
2020-01-17 12:14:00,M25/4876A,1531,101.38842,0.20967719846063246
2020-01-17 12:29:00,M25/4876A,1493,102.99776,0.20127804141501293
2020-01-17 12:44:00,M25/4876A,1640,102.99776,0.2210957722174288
2020-01-17 12:59:00,M25/4876A,1629,101.38842,0.22309873043263895
2020-01-17 13:14:00,M25/4876A,1240,83.68568,0.20574766044999004
2020-01-17 13:29:00,M25/4876A,1568,65.98294,0.32997327384835534
2020-01-17 13:44:00,M25/4876A,1730,96.5604,0.24877768190969224
2020-01-17 13:59:00,M25/4876A,1402,104.6071,0.1861020773876684
2020-01-17 14:14:00,M25/4876A,1442,104.6071,0.1914116944315391
2020-01-17 14:29:00,M25/4876A,1416,102.99776,0.19089732528041414
2020-01-17 14:44:00,M25/4876A,1564,101.38842,0.21419669392059384
2020-01-17 14:59:00,M25/4876A,1463,102.99776,0.19723360655737704
2020-01-17 15:14:00,M25/4876A,1435,102.99776,0.1934588006902502
2020-01-17 15:29:00,M25/4876A,1371,106.21644,0.17922974350929483
2020-01-17 15:44:00,M25/4876A,1455,104.6071,0.19313731997079708
2020-01-17 15:59:00,M25/4876A,1508,102.99776,0.20330025884383088
2020-01-17 16:14:00,M25/4876A,1488,102.99776,0.2006039689387403
2020-01-17 16:29:00,M25/4876A,1359,102.99776,0.18321289905090593
2020-01-17 16:44:00,M25/4876A,1488,99.77908,0.20707506471095774
2020-01-17 16:59:00,M25/4876A,1434,99.77908,0.1995602438141891
2020-01-17 17:14:00,M25/4876A,1508,98.16974,0.21329863222959305
2020-01-17 17:29:00,M25/4876A,1489,96.5604,0.21412136899626114
2020-01-17 17:44:00,M25/4876A,1492,96.5604,0.21455277538107564
2020-01-17 17:59:00,M25/4876A,1334,98.16974,0.1886872515877169
2020-01-17 18:14:00,M25/4876A,1352,99.77908,0.18814884911909602
2020-01-17 18:29:00,M25/4876A,1299,102.99776,0.17512402933563415
2020-01-17 18:44:00,M25/4876A,1269,102.99776,0.17107959447799825
2020-01-17 18:59:00,M25/4876A,1168,102.99776,0.15746333045729075
2020-01-17 19:14:00,M25/4876A,1172,102.99776,0.1580025884383089
2020-01-17 19:29:00,M25/4876A,1111,102.99776,0.14977890422778256
2020-01-17 19:44:00,M25/4876A,1068,104.6071,0.14176677507134797
2020-01-17 19:59:00,M25/4876A,1024,104.6071,0.1359261963230902
2020-01-17 20:14:00,M25/4876A,1008,102.99776,0.135893011216566
2020-01-17 20:29:00,M25/4876A,875,104.6071,0.11614787283467179
2020-01-17 20:44:00,M25/4876A,862,104.6071,0.11442224729541381
2020-01-17 20:59:00,M25/4876A,737,104.6071,0.09782969403331783
2020-01-17 21:14:00,M25/4876A,643,106.21644,0.0840588804350668
2020-01-17 21:29:00,M25/4876A,589,104.6071,0.07818411097099622
2020-01-17 21:44:00,M25/4876A,576,106.21644,0.07530002353125735
2020-01-17 21:59:00,M25/4876A,452,106.21644,0.05908960179883389
2020-01-17 22:14:00,M25/4876A,462,104.6071,0.0613260768567067
2020-01-17 22:29:00,M25/4876A,392,106.21644,0.05124584934766125
2020-01-17 22:44:00,M25/4876A,379,107.82578,0.048806871595430956
2020-01-17 22:59:00,M25/4876A,351,106.21644,0.045885951839359944
2020-01-17 23:14:00,M25/4876A,291,106.21644,0.03804219938818731
2020-01-17 23:29:00,M25/4876A,253,106.21644,0.03307448950244463
2020-01-17 23:44:00,M25/4876A,314,104.6071,0.04168049379438508
2020-01-17 23:59:00,M25/4876A,190,106.21644,0.02483854942871336
2020-01-18 00:14:00,M25/4876A,170,104.6071,0.02256587243645052
2020-01-18 00:29:00,M25/4876A,184,102.99776,0.024805867126833477
2020-01-18 00:44:00,M25/4876A,164,106.21644,0.021439590033205218
2020-01-18 00:59:00,M25/4876A,155,102.99776,0.020896246764452113
2020-01-18 01:14:00,M25/4876A,157,104.6071,0.02084024689719254
2020-01-18 01:29:00,M25/4876A,144,104.6071,0.019114621357934555
2020-01-18 01:44:00,M25/4876A,138,104.6071,0.01831817880135395
2020-01-18 01:59:00,M25/4876A,112,101.38842,0.015338893682293164
2020-01-18 02:14:00,M25/4876A,108,99.77908,0.015029641793537255
2020-01-18 02:29:00,M25/4876A,103,99.77908,0.014333825043836457
2020-01-18 02:44:00,M25/4876A,89,102.99776,0.011998490077653148
2020-01-18 02:59:00,M25/4876A,101,99.77908,0.014055498343956137
2020-01-18 03:14:00,M25/4876A,111,99.77908,0.015447131843357732
2020-01-18 03:29:00,M25/4876A,131,99.77908,0.01823039884216093
2020-01-18 03:44:00,M25/4876A,136,101.38842,0.018625799471355984
2020-01-18 03:59:00,M25/4876A,178,104.6071,0.02362779584522466
2020-01-18 04:14:00,M25/4876A,211,101.38842,0.028897380062177302
2020-01-18 04:29:00,M25/4876A,212,106.21644,0.027714591994143327
2020-01-18 04:44:00,M25/4876A,271,106.21644,0.035427615237796424
2020-01-18 04:59:00,M25/4876A,342,104.6071,0.045397225725094574
2020-01-18 05:14:00,M25/4876A,406,106.21644,0.05307605825293486
2020-01-18 05:29:00,M25/4876A,444,106.21644,0.05804376813867754
2020-01-18 05:44:00,M25/4876A,521,106.21644,0.06810991711768243
2020-01-18 05:59:00,M25/4876A,599,106.21644,0.07830679530420685
2020-01-18 06:14:00,M25/4876A,621,106.21644,0.08118283786963681
2020-01-18 06:29:00,M25/4876A,736,106.21644,0.09621669673438438
2020-01-18 06:44:00,M25/4876A,789,106.21644,0.10314534473292022
2020-01-18 06:59:00,M25/4876A,800,106.21644,0.1045833660156352
2020-01-18 07:14:00,M25/4876A,824,104.6071,0.10937811110373663
2020-01-18 07:29:00,M25/4876A,949,104.6071,0.1259706643658326
2020-01-18 07:44:00,M25/4876A,944,106.21644,0.12340837189844953
2020-01-18 07:59:00,M25/4876A,992,107.82578,0.1277478011152177
2020-01-18 08:14:00,M25/4876A,1009,109.43512,0.12802618890524284
2020-01-18 08:29:00,M25/4876A,1098,107.82578,0.14139827179890024
2020-01-18 08:44:00,M25/4876A,1201,107.82578,0.1546624084066295
2020-01-18 08:59:00,M25/4876A,1336,106.21644,0.1746542212461108
2020-01-18 09:14:00,M25/4876A,1326,106.21644,0.17334692917091535
2020-01-18 09:29:00,M25/4876A,1447,106.21644,0.18916516328078017
2020-01-18 09:44:00,M25/4876A,1520,104.6071,0.20176544766708698
2020-01-18 09:59:00,M25/4876A,1540,104.6071,0.20442025618902235
2020-01-18 10:14:00,M25/4876A,1603,104.6071,0.21278290303311873
2020-01-18 10:29:00,M25/4876A,1687,104.6071,0.2239330988252472
2020-01-18 10:44:00,M25/4876A,1643,104.6071,0.21809252007698943
2020-01-18 10:59:00,M25/4876A,1647,104.6071,0.2186234817813765
2020-01-18 11:14:00,M25/4876A,1313,106.21644,0.1716474494731613
2020-01-18 11:29:00,M25/4876A,1445,104.6071,0.19180991570982941
2020-01-18 11:44:00,M25/4876A,1691,102.99776,0.22797131147540983
2020-01-18 11:59:00,M25/4876A,1739,102.99776,0.23444240724762722
2020-01-18 12:14:00,M25/4876A,1742,102.99776,0.23484685073339084
2020-01-18 12:29:00,M25/4876A,1604,104.6071,0.2129156434592155
2020-01-18 12:44:00,M25/4876A,1711,101.38842,0.23432899187860362
2020-01-18 12:59:00,M25/4876A,1652,104.6071,0.21928718391186033
2020-01-18 13:14:00,M25/4876A,1594,106.21644,0.20838235678615313
2020-01-18 13:29:00,M25/4876A,1561,106.21644,0.20406829293800818
2020-01-18 13:44:00,M25/4876A,1451,102.99776,0.1956158326143227
2020-01-18 13:59:00,M25/4876A,1523,106.21644,0.19910058305226552
2020-01-18 14:14:00,M25/4876A,1538,104.6071,0.2041547753368288
2020-01-18 14:29:00,M25/4876A,1461,106.21644,0.19099537218605378
2020-01-18 14:44:00,M25/4876A,1435,106.21644,0.18759641279054565
2020-01-18 14:59:00,M25/4876A,1380,106.21644,0.18040630637697072
2020-01-18 15:14:00,M25/4876A,1440,106.21644,0.18825005882814336
2020-01-18 15:29:00,M25/4876A,1378,106.21644,0.18014484796193164
2020-01-18 15:44:00,M25/4876A,1383,107.82578,0.17810000901446177
2020-01-18 15:59:00,M25/4876A,1477,104.6071,0.196057609344926
2020-01-18 16:14:00,M25/4876A,1392,107.82578,0.17925901124232163
2020-01-18 16:29:00,M25/4876A,1456,104.6071,0.19327006039689387
2020-01-18 16:44:00,M25/4876A,1385,104.6071,0.18384549014402335
2020-01-18 16:59:00,M25/4876A,1394,104.6071,0.18504015397889426
2020-01-18 17:14:00,M25/4876A,1339,102.99776,0.18051660914581535
2020-01-18 17:29:00,M25/4876A,1405,101.38842,0.19242094306805266
2020-01-18 17:44:00,M25/4876A,1517,101.38842,0.20775983675034582
2020-01-18 17:59:00,M25/4876A,1476,102.99776,0.19898619499568593
2020-01-18 18:14:00,M25/4876A,1491,101.38842,0.20419902214552776
2020-01-18 18:29:00,M25/4876A,1430,102.99776,0.19278472821397757
2020-01-18 18:44:00,M25/4876A,1327,102.99776,0.17889883520276098
2020-01-18 18:59:00,M25/4876A,1254,104.6071,0.1664564943253468
2020-01-18 19:14:00,M25/4876A,1064,104.6071,0.1412358133669609
2020-01-18 19:29:00,M25/4876A,1048,104.6071,0.1391119665494126
2020-01-18 19:44:00,M25/4876A,946,104.6071,0.1255724430875423
2020-01-18 19:59:00,M25/4876A,851,106.21644,0.11125055559913195
2020-01-18 20:14:00,M25/4876A,737,106.21644,0.09634742594190393
2020-01-18 20:29:00,M25/4876A,676,104.6071,0.089732528041415
2020-01-18 20:44:00,M25/4876A,621,106.21644,0.08118283786963681
2020-01-18 20:59:00,M25/4876A,590,106.21644,0.07713023243653096
2020-01-18 21:14:00,M25/4876A,542,106.21644,0.07085523047559285
2020-01-18 21:29:00,M25/4876A,557,106.21644,0.07281616858838601
2020-01-18 21:44:00,M25/4876A,461,106.21644,0.06026616466650979
2020-01-18 21:59:00,M25/4876A,471,107.82578,0.06065444992466485
2020-01-18 22:14:00,M25/4876A,448,106.21644,0.05856668496875571
2020-01-18 22:29:00,M25/4876A,427,106.21644,0.05582137161084529
2020-01-18 22:44:00,M25/4876A,402,107.82578,0.051768766177739435
2020-01-18 22:59:00,M25/4876A,367,107.82578,0.047261535291617834
2020-01-18 23:14:00,M25/4876A,362,106.21644,0.047323973122074925
2020-01-18 23:29:00,M25/4876A,353,106.21644,0.04614741025439903
2020-01-18 23:44:00,M25/4876A,357,107.82578,0.045973755038440235
2020-01-18 23:59:00,M25/4876A,292,107.82578,0.03760318339278586
2020-01-19 00:14:00,M25/4876A,294,106.21644,0.03843438701074594
2020-01-19 00:29:00,M25/4876A,260,106.21644,0.03398959395508144
2020-01-19 00:44:00,M25/4876A,235,107.82578,0.030262835949673546
2020-01-19 00:59:00,M25/4876A,206,104.6071,0.027344527775934158
2020-01-19 01:14:00,M25/4876A,169,104.6071,0.02243313201035375
2020-01-19 01:29:00,M25/4876A,174,102.99776,0.023457722174288178
2020-01-19 01:44:00,M25/4876A,147,106.21644,0.01921719350537297
2020-01-19 01:59:00,M25/4876A,121,102.99776,0.0163125539257981
2020-01-19 02:14:00,M25/4876A,100,101.38842,0.013695440787761755
2020-01-19 02:29:00,M25/4876A,98,102.99776,0.013211820534943916
2020-01-19 02:44:00,M25/4876A,80,104.6071,0.01061923408774142
2020-01-19 02:59:00,M25/4876A,81,101.38842,0.011093307038087022
2020-01-19 03:14:00,M25/4876A,88,102.99776,0.011863675582398618
2020-01-19 03:29:00,M25/4876A,98,102.99776,0.013211820534943916
2020-01-19 03:44:00,M25/4876A,117,106.21644,0.015295317279786648
2020-01-19 03:59:00,M25/4876A,153,102.99776,0.020626617773943052
2020-01-19 04:14:00,M25/4876A,163,104.6071,0.021636689453773145
2020-01-19 04:29:00,M25/4876A,213,106.21644,0.02784532120166287
2020-01-19 04:44:00,M25/4876A,217,106.21644,0.02836823803174105
2020-01-19 04:59:00,M25/4876A,255,106.21644,0.03333594791748372
2020-01-19 05:14:00,M25/4876A,283,106.21644,0.03699636572803095
2020-01-19 05:29:00,M25/4876A,364,107.82578,0.04687520121566456
2020-01-19 05:44:00,M25/4876A,370,106.21644,0.04836980678223128
2020-01-19 05:59:00,M25/4876A,405,107.82578,0.05215510025369271
2020-01-19 06:14:00,M25/4876A,438,106.21644,0.057259392893560274
2020-01-19 06:29:00,M25/4876A,438,106.21644,0.057259392893560274
2020-01-19 06:44:00,M25/4876A,505,106.21644,0.06601824979736971
2020-01-19 06:59:00,M25/4876A,521,107.82578,0.06709335119055285
2020-01-19 07:14:00,M25/4876A,540,106.21644,0.07059377206055377
2020-01-19 07:29:00,M25/4876A,617,107.82578,0.07945604162105778
2020-01-19 07:44:00,M25/4876A,607,109.43512,0.07701872811247018
2020-01-19 07:59:00,M25/4876A,599,109.43512,0.07600365426584785
2020-01-19 08:14:00,M25/4876A,647,109.43512,0.08209409734558189
2020-01-19 08:29:00,M25/4876A,750,109.43512,0.09516317312084453
2020-01-19 08:44:00,M25/4876A,828,109.43512,0.10506014312541237
2020-01-19 08:59:00,M25/4876A,829,107.82578,0.10675698298842284
2020-01-19 09:14:00,M25/4876A,944,107.82578,0.12156645589996523
2020-01-19 09:29:00,M25/4876A,1076,107.82578,0.13856515524190952
2020-01-19 09:44:00,M25/4876A,1121,107.82578,0.1443601663812087
2020-01-19 09:59:00,M25/4876A,1210,107.82578,0.15582141063448934
2020-01-19 10:14:00,M25/4876A,1229,109.43512,0.15594071968735726
2020-01-19 10:29:00,M25/4876A,1306,107.82578,0.16818410106499426
2020-01-19 10:44:00,M25/4876A,1416,106.21644,0.1851125578476743
2020-01-19 10:59:00,M25/4876A,1426,107.82578,0.18363746410312545
2020-01-19 11:14:00,M25/4876A,1561,106.21644,0.20406829293800818
2020-01-19 11:29:00,M25/4876A,1604,106.21644,0.20968964886134858
2020-01-19 11:44:00,M25/4876A,1563,106.21644,0.2043297513530473
2020-01-19 11:59:00,M25/4876A,1566,106.21644,0.20472193897560592
2020-01-19 12:14:00,M25/4876A,1566,106.21644,0.20472193897560592
2020-01-19 12:29:00,M25/4876A,1526,106.21644,0.19949277067482415
2020-01-19 12:44:00,M25/4876A,1511,106.21644,0.197531832562031
2020-01-19 12:59:00,M25/4876A,1535,107.82578,0.19767426886276124
2020-01-19 13:14:00,M25/4876A,1489,106.21644,0.19465578999660102
2020-01-19 13:29:00,M25/4876A,1583,106.21644,0.20694433550343816
2020-01-19 13:44:00,M25/4876A,1652,104.6071,0.21928718391186033
2020-01-19 13:59:00,M25/4876A,1558,106.21644,0.20367610531544955
2020-01-19 14:14:00,M25/4876A,1510,106.21644,0.19740110335451144
2020-01-19 14:29:00,M25/4876A,1442,106.21644,0.18851151724318244
2020-01-19 14:44:00,M25/4876A,1552,106.21644,0.2028917300703323
2020-01-19 14:59:00,M25/4876A,1519,104.6071,0.20163270724099022
2020-01-19 15:14:00,M25/4876A,1551,104.6071,0.2058804008760868
2020-01-19 15:29:00,M25/4876A,1578,104.6071,0.20946439238069953
2020-01-19 15:44:00,M25/4876A,1618,101.38842,0.22159223194598518
2020-01-19 15:59:00,M25/4876A,1531,104.6071,0.20322559235415144
2020-01-19 16:14:00,M25/4876A,1572,102.99776,0.21192838654012078
2020-01-19 16:29:00,M25/4876A,1718,98.16974,0.24300202265944354
2020-01-19 16:44:00,M25/4876A,1557,101.38842,0.2132380130654505
2020-01-19 16:59:00,M25/4876A,1635,99.77908,0.2275320771521612
2020-01-19 17:14:00,M25/4876A,1663,96.5604,0.23914293931550185
2020-01-19 17:29:00,M25/4876A,1616,94.95106,0.23632295520685567
2020-01-19 17:44:00,M25/4876A,1729,94.95106,0.25284801333703805
2020-01-19 17:59:00,M25/4876A,1601,98.16974,0.22645299084852685
2020-01-19 18:14:00,M25/4876A,1400,101.38842,0.19173617102866455
2020-01-19 18:29:00,M25/4876A,1483,101.38842,0.20310338688250681
2020-01-19 18:44:00,M25/4876A,1359,102.99776,0.18321289905090593
2020-01-19 18:59:00,M25/4876A,1265,102.99776,0.17054033649698014
2020-01-19 19:14:00,M25/4876A,1255,101.38842,0.17187778188641
2020-01-19 19:29:00,M25/4876A,1438,101.38842,0.19694043852801402
2020-01-19 19:44:00,M25/4876A,1412,101.38842,0.19337962392319596
2020-01-19 19:59:00,M25/4876A,1338,101.38842,0.18324499774025227
2020-01-19 20:14:00,M25/4876A,1196,102.99776,0.1612381363244176
2020-01-19 20:29:00,M25/4876A,1063,104.6071,0.14110307294086413
2020-01-19 20:44:00,M25/4876A,998,104.6071,0.1324749452445742
2020-01-19 20:59:00,M25/4876A,798,106.21644,0.10432190760059612
2020-01-19 21:14:00,M25/4876A,822,102.99776,0.11081751509922347
2020-01-19 21:29:00,M25/4876A,704,104.6071,0.09344925997212451
2020-01-19 21:44:00,M25/4876A,673,106.21644,0.08798075666065311
2020-01-19 21:59:00,M25/4876A,586,106.21644,0.07660731560645279
2020-01-19 22:14:00,M25/4876A,464,107.82578,0.05975300374744054
2020-01-19 22:29:00,M25/4876A,427,106.21644,0.05582137161084529
2020-01-19 22:44:00,M25/4876A,399,106.21644,0.05216095380029806
2020-01-19 22:59:00,M25/4876A,337,106.21644,0.04405574293408633
2020-01-19 23:14:00,M25/4876A,320,107.82578,0.041208968101683126
2020-01-19 23:29:00,M25/4876A,256,107.82578,0.0329671744813465
2020-01-19 23:44:00,M25/4876A,220,104.6071,0.029202893741288906
2020-01-19 23:59:00,M25/4876A,195,104.6071,0.025884383088869714
2020-01-20 00:14:00,M25/4876A,190,106.21644,0.02483854942871336
2020-01-20 00:29:00,M25/4876A,195,104.6071,0.025884383088869714
2020-01-20 00:44:00,M25/4876A,135,104.6071,0.017919957523063648
2020-01-20 00:59:00,M25/4876A,132,102.99776,0.01779551337359793
2020-01-20 01:14:00,M25/4876A,115,104.6071,0.015265149001128292
2020-01-20 01:29:00,M25/4876A,105,101.38842,0.014380212827149842
2020-01-20 01:44:00,M25/4876A,84,102.99776,0.0113244176013805
2020-01-20 01:59:00,M25/4876A,100,98.16974,0.01414447163326214
2020-01-20 02:14:00,M25/4876A,85,98.16974,0.012022800888272818
2020-01-20 02:29:00,M25/4876A,91,96.5604,0.013085993672706355
2020-01-20 02:44:00,M25/4876A,91,101.38842,0.012462851116863195
2020-01-20 02:59:00,M25/4876A,87,101.38842,0.011915033485352727
2020-01-20 03:14:00,M25/4876A,103,101.38842,0.014106304011394606
2020-01-20 03:29:00,M25/4876A,145,101.38842,0.019858389142254542
2020-01-20 03:44:00,M25/4876A,136,102.99776,0.018334771354616048
2020-01-20 03:59:00,M25/4876A,190,106.21644,0.02483854942871336
2020-01-20 04:14:00,M25/4876A,230,104.6071,0.030530298002256585
2020-01-20 04:29:00,M25/4876A,328,104.6071,0.043538859759739826
2020-01-20 04:44:00,M25/4876A,376,106.21644,0.049154182027348545
2020-01-20 04:59:00,M25/4876A,522,104.6071,0.06929050242251276
2020-01-20 05:14:00,M25/4876A,689,106.21644,0.09007242398096582
2020-01-20 05:29:00,M25/4876A,895,106.21644,0.11700264072999189
2020-01-20 05:44:00,M25/4876A,1119,106.21644,0.14628598321436975
2020-01-20 05:59:00,M25/4876A,1363,104.6071,0.18092520076989446
2020-01-20 06:14:00,M25/4876A,1656,99.77908,0.23045450750090454
2020-01-20 06:29:00,M25/4876A,2029,94.95106,0.29671984908088506
2020-01-20 06:44:00,M25/4876A,2198,90.12304,0.3386540120793788
2020-01-20 06:59:00,M25/4876A,2266,88.5137,0.3554788610871441
2020-01-20 07:14:00,M25/4876A,2056,70.81096,0.4031688759902738
2020-01-20 07:29:00,M25/4876A,1998,67.59228,0.41045236040921973
2020-01-20 07:44:00,M25/4876A,2120,82.07634,0.35865942580656074
2020-01-20 07:59:00,M25/4876A,2119,67.59228,0.43530958543900733
2020-01-20 08:14:00,M25/4876A,2056,49.88954,0.5722396949539369
2020-01-20 08:29:00,M25/4876A,2057,62.76426,0.4550784274684188
2020-01-20 08:44:00,M25/4876A,1948,88.5137,0.3055925954976861
2020-01-20 08:59:00,M25/4876A,1905,96.5604,0.2739430543572045
2020-01-20 09:14:00,M25/4876A,1984,93.34172,0.2951414715420547
2020-01-20 09:29:00,M25/4876A,1882,98.16974,0.26619895613799344
2020-01-20 09:44:00,M25/4876A,1879,98.16974,0.2657746219889956
2020-01-20 09:59:00,M25/4876A,1687,99.77908,0.23476857134904952
2020-01-20 10:14:00,M25/4876A,1509,93.34172,0.22448008092588737
2020-01-20 10:29:00,M25/4876A,1509,49.88954,0.41999499011940217
2020-01-20 10:44:00,M25/4876A,1393,96.5604,0.2003163646821973
2020-01-20 10:59:00,M25/4876A,1483,101.38842,0.20310338688250681
2020-01-20 11:14:00,M25/4876A,1404,101.38842,0.19228398866017501
2020-01-20 11:29:00,M25/4876A,1443,101.38842,0.1976252105674021
2020-01-20 11:44:00,M25/4876A,1436,102.99776,0.19359361518550475
2020-01-20 11:59:00,M25/4876A,1427,101.38842,0.19543394004136022
2020-01-20 12:14:00,M25/4876A,1433,101.38842,0.1962556664886259
2020-01-20 12:29:00,M25/4876A,1333,102.99776,0.17970772217428815
2020-01-20 12:44:00,M25/4876A,1458,101.38842,0.19967952668556638
2020-01-20 12:59:00,M25/4876A,1377,101.38842,0.18858621964747935
2020-01-20 13:14:00,M25/4876A,1339,102.99776,0.18051660914581535
2020-01-20 13:29:00,M25/4876A,1154,101.38842,0.15804538669077065
2020-01-20 13:44:00,M25/4876A,1597,98.16974,0.22588721198319633
2020-01-20 13:59:00,M25/4876A,1387,101.38842,0.18995576372625553
2020-01-20 14:14:00,M25/4876A,1318,101.38842,0.1805059095826999
2020-01-20 14:29:00,M25/4876A,1417,99.77908,0.19719446686520636
2020-01-20 14:44:00,M25/4876A,1313,101.38842,0.17982113754331183
2020-01-20 14:59:00,M25/4876A,1426,99.77908,0.1984469370146678
2020-01-20 15:14:00,M25/4876A,1448,101.38842,0.1983099826067902
2020-01-20 15:29:00,M25/4876A,1539,99.77908,0.21417239555790588
2020-01-20 15:44:00,M25/4876A,1508,101.38842,0.20652724707944725
2020-01-20 15:59:00,M25/4876A,1414,93.34172,0.2103478028026539
2020-01-20 16:14:00,M25/4876A,1215,35.40548,0.47650796140873797
2020-01-20 16:29:00,M25/4876A,1588,62.76426,0.35131966106944534
2020-01-20 16:44:00,M25/4876A,1473,98.16974,0.2083480671579513
2020-01-20 16:59:00,M25/4876A,1383,101.38842,0.18940794609474507
2020-01-20 17:14:00,M25/4876A,1520,96.5604,0.21857923497267756
2020-01-20 17:29:00,M25/4876A,1381,98.16974,0.19533515325535014
2020-01-20 17:44:00,M25/4876A,1320,99.77908,0.18369562192101088
2020-01-20 17:59:00,M25/4876A,1386,99.77908,0.1928804030170614
2020-01-20 18:14:00,M25/4876A,1305,99.77908,0.18160817167190849
2020-01-20 18:29:00,M25/4876A,1313,99.77908,0.18272147847142975
2020-01-20 18:44:00,M25/4876A,1108,102.99776,0.14937446074201896
2020-01-20 18:59:00,M25/4876A,1090,102.99776,0.14694779982743744
2020-01-20 19:14:00,M25/4876A,1109,102.99776,0.1495092752372735
2020-01-20 19:29:00,M25/4876A,956,104.6071,0.12689984734850998
2020-01-20 19:44:00,M25/4876A,862,104.6071,0.11442224729541381
2020-01-20 19:59:00,M25/4876A,747,104.6071,0.09915709829428551
2020-01-20 20:14:00,M25/4876A,739,104.6071,0.09809517488551137
2020-01-20 20:29:00,M25/4876A,711,104.6071,0.09437844295480188
2020-01-20 20:44:00,M25/4876A,606,102.99776,0.08169758412424503
2020-01-20 20:59:00,M25/4876A,610,104.6071,0.08097165991902834
2020-01-20 21:14:00,M25/4876A,582,102.99776,0.07846203623813633
2020-01-20 21:29:00,M25/4876A,529,102.99776,0.07131686798964623
2020-01-20 21:44:00,M25/4876A,442,104.6071,0.05867126833477134
2020-01-20 21:59:00,M25/4876A,422,104.6071,0.056016459812836
2020-01-20 22:14:00,M25/4876A,362,106.21644,0.047323973122074925
2020-01-20 22:29:00,M25/4876A,363,106.21644,0.04745470232959447
2020-01-20 22:44:00,M25/4876A,289,104.6071,0.038361983141965886
2020-01-20 22:59:00,M25/4876A,253,104.6071,0.033583327802482243
2020-01-20 23:14:00,M25/4876A,198,104.6071,0.026282604367160015
2020-01-20 23:29:00,M25/4876A,199,102.99776,0.026828084555651423
2020-01-20 23:44:00,M25/4876A,189,102.99776,0.025479939603106124
2020-01-20 23:59:00,M25/4876A,153,104.6071,0.02030928519280547
2020-01-21 00:14:00,M25/4876A,143,102.99776,0.019278472821397757
2020-01-21 00:29:00,M25/4876A,147,104.6071,0.01951284263622486
2020-01-21 00:44:00,M25/4876A,130,101.38842,0.017804073024090282
2020-01-21 00:59:00,M25/4876A,109,102.99776,0.014694779982743746
2020-01-21 01:14:00,M25/4876A,99,99.77908,0.013777171644075817
2020-01-21 01:29:00,M25/4876A,103,99.77908,0.014333825043836457
2020-01-21 01:44:00,M25/4876A,99,99.77908,0.013777171644075817
2020-01-21 01:59:00,M25/4876A,100,98.16974,0.01414447163326214
2020-01-21 02:14:00,M25/4876A,81,96.5604,0.01164797238999137
2020-01-21 02:29:00,M25/4876A,88,96.5604,0.01265458728789186
2020-01-21 02:44:00,M25/4876A,83,98.16974,0.011739911455607575
2020-01-21 02:59:00,M25/4876A,91,99.77908,0.012663864844554538
2020-01-21 03:14:00,M25/4876A,99,99.77908,0.013777171644075817
2020-01-21 03:29:00,M25/4876A,153,98.16974,0.021641041598891072
2020-01-21 03:44:00,M25/4876A,150,99.77908,0.020874502491023964
2020-01-21 03:59:00,M25/4876A,171,102.99776,0.023053278688524588
2020-01-21 04:14:00,M25/4876A,195,101.38842,0.02670610953613542
2020-01-21 04:29:00,M25/4876A,279,102.99776,0.037613244176013805
2020-01-21 04:44:00,M25/4876A,346,102.99776,0.0466458153580673
2020-01-21 04:59:00,M25/4876A,403,106.21644,0.05268387063037623
2020-01-21 05:14:00,M25/4876A,628,104.6071,0.08336098758877016
2020-01-21 05:29:00,M25/4876A,769,104.6071,0.1020773876684144
2020-01-21 05:44:00,M25/4876A,972,106.21644,0.12706878970899677
2020-01-21 05:59:00,M25/4876A,1196,104.6071,0.15875754961173424
2020-01-21 06:14:00,M25/4876A,1541,99.77908,0.2144507222577862
2020-01-21 06:29:00,M25/4876A,1931,96.5604,0.2776819096922634
2020-01-21 06:44:00,M25/4876A,2037,94.95106,0.297889764700721
2020-01-21 06:59:00,M25/4876A,2113,90.12304,0.3255577468260816
2020-01-21 07:14:00,M25/4876A,2150,90.12304,0.3312584740539874
2020-01-21 07:29:00,M25/4876A,2160,88.5137,0.3388501058906581
2020-01-21 07:44:00,M25/4876A,1959,61.15492,0.44480268834294534
2020-01-21 07:59:00,M25/4876A,1735,91.73238,0.26262809742215765
2020-01-21 08:14:00,M25/4876A,1659,98.16974,0.23465678439581886
2020-01-21 08:29:00,M25/4876A,1490,101.38842,0.20406206773765012
2020-01-21 08:44:00,M25/4876A,1722,98.16974,0.243567801524774
2020-01-21 08:59:00,M25/4876A,1751,98.16974,0.24766969829842003
2020-01-21 09:14:00,M25/4876A,1780,96.5604,0.25596778832326716
2020-01-21 09:29:00,M25/4876A,1934,94.95106,0.2828271010953335
2020-01-21 09:44:00,M25/4876A,1860,94.95106,0.2720053816118512
2020-01-21 09:59:00,M25/4876A,1786,96.5604,0.2568306010928962
2020-01-21 10:14:00,M25/4876A,1700,96.5604,0.24446361806154732
2020-01-21 10:29:00,M25/4876A,1759,96.5604,0.2529479436295657
2020-01-21 10:44:00,M25/4876A,1642,98.16974,0.2322522242181643
2020-01-21 10:59:00,M25/4876A,1623,96.5604,0.2333908541846419
2020-01-21 11:14:00,M25/4876A,1424,101.38842,0.19502307681772738
2020-01-21 11:29:00,M25/4876A,1304,101.38842,0.17858854787241327
2020-01-21 11:44:00,M25/4876A,1513,101.38842,0.20721201911883533
2020-01-21 11:59:00,M25/4876A,1388,102.99776,0.1871225194132873
2020-01-21 12:14:00,M25/4876A,1385,102.99776,0.1867180759275237
2020-01-21 12:29:00,M25/4876A,1460,102.99776,0.19682916307161344
2020-01-21 12:44:00,M25/4876A,1397,101.38842,0.1913253078050317
2020-01-21 12:59:00,M25/4876A,1288,102.99776,0.17364106988783434
2020-01-21 13:14:00,M25/4876A,1348,102.99776,0.18172993960310613
2020-01-21 13:29:00,M25/4876A,1443,102.99776,0.19453731665228643
2020-01-21 13:44:00,M25/4876A,1485,101.38842,0.20337729569826205
2020-01-21 13:59:00,M25/4876A,1381,101.38842,0.1891340372789898
2020-01-21 14:14:00,M25/4876A,1402,101.38842,0.19201007984441978
2020-01-21 14:29:00,M25/4876A,1422,101.38842,0.19474916800197214
2020-01-21 14:44:00,M25/4876A,1461,101.38842,0.20009038990919922
2020-01-21 14:59:00,M25/4876A,1367,102.99776,0.1842914150129422
2020-01-21 15:14:00,M25/4876A,1490,99.77908,0.20735339141083806
2020-01-21 15:29:00,M25/4876A,1534,101.38842,0.2100880616842653
2020-01-21 15:44:00,M25/4876A,1598,99.77908,0.2223830332043753
2020-01-21 15:59:00,M25/4876A,1532,102.99776,0.2065358067299396
2020-01-21 16:14:00,M25/4876A,1654,101.38842,0.2265225906295794
2020-01-21 16:29:00,M25/4876A,1540,102.99776,0.20761432269197583
2020-01-21 16:44:00,M25/4876A,1557,99.77908,0.21667733585682875
2020-01-21 16:59:00,M25/4876A,1464,98.16974,0.2070750647109577
2020-01-21 17:14:00,M25/4876A,1524,94.95106,0.22286892557874263
2020-01-21 17:29:00,M25/4876A,1438,91.73238,0.21767101100464706
2020-01-21 17:44:00,M25/4876A,1440,90.12304,0.2218661407617404
2020-01-21 17:59:00,M25/4876A,1333,94.95106,0.19493719015516006
2020-01-21 18:14:00,M25/4876A,1375,98.16974,0.1944864849573544
2020-01-21 18:29:00,M25/4876A,1275,98.16974,0.18034201332409225
2020-01-21 18:44:00,M25/4876A,1134,98.16974,0.16039830832119265
2020-01-21 18:59:00,M25/4876A,944,101.38842,0.12928496103647097
2020-01-21 19:14:00,M25/4876A,949,101.38842,0.12996973307585905
2020-01-21 19:29:00,M25/4876A,942,102.99776,0.126995254529767
2020-01-21 19:44:00,M25/4876A,919,104.6071,0.12198845158292956
2020-01-21 19:59:00,M25/4876A,834,102.99776,0.11243528904227783
2020-01-21 20:14:00,M25/4876A,785,106.21644,0.10262242790284204
2020-01-21 20:29:00,M25/4876A,774,102.99776,0.10434641932700603
2020-01-21 20:44:00,M25/4876A,661,104.6071,0.08774142164996349
2020-01-21 20:59:00,M25/4876A,610,104.6071,0.08097165991902834
2020-01-21 21:14:00,M25/4876A,546,106.21644,0.07137814730567103
2020-01-21 21:29:00,M25/4876A,513,104.6071,0.06809583858764186
2020-01-21 21:44:00,M25/4876A,438,102.99776,0.05904874892148403
2020-01-21 21:59:00,M25/4876A,340,104.6071,0.04513174487290104
2020-01-21 22:14:00,M25/4876A,354,102.99776,0.047724331320103536
2020-01-21 22:29:00,M25/4876A,352,102.99776,0.04745470232959447
2020-01-21 22:44:00,M25/4876A,401,102.99776,0.05406061259706644
2020-01-21 22:59:00,M25/4876A,367,102.99776,0.049476919758412424
2020-01-21 23:14:00,M25/4876A,313,102.99776,0.04219693701466781
2020-01-21 23:29:00,M25/4876A,299,101.38842,0.04094936795540764
2020-01-21 23:44:00,M25/4876A,290,104.6071,0.038494723568062654
2020-01-21 23:59:00,M25/4876A,227,102.99776,0.030602890422778254
2020-01-22 00:14:00,M25/4876A,184,102.99776,0.024805867126833477
2020-01-22 00:29:00,M25/4876A,164,101.38842,0.022460522891929277
2020-01-22 00:44:00,M25/4876A,178,101.38842,0.024377884602215922
2020-01-22 00:59:00,M25/4876A,143,98.16974,0.02022659443556486
2020-01-22 01:14:00,M25/4876A,123,94.95106,0.01798745265497726
2020-01-22 01:29:00,M25/4876A,141,94.95106,0.020619762799608077
2020-01-22 01:44:00,M25/4876A,77,96.5604,0.011072763876905378
2020-01-22 01:59:00,M25/4876A,117,96.5604,0.016824849007765312
2020-01-22 02:14:00,M25/4876A,103,96.5604,0.014811619211964337
2020-01-22 02:29:00,M25/4876A,94,93.34172,0.01398351730088364
2020-01-22 02:44:00,M25/4876A,113,99.77908,0.015725458543238053
2020-01-22 02:59:00,M25/4876A,105,98.16974,0.014851695214925246
2020-01-22 03:14:00,M25/4876A,106,98.16974,0.014993139931257867
2020-01-22 03:29:00,M25/4876A,144,101.38842,0.019721434734376927
2020-01-22 03:44:00,M25/4876A,144,99.77908,0.020039522391383006
2020-01-22 03:59:00,M25/4876A,173,101.38842,0.023693112562827832
2020-01-22 04:14:00,M25/4876A,207,99.77908,0.028806813437613068
2020-01-22 04:29:00,M25/4876A,263,99.77908,0.03659996103426202
2020-01-22 04:44:00,M25/4876A,356,101.38842,0.048755769204431844
2020-01-22 04:59:00,M25/4876A,484,99.77908,0.06735506137103732
2020-01-22 05:14:00,M25/4876A,536,102.99776,0.07226056945642796
2020-01-22 05:29:00,M25/4876A,725,104.6071,0.09623680892015662
2020-01-22 05:44:00,M25/4876A,970,102.99776,0.13077006039689387
2020-01-22 05:59:00,M25/4876A,1159,104.6071,0.15384615384615383
2020-01-22 06:14:00,M25/4876A,1507,102.99776,0.20316544434857634
2020-01-22 06:29:00,M25/4876A,1918,98.16974,0.2712909659259678
2020-01-22 06:44:00,M25/4876A,2012,94.95106,0.2942337783887337
2020-01-22 06:59:00,M25/4876A,1973,93.34172,0.2935051024962066
2020-01-22 07:14:00,M25/4876A,1898,75.63898,0.34842949718209015
2020-01-22 07:29:00,M25/4876A,1540,33.79614,0.6327293643945929
2020-01-22 07:44:00,M25/4876A,1530,30.57746,0.694791335543345
2020-01-22 07:59:00,M25/4876A,1675,80.467,0.28904227782571185
2020-01-22 08:14:00,M25/4876A,1935,91.73238,0.2929022296898415
2020-01-22 08:29:00,M25/4876A,1921,93.34172,0.28576953973401564
2020-01-22 08:44:00,M25/4876A,1794,90.12304,0.2764082336990016
2020-01-22 08:59:00,M25/4876A,1727,99.77908,0.2403351053466559
2020-01-22 09:14:00,M25/4876A,1693,98.16974,0.23946590475112803
2020-01-22 09:29:00,M25/4876A,1771,96.5604,0.2546735691688237
2020-01-22 09:44:00,M25/4876A,1702,98.16974,0.24073890719812158
2020-01-22 09:59:00,M25/4876A,1651,98.16974,0.2335252266651579
2020-01-22 10:14:00,M25/4876A,1656,96.5604,0.23813632441760138
2020-01-22 10:29:00,M25/4876A,1821,96.5604,0.2618636755823986
2020-01-22 10:44:00,M25/4876A,1617,96.5604,0.2325280414150129
2020-01-22 10:59:00,M25/4876A,1745,98.16974,0.2468210300004243
2020-01-22 11:14:00,M25/4876A,1607,98.16974,0.2273016591465226
2020-01-22 11:29:00,M25/4876A,1548,98.16974,0.2189564208828979
2020-01-22 11:44:00,M25/4876A,1426,99.77908,0.1984469370146678
2020-01-22 11:59:00,M25/4876A,1475,99.77908,0.20526594116173566
2020-01-22 12:14:00,M25/4876A,1433,99.77908,0.19942108046424892
2020-01-22 12:29:00,M25/4876A,1466,101.38842,0.2007751619485873
2020-01-22 12:44:00,M25/4876A,1387,101.38842,0.18995576372625553
2020-01-22 12:59:00,M25/4876A,1444,101.38842,0.19776216497527974
2020-01-22 13:14:00,M25/4876A,1386,102.99776,0.18685289042277825
2020-01-22 13:29:00,M25/4876A,1443,99.77908,0.20081271396365055
2020-01-22 13:44:00,M25/4876A,1518,101.38842,0.20789679115822343
2020-01-22 13:59:00,M25/4876A,1432,102.99776,0.1930543572044866
2020-01-22 14:14:00,M25/4876A,1506,99.77908,0.20958000500988058
2020-01-22 14:29:00,M25/4876A,1485,99.77908,0.20665757466113724
2020-01-22 14:44:00,M25/4876A,1455,101.38842,0.19926866346193353
2020-01-22 14:59:00,M25/4876A,1487,101.38842,0.20365120451401728
2020-01-22 15:14:00,M25/4876A,1537,98.16974,0.21740052900323908
2020-01-22 15:29:00,M25/4876A,1514,96.5604,0.21771642220304857
2020-01-22 15:44:00,M25/4876A,1474,90.12304,0.22710464686305928
2020-01-22 15:59:00,M25/4876A,1385,90.12304,0.21339208677431282
2020-01-22 16:14:00,M25/4876A,1387,85.29502,0.22579647386328489
2020-01-22 16:29:00,M25/4876A,1294,85.29502,0.210656551679229
2020-01-22 16:44:00,M25/4876A,1377,85.29502,0.22416852524134337
2020-01-22 16:59:00,M25/4876A,1330,80.467,0.22950819672131145
2020-01-22 17:14:00,M25/4876A,1372,78.85766,0.24158757549611737
2020-01-22 17:29:00,M25/4876A,1265,77.24832,0.22738711532930683
2020-01-22 17:44:00,M25/4876A,1273,75.63898,0.2336937565399372
2020-01-22 17:59:00,M25/4876A,1253,70.81096,0.24570554553298296
2020-01-22 18:14:00,M25/4876A,1329,70.81096,0.26060867519021097
2020-01-22 18:29:00,M25/4876A,1181,82.07634,0.19980036881016425
2020-01-22 18:44:00,M25/4876A,1112,82.07634,0.18812701957400732
2020-01-22 18:59:00,M25/4876A,970,96.5604,0.13948806442335346
2020-01-22 19:14:00,M25/4876A,964,104.6071,0.12796177075728413
2020-01-22 19:29:00,M25/4876A,1065,102.99776,0.1435774374460742
2020-01-22 19:44:00,M25/4876A,996,101.38842,0.13640659024610707
2020-01-22 19:59:00,M25/4876A,847,102.99776,0.1141878774805867
2020-01-22 20:14:00,M25/4876A,809,102.99776,0.10906492666091458
2020-01-22 20:29:00,M25/4876A,769,102.99776,0.10367234685073339
2020-01-22 20:44:00,M25/4876A,718,102.99776,0.09679680759275237
2020-01-22 20:59:00,M25/4876A,687,102.99776,0.09261755823986194
2020-01-22 21:14:00,M25/4876A,573,104.6071,0.07606026415344794
2020-01-22 21:29:00,M25/4876A,514,104.6071,0.06822857901373862
2020-01-22 21:44:00,M25/4876A,464,106.21644,0.06065835228906842
2020-01-22 21:59:00,M25/4876A,450,102.99776,0.06066652286453839
2020-01-22 22:14:00,M25/4876A,388,104.6071,0.05150328532554589
2020-01-22 22:29:00,M25/4876A,385,104.6071,0.05110506404725559
2020-01-22 22:44:00,M25/4876A,325,101.38842,0.0445101825602257
2020-01-22 22:59:00,M25/4876A,306,104.6071,0.04061857038561094
2020-01-22 23:14:00,M25/4876A,245,104.6071,0.0325214043937081
2020-01-22 23:29:00,M25/4876A,247,102.99776,0.033299180327868855
2020-01-22 23:44:00,M25/4876A,247,102.99776,0.033299180327868855
2020-01-22 23:59:00,M25/4876A,171,101.38842,0.023419203747072598
2020-01-23 00:14:00,M25/4876A,159,101.38842,0.021775750852541187
2020-01-23 00:29:00,M25/4876A,119,99.77908,0.01656043864287901
2020-01-23 00:44:00,M25/4876A,118,102.99776,0.015908110440034512
2020-01-23 00:59:00,M25/4876A,113,98.16974,0.015983252945586213
2020-01-23 01:14:00,M25/4876A,108,99.77908,0.015029641793537255
2020-01-23 01:29:00,M25/4876A,122,99.77908,0.01697792869269949
2020-01-23 01:44:00,M25/4876A,83,98.16974,0.011739911455607575
2020-01-23 01:59:00,M25/4876A,79,93.34172,0.01175210496563625
2020-01-23 02:14:00,M25/4876A,90,96.5604,0.012942191544434857
2020-01-23 02:29:00,M25/4876A,99,98.16974,0.014003026916929517
2020-01-23 02:44:00,M25/4876A,91,96.5604,0.013085993672706355
2020-01-23 02:59:00,M25/4876A,120,96.5604,0.01725625539257981
2020-01-23 03:14:00,M25/4876A,117,98.16974,0.0165490318109167
2020-01-23 03:29:00,M25/4876A,127,99.77908,0.01767374544240029
2020-01-23 03:44:00,M25/4876A,170,101.38842,0.023282249339194983
2020-01-23 03:59:00,M25/4876A,179,104.6071,0.02376053627132143
2020-01-23 04:14:00,M25/4876A,247,102.99776,0.033299180327868855
2020-01-23 04:29:00,M25/4876A,276,102.99776,0.03720880069025021
2020-01-23 04:44:00,M25/4876A,336,102.99776,0.045297670405522
2020-01-23 04:59:00,M25/4876A,449,104.6071,0.059600451317448726
2020-01-23 05:14:00,M25/4876A,540,104.6071,0.07167983009225459
2020-01-23 05:29:00,M25/4876A,697,104.6071,0.09252007698944713
2020-01-23 05:44:00,M25/4876A,885,104.6071,0.11747527709563946
2020-01-23 05:59:00,M25/4876A,1163,104.6071,0.1543771155505409
2020-01-23 06:14:00,M25/4876A,1518,102.99776,0.20464840379637617
2020-01-23 06:29:00,M25/4876A,1840,98.16974,0.26025827805202334
2020-01-23 06:44:00,M25/4876A,2085,93.34172,0.3101663145993871
2020-01-23 06:59:00,M25/4876A,2085,91.73238,0.31560782889060435
2020-01-23 07:14:00,M25/4876A,2130,90.12304,0.32817699987674104
2020-01-23 07:29:00,M25/4876A,2232,88.5137,0.35014510942034666
2020-01-23 07:44:00,M25/4876A,2131,72.4203,0.40858978046208416
2020-01-23 07:59:00,M25/4876A,2129,90.12304,0.3280229261678787
2020-01-23 08:14:00,M25/4876A,1965,94.95106,0.2873605241221977
2020-01-23 08:29:00,M25/4876A,1879,98.16974,0.2657746219889956
2020-01-23 08:44:00,M25/4876A,1918,98.16974,0.2712909659259678
2020-01-23 08:59:00,M25/4876A,2002,96.5604,0.2878918607995398
2020-01-23 09:14:00,M25/4876A,1860,96.5604,0.267471958584987
2020-01-23 09:29:00,M25/4876A,1907,98.16974,0.269735074046309
2020-01-23 09:44:00,M25/4876A,1809,99.77908,0.25174650004174903
2020-01-23 09:59:00,M25/4876A,1678,99.77908,0.2335161011995881
2020-01-23 10:14:00,M25/4876A,1466,99.77908,0.2040134710122742
2020-01-23 10:29:00,M25/4876A,1548,99.77908,0.21542486570736732
2020-01-23 10:44:00,M25/4876A,1615,99.77908,0.22474881015335801
2020-01-23 10:59:00,M25/4876A,1387,101.38842,0.18995576372625553
2020-01-23 11:14:00,M25/4876A,1531,99.77908,0.2130590887583846
2020-01-23 11:29:00,M25/4876A,1469,101.38842,0.20118602517222015
2020-01-23 11:44:00,M25/4876A,1434,101.38842,0.19639262089650356
2020-01-23 11:59:00,M25/4876A,1431,101.38842,0.1959817576728707
2020-01-23 12:14:00,M25/4876A,1309,102.99776,0.17647217428817946
2020-01-23 12:29:00,M25/4876A,1585,99.77908,0.22057390965515322
2020-01-23 12:44:00,M25/4876A,1514,101.38842,0.20734897352671297
2020-01-23 12:59:00,M25/4876A,1483,101.38842,0.20310338688250681
2020-01-23 13:14:00,M25/4876A,1498,101.38842,0.20515770300067107
2020-01-23 13:29:00,M25/4876A,1587,101.38842,0.21734664530177905
2020-01-23 13:44:00,M25/4876A,1533,101.38842,0.2099511072763877
2020-01-23 13:59:00,M25/4876A,1555,99.77908,0.21639900915694843
2020-01-23 14:14:00,M25/4876A,1465,101.38842,0.2006382075407097
2020-01-23 14:29:00,M25/4876A,1603,99.77908,0.22307884995407612
2020-01-23 14:44:00,M25/4876A,1548,99.77908,0.21542486570736732
2020-01-23 14:59:00,M25/4876A,1523,99.77908,0.2119457819588633
2020-01-23 15:14:00,M25/4876A,1523,101.38842,0.2085815631976115
2020-01-23 15:29:00,M25/4876A,1589,99.77908,0.22113056305491385
2020-01-23 15:44:00,M25/4876A,1530,101.38842,0.20954024405275484
2020-01-23 15:59:00,M25/4876A,1613,99.77908,0.2244704834534777
2020-01-23 16:14:00,M25/4876A,1502,96.5604,0.21599079666379062
2020-01-23 16:29:00,M25/4876A,1435,90.12304,0.2210957722174288
2020-01-23 16:44:00,M25/4876A,1508,91.73238,0.22826695729833643
2020-01-23 16:59:00,M25/4876A,1345,90.12304,0.20722913841982002
2020-01-23 17:14:00,M25/4876A,1441,88.5137,0.22605694564279552
2020-01-23 17:29:00,M25/4876A,1462,88.5137,0.22935132167228803
2020-01-23 17:44:00,M25/4876A,1444,90.12304,0.22248243559718966
2020-01-23 17:59:00,M25/4876A,1490,86.90436,0.23807241236059185
2020-01-23 18:14:00,M25/4876A,1490,90.12304,0.2295698262048564
2020-01-23 18:29:00,M25/4876A,1335,91.73238,0.20207983288678985
2020-01-23 18:44:00,M25/4876A,1263,96.5604,0.18162208800690247
2020-01-23 18:59:00,M25/4876A,1087,101.38842,0.14886944136297026
2020-01-23 19:14:00,M25/4876A,1109,102.99776,0.1495092752372735
2020-01-23 19:29:00,M25/4876A,1099,102.99776,0.14816113028472822
2020-01-23 19:44:00,M25/4876A,1032,102.99776,0.13912855910267471
2020-01-23 19:59:00,M25/4876A,956,104.6071,0.12689984734850998
2020-01-23 20:14:00,M25/4876A,889,104.6071,0.11800623880002653
2020-01-23 20:29:00,M25/4876A,911,101.38842,0.12476546557650958
2020-01-23 20:44:00,M25/4876A,769,104.6071,0.1020773876684144
2020-01-23 20:59:00,M25/4876A,653,104.6071,0.08667949824118934
2020-01-23 21:14:00,M25/4876A,622,104.6071,0.08256454503218955
2020-01-23 21:29:00,M25/4876A,554,104.6071,0.07353819605760933
2020-01-23 21:44:00,M25/4876A,563,104.6071,0.07473285989248026
2020-01-23 21:59:00,M25/4876A,472,104.6071,0.06265348111767438
2020-01-23 22:14:00,M25/4876A,392,104.6071,0.05203424702993296
2020-01-23 22:29:00,M25/4876A,382,106.21644,0.04993855727246581
2020-01-23 22:44:00,M25/4876A,346,102.99776,0.0466458153580673
2020-01-23 22:59:00,M25/4876A,280,101.38842,0.03834723420573291
2020-01-23 23:14:00,M25/4876A,421,102.99776,0.05675690250215703
2020-01-23 23:29:00,M25/4876A,288,101.38842,0.039442869468753854
2020-01-23 23:44:00,M25/4876A,310,101.38842,0.04245586644206144
2020-01-23 23:59:00,M25/4876A,248,99.77908,0.03451251078515962
2020-01-24 00:14:00,M25/4876A,206,101.38842,0.02821260802278921
2020-01-24 00:29:00,M25/4876A,183,101.38842,0.02506265664160401
2020-01-24 00:44:00,M25/4876A,162,99.77908,0.02254446269030588
2020-01-24 00:59:00,M25/4876A,133,101.38842,0.01821493624772313
2020-01-24 01:14:00,M25/4876A,154,99.77908,0.021431155890784606
2020-01-24 01:29:00,M25/4876A,153,99.77908,0.021291992540844445
2020-01-24 01:44:00,M25/4876A,131,98.16974,0.0185292578395734
2020-01-24 01:59:00,M25/4876A,106,93.34172,0.01576864716908155
2020-01-24 02:14:00,M25/4876A,103,94.95106,0.015062663605387463
2020-01-24 02:29:00,M25/4876A,111,96.5604,0.015962036238136326
2020-01-24 02:44:00,M25/4876A,125,96.5604,0.0179752660339373
2020-01-24 02:59:00,M25/4876A,120,99.77908,0.016699601992819172
2020-01-24 03:14:00,M25/4876A,144,98.16974,0.020368039151897478
2020-01-24 03:29:00,M25/4876A,163,96.5604,0.02343974690825424
2020-01-24 03:44:00,M25/4876A,204,99.77908,0.02838932338779259
2020-01-24 03:59:00,M25/4876A,198,101.38842,0.027116972759768276
2020-01-24 04:14:00,M25/4876A,273,101.38842,0.03738855335058959
2020-01-24 04:29:00,M25/4876A,337,101.38842,0.04615363545475711
2020-01-24 04:44:00,M25/4876A,364,106.21644,0.04758543153711402
2020-01-24 04:59:00,M25/4876A,487,104.6071,0.0646445875091259
2020-01-24 05:14:00,M25/4876A,620,104.6071,0.08229906417999602
2020-01-24 05:29:00,M25/4876A,708,104.6071,0.09398022167651157
2020-01-24 05:44:00,M25/4876A,861,106.21644,0.11255784767432739
2020-01-24 05:59:00,M25/4876A,1072,104.6071,0.14229773677573504
2020-01-24 06:14:00,M25/4876A,1349,102.99776,0.18186475409836064
2020-01-24 06:29:00,M25/4876A,1711,99.77908,0.23810849174761337
2020-01-24 06:44:00,M25/4876A,1821,98.16974,0.25757082844170354
2020-01-24 06:59:00,M25/4876A,1898,90.12304,0.2924318994206829
2020-01-24 07:14:00,M25/4876A,1961,93.34172,0.2917199726280087
2020-01-24 07:29:00,M25/4876A,1884,93.34172,0.2802653893070721
2020-01-24 07:44:00,M25/4876A,1756,93.34172,0.26122400404629437
2020-01-24 07:59:00,M25/4876A,1956,96.5604,0.2812769628990509
2020-01-24 08:14:00,M25/4876A,1944,98.16974,0.274968528550616
2020-01-24 08:29:00,M25/4876A,1838,98.16974,0.2599753886193581
2020-01-24 08:44:00,M25/4876A,1793,99.77908,0.24951988644270645
2020-01-24 08:59:00,M25/4876A,1668,99.77908,0.2321244677001865
2020-01-24 09:14:00,M25/4876A,1540,99.77908,0.21431155890784603
2020-01-24 09:29:00,M25/4876A,1578,101.38842,0.21611405563088046
2020-01-24 09:44:00,M25/4876A,1552,101.38842,0.2125532410260624
2020-01-24 09:59:00,M25/4876A,1565,101.38842,0.21433364832847143
2020-01-24 10:14:00,M25/4876A,1574,99.77908,0.21904311280581146
2020-01-24 10:29:00,M25/4876A,1616,99.77908,0.2248879735032982
2020-01-24 10:44:00,M25/4876A,1549,99.77908,0.21556402905730748
2020-01-24 10:59:00,M25/4876A,1604,99.77908,0.22321801330401625
2020-01-24 11:14:00,M25/4876A,1630,99.77908,0.2268362604024604
2020-01-24 11:29:00,M25/4876A,1604,99.77908,0.22321801330401625
2020-01-24 11:44:00,M25/4876A,1589,101.38842,0.21762055411753425
2020-01-24 11:59:00,M25/4876A,1554,102.99776,0.20950172562553926
2020-01-24 12:14:00,M25/4876A,1577,99.77908,0.21946060285563196
2020-01-24 12:29:00,M25/4876A,1554,102.99776,0.20950172562553926
2020-01-24 12:44:00,M25/4876A,1663,102.99776,0.224196505608283
2020-01-24 12:59:00,M25/4876A,1568,102.99776,0.21138912855910266
2020-01-24 13:14:00,M25/4876A,1625,101.38842,0.2225509128011285
2020-01-24 13:29:00,M25/4876A,1568,101.38842,0.21474451155210428
2020-01-24 13:44:00,M25/4876A,1589,101.38842,0.21762055411753425
2020-01-24 13:59:00,M25/4876A,1525,101.38842,0.20885547201336674
2020-01-24 14:14:00,M25/4876A,1570,101.38842,0.21501842036785954
2020-01-24 14:29:00,M25/4876A,1542,101.38842,0.21118369694728623
2020-01-24 14:44:00,M25/4876A,1443,102.99776,0.19453731665228643
2020-01-24 14:59:00,M25/4876A,1463,101.38842,0.20036429872495445
2020-01-24 15:14:00,M25/4876A,1489,101.38842,0.2039251133297725
2020-01-24 15:29:00,M25/4876A,1409,101.38842,0.19296876069956312
2020-01-24 15:44:00,M25/4876A,1441,102.99776,0.19426768766177738
2020-01-24 15:59:00,M25/4876A,1368,101.38842,0.18735362997658078
2020-01-24 16:14:00,M25/4876A,1358,98.16974,0.19208192477969982
2020-01-24 16:29:00,M25/4876A,1466,98.16974,0.20735795414362293
2020-01-24 16:44:00,M25/4876A,1380,98.16974,0.1951937085390175
2020-01-24 16:59:00,M25/4876A,1326,96.5604,0.19068162208800687
2020-01-24 17:14:00,M25/4876A,1299,96.5604,0.18679896462467643
2020-01-24 17:29:00,M25/4876A,1279,96.5604,0.18392292205924646
2020-01-24 17:44:00,M25/4876A,1289,96.5604,0.18536094334196143
2020-01-24 17:59:00,M25/4876A,1284,98.16974,0.18161501577108585
2020-01-24 18:14:00,M25/4876A,1412,98.16974,0.1997199394616614
2020-01-24 18:29:00,M25/4876A,1460,98.16974,0.2065092858456272
2020-01-24 18:44:00,M25/4876A,1340,101.38842,0.1835189065560075
2020-01-24 18:59:00,M25/4876A,1161,101.38842,0.15900406754591395
2020-01-24 19:14:00,M25/4876A,1144,102.99776,0.15422778257118205
2020-01-24 19:29:00,M25/4876A,1129,102.99776,0.1522055651423641
2020-01-24 19:44:00,M25/4876A,1055,104.6071,0.14004114953209
2020-01-24 19:59:00,M25/4876A,987,102.99776,0.13306190681622088
2020-01-24 20:14:00,M25/4876A,965,104.6071,0.1280945111833809
2020-01-24 20:29:00,M25/4876A,900,104.6071,0.11946638348709097
2020-01-24 20:44:00,M25/4876A,868,104.6071,0.11521868985199442
2020-01-24 20:59:00,M25/4876A,722,106.21644,0.09438648782911077
2020-01-24 21:14:00,M25/4876A,680,106.21644,0.08889586111328993
2020-01-24 21:29:00,M25/4876A,587,106.21644,0.07673804481397233
2020-01-24 21:44:00,M25/4876A,532,106.21644,0.06954793840039741
2020-01-24 21:59:00,M25/4876A,499,107.82578,0.06426023463356212
2020-01-24 22:14:00,M25/4876A,383,106.21644,0.050069286479985355
2020-01-24 22:29:00,M25/4876A,393,104.6071,0.052166987456029726
2020-01-24 22:44:00,M25/4876A,402,106.21644,0.05255314142285669
2020-01-24 22:59:00,M25/4876A,359,104.6071,0.04765381296873963
2020-01-24 23:14:00,M25/4876A,327,104.6071,0.04340611933364306
2020-01-24 23:29:00,M25/4876A,306,106.21644,0.04000313750098046
2020-01-24 23:44:00,M25/4876A,227,104.6071,0.030132076723966283
2020-01-24 23:59:00,M25/4876A,198,106.21644,0.025884383088869714
2020-01-25 00:14:00,M25/4876A,219,104.6071,0.029070153315192138
2020-01-25 00:29:00,M25/4876A,171,104.6071,0.022698612862547287
2020-01-25 00:44:00,M25/4876A,159,102.99776,0.021435504745470232
2020-01-25 00:59:00,M25/4876A,149,104.6071,0.019778323488418396
2020-01-25 01:14:00,M25/4876A,151,102.99776,0.020356988783433994
2020-01-25 01:29:00,M25/4876A,140,106.21644,0.01830208905273616
2020-01-25 01:44:00,M25/4876A,123,101.38842,0.016845392168946958
2020-01-25 01:59:00,M25/4876A,113,102.99776,0.015234037963761864
2020-01-25 02:14:00,M25/4876A,115,101.38842,0.01574975690592602
2020-01-25 02:29:00,M25/4876A,97,101.38842,0.0132845775641289
2020-01-25 02:44:00,M25/4876A,97,99.77908,0.013498844944195496
2020-01-25 02:59:00,M25/4876A,134,102.99776,0.01806514236410699
2020-01-25 03:14:00,M25/4876A,109,101.38842,0.014928030458660313
2020-01-25 03:29:00,M25/4876A,132,99.77908,0.018369562192101088
2020-01-25 03:44:00,M25/4876A,151,104.6071,0.020043804340611933
2020-01-25 03:59:00,M25/4876A,178,104.6071,0.02362779584522466
2020-01-25 04:14:00,M25/4876A,201,102.99776,0.02709771354616048
2020-01-25 04:29:00,M25/4876A,212,104.6071,0.028140970332514767
2020-01-25 04:44:00,M25/4876A,276,104.6071,0.0366363576027079
2020-01-25 04:59:00,M25/4876A,322,106.21644,0.04209480482129317
2020-01-25 05:14:00,M25/4876A,370,107.82578,0.047647869367571115
2020-01-25 05:29:00,M25/4876A,438,104.6071,0.058140306630384275
2020-01-25 05:44:00,M25/4876A,469,107.82578,0.06039689387402934
2020-01-25 05:59:00,M25/4876A,574,106.21644,0.07503856511621826
2020-01-25 06:14:00,M25/4876A,607,107.82578,0.07816826136788019
2020-01-25 06:29:00,M25/4876A,670,107.82578,0.08628127696289906
2020-01-25 06:44:00,M25/4876A,797,106.21644,0.10419117839307657
2020-01-25 06:59:00,M25/4876A,828,106.21644,0.10824378382618244
2020-01-25 07:14:00,M25/4876A,915,104.6071,0.12145748987854249
2020-01-25 07:29:00,M25/4876A,901,106.21644,0.11778701597510915
2020-01-25 07:44:00,M25/4876A,948,106.21644,0.12393128872852771
2020-01-25 07:59:00,M25/4876A,1003,107.82578,0.12916435939371307
2020-01-25 08:14:00,M25/4876A,1069,107.82578,0.1376637090646852
2020-01-25 08:29:00,M25/4876A,1174,106.21644,0.15347608962794465
2020-01-25 08:44:00,M25/4876A,1270,106.21644,0.1660260935498209
2020-01-25 08:59:00,M25/4876A,1371,106.21644,0.17922974350929483
2020-01-25 09:14:00,M25/4876A,1354,104.6071,0.17973053693502355
2020-01-25 09:29:00,M25/4876A,1390,106.21644,0.18171359845216617
2020-01-25 09:44:00,M25/4876A,1377,106.21644,0.1800141187544121
2020-01-25 09:59:00,M25/4876A,1561,104.6071,0.20720780513705447
2020-01-25 10:14:00,M25/4876A,1459,104.6071,0.19366828167518416
2020-01-25 10:29:00,M25/4876A,1632,104.6071,0.21663237538992497
2020-01-25 10:44:00,M25/4876A,1621,102.99776,0.21853429680759276
2020-01-25 10:59:00,M25/4876A,1631,102.99776,0.21988244176013802
2020-01-25 11:14:00,M25/4876A,1605,104.6071,0.21304838388531225
2020-01-25 11:29:00,M25/4876A,1758,102.99776,0.2370038826574633
2020-01-25 11:44:00,M25/4876A,1666,104.6071,0.22114554987721508
2020-01-25 11:59:00,M25/4876A,1617,104.6071,0.21464126899847347
2020-01-25 12:14:00,M25/4876A,1693,104.6071,0.22472954138182785
2020-01-25 12:29:00,M25/4876A,1577,104.6071,0.20933165195460274
2020-01-25 12:44:00,M25/4876A,1698,104.6071,0.2253932435123117
2020-01-25 12:59:00,M25/4876A,1574,104.6071,0.20893343067631245
2020-01-25 13:14:00,M25/4876A,1577,104.6071,0.20933165195460274
2020-01-25 13:29:00,M25/4876A,1561,106.21644,0.20406829293800818
2020-01-25 13:44:00,M25/4876A,1487,104.6071,0.19738501360589367
2020-01-25 13:59:00,M25/4876A,1462,106.21644,0.19112610139357333
2020-01-25 14:14:00,M25/4876A,1513,106.21644,0.19779329097707007
2020-01-25 14:29:00,M25/4876A,1445,106.21644,0.18890370486574107
2020-01-25 14:44:00,M25/4876A,1409,106.21644,0.18419745339503749
2020-01-25 14:59:00,M25/4876A,1404,106.21644,0.18354380735743978
2020-01-25 15:14:00,M25/4876A,1382,106.21644,0.1806677647920098
2020-01-25 15:29:00,M25/4876A,1435,106.21644,0.18759641279054565
2020-01-25 15:44:00,M25/4876A,1331,104.6071,0.17667750713479788
2020-01-25 15:59:00,M25/4876A,1365,102.99776,0.1840217860224331
2020-01-25 16:14:00,M25/4876A,1338,106.21644,0.17491567966114988
2020-01-25 16:29:00,M25/4876A,1502,104.6071,0.1993761199973452
2020-01-25 16:44:00,M25/4876A,1355,104.6071,0.17986327736112032
2020-01-25 16:59:00,M25/4876A,1385,104.6071,0.18384549014402335
2020-01-25 17:14:00,M25/4876A,1443,101.38842,0.1976252105674021
2020-01-25 17:29:00,M25/4876A,1497,101.38842,0.20502074859279346
2020-01-25 17:44:00,M25/4876A,1490,101.38842,0.20406206773765012
2020-01-25 17:59:00,M25/4876A,1459,102.99776,0.19669434857635892
2020-01-25 18:14:00,M25/4876A,1430,102.99776,0.19278472821397757
2020-01-25 18:29:00,M25/4876A,1408,102.99776,0.18981880931837788
2020-01-25 18:44:00,M25/4876A,1308,104.6071,0.17362447733457223
2020-01-25 18:59:00,M25/4876A,1195,104.6071,0.15862480918563748
2020-01-25 19:14:00,M25/4876A,1023,104.6071,0.1357934558969934
2020-01-25 19:29:00,M25/4876A,1073,104.6071,0.1424304772018318
2020-01-25 19:44:00,M25/4876A,855,106.21644,0.11177347242921011
2020-01-25 19:59:00,M25/4876A,756,104.6071,0.10035176212915643
2020-01-25 20:14:00,M25/4876A,779,104.6071,0.10340479192938208
2020-01-25 20:29:00,M25/4876A,677,106.21644,0.0885036734907313
2020-01-25 20:44:00,M25/4876A,647,106.21644,0.08458179726514498
2020-01-25 20:59:00,M25/4876A,594,107.82578,0.07649414703874931
2020-01-25 21:14:00,M25/4876A,536,107.82578,0.06902502157031924
2020-01-25 21:29:00,M25/4876A,574,106.21644,0.07503856511621826
2020-01-25 21:44:00,M25/4876A,475,107.82578,0.061169562025935896
2020-01-25 21:59:00,M25/4876A,417,98.16974,0.05898244671070312
2020-01-25 22:14:00,M25/4876A,397,96.5604,0.05708944492378487
2020-01-25 22:29:00,M25/4876A,405,90.12304,0.06239985208923949
2020-01-25 22:44:00,M25/4876A,417,93.34172,0.062033262919877416
2020-01-25 22:59:00,M25/4876A,389,85.29502,0.06332720139352402
2020-01-25 23:14:00,M25/4876A,349,106.21644,0.04562449342432086
2020-01-25 23:29:00,M25/4876A,305,107.82578,0.03927729772191673
2020-01-25 23:44:00,M25/4876A,329,104.6071,0.043671600185836594
2020-01-25 23:59:00,M25/4876A,283,106.21644,0.03699636572803095
2020-01-26 00:14:00,M25/4876A,305,104.6071,0.04048582995951417
2020-01-26 00:29:00,M25/4876A,266,104.6071,0.035308953341740223
2020-01-26 00:44:00,M25/4876A,251,102.99776,0.03383843830888697
2020-01-26 00:59:00,M25/4876A,175,102.99776,0.023592536669542707
2020-01-26 01:14:00,M25/4876A,158,104.6071,0.020972987323289307
2020-01-26 01:29:00,M25/4876A,139,104.6071,0.018450919227450718
2020-01-26 01:44:00,M25/4876A,145,101.38842,0.019858389142254542
2020-01-26 01:59:00,M25/4876A,106,101.38842,0.01451716723502746
2020-01-26 02:14:00,M25/4876A,125,102.99776,0.016851811906816217
2020-01-26 02:29:00,M25/4876A,102,101.38842,0.01396934960351699
2020-01-26 02:44:00,M25/4876A,106,102.99776,0.014290336496980156
2020-01-26 02:59:00,M25/4876A,105,102.99776,0.014155522001725625
2020-01-26 03:14:00,M25/4876A,98,101.38842,0.013421531972006517
2020-01-26 03:29:00,M25/4876A,126,106.21644,0.016471880147462543
2020-01-26 03:44:00,M25/4876A,120,104.6071,0.01592885113161213
2020-01-26 03:59:00,M25/4876A,145,106.21644,0.01895573509033388
2020-01-26 04:14:00,M25/4876A,152,104.6071,0.020176544766708698
2020-01-26 04:29:00,M25/4876A,165,106.21644,0.02157031924072476
2020-01-26 04:44:00,M25/4876A,210,104.6071,0.027875489480321227
2020-01-26 04:59:00,M25/4876A,241,106.21644,0.031505739012210106
2020-01-26 05:14:00,M25/4876A,304,107.82578,0.03914851969659897
2020-01-26 05:29:00,M25/4876A,327,107.82578,0.04211041427890745
2020-01-26 05:44:00,M25/4876A,364,107.82578,0.04687520121566456
2020-01-26 05:59:00,M25/4876A,408,106.21644,0.053337516667973955
2020-01-26 06:14:00,M25/4876A,426,109.43512,0.0540526823326397
2020-01-26 06:29:00,M25/4876A,484,107.82578,0.06232856425379573
2020-01-26 06:44:00,M25/4876A,437,107.82578,0.05627599706386102
2020-01-26 06:59:00,M25/4876A,508,106.21644,0.06641043741992834
2020-01-26 07:14:00,M25/4876A,549,107.82578,0.07069913589945012
2020-01-26 07:29:00,M25/4876A,552,106.21644,0.0721625225507883
2020-01-26 07:44:00,M25/4876A,571,109.43512,0.07245089580266964
2020-01-26 07:59:00,M25/4876A,660,109.43512,0.0837435923463432
2020-01-26 08:14:00,M25/4876A,677,109.43512,0.08590062427041567
2020-01-26 08:29:00,M25/4876A,722,111.04446,0.09028272748871466
2020-01-26 08:44:00,M25/4876A,828,111.04446,0.10353753235547886
2020-01-26 08:59:00,M25/4876A,813,109.43512,0.10315687966299548
2020-01-26 09:14:00,M25/4876A,953,109.43512,0.12092067197888647
2020-01-26 09:29:00,M25/4876A,967,109.43512,0.12269705121047556
2020-01-26 09:44:00,M25/4876A,1108,109.43512,0.14058772775719433
2020-01-26 09:59:00,M25/4876A,1176,109.43512,0.14921585545348423
2020-01-26 10:14:00,M25/4876A,1149,109.43512,0.14578998122113385
2020-01-26 10:29:00,M25/4876A,1239,107.82578,0.15955597336870436
2020-01-26 10:44:00,M25/4876A,1329,107.82578,0.17114599564730273
2020-01-26 10:59:00,M25/4876A,1406,106.21644,0.18380526577247885
2020-01-26 11:14:00,M25/4876A,1456,107.82578,0.18750080486265824
2020-01-26 11:29:00,M25/4876A,1607,107.82578,0.20694628668563997
2020-01-26 11:44:00,M25/4876A,1553,106.21644,0.20302245927785184
2020-01-26 11:59:00,M25/4876A,1607,106.21644,0.2100818364839072
2020-01-26 12:14:00,M25/4876A,1672,106.21644,0.21857923497267756
2020-01-26 12:29:00,M25/4876A,1568,106.21644,0.204983397390645
2020-01-26 12:44:00,M25/4876A,1609,106.21644,0.2103432948989463
2020-01-26 12:59:00,M25/4876A,1520,106.21644,0.1987083954297069
2020-01-26 13:14:00,M25/4876A,1563,104.6071,0.207473285989248
2020-01-26 13:29:00,M25/4876A,1530,104.6071,0.20309285192805468
2020-01-26 13:44:00,M25/4876A,1476,106.21644,0.19295631029884694
2020-01-26 13:59:00,M25/4876A,1542,104.6071,0.2046857370412159
2020-01-26 14:14:00,M25/4876A,1353,106.21644,0.17687661777394303
2020-01-26 14:29:00,M25/4876A,1525,102.99776,0.20559210526315788
2020-01-26 14:44:00,M25/4876A,1532,104.6071,0.20335833278024823
2020-01-26 14:59:00,M25/4876A,1587,102.99776,0.21395060396893875
2020-01-26 15:14:00,M25/4876A,1485,102.99776,0.2001995254529767
2020-01-26 15:29:00,M25/4876A,1511,101.38842,0.2069381103030801
2020-01-26 15:44:00,M25/4876A,1452,94.95106,0.21233968500021935
2020-01-26 15:59:00,M25/4876A,1568,90.12304,0.2415875754961173
2020-01-26 16:14:00,M25/4876A,1461,90.12304,0.22510168864784913
2020-01-26 16:29:00,M25/4876A,1252,93.34172,0.1862485495819821
2020-01-26 16:44:00,M25/4876A,1390,91.73238,0.21040521926040293
2020-01-26 16:59:00,M25/4876A,1277,90.12304,0.1967521262171823
2020-01-26 17:14:00,M25/4876A,1424,85.29502,0.23181988376446838
2020-01-26 17:29:00,M25/4876A,1475,85.29502,0.24012242173637002
2020-01-26 17:44:00,M25/4876A,1503,82.07634,0.2542759985788966
2020-01-26 17:59:00,M25/4876A,1347,88.5137,0.21131069103459094
2020-01-26 18:14:00,M25/4876A,1338,91.73238,0.20253394487080512
2020-01-26 18:29:00,M25/4876A,1285,93.34172,0.19115765671952634
2020-01-26 18:44:00,M25/4876A,877,99.77908,0.1220462578975201
2020-01-26 18:59:00,M25/4876A,1309,96.5604,0.1882369859073914
2020-01-26 19:14:00,M25/4876A,1549,94.95106,0.22652491189072987
2020-01-26 19:29:00,M25/4876A,1239,99.77908,0.17242339057585795
2020-01-26 19:44:00,M25/4876A,1145,102.99776,0.15436259706643657
2020-01-26 19:59:00,M25/4876A,1093,102.99776,0.14735224331320101
2020-01-26 20:14:00,M25/4876A,1017,104.6071,0.13499701334041284
2020-01-26 20:29:00,M25/4876A,976,106.21644,0.12759170653907495
2020-01-26 20:44:00,M25/4876A,881,104.6071,0.1169443153912524
2020-01-26 20:59:00,M25/4876A,921,106.21644,0.12040160012550002
2020-01-26 21:14:00,M25/4876A,737,106.21644,0.09634742594190393
2020-01-26 21:29:00,M25/4876A,665,106.21644,0.08693492300049677
2020-01-26 21:44:00,M25/4876A,681,104.6071,0.09039623017189885
2020-01-26 21:59:00,M25/4876A,583,104.6071,0.07738766841441559
2020-01-26 22:14:00,M25/4876A,478,106.21644,0.06248856119434203
2020-01-26 22:29:00,M25/4876A,452,107.82578,0.058207667443627424
2020-01-26 22:44:00,M25/4876A,392,107.82578,0.05048098592456183
2020-01-26 22:59:00,M25/4876A,312,109.43512,0.03958788001827133
2020-01-26 23:14:00,M25/4876A,291,106.21644,0.03804219938818731
2020-01-26 23:29:00,M25/4876A,302,106.21644,0.03948022067090229
2020-01-26 23:44:00,M25/4876A,240,106.21644,0.03137500980469056
2020-01-26 23:59:00,M25/4876A,209,107.82578,0.026914607291411794
2020-01-27 00:14:00,M25/4876A,189,107.82578,0.024339046785056596
2020-01-27 00:29:00,M25/4876A,148,102.99776,0.019952545297670404
2020-01-27 00:44:00,M25/4876A,159,102.99776,0.021435504745470232
2020-01-27 00:59:00,M25/4876A,135,104.6071,0.017919957523063648
2020-01-27 01:14:00,M25/4876A,109,106.21644,0.014249483619630295
2020-01-27 01:29:00,M25/4876A,113,102.99776,0.015234037963761864
2020-01-27 01:44:00,M25/4876A,81,98.16974,0.011457022022942331
2020-01-27 01:59:00,M25/4876A,82,98.16974,0.011598466739274954
2020-01-27 02:14:00,M25/4876A,98,96.5604,0.014092608570606843
2020-01-27 02:29:00,M25/4876A,95,98.16974,0.013437248051599031
2020-01-27 02:44:00,M25/4876A,95,96.5604,0.013661202185792348
2020-01-27 02:59:00,M25/4876A,109,101.38842,0.014928030458660313
2020-01-27 03:14:00,M25/4876A,89,102.99776,0.011998490077653148
2020-01-27 03:29:00,M25/4876A,144,101.38842,0.019721434734376927
2020-01-27 03:44:00,M25/4876A,153,104.6071,0.02030928519280547
2020-01-27 03:59:00,M25/4876A,197,104.6071,0.02614986394106325
2020-01-27 04:14:00,M25/4876A,226,104.6071,0.029999336297869512
2020-01-27 04:29:00,M25/4876A,321,106.21644,0.041964075613773626
2020-01-27 04:44:00,M25/4876A,368,106.21644,0.04810834836719219
2020-01-27 04:59:00,M25/4876A,525,107.82578,0.06760846329182388
2020-01-27 05:14:00,M25/4876A,685,107.82578,0.08821294734266544
2020-01-27 05:29:00,M25/4876A,920,104.6071,0.12212119200902634
2020-01-27 05:44:00,M25/4876A,1155,106.21644,0.15099223468507333
2020-01-27 05:59:00,M25/4876A,1321,104.6071,0.1753501028738302
2020-01-27 06:14:00,M25/4876A,1786,98.16974,0.25262026337006177
2020-01-27 06:29:00,M25/4876A,2009,94.95106,0.29379506003129524
2020-01-27 06:44:00,M25/4876A,2027,91.73238,0.3068283305329761
2020-01-27 06:59:00,M25/4876A,2077,88.5137,0.3258294768217115
2020-01-27 07:14:00,M25/4876A,2093,85.29502,0.34072964657235416
2020-01-27 07:29:00,M25/4876A,2106,85.29502,0.3428459797808781
2020-01-27 07:44:00,M25/4876A,2041,82.07634,0.3452942868260332
2020-01-27 07:59:00,M25/4876A,2036,75.63898,0.3737631487158775
2020-01-27 08:14:00,M25/4876A,1977,82.07634,0.3344668324620616
2020-01-27 08:29:00,M25/4876A,1932,90.12304,0.2976704055220017
2020-01-27 08:44:00,M25/4876A,1941,93.34172,0.28874475618101214
2020-01-27 08:59:00,M25/4876A,2020,93.34172,0.3004968611466484
2020-01-27 09:14:00,M25/4876A,1916,94.95106,0.2801947909507027
2020-01-27 09:29:00,M25/4876A,1808,96.5604,0.25999424791486914
2020-01-27 09:44:00,M25/4876A,1794,98.16974,0.25375182110072275
2020-01-27 09:59:00,M25/4876A,1718,98.16974,0.24300202265944354
2020-01-27 10:14:00,M25/4876A,1667,99.77908,0.2319853043502463
2020-01-27 10:29:00,M25/4876A,1836,98.16974,0.25969249918669285
2020-01-27 10:44:00,M25/4876A,1619,99.77908,0.22530546355311865
2020-01-27 10:59:00,M25/4876A,1395,101.38842,0.19105139898927648
2020-01-27 11:14:00,M25/4876A,1500,101.38842,0.2054316118164263
2020-01-27 11:29:00,M25/4876A,1480,99.77908,0.20596175791143645
2020-01-27 11:44:00,M25/4876A,1526,99.77908,0.2123632720086838
2020-01-27 11:59:00,M25/4876A,1419,101.38842,0.1943383047783393
2020-01-27 12:14:00,M25/4876A,1332,102.99776,0.17957290767903364
2020-01-27 12:29:00,M25/4876A,1438,99.77908,0.20011689721394973
2020-01-27 12:44:00,M25/4876A,1357,101.38842,0.185847131489927
2020-01-27 12:59:00,M25/4876A,1433,99.77908,0.19942108046424892
2020-01-27 13:14:00,M25/4876A,1401,99.77908,0.1949678532661638
2020-01-27 13:29:00,M25/4876A,1449,101.38842,0.1984469370146678
2020-01-27 13:44:00,M25/4876A,1107,101.38842,0.15160852952052262
2020-01-27 13:59:00,M25/4876A,1339,94.95106,0.19581462687003698
2020-01-27 14:14:00,M25/4876A,1329,90.12304,0.2047639590780229
2020-01-27 14:29:00,M25/4876A,1550,90.12304,0.23881424873659557
2020-01-27 14:44:00,M25/4876A,1314,86.90436,0.2099511072763877
2020-01-27 14:59:00,M25/4876A,1469,86.90436,0.2347170293675902
2020-01-27 15:14:00,M25/4876A,1452,91.73238,0.21979020026338494
2020-01-27 15:29:00,M25/4876A,1449,94.95106,0.21190096664278088
2020-01-27 15:44:00,M25/4876A,1348,93.34172,0.2005295885275654
2020-01-27 15:59:00,M25/4876A,1307,91.73238,0.1978414543693141
2020-01-27 16:14:00,M25/4876A,1368,90.12304,0.21077283372365338
2020-01-27 16:29:00,M25/4876A,1491,90.12304,0.2297238999137187
2020-01-27 16:44:00,M25/4876A,1388,93.34172,0.2064800214215584
2020-01-27 16:59:00,M25/4876A,1313,93.34172,0.19532295974532146
2020-01-27 17:14:00,M25/4876A,1443,91.73238,0.21842786431133915
2020-01-27 17:29:00,M25/4876A,1410,93.34172,0.2097527595132546
2020-01-27 17:44:00,M25/4876A,1396,93.34172,0.20767010800035704
2020-01-27 17:59:00,M25/4876A,1250,96.5604,0.179752660339373
2020-01-27 18:14:00,M25/4876A,1230,98.16974,0.1739770010891243
2020-01-27 18:29:00,M25/4876A,1171,99.77908,0.16296028277992708
2020-01-27 18:44:00,M25/4876A,1121,101.38842,0.15352589123080926
2020-01-27 18:59:00,M25/4876A,1038,102.99776,0.1399374460742019
2020-01-27 19:14:00,M25/4876A,981,102.99776,0.1322530198446937
2020-01-27 19:29:00,M25/4876A,918,102.99776,0.12375970664365833
2020-01-27 19:44:00,M25/4876A,866,104.6071,0.11495320899980088
2020-01-27 19:59:00,M25/4876A,788,104.6071,0.104599455764253
2020-01-27 20:14:00,M25/4876A,751,104.6071,0.0996880599986726
2020-01-27 20:29:00,M25/4876A,696,104.6071,0.09238733656335037
2020-01-27 20:44:00,M25/4876A,679,104.6071,0.09013074931970531
2020-01-27 20:59:00,M25/4876A,595,106.21644,0.07778387847412868
2020-01-27 21:14:00,M25/4876A,506,104.6071,0.06716665560496449
2020-01-27 21:29:00,M25/4876A,506,106.21644,0.06614897900488927
2020-01-27 21:44:00,M25/4876A,430,104.6071,0.057078383221610136
2020-01-27 21:59:00,M25/4876A,399,106.21644,0.05216095380029806
2020-01-27 22:14:00,M25/4876A,328,104.6071,0.043538859759739826
2020-01-27 22:29:00,M25/4876A,325,102.99776,0.04381471095772217
2020-01-27 22:44:00,M25/4876A,295,104.6071,0.03915842569854649
2020-01-27 22:59:00,M25/4876A,252,106.21644,0.03294376029492509
2020-01-27 23:14:00,M25/4876A,248,104.6071,0.03291962567199841
2020-01-27 23:29:00,M25/4876A,248,106.21644,0.03242084346484691
2020-01-27 23:44:00,M25/4876A,253,106.21644,0.03307448950244463
2020-01-27 23:59:00,M25/4876A,195,102.99776,0.026288826574633304
2020-01-28 00:14:00,M25/4876A,191,104.6071,0.02535342138448264
2020-01-28 00:29:00,M25/4876A,133,104.6071,0.017654476670870112
2020-01-28 00:44:00,M25/4876A,152,99.77908,0.021152829190904283
2020-01-28 00:59:00,M25/4876A,112,98.16974,0.015841808229253594
2020-01-28 01:14:00,M25/4876A,108,99.77908,0.015029641793537255
2020-01-28 01:29:00,M25/4876A,106,98.16974,0.014993139931257867
2020-01-28 01:44:00,M25/4876A,108,98.16974,0.015276029363923109
2020-01-28 01:59:00,M25/4876A,93,98.16974,0.01315435861893379
2020-01-28 02:14:00,M25/4876A,76,94.95106,0.011114198388441235
2020-01-28 02:29:00,M25/4876A,95,96.5604,0.013661202185792348
2020-01-28 02:44:00,M25/4876A,88,98.16974,0.012447135037270681
2020-01-28 02:59:00,M25/4876A,102,98.16974,0.014427361065927381
2020-01-28 03:14:00,M25/4876A,102,98.16974,0.014427361065927381
2020-01-28 03:29:00,M25/4876A,137,98.16974,0.01937792613756913
2020-01-28 03:44:00,M25/4876A,170,101.38842,0.023282249339194983
2020-01-28 03:59:00,M25/4876A,209,101.38842,0.028623471246422064
2020-01-28 04:14:00,M25/4876A,239,101.38842,0.032732103482750595
2020-01-28 04:29:00,M25/4876A,298,102.99776,0.040174719585849866
2020-01-28 04:44:00,M25/4876A,375,102.99776,0.05055543572044866
2020-01-28 04:59:00,M25/4876A,530,104.6071,0.07035242583128691
2020-01-28 05:14:00,M25/4876A,599,107.82578,0.07713803716533811
2020-01-28 05:29:00,M25/4876A,821,104.6071,0.10897988982544633
2020-01-28 05:44:00,M25/4876A,989,104.6071,0.1312802814097033
2020-01-28 05:59:00,M25/4876A,1258,102.99776,0.16959663503019842
2020-01-28 06:14:00,M25/4876A,1575,101.38842,0.2157031924072476
2020-01-28 06:29:00,M25/4876A,2008,96.5604,0.2887546735691688
2020-01-28 06:44:00,M25/4876A,2018,94.95106,0.2951112151036106
2020-01-28 06:59:00,M25/4876A,2196,90.12304,0.3383458646616541
2020-01-28 07:14:00,M25/4876A,2070,90.12304,0.31893257734500186
2020-01-28 07:29:00,M25/4876A,2179,88.5137,0.34183073182210366
2020-01-28 07:44:00,M25/4876A,1922,51.49888,0.5182269197584124
2020-01-28 07:59:00,M25/4876A,2115,82.07634,0.35781353093437546
2020-01-28 08:14:00,M25/4876A,2093,74.02964,0.39257981018119065
2020-01-28 08:29:00,M25/4876A,2033,57.93624,0.48724954462659387
2020-01-28 08:44:00,M25/4876A,1986,83.68568,0.32952810778522595
2020-01-28 08:59:00,M25/4876A,1996,94.95106,0.29189394714906186
2020-01-28 09:14:00,M25/4876A,1997,93.34172,0.29707536223260245
2020-01-28 09:29:00,M25/4876A,1991,96.5604,0.2863100373885533
2020-01-28 09:44:00,M25/4876A,1919,96.5604,0.27595628415300544
2020-01-28 09:59:00,M25/4876A,1773,98.16974,0.2507814820577377
2020-01-28 10:14:00,M25/4876A,1630,98.16974,0.23055488762217283
2020-01-28 10:29:00,M25/4876A,1630,99.77908,0.2268362604024604
2020-01-28 10:44:00,M25/4876A,1646,98.16974,0.2328180030834948
2020-01-28 10:59:00,M25/4876A,1518,99.77908,0.21124996520916253
2020-01-28 11:14:00,M25/4876A,1454,101.38842,0.1991317090540559
2020-01-28 11:29:00,M25/4876A,1399,101.38842,0.19159921662078694
2020-01-28 11:44:00,M25/4876A,1462,101.38842,0.20022734431707684
2020-01-28 11:59:00,M25/4876A,1427,101.38842,0.19543394004136022
2020-01-28 12:14:00,M25/4876A,1371,102.99776,0.1848306729939603
2020-01-28 12:29:00,M25/4876A,1485,99.77908,0.20665757466113724
2020-01-28 12:44:00,M25/4876A,1479,101.38842,0.20255556925099633
2020-01-28 12:59:00,M25/4876A,1372,102.99776,0.18496548748921485
2020-01-28 13:14:00,M25/4876A,1399,102.99776,0.1886054788610871
2020-01-28 13:29:00,M25/4876A,1433,101.38842,0.1962556664886259
2020-01-28 13:44:00,M25/4876A,1462,104.6071,0.19406650295347447
2020-01-28 13:59:00,M25/4876A,1370,102.99776,0.1846958584987058
2020-01-28 14:14:00,M25/4876A,1509,102.99776,0.2034350733390854
2020-01-28 14:29:00,M25/4876A,1480,102.99776,0.19952545297670407
2020-01-28 14:44:00,M25/4876A,1384,104.6071,0.18371274971792656
2020-01-28 14:59:00,M25/4876A,1508,102.99776,0.20330025884383088
2020-01-28 15:14:00,M25/4876A,1390,102.99776,0.18739214840379637
2020-01-28 15:29:00,M25/4876A,1441,102.99776,0.19426768766177738
2020-01-28 15:44:00,M25/4876A,1636,101.38842,0.2240574112877823
2020-01-28 15:59:00,M25/4876A,1575,101.38842,0.2157031924072476
2020-01-28 16:14:00,M25/4876A,1652,101.38842,0.22624868181382415
2020-01-28 16:29:00,M25/4876A,1614,101.38842,0.2210444143144747
2020-01-28 16:44:00,M25/4876A,1592,101.38842,0.21803141734116713
2020-01-28 16:59:00,M25/4876A,1619,99.77908,0.22530546355311865
2020-01-28 17:14:00,M25/4876A,1606,96.5604,0.23094621800402643
2020-01-28 17:29:00,M25/4876A,1479,96.5604,0.21268334771354613
2020-01-28 17:44:00,M25/4876A,1380,96.5604,0.1984469370146678
2020-01-28 17:59:00,M25/4876A,1380,99.77908,0.19204542291742047
2020-01-28 18:14:00,M25/4876A,1357,99.77908,0.18884466586879678
2020-01-28 18:29:00,M25/4876A,1309,99.77908,0.18216482507166912
2020-01-28 18:44:00,M25/4876A,1260,99.77908,0.1753458209246013
2020-01-28 18:59:00,M25/4876A,1051,102.99776,0.14169003451251078
2020-01-28 19:14:00,M25/4876A,963,102.99776,0.12982635893011216
2020-01-28 19:29:00,M25/4876A,988,104.6071,0.13114754098360654
2020-01-28 19:44:00,M25/4876A,969,104.6071,0.12862547288776796
2020-01-28 19:59:00,M25/4876A,808,104.6071,0.10725426428618835
2020-01-28 20:14:00,M25/4876A,791,104.6071,0.10499767704254329
2020-01-28 20:29:00,M25/4876A,770,104.6071,0.10221012809451117
2020-01-28 20:44:00,M25/4876A,715,104.6071,0.09490940465918894
2020-01-28 20:59:00,M25/4876A,627,104.6071,0.0832282471626734
2020-01-28 21:14:00,M25/4876A,512,104.6071,0.0679630981615451
2020-01-28 21:29:00,M25/4876A,527,106.21644,0.06889429236279969
2020-01-28 21:44:00,M25/4876A,433,104.6071,0.05747660449990044
2020-01-28 21:59:00,M25/4876A,371,107.82578,0.04777664739288888
2020-01-28 22:14:00,M25/4876A,364,101.38842,0.04985140446745278
2020-01-28 22:29:00,M25/4876A,441,104.6071,0.05853852790867459
2020-01-28 22:44:00,M25/4876A,294,106.21644,0.03843438701074594
2020-01-28 22:59:00,M25/4876A,285,102.99776,0.038422131147540985
2020-01-28 23:14:00,M25/4876A,258,106.21644,0.03372813554004235
2020-01-28 23:29:00,M25/4876A,240,102.99776,0.03235547886108714
2020-01-28 23:44:00,M25/4876A,239,104.6071,0.031724961837127495
2020-01-28 23:59:00,M25/4876A,199,102.99776,0.026828084555651423
2020-01-29 00:14:00,M25/4876A,130,101.38842,0.017804073024090282
2020-01-29 00:29:00,M25/4876A,120,99.77908,0.016699601992819172
2020-01-29 00:44:00,M25/4876A,151,99.77908,0.021013665840964122
2020-01-29 00:59:00,M25/4876A,113,99.77908,0.015725458543238053
2020-01-29 01:14:00,M25/4876A,140,99.77908,0.019482868991622368
2020-01-29 01:29:00,M25/4876A,99,98.16974,0.014003026916929517
2020-01-29 01:44:00,M25/4876A,107,98.16974,0.015134584647590488
2020-01-29 01:59:00,M25/4876A,104,96.5604,0.014955421340235834
2020-01-29 02:14:00,M25/4876A,99,96.5604,0.014236410698878344
2020-01-29 02:29:00,M25/4876A,93,96.5604,0.013373597929249352
2020-01-29 02:44:00,M25/4876A,119,96.5604,0.01711245326430831
2020-01-29 02:59:00,M25/4876A,130,99.77908,0.01809123549222077
2020-01-29 03:14:00,M25/4876A,137,98.16974,0.01937792613756913
2020-01-29 03:29:00,M25/4876A,149,99.77908,0.020735339141083803
2020-01-29 03:44:00,M25/4876A,195,101.38842,0.02670610953613542
2020-01-29 03:59:00,M25/4876A,169,99.77908,0.023518606139887002
2020-01-29 04:14:00,M25/4876A,225,102.99776,0.030333261432269196
2020-01-29 04:29:00,M25/4876A,293,102.99776,0.03950064710957722
2020-01-29 04:44:00,M25/4876A,346,104.6071,0.04592818742948164
2020-01-29 04:59:00,M25/4876A,450,104.6071,0.05973319174354549
2020-01-29 05:14:00,M25/4876A,548,104.6071,0.07274175350102874
2020-01-29 05:29:00,M25/4876A,750,106.21644,0.09804690563965801
2020-01-29 05:44:00,M25/4876A,977,106.21644,0.12772243574659448
2020-01-29 05:59:00,M25/4876A,1203,104.6071,0.15968673259441163
2020-01-29 06:14:00,M25/4876A,1412,102.99776,0.19035806729939603
2020-01-29 06:29:00,M25/4876A,1706,101.38842,0.23364421983921552
2020-01-29 06:44:00,M25/4876A,1666,98.16974,0.23564689741014722
2020-01-29 06:59:00,M25/4876A,1717,96.5604,0.24690825424216278
2020-01-29 07:14:00,M25/4876A,1699,96.5604,0.2443198159332758
2020-01-29 07:29:00,M25/4876A,1732,96.5604,0.24906528616623524
2020-01-29 07:44:00,M25/4876A,1773,98.16974,0.2507814820577377
2020-01-29 07:59:00,M25/4876A,1797,99.77908,0.2500765398424671
2020-01-29 08:14:00,M25/4876A,1764,99.77908,0.24548414929444184
2020-01-29 08:29:00,M25/4876A,1817,98.16974,0.25700504957637305
2020-01-29 08:44:00,M25/4876A,1846,99.77908,0.2568955439895349
2020-01-29 08:59:00,M25/4876A,1841,99.77908,0.25619972723983414
2020-01-29 09:14:00,M25/4876A,2146,94.95106,0.31382986502098537
2020-01-29 09:29:00,M25/4876A,2151,94.95106,0.3145610622833828
2020-01-29 09:44:00,M25/4876A,1962,96.5604,0.28213977566867987
2020-01-29 09:59:00,M25/4876A,1532,98.16974,0.21669330542157597
2020-01-29 10:14:00,M25/4876A,1029,99.77908,0.14319908708842438
2020-01-29 10:29:00,M25/4876A,1793,98.16974,0.25361037638439016
2020-01-29 10:44:00,M25/4876A,1496,101.38842,0.20488379418491584
2020-01-29 10:59:00,M25/4876A,1598,99.77908,0.2223830332043753
2020-01-29 11:14:00,M25/4876A,1444,99.77908,0.2009518773135907
2020-01-29 11:29:00,M25/4876A,1504,101.38842,0.2059794294479368
2020-01-29 11:44:00,M25/4876A,1425,102.99776,0.19211065573770492
2020-01-29 11:59:00,M25/4876A,1499,101.38842,0.2052946574085487
2020-01-29 12:14:00,M25/4876A,1409,101.38842,0.19296876069956312
2020-01-29 12:29:00,M25/4876A,1517,101.38842,0.20775983675034582
2020-01-29 12:44:00,M25/4876A,1520,101.38842,0.20817069997397866
2020-01-29 12:59:00,M25/4876A,1450,101.38842,0.19858389142254543
2020-01-29 13:14:00,M25/4876A,1416,102.99776,0.19089732528041414
2020-01-29 13:29:00,M25/4876A,1459,102.99776,0.19669434857635892
2020-01-29 13:44:00,M25/4876A,1504,101.38842,0.2059794294479368
2020-01-29 13:59:00,M25/4876A,1424,102.99776,0.19197584124245037
2020-01-29 14:14:00,M25/4876A,1477,101.38842,0.2022816604352411
2020-01-29 14:29:00,M25/4876A,1465,102.99776,0.1975032355478861
2020-01-29 14:44:00,M25/4876A,1512,101.38842,0.2070750647109577
2020-01-29 14:59:00,M25/4876A,1515,102.99776,0.20424396031061257
2020-01-29 15:14:00,M25/4876A,1517,102.99776,0.20451358930112165
2020-01-29 15:29:00,M25/4876A,1527,101.38842,0.209129380829122
2020-01-29 15:44:00,M25/4876A,1552,102.99776,0.2092320966350302
2020-01-29 15:59:00,M25/4876A,1609,102.99776,0.21691652286453839
2020-01-29 16:14:00,M25/4876A,1596,102.99776,0.2151639344262295
2020-01-29 16:29:00,M25/4876A,1677,102.99776,0.2260839085418464
2020-01-29 16:44:00,M25/4876A,1622,101.38842,0.22214004957749564
2020-01-29 16:59:00,M25/4876A,1516,99.77908,0.2109716385092822
2020-01-29 17:14:00,M25/4876A,1506,94.95106,0.2202366154341118
2020-01-29 17:29:00,M25/4876A,1435,75.63898,0.26343326051438326
2020-01-29 17:44:00,M25/4876A,423,9.65604,0.6082830025884383
2020-01-29 17:59:00,M25/4876A,865,16.0934,0.7463330457290768
2020-01-29 18:14:00,M25/4876A,1237,19.31208,0.8894161633592177
2020-01-29 18:29:00,M25/4876A,1159,16.0934,1.0
2020-01-29 18:44:00,M25/4876A,1092,16.0934,0.9421915444348576
2020-01-29 18:59:00,M25/4876A,971,48.2802,0.27926373310324987
2020-01-29 19:14:00,M25/4876A,920,78.85766,0.16199749960381046
2020-01-29 19:29:00,M25/4876A,907,98.16974,0.12829035771368758
2020-01-29 19:44:00,M25/4876A,890,104.6071,0.1181389792261233
2020-01-29 19:59:00,M25/4876A,840,104.6071,0.11150195792128491
2020-01-29 20:14:00,M25/4876A,781,104.6071,0.10367027278157562
2020-01-29 20:29:00,M25/4876A,757,102.99776,0.10205457290767903
2020-01-29 20:44:00,M25/4876A,738,104.6071,0.0979624344594146
2020-01-29 20:59:00,M25/4876A,682,104.6071,0.09052897059799561
2020-01-29 21:14:00,M25/4876A,587,104.6071,0.07791863011880268
2020-01-29 21:29:00,M25/4876A,552,102.99776,0.07441760138050042
2020-01-29 21:44:00,M25/4876A,442,104.6071,0.05867126833477134
2020-01-29 21:59:00,M25/4876A,445,104.6071,0.05906948961306165
2020-01-29 22:14:00,M25/4876A,357,104.6071,0.04738833211654609
2020-01-29 22:29:00,M25/4876A,390,101.38842,0.05341221907227084
2020-01-29 22:44:00,M25/4876A,297,98.16974,0.042009080750788554
2020-01-29 22:59:00,M25/4876A,266,98.16974,0.037624294544477285
2020-01-29 23:14:00,M25/4876A,246,96.5604,0.03537532355478861
2020-01-29 23:29:00,M25/4876A,236,61.15492,0.05358521411380046
2020-01-29 23:44:00,M25/4876A,230,56.3269,0.05669912486133366
2020-01-29 23:59:00,M25/4876A,178,64.3736,0.038395168248490076
2020-01-30 00:14:00,M25/4876A,143,69.20162,0.028693540943475728
2020-01-30 00:29:00,M25/4876A,150,64.3736,0.032355478861087146
2020-01-30 00:44:00,M25/4876A,94,62.76426,0.020796000088493617
2020-01-30 00:59:00,M25/4876A,93,67.59228,0.019105139898927644
2020-01-30 01:14:00,M25/4876A,99,65.98294,0.020833771754456113
2020-01-30 01:29:00,M25/4876A,85,72.4203,0.016297574537436486
2020-01-30 01:44:00,M25/4876A,100,65.98294,0.021044213893390014
2020-01-30 01:59:00,M25/4876A,50,69.20162,0.01003270662359291
2020-01-30 02:14:00,M25/4876A,66,70.81096,0.012942191544434859
2020-01-30 02:29:00,M25/4876A,86,70.81096,0.01686406777002118
2020-01-30 02:44:00,M25/4876A,93,67.59228,0.019105139898927644
2020-01-30 02:59:00,M25/4876A,93,72.4203,0.0178314639056658
2020-01-30 03:14:00,M25/4876A,86,70.81096,0.01686406777002118
2020-01-30 03:29:00,M25/4876A,138,64.3736,0.029767040552200173
2020-01-30 03:44:00,M25/4876A,146,65.98294,0.030724552284349414
2020-01-30 03:59:00,M25/4876A,176,64.3736,0.03796376186367558
2020-01-30 04:14:00,M25/4876A,205,61.15492,0.04654647836156396
2020-01-30 04:29:00,M25/4876A,254,90.12304,0.03913472205102921
2020-01-30 04:44:00,M25/4876A,324,101.38842,0.044373228152348086
2020-01-30 04:59:00,M25/4876A,416,102.99776,0.05608283002588438
2020-01-30 05:14:00,M25/4876A,585,102.99776,0.07886647972389992
2020-01-30 05:29:00,M25/4876A,722,104.6071,0.09583858764186631
2020-01-30 05:44:00,M25/4876A,1005,104.6071,0.1334041282272516
2020-01-30 05:59:00,M25/4876A,1177,104.6071,0.15623548151589564
2020-01-30 06:14:00,M25/4876A,1498,102.99776,0.20195211389128556
2020-01-30 06:29:00,M25/4876A,1849,98.16974,0.2615312804990169
2020-01-30 06:44:00,M25/4876A,1955,94.95106,0.2858981295974028
2020-01-30 06:59:00,M25/4876A,2122,91.73238,0.3212085433601259
2020-01-30 07:14:00,M25/4876A,2079,88.5137,0.32614322691975844
2020-01-30 07:29:00,M25/4876A,2251,85.29502,0.36645123479902975
2020-01-30 07:44:00,M25/4876A,2109,80.467,0.36393442622950817
2020-01-30 07:59:00,M25/4876A,2111,82.07634,0.35713681503662725
2020-01-30 08:14:00,M25/4876A,2061,91.73238,0.31197493301848234
2020-01-30 08:29:00,M25/4876A,2051,94.95106,0.2999371170354338
2020-01-30 08:44:00,M25/4876A,2028,96.5604,0.2916307161345988
2020-01-30 08:59:00,M25/4876A,2015,96.5604,0.2897612884670693
2020-01-30 09:14:00,M25/4876A,1918,94.95106,0.28048726985566164
2020-01-30 09:29:00,M25/4876A,1883,96.5604,0.2707794075352315
2020-01-30 09:44:00,M25/4876A,1830,98.16974,0.2588438308886971
2020-01-30 09:59:00,M25/4876A,1656,98.16974,0.23423245024682102
2020-01-30 10:14:00,M25/4876A,1696,99.77908,0.23602104149851097
2020-01-30 10:29:00,M25/4876A,1385,101.38842,0.1896818549105003
2020-01-30 10:44:00,M25/4876A,1657,101.38842,0.22693345385321226
2020-01-30 10:59:00,M25/4876A,1590,98.16974,0.224897098968868
2020-01-30 11:14:00,M25/4876A,1435,98.16974,0.20297316793731168
2020-01-30 11:29:00,M25/4876A,1459,98.16974,0.2063678411292946
2020-01-30 11:44:00,M25/4876A,1497,99.77908,0.20832753486041916
2020-01-30 11:59:00,M25/4876A,1428,99.77908,0.19872526371454816
2020-01-30 12:14:00,M25/4876A,1199,101.38842,0.16420833504526341
2020-01-30 12:29:00,M25/4876A,1168,101.38842,0.1599627484010573
2020-01-30 12:43:00,M25/4876A,1491,98.16974,0.2108940720519385
2020-01-30 12:59:00,M25/4876A,1678,96.5604,0.2412999712395743
2020-01-30 13:14:00,M25/4876A,1506,99.77908,0.20958000500988058
2020-01-30 13:29:00,M25/4876A,1449,98.16974,0.20495339396596837
2020-01-30 13:44:00,M25/4876A,1505,99.77908,0.20944084165994045
2020-01-30 13:59:00,M25/4876A,1485,101.38842,0.20337729569826205
2020-01-30 14:14:00,M25/4876A,1465,101.38842,0.2006382075407097
2020-01-30 14:29:00,M25/4876A,1484,101.38842,0.20324034129038443
2020-01-30 14:44:00,M25/4876A,1616,99.77908,0.2248879735032982
2020-01-30 14:59:00,M25/4876A,1547,98.16974,0.21881497616656528
2020-01-30 15:14:00,M25/4876A,1490,99.77908,0.20735339141083806
2020-01-30 15:29:00,M25/4876A,1576,99.77908,0.2193214395056918
2020-01-30 15:44:00,M25/4876A,1546,101.38842,0.21173151457879671
2020-01-30 15:59:00,M25/4876A,1594,99.77908,0.22182637980461467
2020-01-30 16:14:00,M25/4876A,1462,101.38842,0.20022734431707684
2020-01-30 16:29:00,M25/4876A,1495,99.77908,0.20804920816053885
2020-01-30 16:44:00,M25/4876A,1545,93.34172,0.22983547053048106
2020-01-30 16:59:00,M25/4876A,1396,86.90436,0.22305307896334642
2020-01-30 17:14:00,M25/4876A,1411,83.68568,0.23412092652817415
2020-01-30 17:29:00,M25/4876A,1311,80.467,0.22622950819672133
2020-01-30 17:44:00,M25/4876A,1401,85.29502,0.228075601934003
2020-01-30 17:59:00,M25/4876A,1415,90.12304,0.2180142980401824
2020-01-30 18:14:00,M25/4876A,1457,90.12304,0.22448539381239985
2020-01-30 18:29:00,M25/4876A,1337,91.73238,0.2023825742094667
2020-01-30 18:44:00,M25/4876A,1312,101.38842,0.17968418313543422
2020-01-30 18:59:00,M25/4876A,1232,102.99776,0.16609145815358067
2020-01-30 19:14:00,M25/4876A,1154,104.6071,0.15318245171567
2020-01-30 19:29:00,M25/4876A,1113,102.99776,0.15004853321829162
2020-01-30 19:44:00,M25/4876A,1080,104.6071,0.14335966018450919
2020-01-30 19:59:00,M25/4876A,1005,104.6071,0.1334041282272516
2020-01-30 20:14:00,M25/4876A,870,104.6071,0.11548417070418794
2020-01-30 20:29:00,M25/4876A,840,106.21644,0.10981253431641695
2020-01-30 20:44:00,M25/4876A,782,102.99776,0.10542493528904227
2020-01-30 20:59:00,M25/4876A,732,104.6071,0.097165991902834
2020-01-30 21:14:00,M25/4876A,625,104.6071,0.08296276631047986
2020-01-30 21:29:00,M25/4876A,625,106.21644,0.081705754699715
2020-01-30 21:44:00,M25/4876A,549,104.6071,0.0728744939271255
2020-01-30 21:59:00,M25/4876A,466,106.21644,0.0609198107041075
2020-01-30 22:14:00,M25/4876A,403,102.99776,0.0543302415875755
2020-01-30 22:29:00,M25/4876A,358,102.99776,0.04826358930112165
2020-01-30 22:44:00,M25/4876A,347,99.77908,0.04828968242923543
2020-01-30 22:59:00,M25/4876A,262,98.16974,0.0370585156791468
2020-01-30 23:14:00,M25/4876A,274,64.3736,0.05910267471958585
2020-01-30 23:29:00,M25/4876A,262,62.76426,0.057963319395588596
2020-01-30 23:44:00,M25/4876A,248,67.59228,0.05094703973047372
2020-01-30 23:59:00,M25/4876A,197,75.63898,0.03616470545040662
2020-01-31 00:14:00,M25/4876A,143,70.81096,0.028041415012942193
2020-01-31 00:29:00,M25/4876A,119,75.63898,0.021845685018265927
2020-01-31 00:44:00,M25/4876A,106,78.85766,0.01866492930217816
2020-01-31 00:59:00,M25/4876A,83,82.07634,0.014041854878275726
2020-01-31 01:14:00,M25/4876A,100,83.68568,0.01659255326209597
2020-01-31 01:29:00,M25/4876A,108,82.07634,0.01827132923920215
2020-01-31 01:44:00,M25/4876A,71,82.07634,0.012011707185031043
2020-01-31 01:59:00,M25/4876A,104,80.467,0.017946505608283002
2020-01-31 02:14:00,M25/4876A,70,77.24832,0.01258268622375611
2020-01-31 02:29:00,M25/4876A,75,82.07634,0.012688423082779272
2020-01-31 02:44:00,M25/4876A,101,82.07634,0.017087076418142753
2020-01-31 02:59:00,M25/4876A,116,82.07634,0.019624761034698606
2020-01-31 03:14:00,M25/4876A,115,82.07634,0.019455582060261552
2020-01-31 03:29:00,M25/4876A,103,83.68568,0.01709032985995885
2020-01-31 03:44:00,M25/4876A,147,80.467,0.02536669542709232
2020-01-31 03:59:00,M25/4876A,174,82.07634,0.02943714155204791
2020-01-31 04:14:00,M25/4876A,220,99.77908,0.030615936986835148
2020-01-31 04:29:00,M25/4876A,250,101.38842,0.034238601969404384
2020-01-31 04:44:00,M25/4876A,302,98.16974,0.04271630433245165
2020-01-31 04:59:00,M25/4876A,426,101.38842,0.05834257775586508
2020-01-31 05:14:00,M25/4876A,527,104.6071,0.06995420455299661
2020-01-31 05:29:00,M25/4876A,734,104.6071,0.09743147275502753
2020-01-31 05:44:00,M25/4876A,895,104.6071,0.11880268135660714
2020-01-31 05:59:00,M25/4876A,1072,104.6071,0.14229773677573504
2020-01-31 06:14:00,M25/4876A,1338,102.99776,0.18038179465056084
2020-01-31 06:29:00,M25/4876A,1666,101.38842,0.2281660435241108
2020-01-31 06:44:00,M25/4876A,1824,98.16974,0.2579951625907014
2020-01-31 06:59:00,M25/4876A,1964,94.95106,0.2872142846697182
2020-01-31 07:14:00,M25/4876A,1928,93.34172,0.2868108654904644
2020-01-31 07:29:00,M25/4876A,2004,94.95106,0.2930638627688978
2020-01-31 07:44:00,M25/4876A,1954,94.95106,0.2857518901449233
2020-01-31 07:59:00,M25/4876A,1838,101.38842,0.251722201679061
2020-01-31 08:14:00,M25/4876A,1772,101.38842,0.24268321075913826
2020-01-31 08:29:00,M25/4876A,1689,102.99776,0.22770168248490075
2020-01-31 08:44:00,M25/4876A,1778,101.38842,0.24350493720640395
2020-01-31 08:59:00,M25/4876A,1574,102.99776,0.21219801553062984
2020-01-31 09:14:00,M25/4876A,1565,102.99776,0.21098468507333906
2020-01-31 09:29:00,M25/4876A,1620,101.38842,0.2218661407617404
2020-01-31 09:44:00,M25/4876A,1426,102.99776,0.19224547023295943
2020-01-31 09:59:00,M25/4876A,1310,104.6071,0.17388995818676575
2020-01-31 10:14:00,M25/4876A,1701,101.38842,0.23295944779982747
2020-01-31 10:29:00,M25/4876A,1628,101.38842,0.22296177602476136
2020-01-31 10:44:00,M25/4876A,1514,102.99776,0.20410914581535805
2020-01-31 10:59:00,M25/4876A,1509,102.99776,0.2034350733390854
2020-01-31 11:14:00,M25/4876A,1548,101.38842,0.21200542339455195
2020-01-31 11:29:00,M25/4876A,1556,101.38842,0.2131010586575729
2020-01-31 11:44:00,M25/4876A,1579,101.38842,0.2162510100387581
2020-01-31 11:59:00,M25/4876A,1577,101.38842,0.21597710122300287
2020-01-31 12:14:00,M25/4876A,1540,102.99776,0.20761432269197583
2020-01-31 12:29:00,M25/4876A,1615,102.99776,0.21772540983606556
2020-01-31 12:44:00,M25/4876A,1611,102.99776,0.21718615185504744
2020-01-31 12:59:00,M25/4876A,1558,104.6071,0.20680958385876416
2020-01-31 13:14:00,M25/4876A,1597,102.99776,0.215298748921484
2020-01-31 13:29:00,M25/4876A,1734,101.38842,0.2374789432597888
2020-01-31 13:44:00,M25/4876A,1576,102.99776,0.2124676445211389
2020-01-31 13:59:00,M25/4876A,1581,102.99776,0.21314171699741155
2020-01-31 14:14:00,M25/4876A,1582,102.99776,0.21327653149266607
2020-01-31 14:29:00,M25/4876A,1644,101.38842,0.22515304655080326
2020-01-31 14:44:00,M25/4876A,1623,102.99776,0.2188039257981018
2020-01-31 14:59:00,M25/4876A,1435,102.99776,0.1934588006902502
2020-01-31 15:14:00,M25/4876A,1377,104.6071,0.1827835667352492
2020-01-31 15:29:00,M25/4876A,1474,104.6071,0.19565938806663566
2020-01-31 15:44:00,M25/4876A,1471,102.99776,0.1983121225194133
2020-01-31 15:59:00,M25/4876A,1558,102.99776,0.21004098360655737
2020-01-31 16:14:00,M25/4876A,1478,102.99776,0.19925582398619499
2020-01-31 16:29:00,M25/4876A,1495,96.5604,0.21498418176589013
2020-01-31 16:44:00,M25/4876A,1373,93.34172,0.204248609086311
2020-01-31 16:59:00,M25/4876A,1326,93.34172,0.1972568504358692
2020-01-31 17:14:00,M25/4876A,1460,96.5604,0.2099511072763877
2020-01-31 17:29:00,M25/4876A,1310,96.5604,0.1883807880356629
2020-01-31 17:44:00,M25/4876A,1239,98.16974,0.1752500035361179
2020-01-31 17:59:00,M25/4876A,1265,96.5604,0.1819096922634455
2020-01-31 18:14:00,M25/4876A,1372,96.5604,0.19729651998849582
2020-01-31 18:29:00,M25/4876A,1470,93.34172,0.21867840885424414
2020-01-31 18:44:00,M25/4876A,1276,90.12304,0.19659805250831996
2020-01-31 18:59:00,M25/4876A,1273,91.73238,0.19269485188380783
2020-01-31 19:14:00,M25/4876A,1179,96.5604,0.16954270923209663
2020-01-31 19:29:00,M25/4876A,1049,101.38842,0.1436651738636208
2020-01-31 19:44:00,M25/4876A,1070,99.77908,0.14890478443597094
2020-01-31 19:59:00,M25/4876A,1051,101.38842,0.14393908267937602
2020-01-31 20:14:00,M25/4876A,932,101.38842,0.12764150814193953
2020-01-31 20:29:00,M25/4876A,949,102.99776,0.12793895599654875
2020-01-31 20:44:00,M25/4876A,864,102.99776,0.1164797238999137
2020-01-31 20:59:00,M25/4876A,768,102.99776,0.10353753235547886
2020-01-31 21:14:00,M25/4876A,664,102.99776,0.08951682484900776
2020-01-31 21:29:00,M25/4876A,612,104.6071,0.08123714077122188
2020-01-31 21:44:00,M25/4876A,563,104.6071,0.07473285989248026
2020-01-31 21:59:00,M25/4876A,447,104.6071,0.05933497046525518
2020-01-31 22:14:00,M25/4876A,436,104.6071,0.057874825778190746
2020-01-31 22:29:00,M25/4876A,408,104.6071,0.05415809384748124
2020-01-31 22:44:00,M25/4876A,394,104.6071,0.0522997278821265
2020-01-31 22:59:00,M25/4876A,385,106.21644,0.05033074489502444
2020-01-31 23:14:00,M25/4876A,298,102.99776,0.040174719585849866
2020-01-31 23:29:00,M25/4876A,257,104.6071,0.03411428950686931
2020-01-31 23:44:00,M25/4876A,244,98.16974,0.03451251078515962
2020-01-31 23:59:00,M25/4876A,242,82.07634,0.04094131181376778
2020-01-01 00:14:00,M25/5764B,38,102.99776,0.005122950819672131
2020-01-01 00:29:00,M25/5764B,41,106.21644,0.0053598975083013044
2020-01-01 00:44:00,M25/5764B,86,107.82578,0.01107491017732734
2020-01-01 00:59:00,M25/5764B,120,106.21644,0.01568750490234528
2020-01-01 01:14:00,M25/5764B,129,107.82578,0.01661236526599101
2020-01-01 01:29:00,M25/5764B,132,106.21644,0.01725625539257981
2020-01-01 01:44:00,M25/5764B,160,109.43512,0.020301476932446837
2020-01-01 01:59:00,M25/5764B,145,107.82578,0.018672813671075168
2020-01-01 02:14:00,M25/5764B,148,104.6071,0.019645583062321628
2020-01-01 02:29:00,M25/5764B,123,109.43512,0.015606760391818502
2020-01-01 02:44:00,M25/5764B,100,106.21644,0.0130729207519544
2020-01-01 02:59:00,M25/5764B,84,109.43512,0.010658275389534589
2020-01-01 03:14:00,M25/5764B,75,109.43512,0.009516317312084454
2020-01-01 03:29:00,M25/5764B,66,102.99776,0.008897756686798965
2020-01-01 03:44:00,M25/5764B,87,104.6071,0.011548417070418796
2020-01-01 03:59:00,M25/5764B,70,101.38842,0.009586808551433228
2020-01-01 04:14:00,M25/5764B,76,106.21644,0.009935419771485344
2020-01-01 04:29:00,M25/5764B,76,98.16974,0.010749798441279225
2020-01-01 04:44:00,M25/5764B,72,96.5604,0.010353753235547885
2020-01-01 04:59:00,M25/5764B,48,90.12304,0.007395538025391347
2020-01-01 05:14:00,M25/5764B,47,86.90436,0.007509666698622694
2020-01-01 05:29:00,M25/5764B,67,93.34172,0.00996697509743834
2020-01-01 05:44:00,M25/5764B,60,88.5137,0.009412502941407169
2020-01-01 05:59:00,M25/5764B,53,86.90436,0.008468347553766017
2020-01-01 06:14:00,M25/5764B,96,99.77908,0.013359681594255336
2020-01-01 06:29:00,M25/5764B,100,99.77908,0.013916334994015976
2020-01-01 06:44:00,M25/5764B,85,98.16974,0.012022800888272818
2020-01-01 06:59:00,M25/5764B,78,99.77908,0.010854741295332463
2020-01-01 07:14:00,M25/5764B,91,93.34172,0.013537234833834162
2020-01-01 07:29:00,M25/5764B,84,91.73238,0.012715135552427228
2020-01-01 07:44:00,M25/5764B,107,101.38842,0.014654121642905076
2020-01-01 07:59:00,M25/5764B,103,104.6071,0.013672263887967079
2020-01-01 08:14:00,M25/5764B,124,102.99776,0.01671699741156169
2020-01-01 08:29:00,M25/5764B,127,104.6071,0.016858034114289506
2020-01-01 08:44:00,M25/5764B,152,107.82578,0.019574259848299486
2020-01-01 08:59:00,M25/5764B,141,107.82578,0.01815770156980413
2020-01-01 09:14:00,M25/5764B,164,107.82578,0.0211195961521126
2020-01-01 09:29:00,M25/5764B,215,104.6071,0.028539191610805068
2020-01-01 09:44:00,M25/5764B,236,106.21644,0.03085209297461238
2020-01-01 09:59:00,M25/5764B,237,109.43512,0.030071562706186876
2020-01-01 10:14:00,M25/5764B,271,109.43512,0.034385626554331826
2020-01-01 10:29:00,M25/5764B,324,109.43512,0.04111049078820484
2020-01-01 10:44:00,M25/5764B,360,107.82578,0.04636008911439352
2020-01-01 10:59:00,M25/5764B,428,107.82578,0.05511699483600119
2020-01-01 11:14:00,M25/5764B,452,109.43512,0.0573516723341623
2020-01-01 11:29:00,M25/5764B,506,107.82578,0.06516168081078645
2020-01-01 11:44:00,M25/5764B,496,107.82578,0.06387390055760885
2020-01-01 11:59:00,M25/5764B,621,106.21644,0.08118283786963681
2020-01-01 12:14:00,M25/5764B,591,107.82578,0.07610781296279603
2020-01-01 12:29:00,M25/5764B,603,107.82578,0.07765314926660914
2020-01-01 12:44:00,M25/5764B,639,107.82578,0.0822891581780485
2020-01-01 12:59:00,M25/5764B,607,107.82578,0.07816826136788019
2020-01-01 13:14:00,M25/5764B,589,107.82578,0.07585025691216052
2020-01-01 13:29:00,M25/5764B,635,106.21644,0.08301304677491045
2020-01-01 13:44:00,M25/5764B,662,107.82578,0.08525105276035698
2020-01-01 13:59:00,M25/5764B,628,107.82578,0.08087259989955314
2020-01-01 14:14:00,M25/5764B,655,107.82578,0.08434960658313266
2020-01-01 14:29:00,M25/5764B,597,106.21644,0.07804533688916776
2020-01-01 14:44:00,M25/5764B,615,106.21644,0.08039846262451955
2020-01-01 14:59:00,M25/5764B,573,106.21644,0.07490783590869872
2020-01-01 15:14:00,M25/5764B,602,107.82578,0.07752437124129138
2020-01-01 15:29:00,M25/5764B,598,106.21644,0.07817606609668731
2020-01-01 15:44:00,M25/5764B,629,104.6071,0.08349372801486692
2020-01-01 15:59:00,M25/5764B,565,104.6071,0.07499834074467379
2020-01-01 16:14:00,M25/5764B,627,102.99776,0.08452868852459017
2020-01-01 16:29:00,M25/5764B,620,101.38842,0.08491173288412288
2020-01-01 16:44:00,M25/5764B,596,102.99776,0.08034943917169973
2020-01-01 16:59:00,M25/5764B,598,102.99776,0.0806190681622088
2020-01-01 17:14:00,M25/5764B,562,104.6071,0.07460011946638348
2020-01-01 17:29:00,M25/5764B,530,106.21644,0.06928647998535832
2020-01-01 17:44:00,M25/5764B,509,106.21644,0.0665411666274479
2020-01-01 17:59:00,M25/5764B,558,102.99776,0.07522648835202761
2020-01-01 18:14:00,M25/5764B,471,106.21644,0.061573456741705224
2020-01-01 18:29:00,M25/5764B,483,107.82578,0.06219978622847797
2020-01-01 18:44:00,M25/5764B,424,106.21644,0.055429183988286654
2020-01-01 18:59:00,M25/5764B,421,106.21644,0.05503699636572802
2020-01-01 19:14:00,M25/5764B,384,106.21644,0.0502000156875049
2020-01-01 19:29:00,M25/5764B,486,104.6071,0.06451184708302914
2020-01-01 19:44:00,M25/5764B,390,107.82578,0.05022342987392631
2020-01-01 19:59:00,M25/5764B,313,107.82578,0.040307521924458814
2020-01-01 20:14:00,M25/5764B,331,107.82578,0.04262552638017849
2020-01-01 20:29:00,M25/5764B,337,107.82578,0.043398194532085044
2020-01-01 20:44:00,M25/5764B,291,106.21644,0.03804219938818731
2020-01-01 20:59:00,M25/5764B,281,106.21644,0.036734907312991866
2020-01-01 21:14:00,M25/5764B,254,106.21644,0.03320521870996417
2020-01-01 21:29:00,M25/5764B,207,106.21644,0.02706094595654561
2020-01-01 21:44:00,M25/5764B,181,106.21644,0.023661986561037462
2020-01-01 21:59:00,M25/5764B,178,107.82578,0.022922488506561242
2020-01-01 22:14:00,M25/5764B,214,104.6071,0.0284064511847083
2020-01-01 22:29:00,M25/5764B,204,107.82578,0.026270717164822995
2020-01-01 22:44:00,M25/5764B,210,106.21644,0.027453133579104238
2020-01-01 22:59:00,M25/5764B,160,104.6071,0.02123846817548284
2020-01-01 23:14:00,M25/5764B,135,106.21644,0.017648443015138442
2020-01-01 23:29:00,M25/5764B,136,106.21644,0.017779172222657985
2020-01-01 23:44:00,M25/5764B,133,106.21644,0.017386984600099353
2020-01-01 23:59:00,M25/5764B,105,102.99776,0.014155522001725625
2020-01-02 00:14:00,M25/5764B,89,107.82578,0.011461244253280621
2020-01-02 00:29:00,M25/5764B,96,102.99776,0.012942191544434857
2020-01-02 00:44:00,M25/5764B,73,101.38842,0.00999767177506608
2020-01-02 00:59:00,M25/5764B,73,101.38842,0.00999767177506608
2020-01-02 01:14:00,M25/5764B,79,101.38842,0.010819398222331786
2020-01-02 01:29:00,M25/5764B,59,101.38842,0.008080310064779436
2020-01-02 01:44:00,M25/5764B,70,96.5604,0.010066148979004888
2020-01-02 01:59:00,M25/5764B,57,94.95106,0.008335648791330925
2020-01-02 02:14:00,M25/5764B,51,101.38842,0.006984674801758495
2020-01-02 02:29:00,M25/5764B,76,98.16974,0.010749798441279225
2020-01-02 02:44:00,M25/5764B,59,93.34172,0.008776888518639732
2020-01-02 02:59:00,M25/5764B,69,93.34172,0.01026449674213799
2020-01-02 03:14:00,M25/5764B,72,94.95106,0.010529240578523273
2020-01-02 03:29:00,M25/5764B,61,98.16974,0.008628127696289905
2020-01-02 03:44:00,M25/5764B,89,101.38842,0.012188942301107961
2020-01-02 03:59:00,M25/5764B,107,96.5604,0.015386827725050331
2020-01-02 04:14:00,M25/5764B,108,99.77908,0.015029641793537255
2020-01-02 04:29:00,M25/5764B,127,99.77908,0.01767374544240029
2020-01-02 04:44:00,M25/5764B,183,98.16974,0.025884383088869714
2020-01-02 04:59:00,M25/5764B,159,99.77908,0.022126972640485403
2020-01-02 05:14:00,M25/5764B,216,101.38842,0.02958215210156539
2020-01-02 05:29:00,M25/5764B,287,101.38842,0.03930591506087623
2020-01-02 05:44:00,M25/5764B,349,101.38842,0.04779708834928852
2020-01-02 05:59:00,M25/5764B,431,102.99776,0.058105047454702324
2020-01-02 06:14:00,M25/5764B,434,102.99776,0.05850949094046592
2020-01-02 06:29:00,M25/5764B,476,101.38842,0.06519029814974595
2020-01-02 06:44:00,M25/5764B,557,99.77908,0.07751398591666898
2020-01-02 06:59:00,M25/5764B,578,99.77908,0.08043641626541234
2020-01-02 07:14:00,M25/5764B,569,99.77908,0.0791839461159509
2020-01-02 07:29:00,M25/5764B,546,99.77908,0.07598318906732723
2020-01-02 07:44:00,M25/5764B,590,99.77908,0.08210637646469426
2020-01-02 07:59:00,M25/5764B,557,102.99776,0.07509167385677308
2020-01-02 08:14:00,M25/5764B,560,101.38842,0.07669446841146582
2020-01-02 08:29:00,M25/5764B,542,102.99776,0.07306945642795512
2020-01-02 08:44:00,M25/5764B,559,101.38842,0.0765575140035882
2020-01-02 08:59:00,M25/5764B,514,102.99776,0.0692946505608283
2020-01-02 09:14:00,M25/5764B,488,102.99776,0.06578947368421052
2020-01-02 09:29:00,M25/5764B,552,101.38842,0.07559883314844489
2020-01-02 09:44:00,M25/5764B,593,102.99776,0.07994499568593615
2020-01-02 09:59:00,M25/5764B,554,102.99776,0.07468723037100948
2020-01-02 10:14:00,M25/5764B,625,102.99776,0.0842590595340811
2020-01-02 10:29:00,M25/5764B,726,99.77908,0.10103259205655599
2020-01-02 10:44:00,M25/5764B,762,99.77908,0.10604247265440174
2020-01-02 10:59:00,M25/5764B,728,101.38842,0.09970280893490556
2020-01-02 11:14:00,M25/5764B,773,101.38842,0.10586575728939836
2020-01-02 11:29:00,M25/5764B,774,101.38842,0.10600271169727597
2020-01-02 11:44:00,M25/5764B,885,99.77908,0.1231595646970414
2020-01-02 11:59:00,M25/5764B,747,101.38842,0.1023049426845803
2020-01-02 12:14:00,M25/5764B,737,102.99776,0.09935828300258844
2020-01-02 12:29:00,M25/5764B,800,101.38842,0.10956352630209404
2020-01-02 12:44:00,M25/5764B,777,102.99776,0.10475086281276963
2020-01-02 12:59:00,M25/5764B,688,102.99776,0.09275237273511647
2020-01-02 13:14:00,M25/5764B,830,101.38842,0.11367215853842255
2020-01-02 13:29:00,M25/5764B,718,101.38842,0.0983332648561294
2020-01-02 13:44:00,M25/5764B,727,101.38842,0.09956585452702794
2020-01-02 13:59:00,M25/5764B,709,102.99776,0.0955834771354616
2020-01-02 14:14:00,M25/5764B,765,102.99776,0.10313308886971527
2020-01-02 14:29:00,M25/5764B,795,102.99776,0.10717752372735115
2020-01-02 14:44:00,M25/5764B,827,101.38842,0.1132612953147897
2020-01-02 14:59:00,M25/5764B,771,102.99776,0.10394197584124244
2020-01-02 15:14:00,M25/5764B,802,101.38842,0.10983743511784926
2020-01-02 15:29:00,M25/5764B,796,101.38842,0.10901570867058356
2020-01-02 15:44:00,M25/5764B,808,101.38842,0.11065916156511497
2020-01-02 15:59:00,M25/5764B,820,102.99776,0.1105478861087144
2020-01-02 16:14:00,M25/5764B,833,98.16974,0.11782344870507361
2020-01-02 16:29:00,M25/5764B,834,93.34172,0.12406652583975483
2020-01-02 16:44:00,M25/5764B,828,88.5137,0.12989254059141891
2020-01-02 16:59:00,M25/5764B,797,96.5604,0.11461029623238424
2020-01-02 17:14:00,M25/5764B,706,91.73238,0.10686768690492408
2020-01-02 17:29:00,M25/5764B,935,96.5604,0.134454989933851
2020-01-02 17:44:00,M25/5764B,755,98.16974,0.10679076083112915
2020-01-02 17:59:00,M25/5764B,685,101.38842,0.093813769396168
2020-01-02 18:14:00,M25/5764B,612,101.38842,0.08381609762110194
2020-01-02 18:29:00,M25/5764B,550,102.99776,0.07414797238999137
2020-01-02 18:44:00,M25/5764B,254,102.99776,0.03424288179465056
2020-01-02 18:59:00,M25/5764B,359,104.6071,0.04765381296873963
2020-01-02 19:14:00,M25/5764B,217,104.6071,0.028804672462998605
2020-01-02 19:29:00,M25/5764B,153,101.38842,0.020954024405275485
2020-01-02 19:44:00,M25/5764B,158,101.38842,0.02163879644466357
2020-01-02 19:59:00,M25/5764B,128,102.99776,0.01725625539257981
2020-01-02 20:14:00,M25/5764B,151,102.99776,0.020356988783433994
2020-01-02 20:29:00,M25/5764B,179,102.99776,0.024131794650560826
2020-01-02 20:44:00,M25/5764B,264,104.6071,0.035043472489546694
2020-01-02 20:59:00,M25/5764B,232,104.6071,0.030795778854450125
2020-01-02 21:14:00,M25/5764B,172,106.21644,0.022485423693361567
2020-01-02 21:29:00,M25/5764B,408,104.6071,0.05415809384748124
2020-01-02 21:44:00,M25/5764B,564,99.77908,0.0784881293662501
2020-01-02 21:59:00,M25/5764B,387,99.77908,0.05385621642684183
2020-01-02 22:14:00,M25/5764B,415,101.38842,0.056836079269211276
2020-01-02 22:29:00,M25/5764B,286,101.38842,0.039168960652998616
2020-01-02 22:44:00,M25/5764B,258,102.99776,0.03478213977566868
2020-01-02 22:59:00,M25/5764B,203,104.6071,0.026946306497643856
2020-01-02 23:14:00,M25/5764B,200,102.99776,0.02696289905090595
2020-01-02 23:29:00,M25/5764B,159,101.38842,0.021775750852541187
2020-01-02 23:44:00,M25/5764B,126,99.77908,0.01753458209246013
2020-01-02 23:59:00,M25/5764B,128,102.99776,0.01725625539257981
2020-01-03 00:14:00,M25/5764B,121,98.16974,0.017114810676247188
2020-01-03 00:29:00,M25/5764B,109,101.38842,0.014928030458660313
2020-01-03 00:44:00,M25/5764B,125,99.77908,0.017395418742519972
2020-01-03 00:59:00,M25/5764B,102,96.5604,0.014667817083692835
2020-01-03 01:14:00,M25/5764B,105,98.16974,0.014851695214925246
2020-01-03 01:29:00,M25/5764B,97,96.5604,0.013948806442335345
2020-01-03 01:44:00,M25/5764B,94,96.5604,0.01351740005752085
2020-01-03 01:59:00,M25/5764B,90,96.5604,0.012942191544434857
2020-01-03 02:14:00,M25/5764B,58,91.73238,0.008779498357628323
2020-01-03 02:29:00,M25/5764B,100,99.77908,0.013916334994015976
2020-01-03 02:44:00,M25/5764B,85,98.16974,0.012022800888272818
2020-01-03 02:59:00,M25/5764B,124,96.5604,0.0178314639056658
2020-01-03 03:14:00,M25/5764B,107,93.34172,0.015917407991431376
2020-01-03 03:29:00,M25/5764B,112,98.16974,0.015841808229253594
2020-01-03 03:44:00,M25/5764B,102,93.34172,0.015173603879682248
2020-01-03 03:59:00,M25/5764B,121,96.5604,0.017400057520851307
2020-01-03 04:14:00,M25/5764B,125,96.5604,0.0179752660339373
2020-01-03 04:29:00,M25/5764B,179,98.16974,0.025318604223539227
2020-01-03 04:44:00,M25/5764B,199,94.95106,0.029101651043418494
2020-01-03 04:59:00,M25/5764B,241,94.95106,0.03524370804755707
2020-01-03 05:14:00,M25/5764B,267,98.16974,0.03776573926080991
2020-01-03 05:29:00,M25/5764B,317,98.16974,0.04483797507744098
2020-01-03 05:44:00,M25/5764B,327,98.16974,0.04625242224076719
2020-01-03 05:59:00,M25/5764B,491,99.77908,0.06832920482061844
2020-01-03 06:14:00,M25/5764B,432,99.77908,0.06011856717414902
2020-01-03 06:29:00,M25/5764B,510,99.77908,0.07097330846948148
2020-01-03 06:44:00,M25/5764B,605,98.16974,0.08557405338123593
2020-01-03 06:59:00,M25/5764B,570,99.77908,0.07932310946589106
2020-01-03 07:14:00,M25/5764B,554,98.16974,0.07836037284827224
2020-01-03 07:29:00,M25/5764B,570,96.5604,0.08196721311475409
2020-01-03 07:44:00,M25/5764B,552,99.77908,0.07681816916696818
2020-01-03 07:59:00,M25/5764B,617,99.77908,0.08586378691307857
2020-01-03 08:14:00,M25/5764B,618,99.77908,0.08600295026301873
2020-01-03 08:29:00,M25/5764B,547,101.38842,0.0749140611090568
2020-01-03 08:44:00,M25/5764B,562,102.99776,0.07576574633304572
2020-01-03 08:59:00,M25/5764B,590,99.77908,0.08210637646469426
2020-01-03 09:14:00,M25/5764B,561,101.38842,0.07683142281934344
2020-01-03 09:29:00,M25/5764B,590,99.77908,0.08210637646469426
2020-01-03 09:44:00,M25/5764B,586,99.77908,0.08154972306493363
2020-01-03 09:59:00,M25/5764B,607,99.77908,0.08447215341367698
2020-01-03 10:14:00,M25/5764B,634,99.77908,0.08822956386206128
2020-01-03 10:29:00,M25/5764B,680,99.77908,0.09463107795930864
2020-01-03 10:44:00,M25/5764B,707,99.77908,0.09838848840769296
2020-01-03 10:59:00,M25/5764B,802,99.77908,0.11160900665200812
2020-01-03 11:14:00,M25/5764B,792,99.77908,0.11021737315260653
2020-01-03 11:29:00,M25/5764B,782,99.77908,0.10882573965320494
2020-01-03 11:44:00,M25/5764B,767,99.77908,0.10673828940410254
2020-01-03 11:59:00,M25/5764B,798,101.38842,0.1092896174863388
2020-01-03 12:14:00,M25/5764B,786,99.77908,0.10938239305296557
2020-01-03 12:29:00,M25/5764B,803,101.38842,0.10997438952572688
2020-01-03 12:44:00,M25/5764B,823,99.77908,0.1145314370007515
2020-01-03 12:59:00,M25/5764B,788,99.77908,0.1096607197528459
2020-01-03 13:14:00,M25/5764B,779,101.38842,0.10668748373666406
2020-01-03 13:29:00,M25/5764B,791,101.38842,0.10833093663119547
2020-01-03 13:44:00,M25/5764B,705,102.99776,0.09504421915444349
2020-01-03 13:59:00,M25/5764B,777,101.38842,0.10641357492090883
2020-01-03 14:14:00,M25/5764B,777,102.99776,0.10475086281276963
2020-01-03 14:29:00,M25/5764B,817,102.99776,0.11014344262295081
2020-01-03 14:44:00,M25/5764B,832,101.38842,0.1139460673541778
2020-01-03 14:59:00,M25/5764B,841,99.77908,0.11703637729967435
2020-01-03 15:14:00,M25/5764B,809,101.38842,0.11079611597299259
2020-01-03 15:29:00,M25/5764B,887,99.77908,0.1234378913969217
2020-01-03 15:44:00,M25/5764B,823,101.38842,0.11271347768327923
2020-01-03 15:59:00,M25/5764B,914,99.77908,0.12719530184530603
2020-01-03 16:14:00,M25/5764B,794,102.99776,0.10704270923209663
2020-01-03 16:29:00,M25/5764B,881,99.77908,0.12260291129728075
2020-01-03 16:44:00,M25/5764B,874,98.16974,0.1236226820747111
2020-01-03 16:59:00,M25/5764B,759,98.16974,0.10735653969645963
2020-01-03 17:14:00,M25/5764B,726,101.38842,0.09942890011915034
2020-01-03 17:29:00,M25/5764B,754,101.38842,0.10326362353972363
2020-01-03 17:44:00,M25/5764B,770,99.77908,0.10715577945392302
2020-01-03 17:59:00,M25/5764B,679,101.38842,0.0929920429489023
2020-01-03 18:14:00,M25/5764B,582,102.99776,0.07846203623813633
2020-01-03 18:29:00,M25/5764B,656,102.99776,0.08843830888697153
2020-01-03 18:44:00,M25/5764B,504,104.6071,0.06690117475277095
2020-01-03 18:59:00,M25/5764B,528,102.99776,0.07118205349439172
2020-01-03 19:14:00,M25/5764B,522,102.99776,0.07037316652286453
2020-01-03 19:29:00,M25/5764B,527,102.99776,0.07104723899913719
2020-01-03 19:44:00,M25/5764B,476,104.6071,0.06318444282206145
2020-01-03 19:59:00,M25/5764B,400,104.6071,0.0530961704387071
2020-01-03 20:14:00,M25/5764B,422,106.21644,0.05516772557324757
2020-01-03 20:29:00,M25/5764B,393,104.6071,0.052166987456029726
2020-01-03 20:44:00,M25/5764B,402,104.6071,0.05336165129090064
2020-01-03 20:59:00,M25/5764B,357,102.99776,0.04812877480586712
2020-01-03 21:14:00,M25/5764B,367,104.6071,0.048715736377513766
2020-01-03 21:29:00,M25/5764B,349,104.6071,0.04632640870777195
2020-01-03 21:44:00,M25/5764B,287,104.6071,0.03809650228977235
2020-01-03 21:59:00,M25/5764B,273,102.99776,0.036804357204486625
2020-01-03 22:14:00,M25/5764B,322,102.99776,0.043410267471958586
2020-01-03 22:29:00,M25/5764B,325,104.6071,0.04314063848144952
2020-01-03 22:44:00,M25/5764B,265,104.6071,0.035176212915643455
2020-01-03 22:59:00,M25/5764B,263,102.99776,0.03545621225194132
2020-01-03 23:14:00,M25/5764B,212,104.6071,0.028140970332514767
2020-01-03 23:29:00,M25/5764B,215,102.99776,0.0289851164797239
2020-01-03 23:44:00,M25/5764B,189,104.6071,0.025087940532289108
2020-01-03 23:59:00,M25/5764B,154,99.77908,0.021431155890784606
2020-01-04 00:14:00,M25/5764B,129,104.6071,0.017123514966483042
2020-01-04 00:29:00,M25/5764B,145,99.77908,0.020178685741323164
2020-01-04 00:44:00,M25/5764B,174,104.6071,0.02309683414083759
2020-01-04 00:59:00,M25/5764B,127,102.99776,0.01712144089732528
2020-01-04 01:14:00,M25/5764B,140,102.99776,0.018874029335634167
2020-01-04 01:29:00,M25/5764B,129,99.77908,0.01795207214228061
2020-01-04 01:44:00,M25/5764B,129,96.5604,0.018550474547023296
2020-01-04 01:59:00,M25/5764B,84,96.5604,0.012079378774805867
2020-01-04 02:14:00,M25/5764B,89,102.99776,0.011998490077653148
2020-01-04 02:29:00,M25/5764B,94,101.38842,0.01287371434049605
2020-01-04 02:44:00,M25/5764B,115,102.99776,0.015503666954270922
2020-01-04 02:59:00,M25/5764B,123,101.38842,0.016845392168946958
2020-01-04 03:14:00,M25/5764B,135,102.99776,0.01819995685936152
2020-01-04 03:29:00,M25/5764B,105,99.77908,0.014612151743716774
2020-01-04 03:44:00,M25/5764B,110,101.38842,0.015064984866537928
2020-01-04 03:59:00,M25/5764B,122,96.5604,0.017543859649122806
2020-01-04 04:14:00,M25/5764B,105,94.95106,0.015355142510346441
2020-01-04 04:29:00,M25/5764B,184,104.6071,0.02442423840180527
2020-01-04 04:44:00,M25/5764B,163,101.38842,0.02232356848405166
2020-01-04 04:59:00,M25/5764B,158,101.38842,0.02163879644466357
2020-01-04 05:14:00,M25/5764B,150,99.77908,0.020874502491023964
2020-01-04 05:29:00,M25/5764B,186,102.99776,0.025075496117342538
2020-01-04 05:44:00,M25/5764B,187,101.38842,0.02561047427311448
2020-01-04 05:59:00,M25/5764B,208,99.77908,0.02894597678755323
2020-01-04 06:14:00,M25/5764B,244,102.99776,0.03289473684210526
2020-01-04 06:29:00,M25/5764B,304,104.6071,0.040353089533417395
2020-01-04 06:44:00,M25/5764B,296,102.99776,0.03990509059534081
2020-01-04 06:59:00,M25/5764B,309,102.99776,0.0416576790336497
2020-01-04 07:14:00,M25/5764B,299,102.99776,0.0403095340811044
2020-01-04 07:29:00,M25/5764B,338,102.99776,0.04556729939603106
2020-01-04 07:44:00,M25/5764B,343,104.6071,0.04552996615119134
2020-01-04 07:59:00,M25/5764B,315,104.6071,0.04181323422048184
2020-01-04 08:14:00,M25/5764B,431,104.6071,0.057211123647706905
2020-01-04 08:29:00,M25/5764B,447,106.21644,0.05843595576123617
2020-01-04 08:44:00,M25/5764B,505,107.82578,0.0650329027854687
2020-01-04 08:59:00,M25/5764B,480,106.21644,0.06275001960938112
2020-01-04 09:14:00,M25/5764B,491,106.21644,0.06418804089209611
2020-01-04 09:29:00,M25/5764B,486,106.21644,0.06353439485449838
2020-01-04 09:44:00,M25/5764B,529,106.21644,0.06915575077783878
2020-01-04 09:59:00,M25/5764B,615,106.21644,0.08039846262451955
2020-01-04 10:14:00,M25/5764B,628,106.21644,0.08209794232227363
2020-01-04 10:29:00,M25/5764B,676,106.21644,0.08837294428321174
2020-01-04 10:44:00,M25/5764B,729,104.6071,0.0967677706245437
2020-01-04 10:59:00,M25/5764B,760,104.6071,0.10088272383354349
2020-01-04 11:14:00,M25/5764B,788,104.6071,0.104599455764253
2020-01-04 11:29:00,M25/5764B,800,104.6071,0.1061923408774142
2020-01-04 11:44:00,M25/5764B,794,104.6071,0.1053958983208336
2020-01-04 11:59:00,M25/5764B,695,106.21644,0.09085679922608308
2020-01-04 12:14:00,M25/5764B,797,102.99776,0.10744715271786022
2020-01-04 12:29:00,M25/5764B,760,104.6071,0.10088272383354349
2020-01-04 12:44:00,M25/5764B,738,106.21644,0.09647815514942347
2020-01-04 12:59:00,M25/5764B,758,104.6071,0.10061724298134997
2020-01-04 13:14:00,M25/5764B,757,102.99776,0.10205457290767903
2020-01-04 13:29:00,M25/5764B,757,104.6071,0.1004845025552532
2020-01-04 13:44:00,M25/5764B,723,106.21644,0.09451721703663031
2020-01-04 13:59:00,M25/5764B,689,106.21644,0.09007242398096582
2020-01-04 14:14:00,M25/5764B,572,106.21644,0.07477710670117917
2020-01-04 14:29:00,M25/5764B,838,102.99776,0.11297454702329593
2020-01-04 14:44:00,M25/5764B,601,96.5604,0.08642507909117055
2020-01-04 14:59:00,M25/5764B,812,102.99776,0.10946937014667817
2020-01-04 15:14:00,M25/5764B,686,106.21644,0.08968023635840719
2020-01-04 15:29:00,M25/5764B,712,106.21644,0.09307919575391532
2020-01-04 15:44:00,M25/5764B,752,104.6071,0.09982080042476936
2020-01-04 15:59:00,M25/5764B,770,102.99776,0.10380716134598791
2020-01-04 16:14:00,M25/5764B,719,104.6071,0.09544036636357603
2020-01-04 16:29:00,M25/5764B,773,101.38842,0.10586575728939836
2020-01-04 16:44:00,M25/5764B,795,99.77908,0.110634863202427
2020-01-04 16:59:00,M25/5764B,751,99.77908,0.10451167580505999
2020-01-04 17:14:00,M25/5764B,747,101.38842,0.1023049426845803
2020-01-04 17:29:00,M25/5764B,723,101.38842,0.09901803689551747
2020-01-04 17:44:00,M25/5764B,815,99.77908,0.1134181302012302
2020-01-04 17:59:00,M25/5764B,760,96.5604,0.10928961748633878
2020-01-04 18:14:00,M25/5764B,670,102.99776,0.09032571182053493
2020-01-04 18:29:00,M25/5764B,639,104.6071,0.0848211322758346
2020-01-04 18:44:00,M25/5764B,647,102.99776,0.08722497842968076
2020-01-04 18:59:00,M25/5764B,558,104.6071,0.07406915776199642
2020-01-04 19:14:00,M25/5764B,586,104.6071,0.0777858896927059
2020-01-04 19:29:00,M25/5764B,492,106.21644,0.06431877009961565
2020-01-04 19:44:00,M25/5764B,513,106.21644,0.06706408345752607
2020-01-04 19:59:00,M25/5764B,481,101.38842,0.06587507018913404
2020-01-04 20:14:00,M25/5764B,461,106.21644,0.06026616466650979
2020-01-04 20:29:00,M25/5764B,391,107.82578,0.05035220789924407
2020-01-04 20:44:00,M25/5764B,448,106.21644,0.05856668496875571
2020-01-04 20:59:00,M25/5764B,403,106.21644,0.05268387063037623
2020-01-04 21:14:00,M25/5764B,396,106.21644,0.05176876617773943
2020-01-04 21:29:00,M25/5764B,409,104.6071,0.05429083427357802
2020-01-04 21:44:00,M25/5764B,318,94.95106,0.04650414588847779
2020-01-04 21:59:00,M25/5764B,282,107.82578,0.03631540313960826
2020-01-04 22:14:00,M25/5764B,303,106.21644,0.03961094987842183
2020-01-04 22:29:00,M25/5764B,237,107.82578,0.030520392000309066
2020-01-04 22:44:00,M25/5764B,298,107.82578,0.03837585154469241
2020-01-04 22:59:00,M25/5764B,317,107.82578,0.04082263402572985
2020-01-04 23:14:00,M25/5764B,246,106.21644,0.03215938504980782
2020-01-04 23:29:00,M25/5764B,210,107.82578,0.027043385316729555
2020-01-04 23:44:00,M25/5764B,203,106.21644,0.02653802912646743
2020-01-04 23:59:00,M25/5764B,189,107.82578,0.024339046785056596
2020-01-05 00:14:00,M25/5764B,166,109.43512,0.02106278231741359
2020-01-05 00:29:00,M25/5764B,115,106.21644,0.015033858864747559
2020-01-05 00:44:00,M25/5764B,227,107.82578,0.02923261174713147
2020-01-05 00:59:00,M25/5764B,172,107.82578,0.02214982035465468
2020-01-05 01:14:00,M25/5764B,111,104.6071,0.014734187296741223
2020-01-05 01:29:00,M25/5764B,161,107.82578,0.020733262076159324
2020-01-05 01:44:00,M25/5764B,158,107.82578,0.020346928000206044
2020-01-05 01:59:00,M25/5764B,108,101.38842,0.014791076050782694
2020-01-05 02:14:00,M25/5764B,75,102.99776,0.010111087144089731
2020-01-05 02:29:00,M25/5764B,94,106.21644,0.012288545506837136
2020-01-05 02:44:00,M25/5764B,120,107.82578,0.015453363038131173
2020-01-05 02:59:00,M25/5764B,103,106.21644,0.013465108374513032
2020-01-05 03:14:00,M25/5764B,90,99.77908,0.012524701494614378
2020-01-05 03:29:00,M25/5764B,76,99.77908,0.010576414595452142
2020-01-05 03:44:00,M25/5764B,82,101.38842,0.011230261445964639
2020-01-05 03:59:00,M25/5764B,81,99.77908,0.01127223134515294
2020-01-05 04:14:00,M25/5764B,96,96.5604,0.013805004314063847
2020-01-05 04:29:00,M25/5764B,87,101.38842,0.011915033485352727
2020-01-05 04:44:00,M25/5764B,145,104.6071,0.019247361784031327
2020-01-05 04:59:00,M25/5764B,143,106.21644,0.01869427667529479
2020-01-05 05:14:00,M25/5764B,150,104.6071,0.019911063914515165
2020-01-05 05:29:00,M25/5764B,127,101.38842,0.01739320980045743
2020-01-05 05:44:00,M25/5764B,122,102.99776,0.01644736842105263
2020-01-05 05:59:00,M25/5764B,127,101.38842,0.01739320980045743
2020-01-05 06:14:00,M25/5764B,181,104.6071,0.024026017123514966
2020-01-05 06:29:00,M25/5764B,201,106.21644,0.026276570711428346
2020-01-05 06:44:00,M25/5764B,186,104.6071,0.024689719253998803
2020-01-05 06:59:00,M25/5764B,199,101.38842,0.02725392716764589
2020-01-05 07:14:00,M25/5764B,224,104.6071,0.02973385544567598
2020-01-05 07:29:00,M25/5764B,205,102.99776,0.0276369715271786
2020-01-05 07:44:00,M25/5764B,230,104.6071,0.030530298002256585
2020-01-05 07:59:00,M25/5764B,253,106.21644,0.03307448950244463
2020-01-05 08:14:00,M25/5764B,266,109.43512,0.033751205400192864
2020-01-05 08:29:00,M25/5764B,332,109.43512,0.04212556463482718
2020-01-05 08:44:00,M25/5764B,414,106.21644,0.05412189191309122
2020-01-05 08:59:00,M25/5764B,440,106.21644,0.057520851308599366
2020-01-05 09:14:00,M25/5764B,380,109.43512,0.048216007714561235
2020-01-05 09:29:00,M25/5764B,465,107.82578,0.059881781772758304
2020-01-05 09:44:00,M25/5764B,480,107.82578,0.06181345215252469
2020-01-05 09:59:00,M25/5764B,523,109.43512,0.0663604527229356
2020-01-05 10:14:00,M25/5764B,561,104.6071,0.0744673790402867
2020-01-05 10:29:00,M25/5764B,576,107.82578,0.07417614258302964
2020-01-05 10:44:00,M25/5764B,625,106.21644,0.081705754699715
2020-01-05 10:59:00,M25/5764B,685,106.21644,0.08954950715088764
2020-01-05 11:14:00,M25/5764B,714,104.6071,0.09477666423309218
2020-01-05 11:29:00,M25/5764B,707,106.21644,0.09242554971631761
2020-01-05 11:44:00,M25/5764B,684,106.21644,0.0894187779433681
2020-01-05 11:59:00,M25/5764B,783,104.6071,0.10393575363376915
2020-01-05 12:14:00,M25/5764B,701,106.21644,0.09164117447120035
2020-01-05 12:29:00,M25/5764B,705,106.21644,0.09216409130127852
2020-01-05 12:44:00,M25/5764B,736,104.6071,0.09769695360722108
2020-01-05 12:59:00,M25/5764B,736,104.6071,0.09769695360722108
2020-01-05 13:14:00,M25/5764B,818,102.99776,0.11027825711820535
2020-01-05 13:29:00,M25/5764B,757,104.6071,0.1004845025552532
2020-01-05 13:44:00,M25/5764B,755,106.21644,0.09870055167725572
2020-01-05 13:59:00,M25/5764B,749,104.6071,0.09942257914647905
2020-01-05 14:14:00,M25/5764B,776,104.6071,0.10300657065109178
2020-01-05 14:29:00,M25/5764B,785,104.6071,0.10420123448596269
2020-01-05 14:44:00,M25/5764B,802,106.21644,0.10484482443067429
2020-01-05 14:59:00,M25/5764B,815,102.99776,0.10987381363244175
2020-01-05 15:14:00,M25/5764B,798,104.6071,0.10592686002522067
2020-01-05 15:29:00,M25/5764B,752,104.6071,0.09982080042476936
2020-01-05 15:44:00,M25/5764B,762,104.6071,0.10114820468573703
2020-01-05 15:59:00,M25/5764B,790,104.6071,0.10486493661644654
2020-01-05 16:14:00,M25/5764B,828,94.95106,0.12108626665301764
2020-01-05 16:29:00,M25/5764B,812,101.38842,0.11120697919662545
2020-01-05 16:44:00,M25/5764B,818,99.77908,0.11383562025105069
2020-01-05 16:59:00,M25/5764B,798,99.77908,0.1110523532522475
2020-01-05 17:14:00,M25/5764B,660,101.38842,0.09038990919922758
2020-01-05 17:29:00,M25/5764B,817,99.77908,0.11369645690111052
2020-01-05 17:44:00,M25/5764B,732,99.77908,0.10186757215619695
2020-01-05 17:59:00,M25/5764B,600,102.99776,0.08088869715271785
2020-01-05 18:14:00,M25/5764B,639,102.99776,0.08614646246764451
2020-01-05 18:29:00,M25/5764B,623,104.6071,0.08269728545828631
2020-01-05 18:44:00,M25/5764B,656,102.99776,0.08843830888697153
2020-01-05 18:59:00,M25/5764B,558,102.99776,0.07522648835202761
2020-01-05 19:14:00,M25/5764B,529,104.6071,0.07021968540519014
2020-01-05 19:29:00,M25/5764B,477,104.6071,0.06331718324815822
2020-01-05 19:44:00,M25/5764B,492,106.21644,0.06431877009961565
2020-01-05 19:59:00,M25/5764B,467,104.6071,0.06198977898719054
2020-01-05 20:14:00,M25/5764B,381,106.21644,0.04980782806494627
2020-01-05 20:29:00,M25/5764B,380,106.21644,0.04967709885742672
2020-01-05 20:44:00,M25/5764B,375,107.82578,0.04829175949415992
2020-01-05 20:59:00,M25/5764B,438,106.21644,0.057259392893560274
2020-01-05 21:14:00,M25/5764B,451,102.99776,0.06080133735979292
2020-01-05 21:29:00,M25/5764B,356,107.82578,0.045844977013122484
2020-01-05 21:44:00,M25/5764B,288,106.21644,0.037650011765628676
2020-01-05 21:59:00,M25/5764B,237,106.21644,0.030982822182131928
2020-01-05 22:14:00,M25/5764B,290,106.21644,0.03791147018066776
2020-01-05 22:29:00,M25/5764B,259,104.6071,0.03437977035906285
2020-01-05 22:44:00,M25/5764B,228,107.82578,0.02936138977244923
2020-01-05 22:59:00,M25/5764B,200,106.21644,0.0261458415039088
2020-01-05 23:14:00,M25/5764B,147,101.38842,0.020132297958009776
2020-01-05 23:29:00,M25/5764B,149,104.6071,0.019778323488418396
2020-01-05 23:44:00,M25/5764B,159,101.38842,0.021775750852541187
2020-01-05 23:59:00,M25/5764B,107,102.99776,0.014425150992234684
2020-01-06 00:14:00,M25/5764B,106,101.38842,0.01451716723502746
2020-01-06 00:29:00,M25/5764B,93,101.38842,0.012736759932618432
2020-01-06 00:44:00,M25/5764B,98,101.38842,0.013421531972006517
2020-01-06 00:59:00,M25/5764B,82,101.38842,0.011230261445964639
2020-01-06 01:14:00,M25/5764B,89,101.38842,0.012188942301107961
2020-01-06 01:29:00,M25/5764B,100,98.16974,0.01414447163326214
2020-01-06 01:44:00,M25/5764B,84,98.16974,0.011881356171940197
2020-01-06 01:59:00,M25/5764B,86,96.5604,0.012366983031348863
2020-01-06 02:14:00,M25/5764B,60,98.16974,0.008486682979957284
2020-01-06 02:29:00,M25/5764B,98,99.77908,0.013638008294135657
2020-01-06 02:44:00,M25/5764B,116,101.38842,0.015886711313803637
2020-01-06 02:59:00,M25/5764B,92,98.16974,0.013012913902601167
2020-01-06 03:14:00,M25/5764B,89,94.95106,0.013015311270674602
2020-01-06 03:29:00,M25/5764B,119,94.95106,0.017402494845059298
2020-01-06 03:44:00,M25/5764B,134,96.5604,0.019269485188380786
2020-01-06 03:59:00,M25/5764B,140,98.16974,0.019802260286566994
2020-01-06 04:14:00,M25/5764B,162,98.16974,0.022914044045884662
2020-01-06 04:29:00,M25/5764B,219,99.77908,0.030476773636894987
2020-01-06 04:44:00,M25/5764B,287,99.77908,0.03993988143282585
2020-01-06 04:59:00,M25/5764B,273,98.16974,0.03861440755880564
2020-01-06 05:14:00,M25/5764B,363,98.16974,0.05134443202874156
2020-01-06 05:29:00,M25/5764B,493,99.77908,0.06860753152049877
2020-01-06 05:44:00,M25/5764B,651,99.77908,0.090595340811044
2020-01-06 05:59:00,M25/5764B,834,99.77908,0.11606223385009325
2020-01-06 06:14:00,M25/5764B,907,96.5604,0.13042853034224905
2020-01-06 06:29:00,M25/5764B,965,96.5604,0.13876905378199597
2020-01-06 06:44:00,M25/5764B,956,94.95106,0.13980491657039237
2020-01-06 06:59:00,M25/5764B,880,94.95106,0.1286907181819511
2020-01-06 07:14:00,M25/5764B,921,93.34172,0.13700871738418968
2020-01-06 07:29:00,M25/5764B,535,98.16974,0.07567292323795244
2020-01-06 07:44:00,M25/5764B,560,99.77908,0.07793147596648947
2020-01-06 07:59:00,M25/5764B,828,98.16974,0.11711622512341051
2020-01-06 08:14:00,M25/5764B,946,94.95106,0.13834252204559747
2020-01-06 08:29:00,M25/5764B,912,98.16974,0.1289975812953507
2020-01-06 08:44:00,M25/5764B,846,98.16974,0.11966223001739767
2020-01-06 08:59:00,M25/5764B,812,98.16974,0.11485310966208855
2020-01-06 09:14:00,M25/5764B,874,98.16974,0.1236226820747111
2020-01-06 09:29:00,M25/5764B,625,99.77908,0.08697709371259985
2020-01-06 09:44:00,M25/5764B,846,98.16974,0.11966223001739767
2020-01-06 09:59:00,M25/5764B,709,101.38842,0.09710067518523084
2020-01-06 10:14:00,M25/5764B,715,99.77908,0.09950179520721424
2020-01-06 10:29:00,M25/5764B,673,98.16974,0.09519229409185419
2020-01-06 10:44:00,M25/5764B,670,99.77908,0.09323944445990703
2020-01-06 10:59:00,M25/5764B,653,99.77908,0.09087366751092432
2020-01-06 11:14:00,M25/5764B,695,99.77908,0.09671852820841104
2020-01-06 11:29:00,M25/5764B,635,99.77908,0.08836872721200145
2020-01-06 11:44:00,M25/5764B,631,101.38842,0.08641823137077666
2020-01-06 11:59:00,M25/5764B,650,99.77908,0.09045617746110385
2020-01-06 12:14:00,M25/5764B,684,98.16974,0.09674818597151302
2020-01-06 12:29:00,M25/5764B,658,99.77908,0.09156948426062513
2020-01-06 12:44:00,M25/5764B,648,99.77908,0.09017785076122352
2020-01-06 12:59:00,M25/5764B,750,98.16974,0.10608353724946604
2020-01-06 13:14:00,M25/5764B,690,99.77908,0.09602271145871023
2020-01-06 13:29:00,M25/5764B,670,99.77908,0.09323944445990703
2020-01-06 13:44:00,M25/5764B,732,98.16974,0.10353753235547886
2020-01-06 13:59:00,M25/5764B,712,99.77908,0.09908430515739375
2020-01-06 14:14:00,M25/5764B,734,99.77908,0.10214589885607726
2020-01-06 14:29:00,M25/5764B,750,101.38842,0.10271580590821315
2020-01-06 14:44:00,M25/5764B,740,99.77908,0.10298087895571822
2020-01-06 14:59:00,M25/5764B,850,98.16974,0.12022800888272818
2020-01-06 15:14:00,M25/5764B,768,99.77908,0.10687745275404269
2020-01-06 15:29:00,M25/5764B,819,96.5604,0.1177739430543572
2020-01-06 15:44:00,M25/5764B,868,99.77908,0.12079378774805868
2020-01-06 15:59:00,M25/5764B,860,99.77908,0.1196804809485374
2020-01-06 16:14:00,M25/5764B,839,94.95106,0.12269490063029202
2020-01-06 16:29:00,M25/5764B,774,98.16974,0.10947821044144895
2020-01-06 16:44:00,M25/5764B,943,91.73238,0.14274253364212947
2020-01-06 16:59:00,M25/5764B,824,93.34172,0.1225789176162566
2020-01-06 17:14:00,M25/5764B,782,91.73238,0.11837185716664395
2020-01-06 17:29:00,M25/5764B,891,96.5604,0.12812769628990509
2020-01-06 17:44:00,M25/5764B,791,96.5604,0.11374748346275525
2020-01-06 17:59:00,M25/5764B,705,99.77908,0.09811016170781263
2020-01-06 18:14:00,M25/5764B,595,101.38842,0.08148787268718244
2020-01-06 18:29:00,M25/5764B,518,101.38842,0.07094238328060588
2020-01-06 18:44:00,M25/5764B,510,101.38842,0.06984674801758495
2020-01-06 18:59:00,M25/5764B,532,99.77908,0.074034902168165
2020-01-06 19:14:00,M25/5764B,439,102.99776,0.05918356341673857
2020-01-06 19:29:00,M25/5764B,387,101.38842,0.053001355848637986
2020-01-06 19:44:00,M25/5764B,413,101.38842,0.05656217045345604
2020-01-06 19:59:00,M25/5764B,343,102.99776,0.04624137187230371
2020-01-06 20:14:00,M25/5764B,329,101.38842,0.04505800019173617
2020-01-06 20:29:00,M25/5764B,333,101.38842,0.04560581782324664
2020-01-06 20:44:00,M25/5764B,303,99.77908,0.04216649503186841
2020-01-06 20:59:00,M25/5764B,298,101.38842,0.04081241354753003
2020-01-06 21:14:00,M25/5764B,286,101.38842,0.039168960652998616
2020-01-06 21:29:00,M25/5764B,213,101.38842,0.02917128887793254
2020-01-06 21:44:00,M25/5764B,197,102.99776,0.02655845556514236
2020-01-06 21:59:00,M25/5764B,179,101.38842,0.02451483901009354
2020-01-06 22:14:00,M25/5764B,207,102.99776,0.02790660051768766
2020-01-06 22:29:00,M25/5764B,195,99.77908,0.027136853238331152
2020-01-06 22:44:00,M25/5764B,194,102.99776,0.026154012079378775
2020-01-06 22:59:00,M25/5764B,149,101.38842,0.020406206773765014
2020-01-06 23:14:00,M25/5764B,150,99.77908,0.020874502491023964
2020-01-06 23:29:00,M25/5764B,86,99.77908,0.01196804809485374
2020-01-06 23:44:00,M25/5764B,196,99.77908,0.027276016588271314
2020-01-06 23:59:00,M25/5764B,104,99.77908,0.014472988393776615
2020-01-07 00:14:00,M25/5764B,101,98.16974,0.014285916349594759
2020-01-07 00:29:00,M25/5764B,121,98.16974,0.017114810676247188
2020-01-07 00:44:00,M25/5764B,115,101.38842,0.01574975690592602
2020-01-07 00:59:00,M25/5764B,101,96.5604,0.01452401495542134
2020-01-07 01:14:00,M25/5764B,112,98.16974,0.015841808229253594
2020-01-07 01:29:00,M25/5764B,105,96.5604,0.015099223468507332
2020-01-07 01:44:00,M25/5764B,94,96.5604,0.01351740005752085
2020-01-07 01:59:00,M25/5764B,83,93.34172,0.012347148255035554
2020-01-07 02:14:00,M25/5764B,62,91.73238,0.009384981002982
2020-01-07 02:29:00,M25/5764B,99,94.95106,0.0144777057954695
2020-01-07 02:44:00,M25/5764B,90,98.16974,0.012730024469935925
2020-01-07 02:59:00,M25/5764B,117,94.95106,0.01711001594010032
2020-01-07 03:14:00,M25/5764B,81,91.73238,0.012261023568411968
2020-01-07 03:29:00,M25/5764B,96,93.34172,0.014281038945583292
2020-01-07 03:44:00,M25/5764B,115,96.5604,0.016537244751222317
2020-01-07 03:59:00,M25/5764B,134,93.34172,0.01993395019487668
2020-01-07 04:14:00,M25/5764B,157,96.5604,0.02257693413862525
2020-01-07 04:29:00,M25/5764B,194,96.5604,0.02789761288467069
2020-01-07 04:44:00,M25/5764B,235,96.5604,0.03379350014380213
2020-01-07 04:59:00,M25/5764B,263,96.5604,0.037819959735404085
2020-01-07 05:14:00,M25/5764B,273,99.77908,0.03799159453366362
2020-01-07 05:29:00,M25/5764B,379,98.16974,0.0536075474900635
2020-01-07 05:44:00,M25/5764B,517,99.77908,0.0719474519190626
2020-01-07 05:59:00,M25/5764B,710,99.77908,0.09880597845751343
2020-01-07 06:14:00,M25/5764B,818,98.16974,0.11570177796008428
2020-01-07 06:29:00,M25/5764B,900,96.5604,0.12942191544434856
2020-01-07 06:44:00,M25/5764B,899,96.5604,0.12927811331607705
2020-01-07 06:59:00,M25/5764B,903,94.95106,0.1320542255889794
2020-01-07 07:14:00,M25/5764B,683,96.5604,0.09821685360943341
2020-01-07 07:29:00,M25/5764B,844,96.5604,0.12136899626114465
2020-01-07 07:44:00,M25/5764B,953,93.34172,0.14176906369938413
2020-01-07 07:59:00,M25/5764B,897,94.95106,0.13117678887410245
2020-01-07 08:14:00,M25/5764B,877,94.95106,0.12825199982451266
2020-01-07 08:29:00,M25/5764B,775,98.16974,0.10961965515778158
2020-01-07 08:44:00,M25/5764B,708,99.77908,0.0985276517576331
2020-01-07 08:59:00,M25/5764B,637,102.99776,0.08587683347713546
2020-01-07 09:14:00,M25/5764B,697,101.38842,0.09545722229069942
2020-01-07 09:29:00,M25/5764B,706,99.77908,0.0982493250577528
2020-01-07 09:44:00,M25/5764B,669,99.77908,0.09310028110996689
2020-01-07 09:59:00,M25/5764B,645,99.77908,0.08976036071140304
2020-01-07 10:14:00,M25/5764B,717,99.77908,0.09978012190709455
2020-01-07 10:29:00,M25/5764B,672,98.16974,0.09505084937552158
2020-01-07 10:44:00,M25/5764B,625,99.77908,0.08697709371259985
2020-01-07 10:59:00,M25/5764B,613,98.16974,0.08670561111189691
2020-01-07 11:14:00,M25/5764B,592,99.77908,0.08238470316457458
2020-01-07 11:29:00,M25/5764B,626,99.77908,0.08711625706254
2020-01-07 11:44:00,M25/5764B,667,99.77908,0.09282195441008656
2020-01-07 11:59:00,M25/5764B,611,101.38842,0.08367914321322431
2020-01-07 12:14:00,M25/5764B,651,98.16974,0.09208051033253652
2020-01-07 12:29:00,M25/5764B,639,91.73238,0.09672585259524999
2020-01-07 12:44:00,M25/5764B,688,96.5604,0.0989358642507909
2020-01-07 12:59:00,M25/5764B,668,99.77908,0.09296111776002672
2020-01-07 13:14:00,M25/5764B,688,98.16974,0.09731396483684351
2020-01-07 13:29:00,M25/5764B,785,98.16974,0.11103410232110777
2020-01-07 13:44:00,M25/5764B,730,99.77908,0.10158924545631663
2020-01-07 13:59:00,M25/5764B,756,98.16974,0.10693220554746176
2020-01-07 14:14:00,M25/5764B,769,98.16974,0.10877098685978584
2020-01-07 14:29:00,M25/5764B,748,101.38842,0.10244189709245792
2020-01-07 14:44:00,M25/5764B,870,98.16974,0.12305690320938059
2020-01-07 14:59:00,M25/5764B,807,99.77908,0.11230482340170894
2020-01-07 15:14:00,M25/5764B,814,99.77908,0.11327896685129005
2020-01-07 15:29:00,M25/5764B,874,98.16974,0.1236226820747111
2020-01-07 15:44:00,M25/5764B,781,99.77908,0.10868657630326478
2020-01-07 15:59:00,M25/5764B,895,98.16974,0.12659302111769613
2020-01-07 16:14:00,M25/5764B,704,99.77908,0.09797099835787247
2020-01-07 16:29:00,M25/5764B,906,96.5604,0.13028472821397755
2020-01-07 16:44:00,M25/5764B,976,94.95106,0.14272970561998216
2020-01-07 16:59:00,M25/5764B,907,96.5604,0.13042853034224905
2020-01-07 17:14:00,M25/5764B,884,96.5604,0.1271210813920046
2020-01-07 17:29:00,M25/5764B,877,98.16974,0.12404701622370896
2020-01-07 17:44:00,M25/5764B,784,98.16974,0.11089265760477517
2020-01-07 17:59:00,M25/5764B,709,99.77908,0.09866681510757326
2020-01-07 18:14:00,M25/5764B,602,102.99776,0.08115832614322692
2020-01-07 18:29:00,M25/5764B,563,101.38842,0.07710533163509867
2020-01-07 18:44:00,M25/5764B,537,101.38842,0.07354451703028062
2020-01-07 18:59:00,M25/5764B,520,101.38842,0.07121629209636113
2020-01-07 19:14:00,M25/5764B,449,102.99776,0.060531708369283864
2020-01-07 19:29:00,M25/5764B,400,101.38842,0.05478176315104702
2020-01-07 19:44:00,M25/5764B,428,101.38842,0.0586164865716203
2020-01-07 19:59:00,M25/5764B,404,99.77908,0.05622199337582455
2020-01-07 20:14:00,M25/5764B,364,102.99776,0.04907247627264883
2020-01-07 20:29:00,M25/5764B,319,101.38842,0.043688456112959996
2020-01-07 20:44:00,M25/5764B,357,99.77908,0.04968131592863704
2020-01-07 20:59:00,M25/5764B,293,101.38842,0.040127641508141944
2020-01-07 21:14:00,M25/5764B,278,101.38842,0.03807332538997768
2020-01-07 21:29:00,M25/5764B,266,101.38842,0.03642987249544626
2020-01-07 21:44:00,M25/5764B,186,101.38842,0.025473519865236865
2020-01-07 21:59:00,M25/5764B,210,94.95106,0.030710285020692882
2020-01-07 22:14:00,M25/5764B,172,69.20162,0.03451251078515962
2020-01-07 22:29:00,M25/5764B,196,62.76426,0.04336187252494413
2020-01-07 22:44:00,M25/5764B,162,64.3736,0.034943917169974116
2020-01-07 22:59:00,M25/5764B,155,61.15492,0.035193678761182505
2020-01-07 23:14:00,M25/5764B,125,65.98294,0.026305267366737512
2020-01-07 23:29:00,M25/5764B,152,65.98294,0.03198720511795282
2020-01-07 23:44:00,M25/5764B,144,80.467,0.024849007765314925
2020-01-07 23:59:00,M25/5764B,94,88.5137,0.014746254608204563
2020-01-08 00:14:00,M25/5764B,75,85.29502,0.012209614664561186
2020-01-08 00:29:00,M25/5764B,86,83.68568,0.014269595805402534
2020-01-08 00:44:00,M25/5764B,106,86.90436,0.016936695107532033
2020-01-08 00:59:00,M25/5764B,113,88.5137,0.01772688053965017
2020-01-08 01:14:00,M25/5764B,106,85.29502,0.01725625539257981
2020-01-08 01:29:00,M25/5764B,103,83.68568,0.01709032985995885
2020-01-08 01:44:00,M25/5764B,71,86.90436,0.011344390119195986
2020-01-08 01:59:00,M25/5764B,48,88.5137,0.007530002353125735
2020-01-08 02:14:00,M25/5764B,89,80.467,0.01535806729939603
2020-01-08 02:29:00,M25/5764B,70,69.20162,0.014045789273030075
2020-01-08 02:44:00,M25/5764B,119,75.63898,0.021845685018265927
2020-01-08 02:59:00,M25/5764B,121,86.90436,0.019333397245390342
2020-01-08 03:14:00,M25/5764B,103,88.5137,0.01615813004941564
2020-01-08 03:29:00,M25/5764B,95,94.95106,0.013892747985551542
2020-01-08 03:44:00,M25/5764B,104,93.34172,0.015471125524381898
2020-01-08 03:59:00,M25/5764B,131,93.34172,0.019487667727827198
2020-01-08 04:14:00,M25/5764B,145,96.5604,0.02085130859936727
2020-01-08 04:29:00,M25/5764B,178,93.34172,0.026479426378269017
2020-01-08 04:44:00,M25/5764B,220,94.95106,0.032172679545487776
2020-01-08 04:59:00,M25/5764B,294,94.95106,0.04299439902897003
2020-01-08 05:14:00,M25/5764B,320,98.16974,0.04526230922643884
2020-01-08 05:29:00,M25/5764B,427,99.77908,0.05942275042444822
2020-01-08 05:44:00,M25/5764B,563,98.16974,0.07963337529526585
2020-01-08 05:59:00,M25/5764B,627,101.38842,0.0858704137392662
2020-01-08 06:14:00,M25/5764B,897,96.5604,0.12899050905953408
2020-01-08 06:29:00,M25/5764B,876,93.34172,0.13031448037844753
2020-01-08 06:44:00,M25/5764B,879,94.95106,0.12854447872947164
2020-01-08 06:59:00,M25/5764B,922,94.95106,0.13483277518608972
2020-01-08 07:14:00,M25/5764B,887,94.95106,0.12971439434930754
2020-01-08 07:29:00,M25/5764B,811,96.5604,0.1166235260281852
2020-01-08 07:44:00,M25/5764B,904,94.95106,0.13220046504145888
2020-01-08 07:59:00,M25/5764B,815,98.16974,0.11527744381108641
2020-01-08 08:14:00,M25/5764B,831,98.16974,0.11754055927240838
2020-01-08 08:29:00,M25/5764B,791,99.77908,0.11007820980266636
2020-01-08 08:44:00,M25/5764B,754,98.16974,0.10664931611479653
2020-01-08 08:59:00,M25/5764B,761,99.77908,0.10590330930446157
2020-01-08 09:14:00,M25/5764B,726,99.77908,0.10103259205655599
2020-01-08 09:29:00,M25/5764B,695,99.77908,0.09671852820841104
2020-01-08 09:44:00,M25/5764B,685,99.77908,0.09532689470900943
2020-01-08 09:59:00,M25/5764B,775,98.16974,0.10961965515778158
2020-01-08 10:14:00,M25/5764B,787,98.16974,0.11131699175377302
2020-01-08 10:29:00,M25/5764B,629,98.16974,0.08896872657321886
2020-01-08 10:44:00,M25/5764B,633,99.77908,0.08809040051212112
2020-01-08 10:59:00,M25/5764B,642,99.77908,0.08934287066158257
2020-01-08 11:14:00,M25/5764B,749,96.5604,0.10770779407535232
2020-01-08 11:29:00,M25/5764B,620,99.77908,0.08628127696289906
2020-01-08 11:44:00,M25/5764B,654,99.77908,0.0910128308608645
2020-01-08 11:59:00,M25/5764B,690,101.38842,0.0944985414355561
2020-01-08 12:14:00,M25/5764B,708,99.77908,0.0985276517576331
2020-01-08 12:29:00,M25/5764B,712,98.16974,0.10070863802882643
2020-01-08 12:44:00,M25/5764B,673,101.38842,0.09217031650163661
2020-01-08 12:59:00,M25/5764B,651,101.38842,0.08915731952832902
2020-01-08 13:14:00,M25/5764B,781,98.16974,0.1104683234557773
2020-01-08 13:29:00,M25/5764B,757,98.16974,0.10707365026379438
2020-01-08 13:44:00,M25/5764B,763,98.16974,0.10792231856179012
2020-01-08 13:59:00,M25/5764B,725,99.77908,0.10089342870661583
2020-01-08 14:14:00,M25/5764B,751,99.77908,0.10451167580505999
2020-01-08 14:29:00,M25/5764B,858,99.77908,0.11940215424865706
2020-01-08 14:44:00,M25/5764B,809,101.38842,0.11079611597299259
2020-01-08 14:59:00,M25/5764B,767,101.38842,0.10504403084213265
2020-01-08 15:14:00,M25/5764B,877,98.16974,0.12404701622370896
2020-01-08 15:29:00,M25/5764B,880,98.16974,0.12447135037270683
2020-01-08 15:44:00,M25/5764B,900,98.16974,0.12730024469935924
2020-01-08 15:59:00,M25/5764B,867,96.5604,0.12467644521138911
2020-01-08 16:14:00,M25/5764B,869,98.16974,0.12291545849304798
2020-01-08 16:29:00,M25/5764B,895,91.73238,0.13547674189788533
2020-01-08 16:44:00,M25/5764B,909,91.73238,0.1375959311566232
2020-01-08 16:59:00,M25/5764B,897,93.34172,0.13343845764779388
2020-01-08 17:14:00,M25/5764B,808,94.95106,0.11816147760342784
2020-01-08 17:29:00,M25/5764B,793,98.16974,0.11216566005176876
2020-01-08 17:44:00,M25/5764B,757,99.77908,0.10534665590470094
2020-01-08 17:59:00,M25/5764B,822,99.77908,0.11439227365081134
2020-01-08 18:14:00,M25/5764B,711,99.77908,0.09894514180745359
2020-01-08 18:29:00,M25/5764B,607,101.38842,0.08313132558171385
2020-01-08 18:44:00,M25/5764B,522,102.99776,0.07037316652286453
2020-01-08 18:59:00,M25/5764B,526,102.99776,0.07091242450388265
2020-01-08 19:14:00,M25/5764B,436,102.99776,0.05877911993097498
2020-01-08 19:29:00,M25/5764B,438,101.38842,0.059986030650396475
2020-01-08 19:44:00,M25/5764B,427,102.99776,0.05756578947368421
2020-01-08 19:59:00,M25/5764B,387,101.38842,0.053001355848637986
2020-01-08 20:14:00,M25/5764B,355,102.99776,0.047859145815358065
2020-01-08 20:29:00,M25/5764B,299,101.38842,0.04094936795540764
2020-01-08 20:44:00,M25/5764B,348,99.77908,0.0484288457791756
2020-01-08 20:59:00,M25/5764B,312,101.38842,0.04272977525781667
2020-01-08 21:14:00,M25/5764B,268,101.38842,0.0367037813112015
2020-01-08 21:29:00,M25/5764B,219,101.38842,0.029993015325198238
2020-01-08 21:44:00,M25/5764B,227,102.99776,0.030602890422778254
2020-01-08 21:59:00,M25/5764B,217,102.99776,0.02925474547023296
2020-01-08 22:14:00,M25/5764B,205,102.99776,0.0276369715271786
2020-01-08 22:29:00,M25/5764B,203,104.6071,0.026946306497643856
2020-01-08 22:44:00,M25/5764B,203,102.99776,0.02736734253666954
2020-01-08 22:59:00,M25/5764B,174,101.38842,0.023830066970705454
2020-01-08 23:14:00,M25/5764B,169,101.38842,0.023145294931317364
2020-01-08 23:29:00,M25/5764B,125,99.77908,0.017395418742519972
2020-01-08 23:44:00,M25/5764B,152,99.77908,0.021152829190904283
2020-01-08 23:59:00,M25/5764B,99,94.95106,0.0144777057954695
2020-01-09 00:14:00,M25/5764B,108,98.16974,0.015276029363923109
2020-01-09 00:29:00,M25/5764B,85,96.5604,0.012223180903077365
2020-01-09 00:44:00,M25/5764B,97,98.16974,0.013720137484264273
2020-01-09 00:59:00,M25/5764B,90,93.34172,0.013388474011484337
2020-01-09 01:14:00,M25/5764B,92,94.95106,0.013454029628113071
2020-01-09 01:29:00,M25/5764B,80,96.5604,0.011504170261719873
2020-01-09 01:44:00,M25/5764B,72,96.5604,0.010353753235547885
2020-01-09 01:59:00,M25/5764B,102,94.95106,0.014916424152907972
2020-01-09 02:14:00,M25/5764B,82,94.95106,0.011991635103318172
2020-01-09 02:29:00,M25/5764B,79,96.5604,0.011360368133448373
2020-01-09 02:44:00,M25/5764B,114,96.5604,0.016393442622950817
2020-01-09 02:59:00,M25/5764B,106,93.34172,0.01576864716908155
2020-01-09 03:14:00,M25/5764B,96,94.95106,0.014038987438031033
2020-01-09 03:29:00,M25/5764B,113,94.95106,0.01652505813018236
2020-01-09 03:44:00,M25/5764B,108,94.95106,0.01579386086778491
2020-01-09 03:59:00,M25/5764B,154,94.95106,0.022520875681841447
2020-01-09 04:14:00,M25/5764B,154,94.95106,0.022520875681841447
2020-01-09 04:29:00,M25/5764B,162,96.5604,0.02329594477998274
2020-01-09 04:44:00,M25/5764B,199,94.95106,0.029101651043418494
2020-01-09 04:59:00,M25/5764B,301,94.95106,0.044018075196326466
2020-01-09 05:14:00,M25/5764B,302,96.5604,0.04342824273799252
2020-01-09 05:29:00,M25/5764B,392,98.16974,0.05544632880238758
2020-01-09 05:44:00,M25/5764B,547,98.16974,0.0773702598339439
2020-01-09 05:59:00,M25/5764B,686,96.5604,0.09864825999424791
2020-01-09 06:14:00,M25/5764B,824,96.5604,0.11849295369571469
2020-01-09 06:29:00,M25/5764B,824,94.95106,0.1205013088430997
2020-01-09 06:44:00,M25/5764B,942,94.95106,0.13775756423567947
2020-01-09 06:59:00,M25/5764B,952,82.07634,0.1610583836640782
2020-01-09 07:14:00,M25/5764B,808,93.34172,0.12019874445865936
2020-01-09 07:29:00,M25/5764B,837,96.5604,0.12036238136324416
2020-01-09 07:44:00,M25/5764B,816,96.5604,0.11734253666954268
2020-01-09 07:59:00,M25/5764B,866,96.5604,0.12453264308311762
2020-01-09 08:14:00,M25/5764B,720,99.77908,0.10019761195691503
2020-01-09 08:29:00,M25/5764B,834,98.16974,0.11796489342140624
2020-01-09 08:44:00,M25/5764B,758,99.77908,0.1054858192546411
2020-01-09 08:59:00,M25/5764B,792,98.16974,0.11202421533543613
2020-01-09 09:14:00,M25/5764B,808,96.5604,0.11619211964337071
2020-01-09 09:29:00,M25/5764B,724,98.16974,0.10240597462481789
2020-01-09 09:44:00,M25/5764B,689,99.77908,0.09588354810877008
2020-01-09 09:59:00,M25/5764B,658,99.77908,0.09156948426062513
2020-01-09 10:14:00,M25/5764B,583,101.38842,0.07984441979265101
2020-01-09 10:29:00,M25/5764B,741,94.95106,0.10836343428730202
2020-01-09 10:44:00,M25/5764B,678,96.5604,0.09749784296807591
2020-01-09 10:59:00,M25/5764B,680,98.16974,0.09618240710618255
2020-01-09 11:14:00,M25/5764B,688,98.16974,0.09731396483684351
2020-01-09 11:29:00,M25/5764B,718,98.16974,0.10155730632682215
2020-01-09 11:44:00,M25/5764B,711,98.16974,0.10056719331249381
2020-01-09 11:59:00,M25/5764B,627,99.77908,0.08725542041248018
2020-01-09 12:14:00,M25/5764B,784,96.5604,0.11274086856485474
2020-01-09 12:29:00,M25/5764B,685,98.16974,0.09688963068784565
2020-01-09 12:44:00,M25/5764B,700,99.77908,0.09741434495811183
2020-01-09 12:59:00,M25/5764B,717,98.16974,0.10141586161048953
2020-01-09 13:14:00,M25/5764B,830,99.77908,0.1155055804503326
2020-01-09 13:29:00,M25/5764B,696,99.77908,0.0968576915583512
2020-01-09 13:44:00,M25/5764B,782,98.16974,0.11060976817210992
2020-01-09 13:59:00,M25/5764B,817,99.77908,0.11369645690111052
2020-01-09 14:14:00,M25/5764B,741,99.77908,0.10312004230565838
2020-01-09 14:29:00,M25/5764B,913,98.16974,0.1291390260116833
2020-01-09 14:44:00,M25/5764B,835,99.77908,0.1162013972000334
2020-01-09 14:59:00,M25/5764B,813,99.77908,0.11313980350134988
2020-01-09 15:14:00,M25/5764B,783,99.77908,0.1089649030031451
2020-01-09 15:29:00,M25/5764B,729,96.5604,0.10483175150992234
2020-01-09 15:44:00,M25/5764B,805,88.5137,0.1262844144638795
2020-01-09 15:59:00,M25/5764B,874,90.12304,0.13466042154566743
2020-01-09 16:14:00,M25/5764B,874,93.34172,0.13001695873374788
2020-01-09 16:29:00,M25/5764B,1004,88.5137,0.15750254921954662
2020-01-09 16:44:00,M25/5764B,995,86.90436,0.1589812418112677
2020-01-09 16:59:00,M25/5764B,950,75.63898,0.17439832577607253
2020-01-09 17:14:00,M25/5764B,912,80.467,0.15737704918032788
2020-01-09 17:29:00,M25/5764B,1011,88.5137,0.1586006745627108
2020-01-09 17:44:00,M25/5764B,789,98.16974,0.11159988118643827
2020-01-09 17:59:00,M25/5764B,838,98.16974,0.11853067228673672
2020-01-09 18:14:00,M25/5764B,717,98.16974,0.10141586161048953
2020-01-09 18:29:00,M25/5764B,640,101.38842,0.08765082104167522
2020-01-09 18:44:00,M25/5764B,558,102.99776,0.07522648835202761
2020-01-09 18:59:00,M25/5764B,539,101.38842,0.07381842584603586
2020-01-09 19:14:00,M25/5764B,557,101.38842,0.07628360518783296
2020-01-09 19:29:00,M25/5764B,462,102.99776,0.06228429680759275
2020-01-09 19:44:00,M25/5764B,470,101.38842,0.06436857170248024
2020-01-09 19:59:00,M25/5764B,447,101.38842,0.06121862032129504
2020-01-09 20:14:00,M25/5764B,392,101.38842,0.05368612788802607
2020-01-09 20:29:00,M25/5764B,341,102.99776,0.045971742881794654
2020-01-09 20:44:00,M25/5764B,337,101.38842,0.04615363545475711
2020-01-09 20:59:00,M25/5764B,345,102.99776,0.04651100086281277
2020-01-09 21:14:00,M25/5764B,269,102.99776,0.0362650992234685
2020-01-09 21:29:00,M25/5764B,267,99.77908,0.037156614434022656
2020-01-09 21:44:00,M25/5764B,208,102.99776,0.02804141501294219
2020-01-09 21:59:00,M25/5764B,232,102.99776,0.0312769628990509
2020-01-09 22:14:00,M25/5764B,222,101.38842,0.030403878548831094
2020-01-09 22:29:00,M25/5764B,220,101.38842,0.030129969733075856
2020-01-09 22:44:00,M25/5764B,176,102.99776,0.023727351164797236
2020-01-09 22:59:00,M25/5764B,210,101.38842,0.028760425654299683
2020-01-09 23:14:00,M25/5764B,169,98.16974,0.023904157060213014
2020-01-09 23:29:00,M25/5764B,145,99.77908,0.020178685741323164
2020-01-09 23:44:00,M25/5764B,133,99.77908,0.01850872554204125
2020-01-09 23:59:00,M25/5764B,120,99.77908,0.016699601992819172
2020-01-10 00:14:00,M25/5764B,92,96.5604,0.013229795800977854
2020-01-10 00:29:00,M25/5764B,87,99.77908,0.0121072114447939
2020-01-10 00:44:00,M25/5764B,91,96.5604,0.013085993672706355
2020-01-10 00:59:00,M25/5764B,113,96.5604,0.01624964049467932
2020-01-10 01:14:00,M25/5764B,82,93.34172,0.012198387432685729
2020-01-10 01:29:00,M25/5764B,93,94.95106,0.013600269080592562
2020-01-10 01:44:00,M25/5764B,97,94.95106,0.014185226890510522
2020-01-10 01:59:00,M25/5764B,67,91.73238,0.010141834309674098
2020-01-10 02:14:00,M25/5764B,91,91.73238,0.013774730181796162
2020-01-10 02:29:00,M25/5764B,91,91.73238,0.013774730181796162
2020-01-10 02:44:00,M25/5764B,96,94.95106,0.014038987438031033
2020-01-10 02:59:00,M25/5764B,82,96.5604,0.01179177451826287
2020-01-10 03:14:00,M25/5764B,103,94.95106,0.015062663605387463
2020-01-10 03:29:00,M25/5764B,118,93.34172,0.017553777037279464
2020-01-10 03:44:00,M25/5764B,116,94.95106,0.01696377648762083
2020-01-10 03:59:00,M25/5764B,145,93.34172,0.021570319240724764
2020-01-10 04:14:00,M25/5764B,156,98.16974,0.022065375747888933
2020-01-10 04:29:00,M25/5764B,195,94.95106,0.028516693233500534
2020-01-10 04:44:00,M25/5764B,262,94.95106,0.03831473654962636
2020-01-10 04:59:00,M25/5764B,290,96.5604,0.04170261719873454
2020-01-10 05:14:00,M25/5764B,308,96.5604,0.04429105550762151
2020-01-10 05:29:00,M25/5764B,348,96.5604,0.05004314063848144
2020-01-10 05:44:00,M25/5764B,515,98.16974,0.07284402891130001
2020-01-10 05:59:00,M25/5764B,660,98.16974,0.0933535127795301
2020-01-10 06:14:00,M25/5764B,817,96.5604,0.11748633879781421
2020-01-10 06:29:00,M25/5764B,853,96.5604,0.12266321541558815
2020-01-10 06:44:00,M25/5764B,834,94.95106,0.1219637033678946
2020-01-10 06:59:00,M25/5764B,908,93.34172,0.13507482669364196
2020-01-10 07:14:00,M25/5764B,820,94.95106,0.11991635103318173
2020-01-10 07:29:00,M25/5764B,750,94.95106,0.10967958935961744
2020-01-10 07:44:00,M25/5764B,831,93.34172,0.12362024337270537
2020-01-10 07:59:00,M25/5764B,724,99.77908,0.10075426535667566
2020-01-10 08:14:00,M25/5764B,775,99.77908,0.10785159620362382
2020-01-10 08:29:00,M25/5764B,711,99.77908,0.09894514180745359
2020-01-10 08:44:00,M25/5764B,728,99.77908,0.1013109187564363
2020-01-10 08:59:00,M25/5764B,653,101.38842,0.08943122834408425
2020-01-10 09:14:00,M25/5764B,704,99.77908,0.09797099835787247
2020-01-10 09:29:00,M25/5764B,727,99.77908,0.10117175540649614
2020-01-10 09:44:00,M25/5764B,732,98.16974,0.10353753235547886
2020-01-10 09:59:00,M25/5764B,693,99.77908,0.0964402015085307
2020-01-10 10:14:00,M25/5764B,692,96.5604,0.0995110727638769
2020-01-10 10:29:00,M25/5764B,778,99.77908,0.1082690862534443
2020-01-10 10:44:00,M25/5764B,771,99.77908,0.10729494280386317
2020-01-10 10:59:00,M25/5764B,783,99.77908,0.1089649030031451
2020-01-10 11:14:00,M25/5764B,786,99.77908,0.10938239305296557
2020-01-10 11:29:00,M25/5764B,702,99.77908,0.09769267165799216
2020-01-10 11:44:00,M25/5764B,780,99.77908,0.10854741295332461
2020-01-10 11:59:00,M25/5764B,738,99.77908,0.1027025522558379
2020-01-10 12:14:00,M25/5764B,870,99.77908,0.121072114447939
2020-01-10 12:29:00,M25/5764B,764,101.38842,0.1046331676184998
2020-01-10 12:44:00,M25/5764B,808,99.77908,0.1124439867516491
2020-01-10 12:59:00,M25/5764B,931,98.16974,0.1316850309056705
2020-01-10 13:14:00,M25/5764B,872,98.16974,0.12333979264204585
2020-01-10 13:29:00,M25/5764B,904,99.77908,0.12580366834590442
2020-01-10 13:44:00,M25/5764B,889,99.77908,0.12371621809680203
2020-01-10 13:59:00,M25/5764B,824,102.99776,0.11108714408973251
2020-01-10 14:14:00,M25/5764B,881,99.77908,0.12260291129728075
2020-01-10 14:29:00,M25/5764B,882,99.77908,0.12274207464722092
2020-01-10 14:44:00,M25/5764B,906,98.16974,0.12814891299735498
2020-01-10 14:59:00,M25/5764B,937,101.38842,0.12832628018132763
2020-01-10 15:14:00,M25/5764B,964,98.16974,0.136352706544647
2020-01-10 15:29:00,M25/5764B,861,101.38842,0.11791774518262871
2020-01-10 15:44:00,M25/5764B,824,102.99776,0.11108714408973251
2020-01-10 15:59:00,M25/5764B,887,101.38842,0.12147855978744676
2020-01-10 16:14:00,M25/5764B,925,98.16974,0.13083636260767478
2020-01-10 16:29:00,M25/5764B,946,99.77908,0.1316485290433911
2020-01-10 16:44:00,M25/5764B,907,96.5604,0.13042853034224905
2020-01-10 16:59:00,M25/5764B,895,96.5604,0.12870290480299107
2020-01-10 17:14:00,M25/5764B,839,98.16974,0.11867211700306933
2020-01-10 17:29:00,M25/5764B,925,96.5604,0.13301696865113602
2020-01-10 17:44:00,M25/5764B,877,96.5604,0.1261144664941041
2020-01-10 17:59:00,M25/5764B,709,101.38842,0.09710067518523084
2020-01-10 18:14:00,M25/5764B,651,102.99776,0.08776423641069887
2020-01-10 18:29:00,M25/5764B,587,102.99776,0.07913610871440897
2020-01-10 18:44:00,M25/5764B,674,101.38842,0.09230727090951422
2020-01-10 18:59:00,M25/5764B,553,99.77908,0.07695733251690835
2020-01-10 19:14:00,M25/5764B,482,98.16974,0.0681763532723235
2020-01-10 19:29:00,M25/5764B,479,98.16974,0.06775201912332564
2020-01-10 19:44:00,M25/5764B,467,98.16974,0.06605468252733418
2020-01-10 19:59:00,M25/5764B,432,101.38842,0.05916430420313078
2020-01-10 20:14:00,M25/5764B,415,104.6071,0.05508727683015862
2020-01-10 20:29:00,M25/5764B,423,104.6071,0.05614920023893276
2020-01-10 20:44:00,M25/5764B,383,102.99776,0.0516339516824849
2020-01-10 20:59:00,M25/5764B,353,102.99776,0.04758951682484901
2020-01-10 21:14:00,M25/5764B,277,104.6071,0.03676909802880467
2020-01-10 21:29:00,M25/5764B,273,104.6071,0.036238136324417594
2020-01-10 21:44:00,M25/5764B,286,104.6071,0.03796376186367558
2020-01-10 21:59:00,M25/5764B,232,102.99776,0.0312769628990509
2020-01-10 22:14:00,M25/5764B,291,99.77908,0.040496534832586494
2020-01-10 22:29:00,M25/5764B,285,102.99776,0.038422131147540985
2020-01-10 22:44:00,M25/5764B,246,102.99776,0.03316436583261432
2020-01-10 22:59:00,M25/5764B,223,101.38842,0.03054083295670871
2020-01-10 23:14:00,M25/5764B,202,102.99776,0.02723252804141501
2020-01-10 23:29:00,M25/5764B,198,99.77908,0.027554343288151633
2020-01-10 23:44:00,M25/5764B,141,99.77908,0.019622032341562526
2020-01-10 23:59:00,M25/5764B,153,101.38842,0.020954024405275485
2020-01-11 00:14:00,M25/5764B,113,101.38842,0.015475848090170783
2020-01-11 00:29:00,M25/5764B,115,99.77908,0.016003785243118372
2020-01-11 00:44:00,M25/5764B,114,99.77908,0.015864621893178214
2020-01-11 00:59:00,M25/5764B,115,99.77908,0.016003785243118372
2020-01-11 01:14:00,M25/5764B,119,99.77908,0.01656043864287901
2020-01-11 01:29:00,M25/5764B,117,98.16974,0.0165490318109167
2020-01-11 01:44:00,M25/5764B,103,96.5604,0.014811619211964337
2020-01-11 01:59:00,M25/5764B,93,98.16974,0.01315435861893379
2020-01-11 02:14:00,M25/5764B,91,94.95106,0.013307790175633582
2020-01-11 02:29:00,M25/5764B,94,94.95106,0.013746508533072051
2020-01-11 02:44:00,M25/5764B,79,101.38842,0.010819398222331786
2020-01-11 02:59:00,M25/5764B,82,96.5604,0.01179177451826287
2020-01-11 03:14:00,M25/5764B,91,96.5604,0.013085993672706355
2020-01-11 03:29:00,M25/5764B,106,96.5604,0.01524302559677883
2020-01-11 03:44:00,M25/5764B,103,98.16974,0.01456880578226
2020-01-11 03:59:00,M25/5764B,98,99.77908,0.013638008294135657
2020-01-11 04:14:00,M25/5764B,142,96.5604,0.02041990221455277
2020-01-11 04:29:00,M25/5764B,132,98.16974,0.018670702555906023
2020-01-11 04:44:00,M25/5764B,116,96.5604,0.016681046879493816
2020-01-11 04:59:00,M25/5764B,167,96.5604,0.024014955421340235
2020-01-11 05:14:00,M25/5764B,168,96.5604,0.024158757549611734
2020-01-11 05:29:00,M25/5764B,205,98.16974,0.028996166848187382
2020-01-11 05:44:00,M25/5764B,213,99.77908,0.029641793537254033
2020-01-11 05:59:00,M25/5764B,280,99.77908,0.038965737983244736
2020-01-11 06:14:00,M25/5764B,298,101.38842,0.04081241354753003
2020-01-11 06:29:00,M25/5764B,315,101.38842,0.04314063848144953
2020-01-11 06:44:00,M25/5764B,353,104.6071,0.04685737041215902
2020-01-11 06:59:00,M25/5764B,390,102.99776,0.05257765314926661
2020-01-11 07:14:00,M25/5764B,361,101.38842,0.049440541243819934
2020-01-11 07:29:00,M25/5764B,384,102.99776,0.05176876617773943
2020-01-11 07:44:00,M25/5764B,449,104.6071,0.059600451317448726
2020-01-11 07:59:00,M25/5764B,448,106.21644,0.05856668496875571
2020-01-11 08:14:00,M25/5764B,413,106.21644,0.05399116270557167
2020-01-11 08:29:00,M25/5764B,559,104.6071,0.07420189818809318
2020-01-11 08:44:00,M25/5764B,526,106.21644,0.06876356315528015
2020-01-11 08:59:00,M25/5764B,568,102.99776,0.0765746333045729
2020-01-11 09:14:00,M25/5764B,532,104.6071,0.07061790668348045
2020-01-11 09:29:00,M25/5764B,579,106.21644,0.07569221115381598
2020-01-11 09:44:00,M25/5764B,618,106.21644,0.08079065024707818
2020-01-11 09:59:00,M25/5764B,588,106.21644,0.07686877402149188
2020-01-11 10:14:00,M25/5764B,622,106.21644,0.08131356707715637
2020-01-11 10:29:00,M25/5764B,721,104.6071,0.09570584721576955
2020-01-11 10:44:00,M25/5764B,723,104.6071,0.09597132806796309
2020-01-11 10:59:00,M25/5764B,667,93.34172,0.0992234685073339
2020-01-11 11:14:00,M25/5764B,745,78.85766,0.1311827578313465
2020-01-11 11:29:00,M25/5764B,720,102.99776,0.09706643658326142
2020-01-11 11:44:00,M25/5764B,739,104.6071,0.09809517488551137
2020-01-11 11:59:00,M25/5764B,721,106.21644,0.09425575862159122
2020-01-11 12:14:00,M25/5764B,679,106.21644,0.08876513190577037
2020-01-11 12:29:00,M25/5764B,670,106.21644,0.08758856903809449
2020-01-11 12:44:00,M25/5764B,835,102.99776,0.11257010353753234
2020-01-11 12:59:00,M25/5764B,769,104.6071,0.1020773876684144
2020-01-11 13:14:00,M25/5764B,806,101.38842,0.11038525274935973
2020-01-11 13:29:00,M25/5764B,712,104.6071,0.09451118338089864
2020-01-11 13:44:00,M25/5764B,664,106.21644,0.08680419379297723
2020-01-11 13:59:00,M25/5764B,660,106.21644,0.08628127696289904
2020-01-11 14:14:00,M25/5764B,679,102.99776,0.09153904227782571
2020-01-11 14:29:00,M25/5764B,714,106.21644,0.09334065416895442
2020-01-11 14:44:00,M25/5764B,760,104.6071,0.10088272383354349
2020-01-11 14:59:00,M25/5764B,689,106.21644,0.09007242398096582
2020-01-11 15:14:00,M25/5764B,733,106.21644,0.09582450911182575
2020-01-11 15:29:00,M25/5764B,757,102.99776,0.10205457290767903
2020-01-11 15:44:00,M25/5764B,710,106.21644,0.09281773733887624
2020-01-11 15:59:00,M25/5764B,728,102.99776,0.09814495254529766
2020-01-11 16:14:00,M25/5764B,774,102.99776,0.10434641932700603
2020-01-11 16:29:00,M25/5764B,744,101.38842,0.10189407946094746
2020-01-11 16:44:00,M25/5764B,805,98.16974,0.11386299664776021
2020-01-11 16:59:00,M25/5764B,769,96.5604,0.11058383664078228
2020-01-11 17:14:00,M25/5764B,742,99.77908,0.10325920565559854
2020-01-11 17:29:00,M25/5764B,837,98.16974,0.11838922757040411
2020-01-11 17:44:00,M25/5764B,776,99.77908,0.10799075955356396
2020-01-11 17:59:00,M25/5764B,633,99.77908,0.08809040051212112
2020-01-11 18:14:00,M25/5764B,633,101.38842,0.0866921401865319
2020-01-11 18:29:00,M25/5764B,579,102.99776,0.07805759275237273
2020-01-11 18:44:00,M25/5764B,608,102.99776,0.08196721311475409
2020-01-11 18:59:00,M25/5764B,518,101.38842,0.07094238328060588
2020-01-11 19:14:00,M25/5764B,499,104.6071,0.0662374726222871
2020-01-11 19:29:00,M25/5764B,491,102.99776,0.06619391716997412
2020-01-11 19:44:00,M25/5764B,437,104.6071,0.05800756620428751
2020-01-11 19:59:00,M25/5764B,388,102.99776,0.05230802415875755
2020-01-11 20:14:00,M25/5764B,354,102.99776,0.047724331320103536
2020-01-11 20:29:00,M25/5764B,376,104.6071,0.04991040021238468
2020-01-11 20:44:00,M25/5764B,331,104.6071,0.04393708103803013
2020-01-11 20:59:00,M25/5764B,310,104.6071,0.04114953208999801
2020-01-11 21:14:00,M25/5764B,348,106.21644,0.04549376421680131
2020-01-11 21:29:00,M25/5764B,300,102.99776,0.040444348576358924
2020-01-11 21:44:00,M25/5764B,279,106.21644,0.03647344889795278
2020-01-11 21:59:00,M25/5764B,244,106.21644,0.03189792663476874
2020-01-11 22:14:00,M25/5764B,247,106.21644,0.03229011425732737
2020-01-11 22:29:00,M25/5764B,299,104.6071,0.03968938740293356
2020-01-11 22:44:00,M25/5764B,252,106.21644,0.03294376029492509
2020-01-11 22:59:00,M25/5764B,224,106.21644,0.029283342484377854
2020-01-11 23:14:00,M25/5764B,229,106.21644,0.02993698852197558
2020-01-11 23:29:00,M25/5764B,228,102.99776,0.030737704918032786
2020-01-11 23:44:00,M25/5764B,178,102.99776,0.023996980155306297
2020-01-11 23:59:00,M25/5764B,133,104.6071,0.017654476670870112
2020-01-12 00:14:00,M25/5764B,144,102.99776,0.019413287316652286
2020-01-12 00:29:00,M25/5764B,130,101.38842,0.017804073024090282
2020-01-12 00:44:00,M25/5764B,113,101.38842,0.015475848090170783
2020-01-12 00:59:00,M25/5764B,92,101.38842,0.012599805524740814
2020-01-12 01:14:00,M25/5764B,97,99.77908,0.013498844944195496
2020-01-12 01:29:00,M25/5764B,72,104.6071,0.009557310678967278
2020-01-12 01:44:00,M25/5764B,89,102.99776,0.011998490077653148
2020-01-12 01:59:00,M25/5764B,86,98.16974,0.01216424560460544
2020-01-12 02:14:00,M25/5764B,66,102.99776,0.008897756686798965
2020-01-12 02:29:00,M25/5764B,72,99.77908,0.010019761195691503
2020-01-12 02:44:00,M25/5764B,80,94.95106,0.011699156198359194
2020-01-12 02:59:00,M25/5764B,63,102.99776,0.008493313201035375
2020-01-12 03:14:00,M25/5764B,63,98.16974,0.008911017128955147
2020-01-12 03:29:00,M25/5764B,55,98.16974,0.007779459398294177
2020-01-12 03:44:00,M25/5764B,57,98.16974,0.008062348830959418
2020-01-12 03:59:00,M25/5764B,67,101.38842,0.009175945327800375
2020-01-12 04:14:00,M25/5764B,89,99.77908,0.012385538144674219
2020-01-12 04:29:00,M25/5764B,83,96.5604,0.011935576646534368
2020-01-12 04:44:00,M25/5764B,95,98.16974,0.013437248051599031
2020-01-12 04:59:00,M25/5764B,114,98.16974,0.016124697661918836
2020-01-12 05:14:00,M25/5764B,101,98.16974,0.014285916349594759
2020-01-12 05:29:00,M25/5764B,117,99.77908,0.01628211194299869
2020-01-12 05:44:00,M25/5764B,131,101.38842,0.017941027431967897
2020-01-12 05:59:00,M25/5764B,158,99.77908,0.02198780929054524
2020-01-12 06:14:00,M25/5764B,166,102.99776,0.02237920621225194
2020-01-12 06:29:00,M25/5764B,171,102.99776,0.023053278688524588
2020-01-12 06:44:00,M25/5764B,142,104.6071,0.018849140505741022
2020-01-12 06:59:00,M25/5764B,186,102.99776,0.025075496117342538
2020-01-12 07:14:00,M25/5764B,185,102.99776,0.02494068162208801
2020-01-12 07:29:00,M25/5764B,247,101.38842,0.03382773874577153
2020-01-12 07:44:00,M25/5764B,239,102.99776,0.03222066436583262
2020-01-12 07:59:00,M25/5764B,262,106.21644,0.03425105237012053
2020-01-12 08:14:00,M25/5764B,300,106.21644,0.039218762255863196
2020-01-12 08:29:00,M25/5764B,278,106.21644,0.036342719690433234
2020-01-12 08:44:00,M25/5764B,333,107.82578,0.042883082430814005
2020-01-12 08:59:00,M25/5764B,373,107.82578,0.0480342034435244
2020-01-12 09:14:00,M25/5764B,441,107.82578,0.05679110916513206
2020-01-12 09:29:00,M25/5764B,389,106.21644,0.05085366172510262
2020-01-12 09:44:00,M25/5764B,507,107.82578,0.06529045883610421
2020-01-12 09:59:00,M25/5764B,469,107.82578,0.06039689387402934
2020-01-12 10:14:00,M25/5764B,542,107.82578,0.0697976897222258
2020-01-12 10:29:00,M25/5764B,544,104.6071,0.07221079179664165
2020-01-12 10:44:00,M25/5764B,573,106.21644,0.07490783590869872
2020-01-12 10:59:00,M25/5764B,594,106.21644,0.07765314926660913
2020-01-12 11:14:00,M25/5764B,596,107.82578,0.07675170308938482
2020-01-12 11:29:00,M25/5764B,688,104.6071,0.09132541315457622
2020-01-12 11:44:00,M25/5764B,629,106.21644,0.08222867152979317
2020-01-12 11:59:00,M25/5764B,695,106.21644,0.09085679922608308
2020-01-12 12:14:00,M25/5764B,679,106.21644,0.08876513190577037
2020-01-12 12:29:00,M25/5764B,698,106.21644,0.09124898684864172
2020-01-12 12:44:00,M25/5764B,695,106.21644,0.09085679922608308
2020-01-12 12:59:00,M25/5764B,749,104.6071,0.09942257914647905
2020-01-12 13:14:00,M25/5764B,736,102.99776,0.0992234685073339
2020-01-12 13:29:00,M25/5764B,771,104.6071,0.10234286852060795
2020-01-12 13:44:00,M25/5764B,808,104.6071,0.10725426428618835
2020-01-12 13:59:00,M25/5764B,795,102.99776,0.10717752372735115
2020-01-12 14:14:00,M25/5764B,771,104.6071,0.10234286852060795
2020-01-12 14:29:00,M25/5764B,789,102.99776,0.10636863675582399
2020-01-12 14:44:00,M25/5764B,738,104.6071,0.0979624344594146
2020-01-12 14:59:00,M25/5764B,750,104.6071,0.09955531957257582
2020-01-12 15:14:00,M25/5764B,772,104.6071,0.10247560894670471
2020-01-12 15:29:00,M25/5764B,808,101.38842,0.11065916156511497
2020-01-12 15:44:00,M25/5764B,741,102.99776,0.09989754098360655
2020-01-12 15:59:00,M25/5764B,798,104.6071,0.10592686002522067
2020-01-12 16:14:00,M25/5764B,769,104.6071,0.1020773876684144
2020-01-12 16:29:00,M25/5764B,836,101.38842,0.11449388498568826
2020-01-12 16:44:00,M25/5764B,758,102.99776,0.10218938740293355
2020-01-12 16:59:00,M25/5764B,834,98.16974,0.11796489342140624
2020-01-12 17:14:00,M25/5764B,807,99.77908,0.11230482340170894
2020-01-12 17:29:00,M25/5764B,814,99.77908,0.11327896685129005
2020-01-12 17:44:00,M25/5764B,729,101.38842,0.09983976334278319
2020-01-12 17:59:00,M25/5764B,784,101.38842,0.10737225577605214
2020-01-12 18:14:00,M25/5764B,582,104.6071,0.07725492798831884
2020-01-12 18:29:00,M25/5764B,551,102.99776,0.0742827868852459
2020-01-12 18:44:00,M25/5764B,607,102.99776,0.08183239861949956
2020-01-12 18:59:00,M25/5764B,527,102.99776,0.07104723899913719
2020-01-12 19:14:00,M25/5764B,468,104.6071,0.062122519413287315
2020-01-12 19:29:00,M25/5764B,459,102.99776,0.061879853321829166
2020-01-12 19:44:00,M25/5764B,505,104.6071,0.06703391517886773
2020-01-12 19:59:00,M25/5764B,425,106.21644,0.0555599131958062
2020-01-12 20:14:00,M25/5764B,439,104.6071,0.05827304705648105
2020-01-12 20:29:00,M25/5764B,362,104.6071,0.04805203424702993
2020-01-12 20:44:00,M25/5764B,330,106.21644,0.04314063848144952
2020-01-12 20:59:00,M25/5764B,377,102.99776,0.05082506471095772
2020-01-12 21:14:00,M25/5764B,334,102.99776,0.04502804141501294
2020-01-12 21:29:00,M25/5764B,297,104.6071,0.039423906550740025
2020-01-12 21:44:00,M25/5764B,240,106.21644,0.03137500980469056
2020-01-12 21:59:00,M25/5764B,249,106.21644,0.032551572672366455
2020-01-12 22:14:00,M25/5764B,200,104.6071,0.02654808521935355
2020-01-12 22:29:00,M25/5764B,240,104.6071,0.03185770226322426
2020-01-12 22:44:00,M25/5764B,255,102.99776,0.034377696289905085
2020-01-12 22:59:00,M25/5764B,170,101.38842,0.023282249339194983
2020-01-12 23:14:00,M25/5764B,192,104.6071,0.02548616181057941
2020-01-12 23:29:00,M25/5764B,163,101.38842,0.02232356848405166
2020-01-12 23:44:00,M25/5764B,148,101.38842,0.020269252365887395
2020-01-12 23:59:00,M25/5764B,125,98.16974,0.017680589541577675
2020-01-13 00:14:00,M25/5764B,84,101.38842,0.011504170261719873
2020-01-13 00:29:00,M25/5764B,73,99.77908,0.010158924545631663
2020-01-13 00:44:00,M25/5764B,63,99.77908,0.008767291046230065
2020-01-13 00:59:00,M25/5764B,85,96.5604,0.012223180903077365
2020-01-13 01:14:00,M25/5764B,89,96.5604,0.012798389416163358
2020-01-13 01:29:00,M25/5764B,81,96.5604,0.01164797238999137
2020-01-13 01:44:00,M25/5764B,66,94.95106,0.009651803863646335
2020-01-13 01:59:00,M25/5764B,64,93.34172,0.00952069263038886
2020-01-13 02:14:00,M25/5764B,59,93.34172,0.008776888518639732
2020-01-13 02:29:00,M25/5764B,89,93.34172,0.013239713189134509
2020-01-13 02:44:00,M25/5764B,81,91.73238,0.012261023568411968
2020-01-13 02:59:00,M25/5764B,97,91.73238,0.014682954149826679
2020-01-13 03:14:00,M25/5764B,109,93.34172,0.01621492963613103
2020-01-13 03:29:00,M25/5764B,101,96.5604,0.01452401495542134
2020-01-13 03:44:00,M25/5764B,124,94.95106,0.018133692107456748
2020-01-13 03:59:00,M25/5764B,138,96.5604,0.01984469370146678
2020-01-13 04:14:00,M25/5764B,201,94.95106,0.029394129948377472
2020-01-13 04:29:00,M25/5764B,201,96.5604,0.02890422778257118
2020-01-13 04:44:00,M25/5764B,241,98.16974,0.03408817663616175
2020-01-13 04:59:00,M25/5764B,285,96.5604,0.040983606557377046
2020-01-13 05:14:00,M25/5764B,358,98.16974,0.050637208447078454
2020-01-13 05:29:00,M25/5764B,513,98.16974,0.07256113947863477
2020-01-13 05:44:00,M25/5764B,694,98.16974,0.09816263313483924
2020-01-13 05:59:00,M25/5764B,775,99.77908,0.10785159620362382
2020-01-13 06:14:00,M25/5764B,963,94.95106,0.1408285927377488
2020-01-13 06:29:00,M25/5764B,1029,90.12304,0.15854184641932698
2020-01-13 06:44:00,M25/5764B,913,56.3269,0.22507087390607664
2020-01-13 06:59:00,M25/5764B,901,83.68568,0.14949890489148468
2020-01-13 07:14:00,M25/5764B,897,43.45218,0.2866455756878535
2020-01-13 07:29:00,M25/5764B,953,77.24832,0.17130428530342245
2020-01-13 07:44:00,M25/5764B,908,91.73238,0.13744456049528478
2020-01-13 07:59:00,M25/5764B,826,94.95106,0.12079378774805866
2020-01-13 08:14:00,M25/5764B,868,98.16974,0.12277401377671537
2020-01-13 08:29:00,M25/5764B,840,98.16974,0.11881356171940197
2020-01-13 08:44:00,M25/5764B,873,99.77908,0.12148960449775946
2020-01-13 08:59:00,M25/5764B,805,98.16974,0.11386299664776021
2020-01-13 09:14:00,M25/5764B,818,98.16974,0.11570177796008428
2020-01-13 09:29:00,M25/5764B,772,98.16974,0.10919532100878371
2020-01-13 09:44:00,M25/5764B,777,99.77908,0.10812992290350414
2020-01-13 09:59:00,M25/5764B,654,99.77908,0.0910128308608645
2020-01-13 10:14:00,M25/5764B,648,101.38842,0.08874645630469617
2020-01-13 10:29:00,M25/5764B,656,99.77908,0.0912911575607448
2020-01-13 10:44:00,M25/5764B,669,101.38842,0.09162249887012613
2020-01-13 10:59:00,M25/5764B,629,99.77908,0.08753374711236049
2020-01-13 11:14:00,M25/5764B,737,98.16974,0.10424475593714196
2020-01-13 11:29:00,M25/5764B,676,101.38842,0.09258117972526946
2020-01-13 11:44:00,M25/5764B,676,99.77908,0.09407442455954801
2020-01-13 11:59:00,M25/5764B,633,99.77908,0.08809040051212112
2020-01-13 12:14:00,M25/5764B,719,99.77908,0.10005844860697487
2020-01-13 12:29:00,M25/5764B,627,99.77908,0.08725542041248018
2020-01-13 12:44:00,M25/5764B,651,99.77908,0.090595340811044
2020-01-13 12:59:00,M25/5764B,716,99.77908,0.09964095855715438
2020-01-13 13:14:00,M25/5764B,723,99.77908,0.1006151020067355
2020-01-13 13:29:00,M25/5764B,726,98.16974,0.10268886405748312
2020-01-13 13:44:00,M25/5764B,798,98.16974,0.11287288363343187
2020-01-13 13:59:00,M25/5764B,708,94.95106,0.10353753235547886
2020-01-13 14:14:00,M25/5764B,731,93.34172,0.10874416113772277
2020-01-13 14:29:00,M25/5764B,848,99.77908,0.11801052074925548
2020-01-13 14:44:00,M25/5764B,737,101.38842,0.10093539860580412
2020-01-13 14:59:00,M25/5764B,868,99.77908,0.12079378774805868
2020-01-13 15:14:00,M25/5764B,796,98.16974,0.11258999420076661
2020-01-13 15:29:00,M25/5764B,681,101.38842,0.09326595176465755
2020-01-13 15:44:00,M25/5764B,844,96.5604,0.12136899626114465
2020-01-13 15:59:00,M25/5764B,936,94.95106,0.13688012752080256
2020-01-13 16:14:00,M25/5764B,832,98.16974,0.11768200398874099
2020-01-13 16:29:00,M25/5764B,948,96.5604,0.1363244176013805
2020-01-13 16:44:00,M25/5764B,895,96.5604,0.12870290480299107
2020-01-13 16:59:00,M25/5764B,846,96.5604,0.12165660051768765
2020-01-13 17:14:00,M25/5764B,819,98.16974,0.11584322267641692
2020-01-13 17:29:00,M25/5764B,798,99.77908,0.1110523532522475
2020-01-13 17:44:00,M25/5764B,734,101.38842,0.10052453538217128
2020-01-13 17:59:00,M25/5764B,708,98.16974,0.10014285916349594
2020-01-13 18:14:00,M25/5764B,677,101.38842,0.09271813413314707
2020-01-13 18:29:00,M25/5764B,637,101.38842,0.08723995781804238
2020-01-13 18:44:00,M25/5764B,519,101.38842,0.0710793376884835
2020-01-13 18:59:00,M25/5764B,464,99.77908,0.06457179437223413
2020-01-13 19:14:00,M25/5764B,440,99.77908,0.061231873973670296
2020-01-13 19:29:00,M25/5764B,407,101.38842,0.05574044400619034
2020-01-13 19:44:00,M25/5764B,403,99.77908,0.056082830025884385
2020-01-13 19:59:00,M25/5764B,369,101.38842,0.05053617650684087
2020-01-13 20:14:00,M25/5764B,269,98.16974,0.038048628693475146
2020-01-13 20:29:00,M25/5764B,318,99.77908,0.044253945280970805
2020-01-13 20:44:00,M25/5764B,298,99.77908,0.041470678282167606
2020-01-13 20:59:00,M25/5764B,261,101.38842,0.03574510045605817
2020-01-13 21:14:00,M25/5764B,244,101.38842,0.03341687552213868
2020-01-13 21:29:00,M25/5764B,221,98.16974,0.03125928230950933
2020-01-13 21:44:00,M25/5764B,219,101.38842,0.029993015325198238
2020-01-13 21:59:00,M25/5764B,192,99.77908,0.026719363188510672
2020-01-13 22:14:00,M25/5764B,206,99.77908,0.028667650087672913
2020-01-13 22:29:00,M25/5764B,215,96.5604,0.030917457578372158
2020-01-13 22:44:00,M25/5764B,206,98.16974,0.02913761156452
2020-01-13 22:59:00,M25/5764B,175,98.16974,0.024752825358208743
2020-01-13 23:14:00,M25/5764B,142,96.5604,0.02041990221455277
2020-01-13 23:29:00,M25/5764B,151,94.95106,0.02208215732440298
2020-01-13 23:44:00,M25/5764B,124,96.5604,0.0178314639056658
2020-01-13 23:59:00,M25/5764B,104,98.16974,0.014710250498592623
2020-01-14 00:14:00,M25/5764B,118,99.77908,0.016421275292938853
2020-01-14 00:29:00,M25/5764B,103,98.16974,0.01456880578226
2020-01-14 00:44:00,M25/5764B,101,94.95106,0.01477018470042848
2020-01-14 00:59:00,M25/5764B,79,98.16974,0.01117413259027709
2020-01-14 01:14:00,M25/5764B,115,94.95106,0.01681753703514134
2020-01-14 01:29:00,M25/5764B,77,90.12304,0.011863675582398618
2020-01-14 01:44:00,M25/5764B,105,93.34172,0.015619886346731724
2020-01-14 01:59:00,M25/5764B,77,93.34172,0.011454583320936598
2020-01-14 02:14:00,M25/5764B,100,94.95106,0.01462394524794899
2020-01-14 02:29:00,M25/5764B,87,93.34172,0.012942191544434859
2020-01-14 02:44:00,M25/5764B,86,94.95106,0.012576592913236134
2020-01-14 02:59:00,M25/5764B,85,93.34172,0.012644669899735205
2020-01-14 03:14:00,M25/5764B,90,94.95106,0.013161550723154093
2020-01-14 03:29:00,M25/5764B,124,94.95106,0.018133692107456748
2020-01-14 03:44:00,M25/5764B,138,93.34172,0.02052899348427598
2020-01-14 03:59:00,M25/5764B,174,93.34172,0.025884383088869718
2020-01-14 04:14:00,M25/5764B,141,94.95106,0.020619762799608077
2020-01-14 04:29:00,M25/5764B,168,96.5604,0.024158757549611734
2020-01-14 04:44:00,M25/5764B,217,94.95106,0.03173396118804931
2020-01-14 04:59:00,M25/5764B,242,96.5604,0.03480011504170261
2020-01-14 05:14:00,M25/5764B,318,98.16974,0.044979419793773595
2020-01-14 05:29:00,M25/5764B,455,99.77908,0.0633193242227727
2020-01-14 05:44:00,M25/5764B,542,99.77908,0.07542653566756659
2020-01-14 05:59:00,M25/5764B,694,98.16974,0.09816263313483924
2020-01-14 06:14:00,M25/5764B,807,98.16974,0.11414588608042546
2020-01-14 06:29:00,M25/5764B,950,93.34172,0.14132278123233466
2020-01-14 06:44:00,M25/5764B,927,93.34172,0.13790128231828866
2020-01-14 06:59:00,M25/5764B,945,93.34172,0.1405789771205855
2020-01-14 07:14:00,M25/5764B,952,91.73238,0.14410486959417526
2020-01-14 07:29:00,M25/5764B,893,93.34172,0.13284341435839458
2020-01-14 07:44:00,M25/5764B,914,94.95106,0.1336628595662538
2020-01-14 07:59:00,M25/5764B,928,96.5604,0.13344837503595053
2020-01-14 08:14:00,M25/5764B,813,98.16974,0.1149945543784212
2020-01-14 08:29:00,M25/5764B,910,96.5604,0.13085993672706353
2020-01-14 08:44:00,M25/5764B,855,94.95106,0.1250347318699639
2020-01-14 08:59:00,M25/5764B,779,98.16974,0.11018543402311205
2020-01-14 09:14:00,M25/5764B,749,99.77908,0.10423334910517966
2020-01-14 09:29:00,M25/5764B,744,98.16974,0.10523486895147031
2020-01-14 09:44:00,M25/5764B,748,99.77908,0.1040941857552395
2020-01-14 09:59:00,M25/5764B,710,99.77908,0.09880597845751343
2020-01-14 10:14:00,M25/5764B,708,99.77908,0.0985276517576331
2020-01-14 10:29:00,M25/5764B,683,98.16974,0.0966067412551804
2020-01-14 10:44:00,M25/5764B,636,98.16974,0.08995883958754719
2020-01-14 10:59:00,M25/5764B,679,96.5604,0.09764164509634742
2020-01-14 11:14:00,M25/5764B,735,99.77908,0.10228506220601742
2020-01-14 11:29:00,M25/5764B,632,99.77908,0.08795123716218096
2020-01-14 11:44:00,M25/5764B,682,98.16974,0.09646529653884778
2020-01-14 11:59:00,M25/5764B,610,98.16974,0.08628127696289904
2020-01-14 12:14:00,M25/5764B,670,98.16974,0.09476795994285632
2020-01-14 12:29:00,M25/5764B,734,99.77908,0.10214589885607726
2020-01-14 12:44:00,M25/5764B,728,98.16974,0.10297175349014837
2020-01-14 12:59:00,M25/5764B,710,98.16974,0.10042574859616117
2020-01-14 13:14:00,M25/5764B,763,98.16974,0.10792231856179012
2020-01-14 13:29:00,M25/5764B,624,99.77908,0.0868379303626597
2020-01-14 13:44:00,M25/5764B,799,96.5604,0.11489790048892723
2020-01-14 13:59:00,M25/5764B,851,98.16974,0.12036945359906079
2020-01-14 14:14:00,M25/5764B,781,99.77908,0.10868657630326478
2020-01-14 14:29:00,M25/5764B,780,98.16974,0.11032687873944468
2020-01-14 14:44:00,M25/5764B,738,99.77908,0.1027025522558379
2020-01-14 14:59:00,M25/5764B,461,101.38842,0.06313598203158167
2020-01-14 15:14:00,M25/5764B,879,98.16974,0.12432990565637418
2020-01-14 15:29:00,M25/5764B,916,98.16974,0.12956336016068118
2020-01-14 15:44:00,M25/5764B,916,96.5604,0.13172274949669255
2020-01-14 15:59:00,M25/5764B,958,96.5604,0.13776243888409548
2020-01-14 16:14:00,M25/5764B,939,94.95106,0.13731884587824103
2020-01-14 16:29:00,M25/5764B,792,96.5604,0.11389128559102675
2020-01-14 16:44:00,M25/5764B,900,91.73238,0.13623359520457742
2020-01-14 16:59:00,M25/5764B,949,91.73238,0.14365075761015997
2020-01-14 17:14:00,M25/5764B,878,93.34172,0.13061200202314718
2020-01-14 17:29:00,M25/5764B,949,94.95106,0.1387812404030359
2020-01-14 17:44:00,M25/5764B,847,96.5604,0.12180040264595914
2020-01-14 17:59:00,M25/5764B,730,96.5604,0.10497555363819384
2020-01-14 18:14:00,M25/5764B,632,98.16974,0.08939306072221671
2020-01-14 18:29:00,M25/5764B,631,98.16974,0.08925161600588409
2020-01-14 18:44:00,M25/5764B,522,101.38842,0.07149020091211634
2020-01-14 18:59:00,M25/5764B,497,99.77908,0.0691641849202594
2020-01-14 19:14:00,M25/5764B,398,102.99776,0.053656169111302845
2020-01-14 19:29:00,M25/5764B,425,98.16974,0.06011400444136409
2020-01-14 19:44:00,M25/5764B,413,99.77908,0.05747446352528598
2020-01-14 19:59:00,M25/5764B,294,99.77908,0.04091402488240697
2020-01-14 20:14:00,M25/5764B,350,99.77908,0.04870717247905591
2020-01-14 20:29:00,M25/5764B,306,98.16974,0.043282083197782144
2020-01-14 20:44:00,M25/5764B,297,101.38842,0.04067545913965241
2020-01-14 20:59:00,M25/5764B,275,99.77908,0.03826992123354393
2020-01-14 21:14:00,M25/5764B,199,101.38842,0.02725392716764589
2020-01-14 21:29:00,M25/5764B,263,101.38842,0.03601900927181341
2020-01-14 21:44:00,M25/5764B,254,99.77908,0.03534749088480058
2020-01-14 21:59:00,M25/5764B,225,99.77908,0.03131175373653595
2020-01-14 22:14:00,M25/5764B,217,98.16974,0.030693503444178843
2020-01-14 22:29:00,M25/5764B,259,101.38842,0.03547119164030294
2020-01-14 22:44:00,M25/5764B,156,101.38842,0.021364887628908334
2020-01-14 22:59:00,M25/5764B,189,99.77908,0.026301873138690195
2020-01-14 23:14:00,M25/5764B,139,101.38842,0.01903666269498884
2020-01-14 23:29:00,M25/5764B,142,98.16974,0.020085149719232236
2020-01-14 23:44:00,M25/5764B,115,94.95106,0.01681753703514134
2020-01-14 23:59:00,M25/5764B,107,94.95106,0.01564762141530542
2020-01-15 00:14:00,M25/5764B,85,96.5604,0.012223180903077365
2020-01-15 00:29:00,M25/5764B,98,96.5604,0.014092608570606843
2020-01-15 00:44:00,M25/5764B,96,93.34172,0.014281038945583292
2020-01-15 00:59:00,M25/5764B,76,94.95106,0.011114198388441235
2020-01-15 01:14:00,M25/5764B,95,93.34172,0.014132278123233465
2020-01-15 01:29:00,M25/5764B,86,90.12304,0.013250338962159497
2020-01-15 01:44:00,M25/5764B,71,94.95106,0.010383001126043784
2020-01-15 01:59:00,M25/5764B,77,94.95106,0.011260437840920724
2020-01-15 02:14:00,M25/5764B,92,93.34172,0.013685995656183987
2020-01-15 02:29:00,M25/5764B,95,94.95106,0.013892747985551542
2020-01-15 02:44:00,M25/5764B,108,93.34172,0.016066168813781204
2020-01-15 02:59:00,M25/5764B,102,94.95106,0.014916424152907972
2020-01-15 03:14:00,M25/5764B,102,91.73238,0.015439807456518776
2020-01-15 03:29:00,M25/5764B,120,91.73238,0.018164479360610324
2020-01-15 03:44:00,M25/5764B,123,96.5604,0.017687661777394306
2020-01-15 03:59:00,M25/5764B,124,94.95106,0.018133692107456748
2020-01-15 04:14:00,M25/5764B,139,94.95106,0.020327283894649096
2020-01-15 04:29:00,M25/5764B,190,96.5604,0.027322404371584695
2020-01-15 04:44:00,M25/5764B,226,93.34172,0.033619945851060665
2020-01-15 04:59:00,M25/5764B,246,93.34172,0.036595162298057184
2020-01-15 05:14:00,M25/5764B,293,94.95106,0.042848159576490547
2020-01-15 05:29:00,M25/5764B,420,96.5604,0.06039689387402933
2020-01-15 05:44:00,M25/5764B,530,98.16974,0.07496569965628933
2020-01-15 05:59:00,M25/5764B,661,94.95106,0.09666427808894283
2020-01-15 06:14:00,M25/5764B,842,91.73238,0.1274540968469491
2020-01-15 06:29:00,M25/5764B,789,75.63898,0.14484239898665394
2020-01-15 06:44:00,M25/5764B,505,17.70274,0.39610949878421836
2020-01-15 06:59:00,M25/5764B,478,14.48406,0.4582494487585083
2020-01-15 07:14:00,M25/5764B,287,9.65604,0.4127121081392004
2020-01-15 07:29:00,M25/5764B,465,25.74944,0.2507549611734254
2020-01-15 07:44:00,M25/5764B,601,24.1401,0.3457003163646822
2020-01-15 07:59:00,M25/5764B,821,41.84284,0.2724497245636158
2020-01-15 08:14:00,M25/5764B,900,56.3269,0.2218661407617404
2020-01-15 08:29:00,M25/5764B,908,45.06152,0.2797978552939726
2020-01-15 08:44:00,M25/5764B,895,48.2802,0.25740580960598214
2020-01-15 08:59:00,M25/5764B,851,59.54558,0.1984469370146678
2020-01-15 09:14:00,M25/5764B,832,88.5137,0.13052004078751275
2020-01-15 09:29:00,M25/5764B,771,93.34172,0.11469459403171582
2020-01-15 09:44:00,M25/5764B,867,94.95106,0.12678960529971775
2020-01-15 09:59:00,M25/5764B,868,94.95106,0.12693584475219724
2020-01-15 10:14:00,M25/5764B,706,96.5604,0.10152430255967787
2020-01-15 10:29:00,M25/5764B,806,96.5604,0.11590451538682771
2020-01-15 10:44:00,M25/5764B,799,98.16974,0.11301432834976448
2020-01-15 10:59:00,M25/5764B,731,98.16974,0.10339608763914623
2020-01-15 11:14:00,M25/5764B,682,99.77908,0.09490940465918896
2020-01-15 11:29:00,M25/5764B,724,98.16974,0.10240597462481789
2020-01-15 11:44:00,M25/5764B,708,99.77908,0.0985276517576331
2020-01-15 11:59:00,M25/5764B,682,98.16974,0.09646529653884778
2020-01-15 12:14:00,M25/5764B,663,99.77908,0.09226530101032591
2020-01-15 12:29:00,M25/5764B,665,99.77908,0.09254362771020624
2020-01-15 12:44:00,M25/5764B,676,99.77908,0.09407442455954801
2020-01-15 12:59:00,M25/5764B,736,98.16974,0.10410331122080933
2020-01-15 13:14:00,M25/5764B,740,98.16974,0.10466909008613982
2020-01-15 13:29:00,M25/5764B,764,98.16974,0.10806376327812274
2020-01-15 13:44:00,M25/5764B,683,99.77908,0.09504856800912911
2020-01-15 13:59:00,M25/5764B,691,99.77908,0.0961618748086504
2020-01-15 14:14:00,M25/5764B,817,98.16974,0.11556033324375167
2020-01-15 14:29:00,M25/5764B,830,98.16974,0.11739911455607574
2020-01-15 14:44:00,M25/5764B,807,98.16974,0.11414588608042546
2020-01-15 14:59:00,M25/5764B,791,101.38842,0.10833093663119547
2020-01-15 15:14:00,M25/5764B,852,91.73238,0.1289678034603333
2020-01-15 15:29:00,M25/5764B,834,86.90436,0.13325663886492187
2020-01-15 15:44:00,M25/5764B,862,83.68568,0.14302780911926727
2020-01-15 15:59:00,M25/5764B,811,85.29502,0.13202663323945496
2020-01-15 16:14:00,M25/5764B,768,91.73238,0.11625266790790607
2020-01-15 16:29:00,M25/5764B,894,98.16974,0.1264515764013635
2020-01-15 16:44:00,M25/5764B,821,99.77908,0.11425311030087117
2020-01-15 16:59:00,M25/5764B,687,98.16974,0.09717252012051088
2020-01-15 17:14:00,M25/5764B,882,96.5604,0.12683347713546161
2020-01-15 17:29:00,M25/5764B,1005,90.12304,0.15484407740663134
2020-01-15 17:44:00,M25/5764B,825,98.16974,0.11669189097441265
2020-01-15 17:59:00,M25/5764B,615,101.38842,0.08422696084473479
2020-01-15 18:14:00,M25/5764B,604,102.99776,0.08142795513373598
2020-01-15 18:29:00,M25/5764B,731,101.38842,0.10011367215853842
2020-01-15 18:44:00,M25/5764B,579,101.38842,0.07929660216114055
2020-01-15 18:59:00,M25/5764B,570,102.99776,0.07684426229508197
2020-01-15 19:14:00,M25/5764B,433,102.99776,0.05837467644521139
2020-01-15 19:29:00,M25/5764B,506,102.99776,0.06821613459879206
2020-01-15 19:44:00,M25/5764B,486,101.38842,0.06655984222852213
2020-01-15 19:59:00,M25/5764B,449,101.38842,0.06149252913705028
2020-01-15 20:14:00,M25/5764B,342,102.99776,0.046106557377049176
2020-01-15 20:29:00,M25/5764B,363,99.77908,0.05051629602827799
2020-01-15 20:44:00,M25/5764B,323,101.38842,0.044236273744470464
2020-01-15 20:59:00,M25/5764B,316,99.77908,0.04397561858109048
2020-01-15 21:14:00,M25/5764B,290,101.38842,0.039716778284509084
2020-01-15 21:29:00,M25/5764B,231,101.38842,0.03163646821972965
2020-01-15 21:44:00,M25/5764B,243,102.99776,0.03275992234685073
2020-01-15 21:59:00,M25/5764B,245,101.38842,0.0335538299300163
2020-01-15 22:14:00,M25/5764B,267,102.99776,0.035995470232959445
2020-01-15 22:29:00,M25/5764B,232,99.77908,0.03228589718611707
2020-01-15 22:44:00,M25/5764B,197,101.38842,0.026980018351890653
2020-01-15 22:59:00,M25/5764B,174,101.38842,0.023830066970705454
2020-01-15 23:14:00,M25/5764B,141,96.5604,0.020276100086281276
2020-01-15 23:29:00,M25/5764B,156,99.77908,0.021709482590664925
2020-01-15 23:44:00,M25/5764B,133,99.77908,0.01850872554204125
2020-01-15 23:59:00,M25/5764B,129,98.16974,0.01824636840690816
2020-01-16 00:14:00,M25/5764B,130,101.38842,0.017804073024090282
2020-01-16 00:29:00,M25/5764B,86,99.77908,0.01196804809485374
2020-01-16 00:44:00,M25/5764B,92,96.5604,0.013229795800977854
2020-01-16 00:59:00,M25/5764B,121,96.5604,0.017400057520851307
2020-01-16 01:14:00,M25/5764B,138,93.34172,0.02052899348427598
2020-01-16 01:29:00,M25/5764B,111,93.34172,0.01651245128083068
2020-01-16 01:44:00,M25/5764B,97,93.34172,0.014429799767933118
2020-01-16 01:59:00,M25/5764B,147,93.34172,0.021867840885424414
2020-01-16 02:14:00,M25/5764B,119,94.95106,0.017402494845059298
2020-01-16 02:29:00,M25/5764B,129,93.34172,0.019190146083127548
2020-01-16 02:44:00,M25/5764B,121,93.34172,0.018000059504328942
2020-01-16 02:59:00,M25/5764B,119,94.95106,0.017402494845059298
2020-01-16 03:14:00,M25/5764B,126,91.73238,0.01907270332864084
2020-01-16 03:29:00,M25/5764B,140,93.34172,0.020826515128975633
2020-01-16 03:44:00,M25/5764B,114,94.95106,0.01667129758266185
2020-01-16 03:59:00,M25/5764B,127,94.95106,0.018572410464895217
2020-01-16 04:14:00,M25/5764B,199,96.5604,0.028616623526028184
2020-01-16 04:29:00,M25/5764B,229,94.95106,0.033488834617803186
2020-01-16 04:44:00,M25/5764B,270,94.95106,0.03948465216946228
2020-01-16 04:59:00,M25/5764B,320,96.5604,0.04601668104687949
2020-01-16 05:14:00,M25/5764B,423,94.95106,0.06185928839882423
2020-01-16 05:29:00,M25/5764B,474,98.16974,0.06704479554166254
2020-01-16 05:44:00,M25/5764B,564,98.16974,0.07977482001159845
2020-01-16 05:59:00,M25/5764B,746,98.16974,0.10551775838413555
2020-01-16 06:14:00,M25/5764B,890,90.12304,0.13712560088746456
2020-01-16 06:29:00,M25/5764B,920,96.5604,0.13229795800977853
2020-01-16 06:44:00,M25/5764B,942,85.29502,0.1533527601868885
2020-01-16 06:59:00,M25/5764B,923,88.5137,0.14479567024864695
2020-01-16 07:14:00,M25/5764B,701,56.3269,0.1728090718599778
2020-01-16 07:29:00,M25/5764B,729,33.79614,0.29951929002834954
2020-01-16 07:44:00,M25/5764B,908,62.76426,0.20088051149310857
2020-01-16 07:59:00,M25/5764B,887,93.34172,0.1319508494242956
2020-01-16 08:14:00,M25/5764B,947,96.5604,0.136180615473109
2020-01-16 08:29:00,M25/5764B,600,98.16974,0.08486682979957283
2020-01-16 08:44:00,M25/5764B,1065,93.34172,0.15843027580256464
2020-01-16 08:59:00,M25/5764B,934,93.34172,0.13894260807473743
2020-01-16 09:14:00,M25/5764B,804,96.5604,0.11561691113028472
2020-01-16 09:29:00,M25/5764B,790,96.5604,0.11360368133448374
2020-01-16 09:44:00,M25/5764B,726,99.77908,0.10103259205655599
2020-01-16 09:59:00,M25/5764B,696,101.38842,0.09532026788282182
2020-01-16 10:14:00,M25/5764B,746,101.38842,0.10216798827670268
2020-01-16 10:29:00,M25/5764B,748,99.77908,0.1040941857552395
2020-01-16 10:44:00,M25/5764B,684,98.16974,0.09674818597151302
2020-01-16 10:59:00,M25/5764B,740,98.16974,0.10466909008613982
2020-01-16 11:14:00,M25/5764B,666,99.77908,0.0926827910601464
2020-01-16 11:29:00,M25/5764B,751,98.16974,0.10622498196579866
2020-01-16 11:44:00,M25/5764B,752,98.16974,0.10636642668213128
2020-01-16 11:59:00,M25/5764B,721,99.77908,0.1003367753068552
2020-01-16 12:14:00,M25/5764B,697,99.77908,0.09699685490829135
2020-01-16 12:29:00,M25/5764B,751,98.16974,0.10622498196579866
2020-01-16 12:44:00,M25/5764B,722,101.38842,0.09888108248763987
2020-01-16 12:59:00,M25/5764B,641,101.38842,0.08778777544955284
2020-01-16 13:14:00,M25/5764B,490,102.99776,0.06605910267471958
2020-01-16 13:29:00,M25/5764B,786,99.77908,0.10938239305296557
2020-01-16 13:44:00,M25/5764B,840,98.16974,0.11881356171940197
2020-01-16 13:59:00,M25/5764B,885,98.16974,0.1251785739543699
2020-01-16 14:14:00,M25/5764B,737,101.38842,0.10093539860580412
2020-01-16 14:29:00,M25/5764B,905,98.16974,0.12800746828102236
2020-01-16 14:44:00,M25/5764B,875,99.77908,0.12176793119763979
2020-01-16 14:59:00,M25/5764B,863,98.16974,0.12206679019505225
2020-01-16 15:14:00,M25/5764B,872,99.77908,0.1213504411478193
2020-01-16 15:29:00,M25/5764B,921,99.77908,0.12816944529488714
2020-01-16 15:44:00,M25/5764B,983,98.16974,0.13904015615496682
2020-01-16 15:59:00,M25/5764B,972,96.5604,0.13977566867989644
2020-01-16 16:14:00,M25/5764B,906,99.77908,0.12608199504578474
2020-01-16 16:29:00,M25/5764B,941,98.16974,0.13309947806899672
2020-01-16 16:44:00,M25/5764B,946,94.95106,0.13834252204559747
2020-01-16 16:59:00,M25/5764B,932,96.5604,0.1340235835490365
2020-01-16 17:14:00,M25/5764B,941,96.5604,0.13531780270347998
2020-01-16 17:29:00,M25/5764B,932,98.16974,0.13182647562200311
2020-01-16 17:44:00,M25/5764B,982,98.16974,0.1388987114386342
2020-01-16 17:59:00,M25/5764B,871,99.77908,0.12121127779787914
2020-01-16 18:14:00,M25/5764B,694,99.77908,0.09657936485847086
2020-01-16 18:29:00,M25/5764B,763,98.16974,0.10792231856179012
2020-01-16 18:44:00,M25/5764B,656,101.38842,0.08984209156771711
2020-01-16 18:59:00,M25/5764B,581,101.38842,0.0795705109768958
2020-01-16 19:14:00,M25/5764B,553,101.38842,0.0757357875563225
2020-01-16 19:29:00,M25/5764B,516,101.38842,0.07066847446485065
2020-01-16 19:44:00,M25/5764B,440,102.99776,0.0593183779119931
2020-01-16 19:59:00,M25/5764B,487,101.38842,0.06669679663639974
2020-01-16 20:14:00,M25/5764B,382,101.38842,0.0523165838092499
2020-01-16 20:29:00,M25/5764B,385,99.77908,0.05357788972696151
2020-01-16 20:44:00,M25/5764B,299,99.77908,0.04160984163210777
2020-01-16 20:59:00,M25/5764B,298,99.77908,0.041470678282167606
2020-01-16 21:14:00,M25/5764B,301,101.38842,0.04122327677116288
2020-01-16 21:29:00,M25/5764B,311,101.38842,0.04259282084993905
2020-01-16 21:44:00,M25/5764B,252,99.77908,0.03506916418492026
2020-01-16 21:59:00,M25/5764B,229,101.38842,0.031362559403974415
2020-01-16 22:14:00,M25/5764B,194,99.77908,0.02699768988839099
2020-01-16 22:29:00,M25/5764B,251,99.77908,0.0349300008349801
2020-01-16 22:44:00,M25/5764B,198,94.95106,0.028955411590939
2020-01-16 22:59:00,M25/5764B,186,96.5604,0.026747195858498704
2020-01-16 23:14:00,M25/5764B,150,96.5604,0.02157031924072476
2020-01-16 23:29:00,M25/5764B,158,96.5604,0.022720736266896746
2020-01-16 23:44:00,M25/5764B,142,94.95106,0.020766002252087568
2020-01-16 23:59:00,M25/5764B,113,98.16974,0.015983252945586213
2020-01-17 00:14:00,M25/5764B,101,98.16974,0.014285916349594759
2020-01-17 00:29:00,M25/5764B,138,96.5604,0.01984469370146678
2020-01-17 00:44:00,M25/5764B,104,94.95106,0.015208903057866952
2020-01-17 00:59:00,M25/5764B,140,98.16974,0.019802260286566994
2020-01-17 01:14:00,M25/5764B,118,94.95106,0.01725625539257981
2020-01-17 01:29:00,M25/5764B,115,93.34172,0.017107494570229986
2020-01-17 01:44:00,M25/5764B,76,94.95106,0.011114198388441235
2020-01-17 01:59:00,M25/5764B,71,90.12304,0.010939233329224701
2020-01-17 02:14:00,M25/5764B,95,93.34172,0.014132278123233465
2020-01-17 02:29:00,M25/5764B,83,96.5604,0.011935576646534368
2020-01-17 02:44:00,M25/5764B,103,94.95106,0.015062663605387463
2020-01-17 02:59:00,M25/5764B,95,91.73238,0.014380212827149842
2020-01-17 03:14:00,M25/5764B,109,94.95106,0.0159401003202644
2020-01-17 03:29:00,M25/5764B,131,96.5604,0.01883807880356629
2020-01-17 03:44:00,M25/5764B,173,96.5604,0.024877768190969225
2020-01-17 03:59:00,M25/5764B,152,98.16974,0.02149959688255845
2020-01-17 04:14:00,M25/5764B,190,96.5604,0.027322404371584695
2020-01-17 04:29:00,M25/5764B,204,96.5604,0.02933563416738567
2020-01-17 04:44:00,M25/5764B,289,94.95106,0.04226320176657258
2020-01-17 04:59:00,M25/5764B,331,96.5604,0.047598504457865974
2020-01-17 05:14:00,M25/5764B,347,96.5604,0.049899338510209945
2020-01-17 05:29:00,M25/5764B,428,98.16974,0.06053833859036195
2020-01-17 05:44:00,M25/5764B,547,98.16974,0.0773702598339439
2020-01-17 05:59:00,M25/5764B,695,99.77908,0.09671852820841104
2020-01-17 06:14:00,M25/5764B,797,98.16974,0.11273143891709925
2020-01-17 06:29:00,M25/5764B,815,98.16974,0.11527744381108641
2020-01-17 06:44:00,M25/5764B,888,93.34172,0.13209961024664543
2020-01-17 06:59:00,M25/5764B,875,93.34172,0.1301657195560977
2020-01-17 07:14:00,M25/5764B,832,91.73238,0.12594039023356493
2020-01-17 07:29:00,M25/5764B,895,91.73238,0.13547674189788533
2020-01-17 07:44:00,M25/5764B,765,96.5604,0.11000862812769628
2020-01-17 07:59:00,M25/5764B,570,99.77908,0.07932310946589106
2020-01-17 08:14:00,M25/5764B,762,98.16974,0.1077808738454575
2020-01-17 08:29:00,M25/5764B,834,98.16974,0.11796489342140624
2020-01-17 08:44:00,M25/5764B,659,99.77908,0.09170864761056528
2020-01-17 08:59:00,M25/5764B,788,99.77908,0.1096607197528459
2020-01-17 09:14:00,M25/5764B,744,99.77908,0.10353753235547887
2020-01-17 09:29:00,M25/5764B,788,98.16974,0.11145843647010566
2020-01-17 09:44:00,M25/5764B,700,99.77908,0.09741434495811183
2020-01-17 09:59:00,M25/5764B,715,99.77908,0.09950179520721424
2020-01-17 10:14:00,M25/5764B,689,99.77908,0.09588354810877008
2020-01-17 10:29:00,M25/5764B,748,99.77908,0.1040941857552395
2020-01-17 10:44:00,M25/5764B,777,99.77908,0.10812992290350414
2020-01-17 10:59:00,M25/5764B,741,98.16974,0.10481053480247245
2020-01-17 11:14:00,M25/5764B,790,99.77908,0.10993904645272622
2020-01-17 11:29:00,M25/5764B,693,99.77908,0.0964402015085307
2020-01-17 11:44:00,M25/5764B,670,101.38842,0.09175945327800375
2020-01-17 11:59:00,M25/5764B,763,99.77908,0.1061816360043419
2020-01-17 12:14:00,M25/5764B,820,98.16974,0.11598466739274953
2020-01-17 12:29:00,M25/5764B,933,96.5604,0.13416738567730802
2020-01-17 12:44:00,M25/5764B,872,99.77908,0.1213504411478193
2020-01-17 12:59:00,M25/5764B,898,98.16974,0.127017355266694
2020-01-17 13:14:00,M25/5764B,805,64.3736,0.17364106988783434
2020-01-17 13:29:00,M25/5764B,883,86.90436,0.14108586584859234
2020-01-17 13:44:00,M25/5764B,771,99.77908,0.10729494280386317
2020-01-17 13:59:00,M25/5764B,904,99.77908,0.12580366834590442
2020-01-17 14:14:00,M25/5764B,1069,98.16974,0.15120440175957225
2020-01-17 14:29:00,M25/5764B,1014,98.16974,0.14342494236127806
2020-01-17 14:44:00,M25/5764B,759,101.38842,0.10394839557911172
2020-01-17 14:59:00,M25/5764B,985,96.5604,0.14164509634742595
2020-01-17 15:14:00,M25/5764B,956,99.77908,0.13304016254279274
2020-01-17 15:29:00,M25/5764B,952,99.77908,0.13248350914303209
2020-01-17 15:44:00,M25/5764B,911,99.77908,0.12677781179548556
2020-01-17 15:59:00,M25/5764B,938,96.5604,0.1348863963186655
2020-01-17 16:14:00,M25/5764B,1032,98.16974,0.14597094725526527
2020-01-17 16:29:00,M25/5764B,1015,91.73238,0.15364122125849566
2020-01-17 16:44:00,M25/5764B,1025,94.95106,0.14989543879147718
2020-01-17 16:59:00,M25/5764B,935,96.5604,0.134454989933851
2020-01-17 17:14:00,M25/5764B,959,94.95106,0.14024363492783082
2020-01-17 17:29:00,M25/5764B,971,94.95106,0.1419985083575847
2020-01-17 17:44:00,M25/5764B,781,99.77908,0.10868657630326478
2020-01-17 17:59:00,M25/5764B,796,99.77908,0.11077402655236718
2020-01-17 18:14:00,M25/5764B,670,101.38842,0.09175945327800375
2020-01-17 18:29:00,M25/5764B,650,102.99776,0.08762942191544434
2020-01-17 18:44:00,M25/5764B,677,102.99776,0.09126941328731665
2020-01-17 18:59:00,M25/5764B,616,101.38842,0.0843639152526124
2020-01-17 19:14:00,M25/5764B,568,102.99776,0.0765746333045729
2020-01-17 19:29:00,M25/5764B,603,101.38842,0.08258350795020337
2020-01-17 19:44:00,M25/5764B,542,104.6071,0.07194531094444813
2020-01-17 19:59:00,M25/5764B,601,102.99776,0.08102351164797239
2020-01-17 20:14:00,M25/5764B,507,102.99776,0.0683509490940466
2020-01-17 20:29:00,M25/5764B,459,104.6071,0.06092785557841641
2020-01-17 20:44:00,M25/5764B,360,106.21644,0.04706251470703584
2020-01-17 20:59:00,M25/5764B,335,104.6071,0.044468042742417196
2020-01-17 21:14:00,M25/5764B,282,104.6071,0.03743280015928851
2020-01-17 21:29:00,M25/5764B,324,104.6071,0.04300789805535275
2020-01-17 21:44:00,M25/5764B,306,104.6071,0.04061857038561094
2020-01-17 21:59:00,M25/5764B,258,101.38842,0.035334237232425326
2020-01-17 22:14:00,M25/5764B,258,102.99776,0.03478213977566868
2020-01-17 22:29:00,M25/5764B,281,101.38842,0.038484188613610526
2020-01-17 22:44:00,M25/5764B,229,102.99776,0.03087251941328731
2020-01-17 22:59:00,M25/5764B,215,102.99776,0.0289851164797239
2020-01-17 23:14:00,M25/5764B,171,101.38842,0.023419203747072598
2020-01-17 23:29:00,M25/5764B,178,98.16974,0.025177159507206608
2020-01-17 23:44:00,M25/5764B,169,93.34172,0.025140578977120586
2020-01-17 23:59:00,M25/5764B,133,98.16974,0.018812147272238643
2020-01-18 00:14:00,M25/5764B,152,101.38842,0.020817069997397866
2020-01-18 00:29:00,M25/5764B,125,96.5604,0.0179752660339373
2020-01-18 00:44:00,M25/5764B,109,94.95106,0.0159401003202644
2020-01-18 00:59:00,M25/5764B,78,98.16974,0.011032687873944466
2020-01-18 01:14:00,M25/5764B,114,96.5604,0.016393442622950817
2020-01-18 01:29:00,M25/5764B,113,99.77908,0.015725458543238053
2020-01-18 01:44:00,M25/5764B,89,94.95106,0.013015311270674602
2020-01-18 01:59:00,M25/5764B,68,94.95106,0.009944282768605314
2020-01-18 02:14:00,M25/5764B,83,96.5604,0.011935576646534368
2020-01-18 02:29:00,M25/5764B,79,94.95106,0.011552916745879703
2020-01-18 02:44:00,M25/5764B,84,93.34172,0.012495909077385379
2020-01-18 02:59:00,M25/5764B,76,96.5604,0.01092896174863388
2020-01-18 03:14:00,M25/5764B,103,96.5604,0.014811619211964337
2020-01-18 03:29:00,M25/5764B,113,96.5604,0.01624964049467932
2020-01-18 03:44:00,M25/5764B,119,96.5604,0.01711245326430831
2020-01-18 03:59:00,M25/5764B,109,96.5604,0.015674431981593327
2020-01-18 04:14:00,M25/5764B,129,96.5604,0.018550474547023296
2020-01-18 04:29:00,M25/5764B,145,96.5604,0.02085130859936727
2020-01-18 04:44:00,M25/5764B,141,94.95106,0.020619762799608077
2020-01-18 04:59:00,M25/5764B,151,99.77908,0.021013665840964122
2020-01-18 05:14:00,M25/5764B,146,99.77908,0.020317849091263326
2020-01-18 05:29:00,M25/5764B,232,99.77908,0.03228589718611707
2020-01-18 05:44:00,M25/5764B,230,99.77908,0.032007570486236744
2020-01-18 05:59:00,M25/5764B,265,102.99776,0.03572584124245039
2020-01-18 06:14:00,M25/5764B,300,101.38842,0.041086322363285264
2020-01-18 06:29:00,M25/5764B,318,102.99776,0.042871009490940463
2020-01-18 06:44:00,M25/5764B,350,102.99776,0.047185073339085414
2020-01-18 06:59:00,M25/5764B,361,101.38842,0.049440541243819934
2020-01-18 07:14:00,M25/5764B,360,101.38842,0.04930358683594231
2020-01-18 07:29:00,M25/5764B,417,101.38842,0.05710998808496651
2020-01-18 07:44:00,M25/5764B,437,102.99776,0.058913934426229504
2020-01-18 07:59:00,M25/5764B,433,102.99776,0.05837467644521139
2020-01-18 08:14:00,M25/5764B,444,104.6071,0.05893674918696489
2020-01-18 08:29:00,M25/5764B,467,106.21644,0.06105053991162705
2020-01-18 08:44:00,M25/5764B,554,107.82578,0.07134302602603891
2020-01-18 08:59:00,M25/5764B,501,107.82578,0.06451779068419765
2020-01-18 09:14:00,M25/5764B,598,106.21644,0.07817606609668731
2020-01-18 09:29:00,M25/5764B,655,104.6071,0.08694497909338288
2020-01-18 09:44:00,M25/5764B,625,106.21644,0.081705754699715
2020-01-18 09:59:00,M25/5764B,467,104.6071,0.06198977898719054
2020-01-18 10:14:00,M25/5764B,529,107.82578,0.06812357539309492
2020-01-18 10:29:00,M25/5764B,763,102.99776,0.10286345987920621
2020-01-18 10:44:00,M25/5764B,731,104.6071,0.09703325147673723
2020-01-18 10:59:00,M25/5764B,833,102.99776,0.11230047454702329
2020-01-18 11:14:00,M25/5764B,754,104.6071,0.10008628127696288
2020-01-18 11:29:00,M25/5764B,746,104.6071,0.09902435786818875
2020-01-18 11:44:00,M25/5764B,840,102.99776,0.113244176013805
2020-01-18 11:59:00,M25/5764B,824,104.6071,0.10937811110373663
2020-01-18 12:14:00,M25/5764B,749,104.6071,0.09942257914647905
2020-01-18 12:29:00,M25/5764B,755,104.6071,0.10021902170305966
2020-01-18 12:44:00,M25/5764B,776,104.6071,0.10300657065109178
2020-01-18 12:59:00,M25/5764B,716,102.99776,0.0965271786022433
2020-01-18 13:14:00,M25/5764B,790,102.99776,0.10650345125107852
2020-01-18 13:29:00,M25/5764B,707,102.99776,0.09531384814495254
2020-01-18 13:44:00,M25/5764B,706,106.21644,0.09229482050879806
2020-01-18 13:59:00,M25/5764B,850,102.99776,0.11459232096635029
2020-01-18 14:14:00,M25/5764B,775,104.6071,0.10287383022499502
2020-01-18 14:29:00,M25/5764B,735,106.21644,0.09608596752686484
2020-01-18 14:44:00,M25/5764B,690,104.6071,0.09159089400676976
2020-01-18 14:59:00,M25/5764B,672,102.99776,0.090595340811044
2020-01-18 15:14:00,M25/5764B,640,104.6071,0.08495387270193136
2020-01-18 15:29:00,M25/5764B,744,102.99776,0.10030198446937015
2020-01-18 15:44:00,M25/5764B,739,106.21644,0.09660888435694301
2020-01-18 15:59:00,M25/5764B,694,106.21644,0.09072607001856353
2020-01-18 16:14:00,M25/5764B,691,104.6071,0.09172363443286652
2020-01-18 16:29:00,M25/5764B,768,104.6071,0.10194464724231764
2020-01-18 16:44:00,M25/5764B,737,101.38842,0.10093539860580412
2020-01-18 16:59:00,M25/5764B,774,99.77908,0.10771243285368366
2020-01-18 17:14:00,M25/5764B,676,101.38842,0.09258117972526946
2020-01-18 17:29:00,M25/5764B,719,99.77908,0.10005844860697487
2020-01-18 17:44:00,M25/5764B,725,102.99776,0.09774050905953408
2020-01-18 17:59:00,M25/5764B,688,101.38842,0.09422463261980087
2020-01-18 18:14:00,M25/5764B,706,102.99776,0.09517903364969801
2020-01-18 18:29:00,M25/5764B,649,101.38842,0.08888341071257377
2020-01-18 18:44:00,M25/5764B,649,101.38842,0.08888341071257377
2020-01-18 18:59:00,M25/5764B,550,102.99776,0.07414797238999137
2020-01-18 19:14:00,M25/5764B,623,101.38842,0.08532259610775572
2020-01-18 19:29:00,M25/5764B,475,104.6071,0.06305170239596468
2020-01-18 19:44:00,M25/5764B,487,104.6071,0.0646445875091259
2020-01-18 19:59:00,M25/5764B,456,104.6071,0.0605296343001261
2020-01-18 20:14:00,M25/5764B,388,102.99776,0.05230802415875755
2020-01-18 20:29:00,M25/5764B,349,102.99776,0.04705025884383089
2020-01-18 20:44:00,M25/5764B,327,104.6071,0.04340611933364306
2020-01-18 20:59:00,M25/5764B,310,102.99776,0.041792493528904226
2020-01-18 21:14:00,M25/5764B,312,102.99776,0.04206212251941329
2020-01-18 21:29:00,M25/5764B,329,102.99776,0.04435396893874029
2020-01-18 21:44:00,M25/5764B,270,104.6071,0.035839915046127296
2020-01-18 21:59:00,M25/5764B,236,106.21644,0.03085209297461238
2020-01-18 22:14:00,M25/5764B,233,104.6071,0.03092851928054689
2020-01-18 22:29:00,M25/5764B,282,104.6071,0.03743280015928851
2020-01-18 22:44:00,M25/5764B,229,104.6071,0.030397557576159816
2020-01-18 22:59:00,M25/5764B,236,104.6071,0.03132674055883719
2020-01-18 23:14:00,M25/5764B,232,104.6071,0.030795778854450125
2020-01-18 23:29:00,M25/5764B,179,102.99776,0.024131794650560826
2020-01-18 23:44:00,M25/5764B,161,104.6071,0.021371208601579608
2020-01-18 23:59:00,M25/5764B,171,106.21644,0.022354694485842024
2020-01-19 00:14:00,M25/5764B,120,99.77908,0.016699601992819172
2020-01-19 00:29:00,M25/5764B,126,102.99776,0.01698662640207075
2020-01-19 00:44:00,M25/5764B,110,102.99776,0.014829594477998274
2020-01-19 00:59:00,M25/5764B,107,101.38842,0.014654121642905076
2020-01-19 01:14:00,M25/5764B,75,106.21644,0.009804690563965799
2020-01-19 01:29:00,M25/5764B,122,106.21644,0.01594896331738437
2020-01-19 01:44:00,M25/5764B,116,101.38842,0.015886711313803637
2020-01-19 01:59:00,M25/5764B,89,98.16974,0.012588579753603304
2020-01-19 02:14:00,M25/5764B,70,96.5604,0.010066148979004888
2020-01-19 02:29:00,M25/5764B,54,101.38842,0.007395538025391347
2020-01-19 02:44:00,M25/5764B,59,99.77908,0.008210637646469426
2020-01-19 02:59:00,M25/5764B,49,98.16974,0.006930791100298448
2020-01-19 03:14:00,M25/5764B,62,98.16974,0.008769572412622526
2020-01-19 03:29:00,M25/5764B,65,101.38842,0.008902036512045141
2020-01-19 03:44:00,M25/5764B,59,94.95106,0.008628127696289905
2020-01-19 03:59:00,M25/5764B,64,98.16974,0.009052461845287768
2020-01-19 04:14:00,M25/5764B,63,94.95106,0.009213085506207865
2020-01-19 04:29:00,M25/5764B,60,99.77908,0.008349800996409586
2020-01-19 04:44:00,M25/5764B,86,99.77908,0.01196804809485374
2020-01-19 04:59:00,M25/5764B,70,96.5604,0.010066148979004888
2020-01-19 05:14:00,M25/5764B,89,99.77908,0.012385538144674219
2020-01-19 05:29:00,M25/5764B,105,101.38842,0.014380212827149842
2020-01-19 05:44:00,M25/5764B,100,98.16974,0.01414447163326214
2020-01-19 05:59:00,M25/5764B,118,98.16974,0.016690476527249323
2020-01-19 06:14:00,M25/5764B,156,104.6071,0.02070750647109577
2020-01-19 06:29:00,M25/5764B,150,101.38842,0.020543161181642632
2020-01-19 06:44:00,M25/5764B,152,102.99776,0.020491803278688523
2020-01-19 06:59:00,M25/5764B,187,101.38842,0.02561047427311448
2020-01-19 07:14:00,M25/5764B,189,101.38842,0.025884383088869714
2020-01-19 07:29:00,M25/5764B,239,102.99776,0.03222066436583262
2020-01-19 07:44:00,M25/5764B,226,106.21644,0.029544800899416947
2020-01-19 07:59:00,M25/5764B,239,106.21644,0.031244280597171013
2020-01-19 08:14:00,M25/5764B,257,107.82578,0.033095952506664264
2020-01-19 08:29:00,M25/5764B,303,107.82578,0.03901974167128121
2020-01-19 08:44:00,M25/5764B,360,107.82578,0.04636008911439352
2020-01-19 08:59:00,M25/5764B,311,107.82578,0.04004996587382329
2020-01-19 09:14:00,M25/5764B,392,107.82578,0.05048098592456183
2020-01-19 09:29:00,M25/5764B,463,106.21644,0.06052762308154887
2020-01-19 09:44:00,M25/5764B,464,107.82578,0.05975300374744054
2020-01-19 09:59:00,M25/5764B,473,107.82578,0.06091200597530038
2020-01-19 10:14:00,M25/5764B,529,107.82578,0.06812357539309492
2020-01-19 10:29:00,M25/5764B,633,104.6071,0.08402468971925399
2020-01-19 10:44:00,M25/5764B,620,106.21644,0.08105210866211728
2020-01-19 10:59:00,M25/5764B,643,106.21644,0.0840588804350668
2020-01-19 11:14:00,M25/5764B,666,106.21644,0.0870656522080163
2020-01-19 11:29:00,M25/5764B,671,106.21644,0.08771929824561403
2020-01-19 11:44:00,M25/5764B,687,106.21644,0.08981096556592673
2020-01-19 11:59:00,M25/5764B,665,106.21644,0.08693492300049677
2020-01-19 12:14:00,M25/5764B,608,104.6071,0.08070617906683479
2020-01-19 12:29:00,M25/5764B,718,106.21644,0.09386357099903259
2020-01-19 12:44:00,M25/5764B,656,106.21644,0.08575836013282087
2020-01-19 12:59:00,M25/5764B,763,104.6071,0.1012809451118338
2020-01-19 13:14:00,M25/5764B,665,104.6071,0.08827238335435056
2020-01-19 13:29:00,M25/5764B,669,106.21644,0.08745783983057494
2020-01-19 13:44:00,M25/5764B,705,106.21644,0.09216409130127852
2020-01-19 13:59:00,M25/5764B,724,106.21644,0.09464794624414985
2020-01-19 14:14:00,M25/5764B,724,106.21644,0.09464794624414985
2020-01-19 14:29:00,M25/5764B,734,104.6071,0.09743147275502753
2020-01-19 14:44:00,M25/5764B,755,104.6071,0.10021902170305966
2020-01-19 14:59:00,M25/5764B,837,104.6071,0.11110373664299461
2020-01-19 15:14:00,M25/5764B,772,104.6071,0.10247560894670471
2020-01-19 15:29:00,M25/5764B,791,102.99776,0.10663826574633303
2020-01-19 15:44:00,M25/5764B,773,106.21644,0.10105367741260751
2020-01-19 15:59:00,M25/5764B,784,102.99776,0.10569456427955133
2020-01-19 16:14:00,M25/5764B,842,102.99776,0.11351380500431406
2020-01-19 16:29:00,M25/5764B,871,102.99776,0.11742342536669542
2020-01-19 16:44:00,M25/5764B,864,101.38842,0.11832860840626155
2020-01-19 16:59:00,M25/5764B,834,99.77908,0.11606223385009325
2020-01-19 17:14:00,M25/5764B,823,98.16974,0.1164090015417474
2020-01-19 17:29:00,M25/5764B,827,98.16974,0.11697478040707787
2020-01-19 17:44:00,M25/5764B,785,99.77908,0.10924322970302541
2020-01-19 17:59:00,M25/5764B,687,102.99776,0.09261755823986194
2020-01-19 18:14:00,M25/5764B,628,102.99776,0.0846635030198447
2020-01-19 18:29:00,M25/5764B,550,104.6071,0.07300723435322228
2020-01-19 18:44:00,M25/5764B,566,102.99776,0.07630500431406385
2020-01-19 18:59:00,M25/5764B,555,104.6071,0.07367093648370611
2020-01-19 19:14:00,M25/5764B,436,104.6071,0.057874825778190746
2020-01-19 19:29:00,M25/5764B,850,98.16974,0.12022800888272818
2020-01-19 19:44:00,M25/5764B,517,104.6071,0.06862680029202893
2020-01-19 19:59:00,M25/5764B,483,102.99776,0.06511540120793788
2020-01-19 20:14:00,M25/5764B,449,106.21644,0.05869741417627526
2020-01-19 20:29:00,M25/5764B,445,104.6071,0.05906948961306165
2020-01-19 20:44:00,M25/5764B,393,104.6071,0.052166987456029726
2020-01-19 20:59:00,M25/5764B,371,102.99776,0.05001617773943054
2020-01-19 21:14:00,M25/5764B,313,101.38842,0.04286672966569429
2020-01-19 21:29:00,M25/5764B,346,104.6071,0.04592818742948164
2020-01-19 21:44:00,M25/5764B,278,106.21644,0.036342719690433234
2020-01-19 21:59:00,M25/5764B,208,102.99776,0.02804141501294219
2020-01-19 22:14:00,M25/5764B,188,102.99776,0.025345125107851595
2020-01-19 22:29:00,M25/5764B,258,102.99776,0.03478213977566868
2020-01-19 22:44:00,M25/5764B,209,104.6071,0.027742749054224462
2020-01-19 22:59:00,M25/5764B,174,106.21644,0.022746882108400656
2020-01-19 23:14:00,M25/5764B,126,104.6071,0.016725293688192738
2020-01-19 23:29:00,M25/5764B,99,104.6071,0.013141302183580008
2020-01-19 23:44:00,M25/5764B,241,102.99776,0.032490293356341675
2020-01-19 23:59:00,M25/5764B,97,99.77908,0.013498844944195496
2020-01-20 00:14:00,M25/5764B,110,99.77908,0.015307968493417574
2020-01-20 00:29:00,M25/5764B,93,101.38842,0.012736759932618432
2020-01-20 00:44:00,M25/5764B,96,99.77908,0.013359681594255336
2020-01-20 00:59:00,M25/5764B,87,98.16974,0.01230569032093806
2020-01-20 01:14:00,M25/5764B,78,93.34172,0.011603344143286424
2020-01-20 01:29:00,M25/5764B,101,96.5604,0.01452401495542134
2020-01-20 01:44:00,M25/5764B,106,94.95106,0.015501381962825932
2020-01-20 01:59:00,M25/5764B,63,93.34172,0.009371931808039035
2020-01-20 02:14:00,M25/5764B,62,94.95106,0.009066846053728374
2020-01-20 02:29:00,M25/5764B,67,93.34172,0.00996697509743834
2020-01-20 02:44:00,M25/5764B,77,96.5604,0.011072763876905378
2020-01-20 02:59:00,M25/5764B,113,93.34172,0.016809972925530332
2020-01-20 03:14:00,M25/5764B,83,96.5604,0.011935576646534368
2020-01-20 03:29:00,M25/5764B,88,96.5604,0.01265458728789186
2020-01-20 03:44:00,M25/5764B,119,96.5604,0.01711245326430831
2020-01-20 03:59:00,M25/5764B,148,96.5604,0.021282714984181765
2020-01-20 04:14:00,M25/5764B,165,96.5604,0.023727351164797236
2020-01-20 04:29:00,M25/5764B,231,98.16974,0.03267372947283554
2020-01-20 04:44:00,M25/5764B,290,94.95106,0.042409441219052074
2020-01-20 04:59:00,M25/5764B,287,96.5604,0.041271210813920045
2020-01-20 05:14:00,M25/5764B,382,99.77908,0.05316039967714103
2020-01-20 05:29:00,M25/5764B,444,99.77908,0.06178852737343093
2020-01-20 05:44:00,M25/5764B,617,98.16974,0.0872713899772274
2020-01-20 05:59:00,M25/5764B,765,99.77908,0.10645996270422221
2020-01-20 06:14:00,M25/5764B,561,99.77908,0.07807063931642963
2020-01-20 06:29:00,M25/5764B,964,91.73238,0.14592131753023627
2020-01-20 06:44:00,M25/5764B,957,96.5604,0.13761863675582398
2020-01-20 06:59:00,M25/5764B,974,91.73238,0.14743502414362047
2020-01-20 07:14:00,M25/5764B,900,64.3736,0.19413287316652286
2020-01-20 07:29:00,M25/5764B,899,88.5137,0.14103066907208409
2020-01-20 07:44:00,M25/5764B,909,93.34172,0.13522358751599178
2020-01-20 07:59:00,M25/5764B,874,96.5604,0.1256830601092896
2020-01-20 08:14:00,M25/5764B,917,96.5604,0.13186655162496405
2020-01-20 08:29:00,M25/5764B,889,93.34172,0.13224837106899529
2020-01-20 08:44:00,M25/5764B,815,98.16974,0.11527744381108641
2020-01-20 08:59:00,M25/5764B,760,99.77908,0.10576414595452142
2020-01-20 09:14:00,M25/5764B,790,98.16974,0.11174132590277089
2020-01-20 09:29:00,M25/5764B,740,99.77908,0.10298087895571822
2020-01-20 09:44:00,M25/5764B,762,99.77908,0.10604247265440174
2020-01-20 09:59:00,M25/5764B,730,98.16974,0.1032546429228136
2020-01-20 10:14:00,M25/5764B,740,98.16974,0.10466909008613982
2020-01-20 10:29:00,M25/5764B,670,99.77908,0.09323944445990703
2020-01-20 10:44:00,M25/5764B,579,99.77908,0.0805755796153525
2020-01-20 10:59:00,M25/5764B,850,99.77908,0.1182888474491358
2020-01-20 11:14:00,M25/5764B,759,99.77908,0.10562498260458127
2020-01-20 11:29:00,M25/5764B,661,99.77908,0.09198697431044561
2020-01-20 11:44:00,M25/5764B,610,99.77908,0.08488964346349745
2020-01-20 11:59:00,M25/5764B,667,99.77908,0.09282195441008656
2020-01-20 12:14:00,M25/5764B,706,98.16974,0.0998599697308307
2020-01-20 12:29:00,M25/5764B,654,101.38842,0.08956818275196186
2020-01-20 12:44:00,M25/5764B,711,101.38842,0.09737458400098607
2020-01-20 12:59:00,M25/5764B,638,98.16974,0.09024172902021245
2020-01-20 13:14:00,M25/5764B,856,98.16974,0.1210766771807239
2020-01-20 13:29:00,M25/5764B,722,99.77908,0.10047593865679535
2020-01-20 13:44:00,M25/5764B,755,94.95106,0.11041078662201488
2020-01-20 13:59:00,M25/5764B,747,99.77908,0.10395502240529934
2020-01-20 14:14:00,M25/5764B,740,99.77908,0.10298087895571822
2020-01-20 14:29:00,M25/5764B,814,99.77908,0.11327896685129005
2020-01-20 14:44:00,M25/5764B,782,99.77908,0.10882573965320494
2020-01-20 14:59:00,M25/5764B,806,99.77908,0.11216566005176877
2020-01-20 15:14:00,M25/5764B,836,98.16974,0.11824778285407146
2020-01-20 15:29:00,M25/5764B,816,99.77908,0.11355729355117036
2020-01-20 15:44:00,M25/5764B,850,99.77908,0.1182888474491358
2020-01-20 15:59:00,M25/5764B,802,101.38842,0.10983743511784926
2020-01-20 16:14:00,M25/5764B,803,102.99776,0.10825603968938739
2020-01-20 16:29:00,M25/5764B,927,101.38842,0.12695673610255145
2020-01-20 16:44:00,M25/5764B,857,98.16974,0.12121812189705652
2020-01-20 16:59:00,M25/5764B,983,96.5604,0.14135749209088294
2020-01-20 17:14:00,M25/5764B,771,99.77908,0.10729494280386317
2020-01-20 17:29:00,M25/5764B,866,93.34172,0.12882687215494926
2020-01-20 17:44:00,M25/5764B,880,94.95106,0.1286907181819511
2020-01-20 17:59:00,M25/5764B,769,99.77908,0.10701661610398285
2020-01-20 18:14:00,M25/5764B,669,101.38842,0.09162249887012613
2020-01-20 18:29:00,M25/5764B,667,101.38842,0.09134859005437089
2020-01-20 18:44:00,M25/5764B,485,102.99776,0.06538503019844694
2020-01-20 18:59:00,M25/5764B,516,102.99776,0.06956427955133736
2020-01-20 19:14:00,M25/5764B,435,101.38842,0.05957516742676363
2020-01-20 19:29:00,M25/5764B,459,102.99776,0.061879853321829166
2020-01-20 19:44:00,M25/5764B,436,101.38842,0.05971212183464125
2020-01-20 19:59:00,M25/5764B,364,102.99776,0.04907247627264883
2020-01-20 20:14:00,M25/5764B,320,101.38842,0.04382541052083761
2020-01-20 20:29:00,M25/5764B,349,101.38842,0.04779708834928852
2020-01-20 20:44:00,M25/5764B,334,102.99776,0.04502804141501294
2020-01-20 20:59:00,M25/5764B,314,99.77908,0.04369729188121017
2020-01-20 21:14:00,M25/5764B,265,101.38842,0.03629291808756865
2020-01-20 21:29:00,M25/5764B,248,99.77908,0.03451251078515962
2020-01-20 21:44:00,M25/5764B,211,102.99776,0.02844585849870578
2020-01-20 21:59:00,M25/5764B,187,101.38842,0.02561047427311448
2020-01-20 22:14:00,M25/5764B,213,98.16974,0.030127724578848353
2020-01-20 22:29:00,M25/5764B,236,99.77908,0.032842550585877706
2020-01-20 22:44:00,M25/5764B,185,99.77908,0.025745219738929556
2020-01-20 22:59:00,M25/5764B,169,99.77908,0.023518606139887002
2020-01-20 23:14:00,M25/5764B,168,101.38842,0.023008340523439745
2020-01-20 23:29:00,M25/5764B,127,99.77908,0.01767374544240029
2020-01-20 23:44:00,M25/5764B,102,96.5604,0.014667817083692835
2020-01-20 23:59:00,M25/5764B,127,99.77908,0.01767374544240029
2020-01-21 00:14:00,M25/5764B,105,94.95106,0.015355142510346441
2020-01-21 00:29:00,M25/5764B,79,99.77908,0.01099390464527262
2020-01-21 00:44:00,M25/5764B,110,96.5604,0.015818234109864823
2020-01-21 00:59:00,M25/5764B,77,94.95106,0.011260437840920724
2020-01-21 01:14:00,M25/5764B,83,96.5604,0.011935576646534368
2020-01-21 01:29:00,M25/5764B,96,93.34172,0.014281038945583292
2020-01-21 01:44:00,M25/5764B,89,94.95106,0.013015311270674602
2020-01-21 01:59:00,M25/5764B,77,96.5604,0.011072763876905378
2020-01-21 02:14:00,M25/5764B,57,94.95106,0.008335648791330925
2020-01-21 02:29:00,M25/5764B,47,94.95106,0.0068732542665360255
2020-01-21 02:44:00,M25/5764B,82,96.5604,0.01179177451826287
2020-01-21 02:59:00,M25/5764B,113,91.73238,0.017104884731241388
2020-01-21 03:14:00,M25/5764B,100,93.34172,0.014876082234982596
2020-01-21 03:29:00,M25/5764B,72,96.5604,0.010353753235547885
2020-01-21 03:44:00,M25/5764B,102,93.34172,0.015173603879682248
2020-01-21 03:59:00,M25/5764B,112,93.34172,0.016661212103180507
2020-01-21 04:14:00,M25/5764B,154,93.34172,0.022909166641873195
2020-01-21 04:29:00,M25/5764B,168,96.5604,0.024158757549611734
2020-01-21 04:44:00,M25/5764B,216,94.95106,0.03158772173556982
2020-01-21 04:59:00,M25/5764B,270,93.34172,0.040165422034453
2020-01-21 05:14:00,M25/5764B,274,93.34172,0.040760465323852316
2020-01-21 05:29:00,M25/5764B,377,91.73238,0.05706673932458411
2020-01-21 05:44:00,M25/5764B,539,93.34172,0.0801820832465562
2020-01-21 05:59:00,M25/5764B,697,98.16974,0.0985869672838371
2020-01-21 06:14:00,M25/5764B,736,96.5604,0.10583836640782283
2020-01-21 06:29:00,M25/5764B,1043,93.34172,0.1551575377108685
2020-01-21 06:44:00,M25/5764B,896,88.5137,0.1405600439250137
2020-01-21 06:59:00,M25/5764B,868,85.29502,0.14130594038452146
2020-01-21 07:14:00,M25/5764B,854,85.29502,0.1390268123138034
2020-01-21 07:29:00,M25/5764B,943,65.98294,0.1984469370146678
2020-01-21 07:44:00,M25/5764B,658,91.73238,0.09960189516067995
2020-01-21 07:59:00,M25/5764B,588,101.38842,0.0805291918320391
2020-01-21 08:14:00,M25/5764B,605,99.77908,0.08419382671379666
2020-01-21 08:29:00,M25/5764B,741,99.77908,0.10312004230565838
2020-01-21 08:44:00,M25/5764B,711,99.77908,0.09894514180745359
2020-01-21 08:59:00,M25/5764B,750,99.77908,0.10437251245511982
2020-01-21 09:14:00,M25/5764B,727,99.77908,0.10117175540649614
2020-01-21 09:29:00,M25/5764B,762,96.5604,0.10957722174288179
2020-01-21 09:44:00,M25/5764B,700,98.16974,0.09901130143283497
2020-01-21 09:59:00,M25/5764B,714,99.77908,0.09936263185727408
2020-01-21 10:14:00,M25/5764B,800,99.77908,0.11133067995212781
2020-01-21 10:29:00,M25/5764B,805,98.16974,0.11386299664776021
2020-01-21 10:44:00,M25/5764B,728,98.16974,0.10297175349014837
2020-01-21 10:59:00,M25/5764B,722,99.77908,0.10047593865679535
2020-01-21 11:14:00,M25/5764B,780,98.16974,0.11032687873944468
2020-01-21 11:29:00,M25/5764B,655,99.77908,0.09115199421080464
2020-01-21 11:44:00,M25/5764B,765,98.16974,0.10820520799445535
2020-01-21 11:59:00,M25/5764B,666,98.16974,0.09420218107752584
2020-01-21 12:14:00,M25/5764B,709,98.16974,0.10028430387982856
2020-01-21 12:29:00,M25/5764B,663,98.16974,0.09377784692852797
2020-01-21 12:44:00,M25/5764B,693,99.77908,0.0964402015085307
2020-01-21 12:59:00,M25/5764B,654,99.77908,0.0910128308608645
2020-01-21 13:14:00,M25/5764B,774,96.5604,0.11130284728213977
2020-01-21 13:29:00,M25/5764B,776,98.16974,0.10976109987411418
2020-01-21 13:44:00,M25/5764B,754,99.77908,0.10492916585488045
2020-01-21 13:59:00,M25/5764B,728,99.77908,0.1013109187564363
2020-01-21 14:14:00,M25/5764B,812,98.16974,0.11485310966208855
2020-01-21 14:29:00,M25/5764B,777,101.38842,0.10641357492090883
2020-01-21 14:44:00,M25/5764B,838,99.77908,0.11661888724985389
2020-01-21 14:59:00,M25/5764B,848,99.77908,0.11801052074925548
2020-01-21 15:14:00,M25/5764B,857,98.16974,0.12121812189705652
2020-01-21 15:29:00,M25/5764B,848,91.73238,0.1283623208149796
2020-01-21 15:44:00,M25/5764B,884,91.73238,0.13381166462316274
2020-01-21 15:59:00,M25/5764B,878,98.16974,0.12418846094004157
2020-01-21 16:14:00,M25/5764B,916,96.5604,0.13172274949669255
2020-01-21 16:29:00,M25/5764B,931,98.16974,0.1316850309056705
2020-01-21 16:44:00,M25/5764B,975,96.5604,0.14020707506471095
2020-01-21 16:59:00,M25/5764B,876,94.95106,0.12810576037203317
2020-01-21 17:14:00,M25/5764B,874,96.5604,0.1256830601092896
2020-01-21 17:29:00,M25/5764B,969,93.34172,0.14414923685698133
2020-01-21 17:44:00,M25/5764B,931,94.95106,0.1361489302584051
2020-01-21 17:59:00,M25/5764B,849,94.95106,0.12415729515508693
2020-01-21 18:14:00,M25/5764B,708,98.16974,0.10014285916349594
2020-01-21 18:29:00,M25/5764B,666,99.77908,0.0926827910601464
2020-01-21 18:44:00,M25/5764B,569,99.77908,0.0791839461159509
2020-01-21 18:59:00,M25/5764B,504,101.38842,0.06902502157031924
2020-01-21 19:14:00,M25/5764B,587,99.77908,0.08168888641487378
2020-01-21 19:29:00,M25/5764B,421,101.38842,0.05765780571647699
2020-01-21 19:44:00,M25/5764B,449,101.38842,0.06149252913705028
2020-01-21 19:59:00,M25/5764B,411,99.77908,0.05719613682540567
2020-01-21 20:14:00,M25/5764B,339,102.99776,0.04570211389128559
2020-01-21 20:29:00,M25/5764B,346,101.38842,0.047386225125655664
2020-01-21 20:44:00,M25/5764B,326,96.5604,0.04687949381650848
2020-01-21 20:59:00,M25/5764B,310,93.34172,0.04611585492844605
2020-01-21 21:14:00,M25/5764B,284,99.77908,0.039522391383005374
2020-01-21 21:29:00,M25/5764B,212,99.77908,0.02950263018731387
2020-01-21 21:44:00,M25/5764B,236,102.99776,0.031816220880069024
2020-01-21 21:59:00,M25/5764B,191,101.38842,0.02615829190462495
2020-01-21 22:14:00,M25/5764B,190,101.38842,0.026021337496747333
2020-01-21 22:29:00,M25/5764B,205,101.38842,0.028075653614911593
2020-01-21 22:44:00,M25/5764B,232,99.77908,0.03228589718611707
2020-01-21 22:59:00,M25/5764B,151,99.77908,0.021013665840964122
2020-01-21 23:14:00,M25/5764B,210,99.77908,0.02922430348743355
2020-01-21 23:29:00,M25/5764B,161,101.38842,0.022049659668296424
2020-01-21 23:44:00,M25/5764B,157,96.5604,0.02257693413862525
2020-01-21 23:59:00,M25/5764B,93,98.16974,0.01315435861893379
2020-01-22 00:14:00,M25/5764B,106,96.5604,0.01524302559677883
2020-01-22 00:29:00,M25/5764B,113,98.16974,0.015983252945586213
2020-01-22 00:44:00,M25/5764B,87,93.34172,0.012942191544434859
2020-01-22 00:59:00,M25/5764B,99,94.95106,0.0144777057954695
2020-01-22 01:14:00,M25/5764B,98,94.95106,0.01433146634299001
2020-01-22 01:29:00,M25/5764B,105,96.5604,0.015099223468507332
2020-01-22 01:44:00,M25/5764B,90,93.34172,0.013388474011484337
2020-01-22 01:59:00,M25/5764B,82,93.34172,0.012198387432685729
2020-01-22 02:14:00,M25/5764B,68,94.95106,0.009944282768605314
2020-01-22 02:29:00,M25/5764B,87,93.34172,0.012942191544434859
2020-01-22 02:44:00,M25/5764B,74,93.34172,0.011008300853887121
2020-01-22 02:59:00,M25/5764B,100,93.34172,0.014876082234982596
2020-01-22 03:14:00,M25/5764B,107,93.34172,0.015917407991431376
2020-01-22 03:29:00,M25/5764B,120,93.34172,0.017851298681979114
2020-01-22 03:44:00,M25/5764B,98,98.16974,0.013861582200596896
2020-01-22 03:59:00,M25/5764B,122,96.5604,0.017543859649122806
2020-01-22 04:14:00,M25/5764B,158,94.95106,0.023105833491759407
2020-01-22 04:29:00,M25/5764B,203,96.5604,0.029191832039114175
2020-01-22 04:44:00,M25/5764B,287,94.95106,0.0419707228616136
2020-01-22 04:59:00,M25/5764B,279,94.95106,0.04080080724177768
2020-01-22 05:14:00,M25/5764B,352,96.5604,0.05061834915156744
2020-01-22 05:29:00,M25/5764B,450,101.38842,0.06162948354492789
2020-01-22 05:44:00,M25/5764B,567,98.16974,0.08019915416059632
2020-01-22 05:59:00,M25/5764B,743,98.16974,0.10509342423513769
2020-01-22 06:14:00,M25/5764B,862,96.5604,0.12395743457003162
2020-01-22 06:29:00,M25/5764B,892,94.95106,0.130445591611705
2020-01-22 06:44:00,M25/5764B,863,93.34172,0.12838058968789978
2020-01-22 06:59:00,M25/5764B,914,94.95106,0.1336628595662538
2020-01-22 07:14:00,M25/5764B,933,90.12304,0.1437507703685443
2020-01-22 07:29:00,M25/5764B,925,88.5137,0.14510942034669386
2020-01-22 07:44:00,M25/5764B,892,94.95106,0.130445591611705
2020-01-22 07:59:00,M25/5764B,800,98.16974,0.11315577306609712
2020-01-22 08:14:00,M25/5764B,922,96.5604,0.13258556226632154
2020-01-22 08:29:00,M25/5764B,827,96.5604,0.11892436008052919
2020-01-22 08:44:00,M25/5764B,782,96.5604,0.11245326430831175
2020-01-22 08:59:00,M25/5764B,713,98.16974,0.10085008274515904
2020-01-22 09:14:00,M25/5764B,802,96.5604,0.11532930687374172
2020-01-22 09:29:00,M25/5764B,739,96.5604,0.10626977279263732
2020-01-22 09:44:00,M25/5764B,821,96.5604,0.1180615473109002
2020-01-22 09:59:00,M25/5764B,724,98.16974,0.10240597462481789
2020-01-22 10:14:00,M25/5764B,676,98.16974,0.09561662824085206
2020-01-22 10:29:00,M25/5764B,643,99.77908,0.08948203401152273
2020-01-22 10:44:00,M25/5764B,661,94.95106,0.09666427808894283
2020-01-22 10:59:00,M25/5764B,620,99.77908,0.08628127696289906
2020-01-22 11:14:00,M25/5764B,626,101.38842,0.08573345933138858
2020-01-22 11:29:00,M25/5764B,630,98.16974,0.08911017128955147
2020-01-22 11:44:00,M25/5764B,707,96.5604,0.10166810468794937
2020-01-22 11:59:00,M25/5764B,721,96.5604,0.10368133448375035
2020-01-22 12:14:00,M25/5764B,672,96.5604,0.09663503019844694
2020-01-22 12:29:00,M25/5764B,686,98.16974,0.09703107540417827
2020-01-22 12:44:00,M25/5764B,745,96.5604,0.10713258556226632
2020-01-22 12:59:00,M25/5764B,756,96.5604,0.1087144089732528
2020-01-22 13:14:00,M25/5764B,857,94.95106,0.12532721077492284
2020-01-22 13:29:00,M25/5764B,779,91.73238,0.11791774518262868
2020-01-22 13:44:00,M25/5764B,729,94.95106,0.10660856085754815
2020-01-22 13:59:00,M25/5764B,702,98.16974,0.0992941908655002
2020-01-22 14:14:00,M25/5764B,745,98.16974,0.10537631366780292
2020-01-22 14:29:00,M25/5764B,921,94.95106,0.1346865357336102
2020-01-22 14:44:00,M25/5764B,834,96.5604,0.11993097497842967
2020-01-22 14:59:00,M25/5764B,875,96.5604,0.1258268622375611
2020-01-22 15:14:00,M25/5764B,876,96.5604,0.1259706643658326
2020-01-22 15:29:00,M25/5764B,912,96.5604,0.13114754098360654
2020-01-22 15:44:00,M25/5764B,972,96.5604,0.13977566867989644
2020-01-22 15:59:00,M25/5764B,997,94.95106,0.14580073412205144
2020-01-22 16:14:00,M25/5764B,954,96.5604,0.1371872303710095
2020-01-22 16:29:00,M25/5764B,1069,93.34172,0.15902531909196393
2020-01-22 16:44:00,M25/5764B,919,94.95106,0.13439405682865121
2020-01-22 16:59:00,M25/5764B,926,93.34172,0.13775252149593883
2020-01-22 17:14:00,M25/5764B,984,91.73238,0.14894873075700465
2020-01-22 17:29:00,M25/5764B,1010,86.90436,0.161377943949126
2020-01-22 17:44:00,M25/5764B,842,86.90436,0.13453488000511296
2020-01-22 17:59:00,M25/5764B,752,91.73238,0.11383073732649136
2020-01-22 18:14:00,M25/5764B,764,90.12304,0.11771231357081226
2020-01-22 18:29:00,M25/5764B,584,91.73238,0.08840046622163691
2020-01-22 18:44:00,M25/5764B,530,98.16974,0.07496569965628933
2020-01-22 18:59:00,M25/5764B,559,99.77908,0.0777923126165493
2020-01-22 19:14:00,M25/5764B,498,93.34172,0.07408288953021332
2020-01-22 19:29:00,M25/5764B,406,96.5604,0.05838366407822835
2020-01-22 19:44:00,M25/5764B,377,93.34172,0.056082830025884385
2020-01-22 19:59:00,M25/5764B,404,99.77908,0.05622199337582455
2020-01-22 20:14:00,M25/5764B,389,99.77908,0.05413454312672215
2020-01-22 20:29:00,M25/5764B,301,101.38842,0.04122327677116288
2020-01-22 20:44:00,M25/5764B,325,101.38842,0.0445101825602257
2020-01-22 20:59:00,M25/5764B,250,101.38842,0.034238601969404384
2020-01-22 21:14:00,M25/5764B,338,101.38842,0.04629058986263473
2020-01-22 21:29:00,M25/5764B,278,99.77908,0.03868741128336441
2020-01-22 21:44:00,M25/5764B,260,104.6071,0.03451251078515962
2020-01-22 21:59:00,M25/5764B,218,101.38842,0.029856060917320626
2020-01-22 22:14:00,M25/5764B,197,101.38842,0.026980018351890653
2020-01-22 22:29:00,M25/5764B,261,104.6071,0.03464525121125638
2020-01-22 22:44:00,M25/5764B,211,101.38842,0.028897380062177302
2020-01-22 22:59:00,M25/5764B,191,101.38842,0.02615829190462495
2020-01-22 23:14:00,M25/5764B,155,99.77908,0.021570319240724764
2020-01-22 23:29:00,M25/5764B,145,99.77908,0.020178685741323164
2020-01-22 23:44:00,M25/5764B,137,99.77908,0.019065378941801887
2020-01-22 23:59:00,M25/5764B,92,99.77908,0.0128030281944947
2020-01-23 00:14:00,M25/5764B,91,102.99776,0.012268119068162208
2020-01-23 00:29:00,M25/5764B,96,101.38842,0.013147623156251283
2020-01-23 00:44:00,M25/5764B,119,96.5604,0.01711245326430831
2020-01-23 00:59:00,M25/5764B,113,94.95106,0.01652505813018236
2020-01-23 01:14:00,M25/5764B,111,93.34172,0.01651245128083068
2020-01-23 01:29:00,M25/5764B,76,94.95106,0.011114198388441235
2020-01-23 01:44:00,M25/5764B,94,96.5604,0.01351740005752085
2020-01-23 01:59:00,M25/5764B,115,93.34172,0.017107494570229986
2020-01-23 02:14:00,M25/5764B,70,94.95106,0.010236761673564293
2020-01-23 02:29:00,M25/5764B,92,94.95106,0.013454029628113071
2020-01-23 02:44:00,M25/5764B,117,93.34172,0.017405016214929635
2020-01-23 02:59:00,M25/5764B,129,94.95106,0.0188648893698542
2020-01-23 03:14:00,M25/5764B,101,94.95106,0.01477018470042848
2020-01-23 03:29:00,M25/5764B,153,93.34172,0.02276040581952337
2020-01-23 03:44:00,M25/5764B,134,94.95106,0.01959608663225165
2020-01-23 03:59:00,M25/5764B,134,93.34172,0.01993395019487668
2020-01-23 04:14:00,M25/5764B,135,96.5604,0.019413287316652286
2020-01-23 04:29:00,M25/5764B,204,96.5604,0.02933563416738567
2020-01-23 04:44:00,M25/5764B,255,94.95106,0.03729106038226993
2020-01-23 04:59:00,M25/5764B,305,96.5604,0.043859649122807015
2020-01-23 05:14:00,M25/5764B,376,96.5604,0.0540696002300834
2020-01-23 05:29:00,M25/5764B,441,99.77908,0.06137103732361046
2020-01-23 05:44:00,M25/5764B,569,98.16974,0.08048204359326157
2020-01-23 05:59:00,M25/5764B,688,96.5604,0.0989358642507909
2020-01-23 06:14:00,M25/5764B,928,94.95106,0.13571021190096663
2020-01-23 06:29:00,M25/5764B,938,94.95106,0.13717260642576154
2020-01-23 06:44:00,M25/5764B,887,90.12304,0.1366633797608776
2020-01-23 06:59:00,M25/5764B,853,93.34172,0.12689298146440153
2020-01-23 07:14:00,M25/5764B,884,93.34172,0.13150456695724616
2020-01-23 07:29:00,M25/5764B,816,94.95106,0.11933139322326378
2020-01-23 07:44:00,M25/5764B,777,85.29502,0.1264916079248539
2020-01-23 07:59:00,M25/5764B,787,85.29502,0.12811955654679538
2020-01-23 08:14:00,M25/5764B,796,88.5137,0.12487253902266844
2020-01-23 08:29:00,M25/5764B,821,96.5604,0.1180615473109002
2020-01-23 08:44:00,M25/5764B,776,96.5604,0.11159045153868276
2020-01-23 08:59:00,M25/5764B,744,96.5604,0.10698878343399482
2020-01-23 09:14:00,M25/5764B,715,98.16974,0.1011329721778243
2020-01-23 09:29:00,M25/5764B,702,96.5604,0.10094909404659189
2020-01-23 09:44:00,M25/5764B,692,96.5604,0.0995110727638769
2020-01-23 09:59:00,M25/5764B,681,98.16974,0.09632385182251517
2020-01-23 10:14:00,M25/5764B,657,96.5604,0.09447799827437445
2020-01-23 10:29:00,M25/5764B,627,98.16974,0.0886858371405536
2020-01-23 10:44:00,M25/5764B,637,96.5604,0.09160195570894449
2020-01-23 10:59:00,M25/5764B,680,96.5604,0.09778544722461892
2020-01-23 11:14:00,M25/5764B,694,96.5604,0.09979867702041989
2020-01-23 11:29:00,M25/5764B,602,98.16974,0.08514971923223807
2020-01-23 11:44:00,M25/5764B,717,99.77908,0.09978012190709455
2020-01-23 11:59:00,M25/5764B,644,99.77908,0.08962119736146289
2020-01-23 12:14:00,M25/5764B,746,96.5604,0.10727638769053782
2020-01-23 12:29:00,M25/5764B,675,96.5604,0.09706643658326142
2020-01-23 12:44:00,M25/5764B,743,98.16974,0.10509342423513769
2020-01-23 12:59:00,M25/5764B,765,98.16974,0.10820520799445535
2020-01-23 13:14:00,M25/5764B,740,98.16974,0.10466909008613982
2020-01-23 13:29:00,M25/5764B,804,98.16974,0.11372155193142759
2020-01-23 13:44:00,M25/5764B,822,96.5604,0.1182053494391717
2020-01-23 13:59:00,M25/5764B,783,94.95106,0.11450549129144061
2020-01-23 14:14:00,M25/5764B,853,93.34172,0.12689298146440153
2020-01-23 14:29:00,M25/5764B,847,98.16974,0.11980367473373031
2020-01-23 14:44:00,M25/5764B,872,98.16974,0.12333979264204585
2020-01-23 14:59:00,M25/5764B,907,98.16974,0.12829035771368758
2020-01-23 15:14:00,M25/5764B,963,96.5604,0.13848144952545297
2020-01-23 15:29:00,M25/5764B,1062,94.95106,0.15530629853321828
2020-01-23 15:44:00,M25/5764B,942,90.12304,0.14513743374830518
2020-01-23 15:59:00,M25/5764B,938,78.85766,0.16516701590040675
2020-01-23 16:14:00,M25/5764B,965,82.07634,0.16325771033175995
2020-01-23 16:29:00,M25/5764B,948,88.5137,0.14871754647423327
2020-01-23 16:44:00,M25/5764B,895,91.73238,0.13547674189788533
2020-01-23 16:59:00,M25/5764B,866,94.95106,0.12664336584723826
2020-01-23 17:14:00,M25/5764B,888,93.34172,0.13209961024664543
2020-01-23 17:29:00,M25/5764B,1029,93.34172,0.15307488619797088
2020-01-23 17:44:00,M25/5764B,912,93.34172,0.13566986998304126
2020-01-23 17:59:00,M25/5764B,465,101.38842,0.06368379966309215
2020-01-23 18:14:00,M25/5764B,694,99.77908,0.09657936485847086
2020-01-23 18:29:00,M25/5764B,745,99.77908,0.10367669570541903
2020-01-23 18:44:00,M25/5764B,714,98.16974,0.10099152746149166
2020-01-23 18:59:00,M25/5764B,640,99.77908,0.08906454396170224
2020-01-23 19:14:00,M25/5764B,649,99.77908,0.09031701411116368
2020-01-23 19:29:00,M25/5764B,573,99.77908,0.07974059951571154
2020-01-23 19:44:00,M25/5764B,374,99.77908,0.05204709287761975
2020-01-23 19:59:00,M25/5764B,633,98.16974,0.08953450543854934
2020-01-23 20:14:00,M25/5764B,439,101.38842,0.060122985058274105
2020-01-23 20:29:00,M25/5764B,391,101.38842,0.05354917348014846
2020-01-23 20:44:00,M25/5764B,341,102.99776,0.045971742881794654
2020-01-23 20:59:00,M25/5764B,365,99.77908,0.050794622728158316
2020-01-23 21:14:00,M25/5764B,319,99.77908,0.04439310863091096
2020-01-23 21:29:00,M25/5764B,213,101.38842,0.02917128887793254
2020-01-23 21:44:00,M25/5764B,324,99.77908,0.04508892538061176
2020-01-23 21:59:00,M25/5764B,234,101.38842,0.032047331443362505
2020-01-23 22:14:00,M25/5764B,221,101.38842,0.030266924140953475
2020-01-23 22:29:00,M25/5764B,263,101.38842,0.03601900927181341
2020-01-23 22:44:00,M25/5764B,224,102.99776,0.030198446937014664
2020-01-23 22:59:00,M25/5764B,198,99.77908,0.027554343288151633
2020-01-23 23:14:00,M25/5764B,157,98.16974,0.022206820464221556
2020-01-23 23:29:00,M25/5764B,205,99.77908,0.028528486737732752
2020-01-23 23:44:00,M25/5764B,142,99.77908,0.019761195691502687
2020-01-23 23:59:00,M25/5764B,140,99.77908,0.019482868991622368
2020-01-24 00:14:00,M25/5764B,109,98.16974,0.015417474080255731
2020-01-24 00:29:00,M25/5764B,110,98.16974,0.015558918796588354
2020-01-24 00:44:00,M25/5764B,111,96.5604,0.015962036238136326
2020-01-24 00:59:00,M25/5764B,134,98.16974,0.018953591988571265
2020-01-24 01:14:00,M25/5764B,103,96.5604,0.014811619211964337
2020-01-24 01:29:00,M25/5764B,98,96.5604,0.014092608570606843
2020-01-24 01:44:00,M25/5764B,97,93.34172,0.014429799767933118
2020-01-24 01:59:00,M25/5764B,106,94.95106,0.015501381962825932
2020-01-24 02:14:00,M25/5764B,108,94.95106,0.01579386086778491
2020-01-24 02:29:00,M25/5764B,93,93.34172,0.013834756478533813
2020-01-24 02:44:00,M25/5764B,111,93.34172,0.01651245128083068
2020-01-24 02:59:00,M25/5764B,86,94.95106,0.012576592913236134
2020-01-24 03:14:00,M25/5764B,118,93.34172,0.017553777037279464
2020-01-24 03:29:00,M25/5764B,134,96.5604,0.019269485188380786
2020-01-24 03:44:00,M25/5764B,145,96.5604,0.02085130859936727
2020-01-24 03:59:00,M25/5764B,144,94.95106,0.021058481157046546
2020-01-24 04:14:00,M25/5764B,150,99.77908,0.020874502491023964
2020-01-24 04:29:00,M25/5764B,220,94.95106,0.032172679545487776
2020-01-24 04:44:00,M25/5764B,278,93.34172,0.041355508613251615
2020-01-24 04:59:00,M25/5764B,273,96.5604,0.039257981018119066
2020-01-24 05:14:00,M25/5764B,289,96.5604,0.04155881507046304
2020-01-24 05:29:00,M25/5764B,467,98.16974,0.06605468252733418
2020-01-24 05:44:00,M25/5764B,577,98.16974,0.08161360132392254
2020-01-24 05:59:00,M25/5764B,690,96.5604,0.0992234685073339
2020-01-24 06:14:00,M25/5764B,775,98.16974,0.10961965515778158
2020-01-24 06:29:00,M25/5764B,858,94.95106,0.12547345022740236
2020-01-24 06:44:00,M25/5764B,888,94.95106,0.12986063380178703
2020-01-24 06:59:00,M25/5764B,804,94.95106,0.11757651979350989
2020-01-24 07:14:00,M25/5764B,828,93.34172,0.12317396090565588
2020-01-24 07:29:00,M25/5764B,808,94.95106,0.11816147760342784
2020-01-24 07:44:00,M25/5764B,730,93.34172,0.10859540031537294
2020-01-24 07:59:00,M25/5764B,892,93.34172,0.13269465353604473
2020-01-24 08:14:00,M25/5764B,768,98.16974,0.10862954214345322
2020-01-24 08:29:00,M25/5764B,769,98.16974,0.10877098685978584
2020-01-24 08:44:00,M25/5764B,731,94.95106,0.10690103976250713
2020-01-24 08:59:00,M25/5764B,798,93.34172,0.1187111362351611
2020-01-24 09:14:00,M25/5764B,688,98.16974,0.09731396483684351
2020-01-24 09:29:00,M25/5764B,690,96.5604,0.0992234685073339
2020-01-24 09:44:00,M25/5764B,719,98.16974,0.10169875104315478
2020-01-24 09:59:00,M25/5764B,736,98.16974,0.10410331122080933
2020-01-24 10:14:00,M25/5764B,769,98.16974,0.10877098685978584
2020-01-24 10:29:00,M25/5764B,764,98.16974,0.10806376327812274
2020-01-24 10:44:00,M25/5764B,774,96.5604,0.11130284728213977
2020-01-24 10:59:00,M25/5764B,841,96.5604,0.12093758987633016
2020-01-24 11:14:00,M25/5764B,779,96.5604,0.11202185792349725
2020-01-24 11:29:00,M25/5764B,866,94.95106,0.12664336584723826
2020-01-24 11:44:00,M25/5764B,843,96.5604,0.12122519413287315
2020-01-24 11:59:00,M25/5764B,878,98.16974,0.12418846094004157
2020-01-24 12:14:00,M25/5764B,791,99.77908,0.11007820980266636
2020-01-24 12:29:00,M25/5764B,827,98.16974,0.11697478040707787
2020-01-24 12:44:00,M25/5764B,798,99.77908,0.1110523532522475
2020-01-24 12:59:00,M25/5764B,906,98.16974,0.12814891299735498
2020-01-24 13:14:00,M25/5764B,816,98.16974,0.11541888852741905
2020-01-24 13:29:00,M25/5764B,908,96.5604,0.13057233247052055
2020-01-24 13:44:00,M25/5764B,906,98.16974,0.12814891299735498
2020-01-24 13:59:00,M25/5764B,769,98.16974,0.10877098685978584
2020-01-24 14:14:00,M25/5764B,870,98.16974,0.12305690320938059
2020-01-24 14:29:00,M25/5764B,934,98.16974,0.13210936505466836
2020-01-24 14:44:00,M25/5764B,909,98.16974,0.12857324714635285
2020-01-24 14:59:00,M25/5764B,931,96.5604,0.133879781420765
2020-01-24 15:14:00,M25/5764B,960,96.5604,0.13805004314063848
2020-01-24 15:29:00,M25/5764B,894,99.77908,0.12441203484650283
2020-01-24 15:44:00,M25/5764B,940,96.5604,0.1351740005752085
2020-01-24 15:59:00,M25/5764B,961,98.16974,0.13592837239564914
2020-01-24 16:14:00,M25/5764B,950,98.16974,0.1343724805159903
2020-01-24 16:29:00,M25/5764B,1064,93.34172,0.1582815149802148
2020-01-24 16:44:00,M25/5764B,935,86.90436,0.14939443325983445
2020-01-24 16:59:00,M25/5764B,957,83.68568,0.15879073471825844
2020-01-24 17:14:00,M25/5764B,937,93.34172,0.13938889054178694
2020-01-24 17:29:00,M25/5764B,1000,86.90436,0.15978014252388714
2020-01-24 17:44:00,M25/5764B,644,101.38842,0.0881986386731857
2020-01-24 17:59:00,M25/5764B,890,99.77908,0.12385538144674219
2020-01-24 18:14:00,M25/5764B,806,98.16974,0.11400444136409282
2020-01-24 18:29:00,M25/5764B,733,99.77908,0.1020067355061371
2020-01-24 18:44:00,M25/5764B,619,102.99776,0.08345017256255392
2020-01-24 18:59:00,M25/5764B,604,102.99776,0.08142795513373598
2020-01-24 19:14:00,M25/5764B,559,102.99776,0.07536130284728214
2020-01-24 19:29:00,M25/5764B,602,94.95106,0.08803615039265293
2020-01-24 19:44:00,M25/5764B,529,91.73238,0.08007507984802385
2020-01-24 19:59:00,M25/5764B,518,91.73238,0.07841000257330123
2020-01-24 20:14:00,M25/5764B,518,93.34172,0.07705810597720984
2020-01-24 20:29:00,M25/5764B,449,93.34172,0.06679360923507185
2020-01-24 20:44:00,M25/5764B,419,93.34172,0.06233078456457707
2020-01-24 20:59:00,M25/5764B,359,94.95106,0.052499963440136875
2020-01-24 21:14:00,M25/5764B,350,101.38842,0.04793404275716614
2020-01-24 21:29:00,M25/5764B,293,101.38842,0.040127641508141944
2020-01-24 21:44:00,M25/5764B,294,104.6071,0.03902568527244972
2020-01-24 21:59:00,M25/5764B,285,104.6071,0.03783102143757881
2020-01-24 22:14:00,M25/5764B,329,101.38842,0.04505800019173617
2020-01-24 22:29:00,M25/5764B,283,101.38842,0.03875809742936576
2020-01-24 22:44:00,M25/5764B,262,102.99776,0.0353213977566868
2020-01-24 22:59:00,M25/5764B,226,102.99776,0.03046807592752373
2020-01-24 23:14:00,M25/5764B,189,99.77908,0.026301873138690195
2020-01-24 23:29:00,M25/5764B,169,101.38842,0.023145294931317364
2020-01-24 23:44:00,M25/5764B,147,99.77908,0.020457012441203484
2020-01-24 23:59:00,M25/5764B,139,99.77908,0.019343705641682207
2020-01-25 00:14:00,M25/5764B,135,99.77908,0.018787052241921568
2020-01-25 00:29:00,M25/5764B,134,99.77908,0.018647888891981407
2020-01-25 00:44:00,M25/5764B,83,98.16974,0.011739911455607575
2020-01-25 00:59:00,M25/5764B,74,96.5604,0.010641357492090883
2020-01-25 01:14:00,M25/5764B,92,101.38842,0.012599805524740814
2020-01-25 01:29:00,M25/5764B,101,99.77908,0.014055498343956137
2020-01-25 01:44:00,M25/5764B,98,98.16974,0.013861582200596896
2020-01-25 01:59:00,M25/5764B,82,96.5604,0.01179177451826287
2020-01-25 02:14:00,M25/5764B,67,96.5604,0.009634742594190393
2020-01-25 02:29:00,M25/5764B,86,99.77908,0.01196804809485374
2020-01-25 02:44:00,M25/5764B,69,99.77908,0.009602271145871023
2020-01-25 02:59:00,M25/5764B,93,96.5604,0.013373597929249352
2020-01-25 03:14:00,M25/5764B,73,96.5604,0.010497555363819383
2020-01-25 03:29:00,M25/5764B,86,96.5604,0.012366983031348863
2020-01-25 03:44:00,M25/5764B,73,98.16974,0.01032546429228136
2020-01-25 03:59:00,M25/5764B,79,99.77908,0.01099390464527262
2020-01-25 04:14:00,M25/5764B,107,98.16974,0.015134584647590488
2020-01-25 04:29:00,M25/5764B,100,101.38842,0.013695440787761755
2020-01-25 04:44:00,M25/5764B,135,96.5604,0.019413287316652286
2020-01-25 04:59:00,M25/5764B,170,94.95106,0.024860706921513286
2020-01-25 05:14:00,M25/5764B,171,96.5604,0.02459016393442623
2020-01-25 05:29:00,M25/5764B,220,98.16974,0.031117837593176708
2020-01-25 05:44:00,M25/5764B,222,99.77908,0.030894263686715464
2020-01-25 05:59:00,M25/5764B,255,102.99776,0.034377696289905085
2020-01-25 06:14:00,M25/5764B,306,102.99776,0.041253235547886104
2020-01-25 06:29:00,M25/5764B,304,104.6071,0.040353089533417395
2020-01-25 06:44:00,M25/5764B,350,101.38842,0.04793404275716614
2020-01-25 06:59:00,M25/5764B,373,102.99776,0.0502858067299396
2020-01-25 07:14:00,M25/5764B,391,101.38842,0.05354917348014846
2020-01-25 07:29:00,M25/5764B,395,101.38842,0.05409699111165893
2020-01-25 07:44:00,M25/5764B,469,102.99776,0.06322799827437446
2020-01-25 07:59:00,M25/5764B,405,104.6071,0.053759872569190945
2020-01-25 08:14:00,M25/5764B,472,102.99776,0.06363244176013805
2020-01-25 08:29:00,M25/5764B,521,106.21644,0.06810991711768243
2020-01-25 08:44:00,M25/5764B,582,106.21644,0.07608439877637461
2020-01-25 08:59:00,M25/5764B,686,101.38842,0.09395072380404564
2020-01-25 09:14:00,M25/5764B,589,104.6071,0.07818411097099622
2020-01-25 09:29:00,M25/5764B,592,104.6071,0.07858233224928651
2020-01-25 09:44:00,M25/5764B,688,102.99776,0.09275237273511647
2020-01-25 09:59:00,M25/5764B,640,104.6071,0.08495387270193136
2020-01-25 10:14:00,M25/5764B,708,104.6071,0.09398022167651157
2020-01-25 10:29:00,M25/5764B,756,104.6071,0.10035176212915643
2020-01-25 10:44:00,M25/5764B,779,102.99776,0.10502049180327869
2020-01-25 10:59:00,M25/5764B,692,101.38842,0.09477245025131133
2020-01-25 11:14:00,M25/5764B,838,104.6071,0.11123647706909139
2020-01-25 11:29:00,M25/5764B,857,102.99776,0.115536022433132
2020-01-25 11:44:00,M25/5764B,835,102.99776,0.11257010353753234
2020-01-25 11:59:00,M25/5764B,773,104.6071,0.10260834937280149
2020-01-25 12:14:00,M25/5764B,787,102.99776,0.10609900776531492
2020-01-25 12:29:00,M25/5764B,769,104.6071,0.1020773876684144
2020-01-25 12:44:00,M25/5764B,743,106.21644,0.0971318011870212
2020-01-25 12:59:00,M25/5764B,742,106.21644,0.09700107197950164
2020-01-25 13:14:00,M25/5764B,796,102.99776,0.10731233822260569
2020-01-25 13:29:00,M25/5764B,813,102.99776,0.1096041846419327
2020-01-25 13:44:00,M25/5764B,796,104.6071,0.10566137917302713
2020-01-25 13:59:00,M25/5764B,607,107.82578,0.07816826136788019
2020-01-25 14:14:00,M25/5764B,817,104.6071,0.10844892812105926
2020-01-25 14:29:00,M25/5764B,746,104.6071,0.09902435786818875
2020-01-25 14:44:00,M25/5764B,734,104.6071,0.09743147275502753
2020-01-25 14:59:00,M25/5764B,710,104.6071,0.09424570252870511
2020-01-25 15:14:00,M25/5764B,758,104.6071,0.10061724298134997
2020-01-25 15:29:00,M25/5764B,735,102.99776,0.09908865401207938
2020-01-25 15:44:00,M25/5764B,743,102.99776,0.10016716997411561
2020-01-25 15:59:00,M25/5764B,781,102.99776,0.10529012079378774
2020-01-25 16:14:00,M25/5764B,722,102.99776,0.09733606557377049
2020-01-25 16:29:00,M25/5764B,753,101.38842,0.10312666913184601
2020-01-25 16:44:00,M25/5764B,828,99.77908,0.11522725375045227
2020-01-25 16:59:00,M25/5764B,763,101.38842,0.10449621321062218
2020-01-25 17:14:00,M25/5764B,781,99.77908,0.10868657630326478
2020-01-25 17:29:00,M25/5764B,727,101.38842,0.09956585452702794
2020-01-25 17:44:00,M25/5764B,722,101.38842,0.09888108248763987
2020-01-25 17:59:00,M25/5764B,763,98.16974,0.10792231856179012
2020-01-25 18:14:00,M25/5764B,712,101.38842,0.09751153840886369
2020-01-25 18:29:00,M25/5764B,627,102.99776,0.08452868852459017
2020-01-25 18:44:00,M25/5764B,598,102.99776,0.0806190681622088
2020-01-25 18:59:00,M25/5764B,576,104.6071,0.07645848543173822
2020-01-25 19:14:00,M25/5764B,581,102.99776,0.07832722174288179
2020-01-25 19:29:00,M25/5764B,535,102.99776,0.07212575496117342
2020-01-25 19:44:00,M25/5764B,522,102.99776,0.07037316652286453
2020-01-25 19:59:00,M25/5764B,439,104.6071,0.05827304705648105
2020-01-25 20:14:00,M25/5764B,378,102.99776,0.05095987920621225
2020-01-25 20:29:00,M25/5764B,374,106.21644,0.04889272361230946
2020-01-25 20:44:00,M25/5764B,380,102.99776,0.05122950819672131
2020-01-25 20:59:00,M25/5764B,349,102.99776,0.04705025884383089
2020-01-25 21:14:00,M25/5764B,325,102.99776,0.04381471095772217
2020-01-25 21:29:00,M25/5764B,326,104.6071,0.04327337890754629
2020-01-25 21:44:00,M25/5764B,244,104.6071,0.032388663967611336
2020-01-25 21:59:00,M25/5764B,212,106.21644,0.027714591994143327
2020-01-25 22:14:00,M25/5764B,209,104.6071,0.027742749054224462
2020-01-25 22:29:00,M25/5764B,247,102.99776,0.033299180327868855
2020-01-25 22:44:00,M25/5764B,215,106.21644,0.028106779616701962
2020-01-25 22:59:00,M25/5764B,278,106.21644,0.036342719690433234
2020-01-25 23:14:00,M25/5764B,215,104.6071,0.028539191610805068
2020-01-25 23:29:00,M25/5764B,217,104.6071,0.028804672462998605
2020-01-25 23:44:00,M25/5764B,261,104.6071,0.03464525121125638
2020-01-25 23:59:00,M25/5764B,201,102.99776,0.02709771354616048
2020-01-26 00:14:00,M25/5764B,147,104.6071,0.01951284263622486
2020-01-26 00:29:00,M25/5764B,175,104.6071,0.023229574566934356
2020-01-26 00:44:00,M25/5764B,147,102.99776,0.019817730802415875
2020-01-26 00:59:00,M25/5764B,145,102.99776,0.019548101811906814
2020-01-26 01:14:00,M25/5764B,100,104.6071,0.013274042609676776
2020-01-26 01:29:00,M25/5764B,105,101.38842,0.014380212827149842
2020-01-26 01:44:00,M25/5764B,119,99.77908,0.01656043864287901
2020-01-26 01:59:00,M25/5764B,88,101.38842,0.012051987893230344
2020-01-26 02:14:00,M25/5764B,75,104.6071,0.009955531957257582
2020-01-26 02:29:00,M25/5764B,76,101.38842,0.010408534998698933
2020-01-26 02:44:00,M25/5764B,73,99.77908,0.010158924545631663
2020-01-26 02:59:00,M25/5764B,73,101.38842,0.00999767177506608
2020-01-26 03:14:00,M25/5764B,45,101.38842,0.006162948354492789
2020-01-26 03:29:00,M25/5764B,61,99.77908,0.008488964346349746
2020-01-26 03:44:00,M25/5764B,60,98.16974,0.008486682979957284
2020-01-26 03:59:00,M25/5764B,64,101.38842,0.008765082104167522
2020-01-26 04:14:00,M25/5764B,67,98.16974,0.009476795994285633
2020-01-26 04:29:00,M25/5764B,106,98.16974,0.014993139931257867
2020-01-26 04:44:00,M25/5764B,93,98.16974,0.01315435861893379
2020-01-26 04:59:00,M25/5764B,87,99.77908,0.0121072114447939
2020-01-26 05:14:00,M25/5764B,90,99.77908,0.012524701494614378
2020-01-26 05:29:00,M25/5764B,115,101.38842,0.01574975690592602
2020-01-26 05:44:00,M25/5764B,123,102.99776,0.01658218291630716
2020-01-26 05:59:00,M25/5764B,136,102.99776,0.018334771354616048
2020-01-26 06:14:00,M25/5764B,142,102.99776,0.019143658326143224
2020-01-26 06:29:00,M25/5764B,140,101.38842,0.019173617102866455
2020-01-26 06:44:00,M25/5764B,171,102.99776,0.023053278688524588
2020-01-26 06:59:00,M25/5764B,168,102.99776,0.022648835202761
2020-01-26 07:14:00,M25/5764B,211,101.38842,0.028897380062177302
2020-01-26 07:29:00,M25/5764B,233,104.6071,0.03092851928054689
2020-01-26 07:44:00,M25/5764B,268,104.6071,0.03557443419393376
2020-01-26 07:59:00,M25/5764B,279,107.82578,0.03592906906365498
2020-01-26 08:14:00,M25/5764B,284,109.43512,0.03603512155509313
2020-01-26 08:29:00,M25/5764B,329,107.82578,0.04236797032954297
2020-01-26 08:44:00,M25/5764B,375,106.21644,0.049023452819829005
2020-01-26 08:59:00,M25/5764B,475,104.6071,0.06305170239596468
2020-01-26 09:14:00,M25/5764B,511,106.21644,0.06680262504248698
2020-01-26 09:29:00,M25/5764B,473,107.82578,0.06091200597530038
2020-01-26 09:44:00,M25/5764B,510,107.82578,0.0656767929120575
2020-01-26 09:59:00,M25/5764B,530,107.82578,0.06825235341841268
2020-01-26 10:14:00,M25/5764B,494,107.82578,0.06361634450697333
2020-01-26 10:29:00,M25/5764B,548,106.21644,0.07163960572071011
2020-01-26 10:44:00,M25/5764B,665,102.99776,0.08965163934426229
2020-01-26 10:59:00,M25/5764B,640,106.21644,0.08366669281250817
2020-01-26 11:14:00,M25/5764B,652,107.82578,0.08396327250717937
2020-01-26 11:29:00,M25/5764B,695,106.21644,0.09085679922608308
2020-01-26 11:44:00,M25/5764B,785,106.21644,0.10262242790284204
2020-01-26 11:59:00,M25/5764B,700,106.21644,0.0915104452636808
2020-01-26 12:14:00,M25/5764B,773,107.82578,0.09954541357062831
2020-01-26 12:29:00,M25/5764B,692,107.82578,0.08911439351988977
2020-01-26 12:44:00,M25/5764B,722,107.82578,0.09297773427942256
2020-01-26 12:59:00,M25/5764B,716,106.21644,0.09360211258399351
2020-01-26 13:14:00,M25/5764B,726,104.6071,0.0963695493462534
2020-01-26 13:29:00,M25/5764B,789,104.6071,0.10473219619034976
2020-01-26 13:44:00,M25/5764B,733,106.21644,0.09582450911182575
2020-01-26 13:59:00,M25/5764B,728,106.21644,0.09517086307422803
2020-01-26 14:14:00,M25/5764B,733,106.21644,0.09582450911182575
2020-01-26 14:29:00,M25/5764B,800,104.6071,0.1061923408774142
2020-01-26 14:44:00,M25/5764B,789,102.99776,0.10636863675582399
2020-01-26 14:59:00,M25/5764B,828,104.6071,0.10990907280812372
2020-01-26 15:14:00,M25/5764B,878,101.38842,0.12024597011654821
2020-01-26 15:29:00,M25/5764B,837,101.38842,0.11463083939356587
2020-01-26 15:44:00,M25/5764B,979,96.5604,0.14078228357779696
2020-01-26 15:59:00,M25/5764B,911,101.38842,0.12476546557650958
2020-01-26 16:14:00,M25/5764B,867,99.77908,0.12065462439811853
2020-01-26 16:29:00,M25/5764B,893,98.16974,0.12631013168503089
2020-01-26 16:44:00,M25/5764B,909,96.5604,0.13071613459879206
2020-01-26 16:59:00,M25/5764B,835,94.95106,0.12210994282037407
2020-01-26 17:14:00,M25/5764B,900,88.5137,0.14118754412110754
2020-01-26 17:29:00,M25/5764B,862,90.12304,0.1328115370393196
2020-01-26 17:44:00,M25/5764B,825,91.73238,0.12488079560419597
2020-01-26 17:59:00,M25/5764B,707,98.16974,0.10000141444716332
2020-01-26 18:14:00,M25/5764B,686,98.16974,0.09703107540417827
2020-01-26 18:29:00,M25/5764B,597,99.77908,0.08308051991427538
2020-01-26 18:44:00,M25/5764B,593,101.38842,0.0812139638714272
2020-01-26 18:59:00,M25/5764B,606,99.77908,0.08433299006373682
2020-01-26 19:14:00,M25/5764B,590,101.38842,0.08080310064779435
2020-01-26 19:29:00,M25/5764B,597,99.77908,0.08308051991427538
2020-01-26 19:44:00,M25/5764B,528,101.38842,0.07231192735938206
2020-01-26 19:59:00,M25/5764B,462,104.6071,0.0613260768567067
2020-01-26 20:14:00,M25/5764B,436,102.99776,0.05877911993097498
2020-01-26 20:29:00,M25/5764B,395,104.6071,0.05243246830822327
2020-01-26 20:44:00,M25/5764B,427,104.6071,0.05668016194331984
2020-01-26 20:59:00,M25/5764B,368,102.99776,0.04961173425366695
2020-01-26 21:14:00,M25/5764B,381,99.77908,0.05302123632720087
2020-01-26 21:29:00,M25/5764B,321,101.38842,0.043962364928715233
2020-01-26 21:44:00,M25/5764B,229,104.6071,0.030397557576159816
2020-01-26 21:59:00,M25/5764B,216,106.21644,0.028237508824221505
2020-01-26 22:14:00,M25/5764B,194,107.82578,0.024982936911645395
2020-01-26 22:29:00,M25/5764B,210,104.6071,0.027875489480321227
2020-01-26 22:44:00,M25/5764B,224,106.21644,0.029283342484377854
2020-01-26 22:59:00,M25/5764B,220,101.38842,0.030129969733075856
2020-01-26 23:14:00,M25/5764B,181,104.6071,0.024026017123514966
2020-01-26 23:29:00,M25/5764B,162,104.6071,0.021503949027676376
2020-01-26 23:44:00,M25/5764B,133,104.6071,0.017654476670870112
2020-01-26 23:59:00,M25/5764B,148,104.6071,0.019645583062321628
2020-01-27 00:14:00,M25/5764B,124,99.77908,0.01725625539257981
2020-01-27 00:29:00,M25/5764B,85,98.16974,0.012022800888272818
2020-01-27 00:44:00,M25/5764B,111,99.77908,0.015447131843357732
2020-01-27 00:59:00,M25/5764B,68,98.16974,0.009618240710618254
2020-01-27 01:14:00,M25/5764B,93,96.5604,0.013373597929249352
2020-01-27 01:29:00,M25/5764B,79,94.95106,0.011552916745879703
2020-01-27 01:44:00,M25/5764B,62,96.5604,0.0089157319528329
2020-01-27 01:59:00,M25/5764B,90,94.95106,0.013161550723154093
2020-01-27 02:14:00,M25/5764B,73,96.5604,0.010497555363819383
2020-01-27 02:29:00,M25/5764B,54,94.95106,0.007896930433892455
2020-01-27 02:44:00,M25/5764B,94,93.34172,0.01398351730088364
2020-01-27 02:59:00,M25/5764B,85,98.16974,0.012022800888272818
2020-01-27 03:14:00,M25/5764B,81,94.95106,0.011845395650838683
2020-01-27 03:29:00,M25/5764B,124,96.5604,0.0178314639056658
2020-01-27 03:44:00,M25/5764B,108,94.95106,0.01579386086778491
2020-01-27 03:59:00,M25/5764B,161,98.16974,0.02277259932955204
2020-01-27 04:14:00,M25/5764B,130,94.95106,0.019011128822333686
2020-01-27 04:29:00,M25/5764B,163,98.16974,0.023055488762217285
2020-01-27 04:44:00,M25/5764B,302,98.16974,0.04271630433245165
2020-01-27 04:59:00,M25/5764B,380,96.5604,0.05464480874316939
2020-01-27 05:14:00,M25/5764B,415,98.16974,0.05869955727803787
2020-01-27 05:29:00,M25/5764B,496,99.77908,0.06902502157031924
2020-01-27 05:44:00,M25/5764B,644,99.77908,0.08962119736146289
2020-01-27 05:59:00,M25/5764B,802,99.77908,0.11160900665200812
2020-01-27 06:14:00,M25/5764B,895,96.5604,0.12870290480299107
2020-01-27 06:29:00,M25/5764B,970,93.34172,0.14429799767933119
2020-01-27 06:44:00,M25/5764B,886,93.34172,0.13180208860194578
2020-01-27 06:59:00,M25/5764B,590,91.73238,0.08930869018966743
2020-01-27 07:14:00,M25/5764B,854,94.95106,0.12488849241748438
2020-01-27 07:29:00,M25/5764B,907,93.34172,0.13492606587129213
2020-01-27 07:44:00,M25/5764B,824,94.95106,0.1205013088430997
2020-01-27 07:59:00,M25/5764B,908,96.5604,0.13057233247052055
2020-01-27 08:14:00,M25/5764B,819,98.16974,0.11584322267641692
2020-01-27 08:29:00,M25/5764B,808,99.77908,0.1124439867516491
2020-01-27 08:44:00,M25/5764B,826,99.77908,0.11494892705057196
2020-01-27 08:59:00,M25/5764B,756,99.77908,0.10520749255476078
2020-01-27 09:14:00,M25/5764B,730,99.77908,0.10158924545631663
2020-01-27 09:29:00,M25/5764B,672,99.77908,0.09351777115978736
2020-01-27 09:44:00,M25/5764B,627,101.38842,0.0858704137392662
2020-01-27 09:59:00,M25/5764B,628,101.38842,0.08600736814714381
2020-01-27 10:14:00,M25/5764B,680,98.16974,0.09618240710618255
2020-01-27 10:29:00,M25/5764B,614,99.77908,0.0854462968632581
2020-01-27 10:44:00,M25/5764B,725,94.95106,0.10602360304763019
2020-01-27 10:59:00,M25/5764B,637,98.16974,0.09010028430387983
2020-01-27 11:14:00,M25/5764B,709,98.16974,0.10028430387982856
2020-01-27 11:29:00,M25/5764B,757,98.16974,0.10707365026379438
2020-01-27 11:44:00,M25/5764B,725,99.77908,0.10089342870661583
2020-01-27 11:59:00,M25/5764B,620,99.77908,0.08628127696289906
2020-01-27 12:14:00,M25/5764B,711,98.16974,0.10056719331249381
2020-01-27 12:29:00,M25/5764B,743,99.77908,0.1033983690055387
2020-01-27 12:44:00,M25/5764B,801,98.16974,0.11329721778242972
2020-01-27 12:59:00,M25/5764B,709,99.77908,0.09866681510757326
2020-01-27 13:14:00,M25/5764B,685,99.77908,0.09532689470900943
2020-01-27 13:29:00,M25/5764B,740,98.16974,0.10466909008613982
2020-01-27 13:44:00,M25/5764B,759,99.77908,0.10562498260458127
2020-01-27 13:59:00,M25/5764B,717,99.77908,0.09978012190709455
2020-01-27 14:14:00,M25/5764B,739,96.5604,0.10626977279263732
2020-01-27 14:29:00,M25/5764B,780,94.95106,0.11406677293400214
2020-01-27 14:44:00,M25/5764B,828,96.5604,0.11906816220880069
2020-01-27 14:59:00,M25/5764B,629,99.77908,0.08753374711236049
2020-01-27 15:14:00,M25/5764B,544,99.77908,0.0757048623674469
2020-01-27 15:29:00,M25/5764B,658,96.5604,0.09462180040264595
2020-01-27 15:44:00,M25/5764B,871,90.12304,0.13419820041908048
2020-01-27 15:59:00,M25/5764B,833,85.29502,0.13560812020772625
2020-01-27 16:14:00,M25/5764B,968,78.85766,0.17044954306140056
2020-01-27 16:29:00,M25/5764B,832,72.4203,0.1595244942958489
2020-01-27 16:44:00,M25/5764B,848,83.68568,0.14070485166257382
2020-01-27 16:59:00,M25/5764B,850,80.467,0.14667817083692838
2020-01-27 17:14:00,M25/5764B,901,77.24832,0.16195714696577507
2020-01-27 17:29:00,M25/5764B,928,82.07634,0.15699808827758885
2020-01-27 17:44:00,M25/5764B,895,78.85766,0.1575953936363156
2020-01-27 17:59:00,M25/5764B,860,78.85766,0.15143244528182281
2020-01-27 18:14:00,M25/5764B,749,90.12304,0.11540120793787748
2020-01-27 18:29:00,M25/5764B,628,91.73238,0.09506077532052735
2020-01-27 18:44:00,M25/5764B,570,93.34172,0.0847936687394008
2020-01-27 18:59:00,M25/5764B,557,101.38842,0.07628360518783296
2020-01-27 19:14:00,M25/5764B,452,102.99776,0.06093615185504746
2020-01-27 19:29:00,M25/5764B,457,101.38842,0.06258816440007121
2020-01-27 19:44:00,M25/5764B,421,99.77908,0.058587770324807255
2020-01-27 19:59:00,M25/5764B,414,101.38842,0.05669912486133366
2020-01-27 20:14:00,M25/5764B,342,101.38842,0.046838407494145196
2020-01-27 20:29:00,M25/5764B,363,99.77908,0.05051629602827799
2020-01-27 20:44:00,M25/5764B,324,101.38842,0.044373228152348086
2020-01-27 20:59:00,M25/5764B,303,99.77908,0.04216649503186841
2020-01-27 21:14:00,M25/5764B,270,101.38842,0.03697769012695673
2020-01-27 21:29:00,M25/5764B,233,101.38842,0.03191037703548488
2020-01-27 21:44:00,M25/5764B,230,102.99776,0.031007333908541844
2020-01-27 21:59:00,M25/5764B,213,101.38842,0.02917128887793254
2020-01-27 22:14:00,M25/5764B,183,94.95106,0.026761819803746655
2020-01-27 22:29:00,M25/5764B,207,75.63898,0.03800047730068107
2020-01-27 22:44:00,M25/5764B,134,75.63898,0.0245993427936776
2020-01-27 22:59:00,M25/5764B,117,77.24832,0.021031061259706642
2020-01-27 23:14:00,M25/5764B,111,77.24832,0.0199525452976704
2020-01-27 23:29:00,M25/5764B,105,74.02964,0.019694639306748696
2020-01-27 23:44:00,M25/5764B,100,70.81096,0.0196093811279316
2020-01-27 23:59:00,M25/5764B,73,75.63898,0.013401134507003469
2020-01-28 00:14:00,M25/5764B,54,75.63898,0.009913167991482019
2020-01-28 00:29:00,M25/5764B,53,72.4203,0.01016201706451922
2020-01-28 00:44:00,M25/5764B,77,74.02964,0.014442735491615712
2020-01-28 00:59:00,M25/5764B,56,75.63898,0.010280322361536906
2020-01-28 01:14:00,M25/5764B,34,72.4203,0.006519029814974595
2020-01-28 01:29:00,M25/5764B,41,75.63898,0.007526664586125235
2020-01-28 01:44:00,M25/5764B,37,77.24832,0.006650848432556801
2020-01-28 01:59:00,M25/5764B,51,77.24832,0.009167385677308022
2020-01-28 02:14:00,M25/5764B,22,78.85766,0.003873853251395468
2020-01-28 02:29:00,M25/5764B,46,72.4203,0.008819863867318568
2020-01-28 02:44:00,M25/5764B,53,77.24832,0.00952689099798677
2020-01-28 02:59:00,M25/5764B,62,77.24832,0.011144664941041126
2020-01-28 03:14:00,M25/5764B,37,77.24832,0.006650848432556801
2020-01-28 03:29:00,M25/5764B,79,77.24832,0.014200460166810466
2020-01-28 03:44:00,M25/5764B,73,78.85766,0.01285414942508496
2020-01-28 03:59:00,M25/5764B,97,74.02964,0.018194095359567845
2020-01-28 04:14:00,M25/5764B,94,75.63898,0.01725625539257981
2020-01-28 04:29:00,M25/5764B,105,75.63898,0.0192756044278817
2020-01-28 04:44:00,M25/5764B,177,72.4203,0.03393730227207363
2020-01-28 04:59:00,M25/5764B,202,64.3736,0.043572044866264016
2020-01-28 05:14:00,M25/5764B,197,25.74944,0.10623382226056945
2020-01-28 05:29:00,M25/5764B,435,51.49888,0.11728861087144088
2020-01-28 05:44:00,M25/5764B,487,91.73238,0.07371751207181024
2020-01-28 05:59:00,M25/5764B,644,91.73238,0.09748270590194208
2020-01-28 06:14:00,M25/5764B,766,90.12304,0.11802046098853691
2020-01-28 06:29:00,M25/5764B,932,88.5137,0.14620754568985803
2020-01-28 06:44:00,M25/5764B,956,83.68568,0.15862480918563746
2020-01-28 06:59:00,M25/5764B,868,56.3269,0.21397756686798963
2020-01-28 07:14:00,M25/5764B,882,78.85766,0.15530629853321828
2020-01-28 07:29:00,M25/5764B,927,85.29502,0.15091083725397628
2020-01-28 07:44:00,M25/5764B,917,88.5137,0.14385441995450624
2020-01-28 07:59:00,M25/5764B,919,90.12304,0.14159373844447184
2020-01-28 08:14:00,M25/5764B,880,93.34172,0.13090952366784683
2020-01-28 08:29:00,M25/5764B,843,93.34172,0.12540537324090328
2020-01-28 08:44:00,M25/5764B,820,93.34172,0.12198387432685727
2020-01-28 08:59:00,M25/5764B,718,101.38842,0.0983332648561294
2020-01-28 09:14:00,M25/5764B,866,96.5604,0.12453264308311762
2020-01-28 09:29:00,M25/5764B,659,45.06152,0.2030691482805374
2020-01-28 09:44:00,M25/5764B,243,8.0467,0.41932700603968937
2020-01-28 09:59:00,M25/5764B,139,6.43736,0.2998274374460742
2020-01-28 10:14:00,M25/5764B,0,0.0,0.0
2020-01-28 10:29:00,M25/5764B,82,8.0467,0.14150129421915444
2020-01-28 10:44:00,M25/5764B,198,11.26538,0.24405275483791442
2020-01-28 10:59:00,M25/5764B,352,12.87472,0.37963761863675577
2020-01-28 11:14:00,M25/5764B,343,22.53076,0.21138912855910266
2020-01-28 11:29:00,M25/5764B,818,67.59228,0.1680430584658367
2020-01-28 11:44:00,M25/5764B,851,67.59228,0.17482230165577878
2020-01-28 11:59:00,M25/5764B,547,91.73238,0.08279975175211539
2020-01-28 12:14:00,M25/5764B,628,98.16974,0.08882728185688622
2020-01-28 12:29:00,M25/5764B,605,99.77908,0.08419382671379666
2020-01-28 12:44:00,M25/5764B,715,98.16974,0.1011329721778243
2020-01-28 12:59:00,M25/5764B,704,99.77908,0.09797099835787247
2020-01-28 13:14:00,M25/5764B,730,99.77908,0.10158924545631663
2020-01-28 13:29:00,M25/5764B,821,98.16974,0.11612611210908215
2020-01-28 13:44:00,M25/5764B,790,98.16974,0.11174132590277089
2020-01-28 13:59:00,M25/5764B,750,99.77908,0.10437251245511982
2020-01-28 14:14:00,M25/5764B,792,99.77908,0.11021737315260653
2020-01-28 14:29:00,M25/5764B,817,101.38842,0.11189175123601353
2020-01-28 14:44:00,M25/5764B,790,99.77908,0.10993904645272622
2020-01-28 14:59:00,M25/5764B,827,99.77908,0.11508809040051211
2020-01-28 15:14:00,M25/5764B,862,98.16974,0.12192534547871964
2020-01-28 15:29:00,M25/5764B,938,98.16974,0.13267514391999885
2020-01-28 15:44:00,M25/5764B,931,93.34172,0.13849632560768796
2020-01-28 15:59:00,M25/5764B,915,98.16974,0.12942191544434856
2020-01-28 16:14:00,M25/5764B,855,98.16974,0.12093523246439127
2020-01-28 16:29:00,M25/5764B,1015,94.95106,0.14843304426668227
2020-01-28 16:44:00,M25/5764B,1096,93.34172,0.16304186129540926
2020-01-28 16:59:00,M25/5764B,879,98.16974,0.12432990565637418
2020-01-28 17:14:00,M25/5764B,913,96.5604,0.13129134311187807
2020-01-28 17:29:00,M25/5764B,972,94.95106,0.1421447478100642
2020-01-28 17:44:00,M25/5764B,850,98.16974,0.12022800888272818
2020-01-28 17:59:00,M25/5764B,815,98.16974,0.11527744381108641
2020-01-28 18:14:00,M25/5764B,702,101.38842,0.09614199433008751
2020-01-28 18:29:00,M25/5764B,629,101.38842,0.08614432255502143
2020-01-28 18:44:00,M25/5764B,601,101.38842,0.08230959913444813
2020-01-28 18:59:00,M25/5764B,474,98.16974,0.06704479554166254
2020-01-28 19:14:00,M25/5764B,464,85.29502,0.07553681605808521
2020-01-28 19:29:00,M25/5764B,455,90.12304,0.07010353753235547
2020-01-28 19:44:00,M25/5764B,422,82.07634,0.07139352721243804
2020-01-28 19:59:00,M25/5764B,432,88.5137,0.06777002117813162
2020-01-28 20:14:00,M25/5764B,316,101.38842,0.04327759288932714
2020-01-28 20:29:00,M25/5764B,341,99.77908,0.04745470232959448
2020-01-28 20:44:00,M25/5764B,339,101.38842,0.04642754427051235
2020-01-28 20:59:00,M25/5764B,319,99.77908,0.04439310863091096
2020-01-28 21:14:00,M25/5764B,288,99.77908,0.04007904478276601
2020-01-28 21:29:00,M25/5764B,255,99.77908,0.03548665423474074
2020-01-28 21:44:00,M25/5764B,204,99.77908,0.02838932338779259
2020-01-28 21:59:00,M25/5764B,199,93.34172,0.02960340364761536
2020-01-28 22:14:00,M25/5764B,240,82.07634,0.04060295386489367
2020-01-28 22:29:00,M25/5764B,173,85.29502,0.028163511159587803
2020-01-28 22:44:00,M25/5764B,143,83.68568,0.023727351164797236
2020-01-28 22:59:00,M25/5764B,122,83.68568,0.020242914979757082
2020-01-28 23:14:00,M25/5764B,100,88.5137,0.01568750490234528
2020-01-28 23:29:00,M25/5764B,78,85.29502,0.012697999251143633
2020-01-28 23:44:00,M25/5764B,74,85.29502,0.012046819802367038
2020-01-28 23:59:00,M25/5764B,55,82.07634,0.009304843594038133
2020-01-29 00:14:00,M25/5764B,80,85.29502,0.013023588975531932
2020-01-29 00:29:00,M25/5764B,50,99.77908,0.006958167497007988
2020-01-29 00:44:00,M25/5764B,49,93.34172,0.007289280295141472
2020-01-29 00:59:00,M25/5764B,38,96.5604,0.00546448087431694
2020-01-29 01:14:00,M25/5764B,40,96.5604,0.005752085130859936
2020-01-29 01:29:00,M25/5764B,36,93.34172,0.005355389604593734
2020-01-29 01:44:00,M25/5764B,24,93.34172,0.003570259736395823
2020-01-29 01:59:00,M25/5764B,30,93.34172,0.004462824670494778
2020-01-29 02:14:00,M25/5764B,28,94.95106,0.004094704669425718
2020-01-29 02:29:00,M25/5764B,42,94.95106,0.006142057004138576
2020-01-29 02:44:00,M25/5764B,56,93.34172,0.008330606051590254
2020-01-29 02:59:00,M25/5764B,56,88.5137,0.008785002745313356
2020-01-29 03:14:00,M25/5764B,34,85.29502,0.005535025314601072
2020-01-29 03:29:00,M25/5764B,45,83.68568,0.007466648967943186
2020-01-29 03:44:00,M25/5764B,72,83.68568,0.011946638348709099
2020-01-29 03:59:00,M25/5764B,61,83.68568,0.010121457489878541
2020-01-29 04:14:00,M25/5764B,94,90.12304,0.014482928633058053
2020-01-29 04:29:00,M25/5764B,160,94.95106,0.02339831239671839
2020-01-29 04:44:00,M25/5764B,199,96.5604,0.028616623526028184
2020-01-29 04:59:00,M25/5764B,251,96.5604,0.0360943341961461
2020-01-29 05:14:00,M25/5764B,307,96.5604,0.04414725337935001
2020-01-29 05:29:00,M25/5764B,430,99.77908,0.0598402404742687
2020-01-29 05:44:00,M25/5764B,580,99.77908,0.08071474296529266
2020-01-29 05:59:00,M25/5764B,726,98.16974,0.10268886405748312
2020-01-29 06:14:00,M25/5764B,916,96.5604,0.13172274949669255
2020-01-29 06:29:00,M25/5764B,938,94.95106,0.13717260642576154
2020-01-29 06:44:00,M25/5764B,945,93.34172,0.1405789771205855
2020-01-29 06:59:00,M25/5764B,981,91.73238,0.1484946187729894
2020-01-29 07:14:00,M25/5764B,869,82.07634,0.14701652878580249
2020-01-29 07:29:00,M25/5764B,731,40.2335,0.2522864538395168
2020-01-29 07:44:00,M25/5764B,719,30.57746,0.3265065165069706
2020-01-29 07:59:00,M25/5764B,709,35.40548,0.27806102439407016
2020-01-29 08:14:00,M25/5764B,828,41.84284,0.27477268202030924
2020-01-29 08:29:00,M25/5764B,919,82.07634,0.15547547750765534
2020-01-29 08:44:00,M25/5764B,801,98.16974,0.11329721778242972
2020-01-29 08:59:00,M25/5764B,769,93.34172,0.11439707238701614
2020-01-29 09:14:00,M25/5764B,870,96.5604,0.1251078515962036
2020-01-29 09:29:00,M25/5764B,681,99.77908,0.0947702413092488
2020-01-29 09:44:00,M25/5764B,703,99.77908,0.09783183500793231
2020-01-29 09:59:00,M25/5764B,735,98.16974,0.10396186650447672
2020-01-29 10:14:00,M25/5764B,667,99.77908,0.09282195441008656
2020-01-29 10:29:00,M25/5764B,647,98.16974,0.09151473146720603
2020-01-29 10:44:00,M25/5764B,495,99.77908,0.06888585822037908
2020-01-29 10:59:00,M25/5764B,752,98.16974,0.10636642668213128
2020-01-29 11:14:00,M25/5764B,733,99.77908,0.1020067355061371
2020-01-29 11:29:00,M25/5764B,691,99.77908,0.0961618748086504
2020-01-29 11:44:00,M25/5764B,695,98.16974,0.09830407785117186
2020-01-29 11:59:00,M25/5764B,676,98.16974,0.09561662824085206
2020-01-29 12:14:00,M25/5764B,635,94.95106,0.0928620523244761
2020-01-29 12:29:00,M25/5764B,723,93.34172,0.10755407455892416
2020-01-29 12:44:00,M25/5764B,701,83.68568,0.11631379836729276
2020-01-29 12:59:00,M25/5764B,83,9.65604,0.11935576646534368
2020-01-29 13:14:00,M25/5764B,838,77.24832,0.15063272936439456
2020-01-29 13:29:00,M25/5764B,897,88.5137,0.14071691897403718
2020-01-29 13:44:00,M25/5764B,716,99.77908,0.09964095855715438
2020-01-29 13:59:00,M25/5764B,793,99.77908,0.11035653650254669
2020-01-29 14:14:00,M25/5764B,717,99.77908,0.09978012190709455
2020-01-29 14:29:00,M25/5764B,804,99.77908,0.11188733335188845
2020-01-29 14:44:00,M25/5764B,825,99.77908,0.1148097637006318
2020-01-29 14:59:00,M25/5764B,684,101.38842,0.09367681498829039
2020-01-29 15:14:00,M25/5764B,821,98.16974,0.11612611210908215
2020-01-29 15:29:00,M25/5764B,928,98.16974,0.13126069675667262
2020-01-29 15:44:00,M25/5764B,976,98.16974,0.13805004314063848
2020-01-29 15:59:00,M25/5764B,715,99.77908,0.09950179520721424
2020-01-29 16:14:00,M25/5764B,1034,96.5604,0.14869140063272934
2020-01-29 16:29:00,M25/5764B,1052,96.5604,0.15127983894161634
2020-01-29 16:44:00,M25/5764B,1033,96.5604,0.14854759850445784
2020-01-29 16:59:00,M25/5764B,1028,91.73238,0.1556090398558951
2020-01-29 17:14:00,M25/5764B,957,88.5137,0.15012942191544434
2020-01-29 17:29:00,M25/5764B,924,82.07634,0.15632137237984062
2020-01-29 17:44:00,M25/5764B,882,86.90436,0.14092608570606846
2020-01-29 17:59:00,M25/5764B,913,91.73238,0.1382014138019769
2020-01-29 18:14:00,M25/5764B,710,98.16974,0.10042574859616117
2020-01-29 18:29:00,M25/5764B,785,98.16974,0.11103410232110777
2020-01-29 18:44:00,M25/5764B,701,99.77908,0.09755350830805198
2020-01-29 18:59:00,M25/5764B,552,101.38842,0.07559883314844489
2020-01-29 19:14:00,M25/5764B,474,102.99776,0.0639020707506471
2020-01-29 19:29:00,M25/5764B,565,99.77908,0.07862729271619026
2020-01-29 19:44:00,M25/5764B,406,102.99776,0.05473468507333908
2020-01-29 19:59:00,M25/5764B,424,101.38842,0.05806866894010984
2020-01-29 20:14:00,M25/5764B,349,101.38842,0.04779708834928852
2020-01-29 20:29:00,M25/5764B,318,101.38842,0.043551501705082374
2020-01-29 20:44:00,M25/5764B,332,102.99776,0.04475841242450388
2020-01-29 20:59:00,M25/5764B,307,99.77908,0.04272314843162905
2020-01-29 21:14:00,M25/5764B,298,101.38842,0.04081241354753003
2020-01-29 21:29:00,M25/5764B,262,99.77908,0.03646079768432186
2020-01-29 21:44:00,M25/5764B,229,99.77908,0.03186840713629658
2020-01-29 21:59:00,M25/5764B,183,85.29502,0.029791459781529295
2020-01-29 22:14:00,M25/5764B,210,82.07634,0.03552758463178196
2020-01-29 22:29:00,M25/5764B,197,83.68568,0.03268732992632906
2020-01-29 22:44:00,M25/5764B,172,85.29502,0.028000716297393653
2020-01-29 22:59:00,M25/5764B,112,85.29502,0.018233024565744705
2020-01-29 23:14:00,M25/5764B,122,82.07634,0.02063983488132095
2020-01-29 23:29:00,M25/5764B,90,85.29502,0.014651537597473424
2020-01-29 23:44:00,M25/5764B,67,83.68568,0.011117010685604299
2020-01-29 23:59:00,M25/5764B,48,88.5137,0.007530002353125735
2020-01-30 00:14:00,M25/5764B,66,82.07634,0.011165812312845759
2020-01-30 00:29:00,M25/5764B,55,85.29502,0.008953717420678204
2020-01-30 00:44:00,M25/5764B,58,83.68568,0.009623680892015662
2020-01-30 00:59:00,M25/5764B,57,82.07634,0.009643201542912245
2020-01-30 01:14:00,M25/5764B,47,85.29502,0.00765135852312501
2020-01-30 01:29:00,M25/5764B,45,85.29502,0.007325768798736712
2020-01-30 01:44:00,M25/5764B,54,83.68568,0.008959978761531824
2020-01-30 01:59:00,M25/5764B,35,78.85766,0.006162948354492789
2020-01-30 02:14:00,M25/5764B,39,83.68568,0.0064710957722174285
2020-01-30 02:29:00,M25/5764B,40,85.29502,0.006511794487765966
2020-01-30 02:44:00,M25/5764B,55,82.07634,0.009304843594038133
2020-01-30 02:59:00,M25/5764B,53,83.68568,0.008794053228910864
2020-01-30 03:14:00,M25/5764B,64,83.68568,0.01061923408774142
2020-01-30 03:29:00,M25/5764B,70,83.68568,0.011614787283467178
2020-01-30 03:44:00,M25/5764B,66,82.07634,0.011165812312845759
2020-01-30 03:59:00,M25/5764B,79,82.07634,0.0133651389805275
2020-01-30 04:14:00,M25/5764B,95,82.07634,0.01607200257152041
2020-01-30 04:29:00,M25/5764B,145,83.68568,0.024059202230039156
2020-01-30 04:44:00,M25/5764B,188,82.07634,0.0318056471941667
2020-01-30 04:59:00,M25/5764B,266,82.07634,0.04500160720025715
2020-01-30 05:14:00,M25/5764B,349,90.12304,0.05377172439294958
2020-01-30 05:29:00,M25/5764B,466,94.95106,0.06814758485544231
2020-01-30 05:44:00,M25/5764B,623,98.16974,0.08812005827522312
2020-01-30 05:59:00,M25/5764B,742,93.34172,0.11038053018357086
2020-01-30 06:14:00,M25/5764B,856,96.5604,0.12309462180040265
2020-01-30 06:29:00,M25/5764B,967,83.68568,0.16044999004446803
2020-01-30 06:44:00,M25/5764B,943,93.34172,0.14028145547588586
2020-01-30 06:59:00,M25/5764B,879,93.34172,0.130760762845497
2020-01-30 07:14:00,M25/5764B,928,94.95106,0.13571021190096663
2020-01-30 07:29:00,M25/5764B,933,93.34172,0.1387938472523876
2020-01-30 07:44:00,M25/5764B,886,94.95106,0.12956815489682807
2020-01-30 07:59:00,M25/5764B,911,96.5604,0.13100373885533503
2020-01-30 08:14:00,M25/5764B,866,96.5604,0.12453264308311762
2020-01-30 08:29:00,M25/5764B,873,98.16974,0.12348123735837846
2020-01-30 08:44:00,M25/5764B,721,98.16974,0.10198164047582002
2020-01-30 08:59:00,M25/5764B,855,98.16974,0.12093523246439127
2020-01-30 09:14:00,M25/5764B,733,98.16974,0.10367897707181147
2020-01-30 09:29:00,M25/5764B,779,98.16974,0.11018543402311205
2020-01-30 09:44:00,M25/5764B,689,94.95106,0.10075898275836856
2020-01-30 09:59:00,M25/5764B,634,98.16974,0.08967595015488196
2020-01-30 10:14:00,M25/5764B,782,98.16974,0.11060976817210992
2020-01-30 10:29:00,M25/5764B,764,98.16974,0.10806376327812274
2020-01-30 10:44:00,M25/5764B,724,98.16974,0.10240597462481789
2020-01-30 10:59:00,M25/5764B,779,96.5604,0.11202185792349725
2020-01-30 11:14:00,M25/5764B,740,98.16974,0.10466909008613982
2020-01-30 11:29:00,M25/5764B,655,98.16974,0.09264628919786701
2020-01-30 11:44:00,M25/5764B,642,96.5604,0.09232096635030197
2020-01-30 11:59:00,M25/5764B,716,96.5604,0.10296232384239286
2020-01-30 12:14:00,M25/5764B,655,99.77908,0.09115199421080464
2020-01-30 12:29:00,M25/5764B,773,93.34172,0.11499211567641547
2020-01-30 12:44:00,M25/5764B,803,96.5604,0.11547310900201321
2020-01-30 12:59:00,M25/5764B,795,98.16974,0.112448549484434
2020-01-30 13:14:00,M25/5764B,847,98.16974,0.11980367473373031
2020-01-30 13:29:00,M25/5764B,798,96.5604,0.11475409836065573
2020-01-30 13:44:00,M25/5764B,773,99.77908,0.1075732695037435
2020-01-30 13:59:00,M25/5764B,778,99.77908,0.1082690862534443
2020-01-30 14:14:00,M25/5764B,843,98.16974,0.11923789586839983
2020-01-30 14:29:00,M25/5764B,849,98.16974,0.12008656416639554
2020-01-30 14:44:00,M25/5764B,859,98.16974,0.12150101132972177
2020-01-30 14:59:00,M25/5764B,832,96.5604,0.11964337072188667
2020-01-30 15:14:00,M25/5764B,861,98.16974,0.121783900762387
2020-01-30 15:29:00,M25/5764B,947,96.5604,0.136180615473109
2020-01-30 15:44:00,M25/5764B,964,98.16974,0.136352706544647
2020-01-30 15:59:00,M25/5764B,925,96.5604,0.13301696865113602
2020-01-30 16:14:00,M25/5764B,917,96.5604,0.13186655162496405
2020-01-30 16:29:00,M25/5764B,985,96.5604,0.14164509634742595
2020-01-30 16:44:00,M25/5764B,974,93.34172,0.14489304096873046
2020-01-30 16:59:00,M25/5764B,1008,90.12304,0.15530629853321828
2020-01-30 17:14:00,M25/5764B,939,90.12304,0.1446752126217182
2020-01-30 17:29:00,M25/5764B,996,88.5137,0.156247548827359
2020-01-30 17:44:00,M25/5764B,943,94.95106,0.137903803688159
2020-01-30 17:59:00,M25/5764B,934,94.95106,0.13658764861584358
2020-01-30 18:14:00,M25/5764B,788,93.34172,0.11722352801166286
2020-01-30 18:29:00,M25/5764B,708,99.77908,0.0985276517576331
2020-01-30 18:44:00,M25/5764B,523,101.38842,0.07162715531999397
2020-01-30 18:59:00,M25/5764B,521,99.77908,0.07250410531882323
2020-01-30 19:14:00,M25/5764B,472,88.5137,0.07404502313906973
2020-01-30 19:29:00,M25/5764B,474,96.5604,0.06816220880069025
2020-01-30 19:44:00,M25/5764B,487,101.38842,0.06669679663639974
2020-01-30 19:59:00,M25/5764B,465,102.99776,0.06268874029335635
2020-01-30 20:14:00,M25/5764B,492,102.99776,0.06632873166522864
2020-01-30 20:29:00,M25/5764B,445,101.38842,0.0609447115055398
2020-01-30 20:44:00,M25/5764B,368,101.38842,0.050399222098963255
2020-01-30 20:59:00,M25/5764B,321,102.99776,0.04327545297670405
2020-01-30 21:14:00,M25/5764B,278,101.38842,0.03807332538997768
2020-01-30 21:29:00,M25/5764B,265,102.99776,0.03572584124245039
2020-01-30 21:44:00,M25/5764B,241,99.77908,0.0335383673355785
2020-01-30 21:59:00,M25/5764B,223,101.38842,0.03054083295670871
2020-01-30 22:14:00,M25/5764B,219,102.99776,0.029524374460742017
2020-01-30 22:29:00,M25/5764B,243,101.38842,0.03327992111426106
2020-01-30 22:44:00,M25/5764B,213,101.38842,0.02917128887793254
2020-01-30 22:59:00,M25/5764B,205,99.77908,0.028528486737732752
2020-01-30 23:14:00,M25/5764B,165,99.77908,0.02296195274012636
2020-01-30 23:29:00,M25/5764B,125,101.38842,0.017119300984702192
2020-01-30 23:44:00,M25/5764B,128,99.77908,0.01781290879234045
2020-01-30 23:59:00,M25/5764B,101,99.77908,0.014055498343956137
2020-01-31 00:14:00,M25/5764B,125,99.77908,0.017395418742519972
2020-01-31 00:29:00,M25/5764B,105,93.34172,0.015619886346731724
2020-01-31 00:44:00,M25/5764B,95,98.16974,0.013437248051599031
2020-01-31 00:59:00,M25/5764B,122,94.95106,0.01784121320249777
2020-01-31 01:14:00,M25/5764B,96,98.16974,0.013578692767931652
2020-01-31 01:29:00,M25/5764B,80,96.5604,0.011504170261719873
2020-01-31 01:44:00,M25/5764B,94,96.5604,0.01351740005752085
2020-01-31 01:59:00,M25/5764B,82,96.5604,0.01179177451826287
2020-01-31 02:14:00,M25/5764B,83,96.5604,0.011935576646534368
2020-01-31 02:29:00,M25/5764B,96,96.5604,0.013805004314063847
2020-01-31 02:44:00,M25/5764B,107,93.34172,0.015917407991431376
2020-01-31 02:59:00,M25/5764B,76,96.5604,0.01092896174863388
2020-01-31 03:14:00,M25/5764B,82,98.16974,0.011598466739274954
2020-01-31 03:29:00,M25/5764B,141,94.95106,0.020619762799608077
2020-01-31 03:44:00,M25/5764B,131,96.5604,0.01883807880356629
2020-01-31 03:59:00,M25/5764B,130,96.5604,0.01869427667529479
2020-01-31 04:14:00,M25/5764B,142,96.5604,0.02041990221455277
2020-01-31 04:29:00,M25/5764B,216,96.5604,0.031061259706643658
2020-01-31 04:44:00,M25/5764B,231,98.16974,0.03267372947283554
2020-01-31 04:59:00,M25/5764B,307,96.5604,0.04414725337935001
2020-01-31 05:14:00,M25/5764B,316,96.5604,0.04544147253379349
2020-01-31 05:29:00,M25/5764B,423,99.77908,0.05886609702468758
2020-01-31 05:44:00,M25/5764B,570,98.16974,0.08062348830959419
2020-01-31 05:59:00,M25/5764B,727,96.5604,0.10454414725337934
2020-01-31 06:14:00,M25/5764B,775,96.5604,0.11144664941041126
2020-01-31 06:29:00,M25/5764B,807,96.5604,0.11604831751509921
2020-01-31 06:44:00,M25/5764B,875,93.34172,0.1301657195560977
2020-01-31 06:59:00,M25/5764B,880,94.95106,0.1286907181819511
2020-01-31 07:14:00,M25/5764B,857,91.73238,0.12972465676702538
2020-01-31 07:29:00,M25/5764B,837,94.95106,0.12240242172533307
2020-01-31 07:44:00,M25/5764B,794,96.5604,0.11417888984756974
2020-01-31 07:59:00,M25/5764B,717,99.77908,0.09978012190709455
2020-01-31 08:14:00,M25/5764B,694,101.38842,0.09504635906706657
2020-01-31 08:29:00,M25/5764B,658,101.38842,0.09011600038347234
2020-01-31 08:44:00,M25/5764B,735,99.77908,0.10228506220601742
2020-01-31 08:59:00,M25/5764B,761,98.16974,0.10763942912912487
2020-01-31 09:14:00,M25/5764B,646,101.38842,0.08847254748894093
2020-01-31 09:29:00,M25/5764B,702,99.77908,0.09769267165799216
2020-01-31 09:44:00,M25/5764B,719,99.77908,0.10005844860697487
2020-01-31 09:59:00,M25/5764B,732,101.38842,0.10025062656641603
2020-01-31 10:14:00,M25/5764B,772,99.77908,0.10743410615380333
2020-01-31 10:29:00,M25/5764B,739,99.77908,0.10284171560577805
2020-01-31 10:44:00,M25/5764B,754,99.77908,0.10492916585488045
2020-01-31 10:59:00,M25/5764B,847,94.95106,0.12386481625012796
2020-01-31 11:14:00,M25/5764B,791,96.5604,0.11374748346275525
2020-01-31 11:29:00,M25/5764B,765,99.77908,0.10645996270422221
2020-01-31 11:44:00,M25/5764B,827,99.77908,0.11508809040051211
2020-01-31 11:59:00,M25/5764B,796,99.77908,0.11077402655236718
2020-01-31 12:14:00,M25/5764B,784,101.38842,0.10737225577605214
2020-01-31 12:29:00,M25/5764B,857,98.16974,0.12121812189705652
2020-01-31 12:44:00,M25/5764B,790,99.77908,0.10993904645272622
2020-01-31 12:59:00,M25/5764B,915,98.16974,0.12942191544434856
2020-01-31 13:14:00,M25/5764B,938,99.77908,0.13053522224386985
2020-01-31 13:29:00,M25/5764B,948,98.16974,0.13408959108332508
2020-01-31 13:44:00,M25/5764B,1008,96.5604,0.14495254529767038
2020-01-31 13:59:00,M25/5764B,973,99.77908,0.13540593949177546
2020-01-31 14:14:00,M25/5764B,1009,98.16974,0.14271771877961498
2020-01-31 14:29:00,M25/5764B,869,101.38842,0.11901338044564963
2020-01-31 14:44:00,M25/5764B,914,99.77908,0.12719530184530603
2020-01-31 14:59:00,M25/5764B,947,99.77908,0.1317876923933313
2020-01-31 15:14:00,M25/5764B,902,99.77908,0.1255253416460241
2020-01-31 15:29:00,M25/5764B,938,99.77908,0.13053522224386985
2020-01-31 15:44:00,M25/5764B,927,99.77908,0.1290044253945281
2020-01-31 15:59:00,M25/5764B,1023,98.16974,0.14469794480827167
2020-01-31 16:14:00,M25/5764B,1028,96.5604,0.14782858786310035
2020-01-31 16:29:00,M25/5764B,977,96.5604,0.14049467932125395
2020-01-31 16:44:00,M25/5764B,922,96.5604,0.13258556226632154
2020-01-31 16:59:00,M25/5764B,907,98.16974,0.12829035771368758
2020-01-31 17:14:00,M25/5764B,948,93.34172,0.141025259587635
2020-01-31 17:29:00,M25/5764B,950,94.95106,0.13892747985551543
2020-01-31 17:44:00,M25/5764B,817,99.77908,0.11369645690111052
2020-01-31 17:59:00,M25/5764B,703,99.77908,0.09783183500793231
2020-01-31 18:14:00,M25/5764B,697,99.77908,0.09699685490829135
2020-01-31 18:29:00,M25/5764B,679,101.38842,0.0929920429489023
2020-01-31 18:44:00,M25/5764B,630,101.38842,0.08628127696289906
2020-01-31 18:59:00,M25/5764B,645,99.77908,0.08976036071140304
2020-01-31 19:14:00,M25/5764B,577,99.77908,0.08029725291547218
2020-01-31 19:29:00,M25/5764B,582,99.77908,0.08099306966517299
2020-01-31 19:44:00,M25/5764B,541,91.73238,0.08189152778408487
2020-01-31 19:59:00,M25/5764B,524,93.34172,0.07795067091130879
2020-01-31 20:14:00,M25/5764B,567,91.73238,0.08582716497888378
2020-01-31 20:29:00,M25/5764B,202,91.73238,0.030576873590360713
2020-01-31 20:44:00,M25/5764B,74,109.43512,0.00938943308125666
2020-01-31 20:59:00,M25/5764B,674,93.34172,0.1002647942637827
2020-01-31 21:14:00,M25/5764B,429,98.16974,0.06067978330669457
2020-01-31 21:29:00,M25/5764B,325,102.99776,0.04381471095772217
2020-01-31 21:44:00,M25/5764B,326,101.38842,0.04464713696810332
2020-01-31 21:59:00,M25/5764B,273,101.38842,0.03738855335058959
2020-01-31 22:14:00,M25/5764B,290,101.38842,0.039716778284509084
2020-01-31 22:29:00,M25/5764B,302,102.99776,0.04071397756686799
2020-01-31 22:44:00,M25/5764B,236,102.99776,0.031816220880069024
2020-01-31 22:59:00,M25/5764B,184,102.99776,0.024805867126833477
2020-01-31 23:14:00,M25/5764B,165,101.38842,0.022597477299806896
2020-01-31 23:29:00,M25/5764B,140,104.6071,0.018583659653547486
2020-01-31 23:44:00,M25/5764B,117,99.77908,0.01628211194299869
2020-01-31 23:59:00,M25/5764B,121,101.38842,0.01657148335319172
