timestamp,intersection_id,volume,avg_speed_kph,occupancy
2020-01-01 00:14:00,M62/2099A,51.0,107.82578,0.013684387053496564
2020-01-01 00:29:00,M62/2099A,71.0,106.21644,0.01933946203609125
2020-01-01 00:44:00,M62/2099A,99.0,104.6071,0.027381158167675022
2020-01-01 00:59:00,M62/2099A,115.0,104.6071,0.031806395851339674
2020-01-01 01:14:00,M62/2099A,136.0,107.82578,0.036491698809324166
2020-01-01 01:29:00,M62/2099A,107.0,107.82578,0.02871038068086534
2020-01-01 01:44:00,M62/2099A,105.0,107.82578,0.028173738051316455
2020-01-01 01:59:00,M62/2099A,96.0,107.82578,0.02575884621834647
2020-01-01 02:14:00,M62/2099A,85.0,104.6071,0.023509075194468453
2020-01-01 02:29:00,M62/2099A,75.0,107.82578,0.02012409860808318
2020-01-01 02:44:00,M62/2099A,72.0,107.82578,0.019319134663759854
2020-01-01 02:59:00,M62/2099A,53.0,86.90436,0.01764461090303787
2020-01-01 03:14:00,M62/2099A,46.0,106.21644,0.012529792305073204
2020-01-01 03:29:00,M62/2099A,54.0,106.21644,0.014708886618998978
2020-01-01 03:44:00,M62/2099A,46.0,104.6071,0.01272255834053587
2020-01-01 03:59:00,M62/2099A,40.0,106.21644,0.010895471569628874
2020-01-01 04:14:00,M62/2099A,56.0,102.99776,0.015730337078651686
2020-01-01 04:29:00,M62/2099A,34.0,98.16974,0.010020261558298028
2020-01-01 04:44:00,M62/2099A,50.0,99.77908,0.014498006524102937
2020-01-01 04:59:00,M62/2099A,27.0,96.5604,0.008089887640449439
2020-01-01 05:14:00,M62/2099A,37.0,94.95106,0.011274043039421063
2020-01-01 05:29:00,M62/2099A,57.0,96.5604,0.017078651685393256
2020-01-01 05:44:00,M62/2099A,71.0,101.38842,0.020260388799714642
2020-01-01 05:59:00,M62/2099A,67.0,104.6071,0.01853068280034572
2020-01-01 06:14:00,M62/2099A,68.0,107.82578,0.018245849404662083
2020-01-01 06:29:00,M62/2099A,77.0,106.21644,0.020973782771535582
2020-01-01 06:44:00,M62/2099A,87.0,107.82578,0.02334395438537649
2020-01-01 06:59:00,M62/2099A,98.0,106.21644,0.02669390534559074
2020-01-01 07:14:00,M62/2099A,78.0,107.82578,0.020929062552406508
2020-01-01 07:29:00,M62/2099A,122.0,107.82578,0.03273520040248198
2020-01-01 07:44:00,M62/2099A,104.0,99.77908,0.03015585357013411
2020-01-01 07:59:00,M62/2099A,118.0,102.99776,0.03314606741573034
2020-01-01 08:14:00,M62/2099A,109.0,104.6071,0.03014693171996543
2020-01-01 08:29:00,M62/2099A,115.0,106.21644,0.03132448076268301
2020-01-01 08:44:00,M62/2099A,162.0,107.82578,0.04346805299345967
2020-01-01 08:59:00,M62/2099A,152.0,107.82578,0.04078483984571525
2020-01-01 09:14:00,M62/2099A,202.0,106.21644,0.05502213142662581
2020-01-01 09:29:00,M62/2099A,223.0,106.21644,0.06074225400068097
2020-01-01 09:44:00,M62/2099A,300.0,107.82578,0.08049639443233272
2020-01-01 09:59:00,M62/2099A,328.0,107.82578,0.08800939124601712
2020-01-01 10:14:00,M62/2099A,357.0,107.82578,0.09579070937447594
2020-01-01 10:29:00,M62/2099A,411.0,109.43512,0.1086582947785856
2020-01-01 10:44:00,M62/2099A,465.0,109.43512,0.12293456708526108
2020-01-01 10:59:00,M62/2099A,548.0,107.82578,0.14704008049639444
2020-01-01 11:14:00,M62/2099A,590.0,107.82578,0.15830957571692103
2020-01-01 11:29:00,M62/2099A,641.0,106.21644,0.1745999319033027
2020-01-01 11:44:00,M62/2099A,703.0,106.21644,0.19148791283622743
2020-01-01 11:59:00,M62/2099A,711.0,107.82578,0.19077645480462857
2020-01-01 12:14:00,M62/2099A,760.0,107.82578,0.20392419922857624
2020-01-01 12:29:00,M62/2099A,751.0,109.43512,0.1985459352280238
2020-01-01 12:44:00,M62/2099A,849.0,107.82578,0.22780479624350164
2020-01-01 12:59:00,M62/2099A,827.0,107.82578,0.2219017273184639
2020-01-01 13:14:00,M62/2099A,758.0,107.82578,0.20338755659902738
2020-01-01 13:29:00,M62/2099A,796.0,107.82578,0.21358376656045616
2020-01-01 13:44:00,M62/2099A,786.0,107.82578,0.21090055341271174
2020-01-01 13:59:00,M62/2099A,695.0,107.82578,0.18648331376823749
2020-01-01 14:14:00,M62/2099A,746.0,109.43512,0.1972240581625909
2020-01-01 14:29:00,M62/2099A,686.0,107.82578,0.1840684219352675
2020-01-01 14:44:00,M62/2099A,717.0,107.82578,0.19238638269327524
2020-01-01 14:59:00,M62/2099A,683.0,109.43512,0.18056840713813616
2020-01-01 15:14:00,M62/2099A,678.0,109.43512,0.17924653007270325
2020-01-01 15:29:00,M62/2099A,676.0,107.82578,0.18138520878752307
2020-01-01 15:44:00,M62/2099A,725.0,107.82578,0.19453295321147077
2020-01-01 15:59:00,M62/2099A,725.0,107.82578,0.19453295321147077
2020-01-01 16:14:00,M62/2099A,691.0,107.82578,0.18541002850913973
2020-01-01 16:29:00,M62/2099A,602.0,107.82578,0.16152943149421434
2020-01-01 16:44:00,M62/2099A,673.0,106.21644,0.1833163091590058
2020-01-01 16:59:00,M62/2099A,555.0,107.82578,0.14891832969981555
2020-01-01 17:14:00,M62/2099A,551.0,107.82578,0.14784504444071778
2020-01-01 17:29:00,M62/2099A,615.0,107.82578,0.1650176085862821
2020-01-01 17:44:00,M62/2099A,732.0,107.82578,0.19641120241489185
2020-01-01 17:59:00,M62/2099A,589.0,107.82578,0.1580412544021466
2020-01-01 18:14:00,M62/2099A,450.0,109.43512,0.11896893588896235
2020-01-01 18:29:00,M62/2099A,541.0,107.82578,0.14516183129297336
2020-01-01 18:44:00,M62/2099A,479.0,107.82578,0.1285259097769579
2020-01-01 18:59:00,M62/2099A,447.0,109.43512,0.11817580964970259
2020-01-01 19:14:00,M62/2099A,427.0,107.82578,0.11457320140868692
2020-01-01 19:29:00,M62/2099A,423.0,109.43512,0.1118307997356246
2020-01-01 19:44:00,M62/2099A,411.0,109.43512,0.1086582947785856
2020-01-01 19:59:00,M62/2099A,387.0,107.82578,0.10384034881770922
2020-01-01 20:14:00,M62/2099A,381.0,107.82578,0.10223042092906257
2020-01-01 20:29:00,M62/2099A,314.0,107.82578,0.08425289283917492
2020-01-01 20:44:00,M62/2099A,321.0,107.82578,0.08613114204259602
2020-01-01 20:59:00,M62/2099A,338.0,109.43512,0.08935888962326505
2020-01-01 21:14:00,M62/2099A,284.0,109.43512,0.07508261731658956
2020-01-01 21:29:00,M62/2099A,244.0,107.82578,0.06547040080496395
2020-01-01 21:44:00,M62/2099A,248.0,107.82578,0.06654368606406172
2020-01-01 21:59:00,M62/2099A,238.0,106.21644,0.0648280558392918
2020-01-01 22:14:00,M62/2099A,170.0,106.21644,0.04630575417092271
2020-01-01 22:29:00,M62/2099A,155.0,107.82578,0.04158980379003858
2020-01-01 22:44:00,M62/2099A,142.0,111.04446,0.03699723172121804
2020-01-01 22:59:00,M62/2099A,132.0,109.43512,0.03489755452742895
2020-01-01 23:14:00,M62/2099A,117.0,104.6071,0.032359550561797755
2020-01-01 23:29:00,M62/2099A,134.0,104.6071,0.03706136560069144
2020-01-01 23:44:00,M62/2099A,97.0,104.6071,0.026828003457216944
2020-01-01 23:59:00,M62/2099A,75.0,102.99776,0.021067415730337078
2020-01-02 00:14:00,M62/2099A,87.0,102.99776,0.024438202247191013
2020-01-02 00:29:00,M62/2099A,81.0,106.21644,0.02206332992849847
2020-01-02 00:44:00,M62/2099A,55.0,101.38842,0.01569466738006064
2020-01-02 00:59:00,M62/2099A,62.0,101.38842,0.017692170501159267
2020-01-02 01:14:00,M62/2099A,67.0,102.99776,0.018820224719101126
2020-01-02 01:29:00,M62/2099A,53.0,99.77908,0.015367886915549115
2020-01-02 01:44:00,M62/2099A,64.0,98.16974,0.01886166881561982
2020-01-02 01:59:00,M62/2099A,51.0,94.95106,0.015539897162445252
2020-01-02 02:14:00,M62/2099A,55.0,94.95106,0.016758712626166444
2020-01-02 02:29:00,M62/2099A,52.0,96.5604,0.01558052434456929
2020-01-02 02:44:00,M62/2099A,42.0,93.34172,0.013018209996125534
2020-01-02 02:59:00,M62/2099A,58.0,98.16974,0.01709338736415546
2020-01-02 03:14:00,M62/2099A,63.0,96.5604,0.01887640449438202
2020-01-02 03:29:00,M62/2099A,58.0,99.77908,0.01681768756795941
2020-01-02 03:44:00,M62/2099A,68.0,98.16974,0.020040523116596057
2020-01-02 03:59:00,M62/2099A,74.0,98.16974,0.02180880456806042
2020-01-02 04:14:00,M62/2099A,74.0,94.95106,0.022548086078842126
2020-01-02 04:29:00,M62/2099A,110.0,99.77908,0.031895614353026465
2020-01-02 04:44:00,M62/2099A,121.0,98.16974,0.03566034260453122
2020-01-02 04:59:00,M62/2099A,168.0,98.16974,0.04951188064100203
2020-01-02 05:14:00,M62/2099A,211.0,101.38842,0.06021045122168718
2020-01-02 05:29:00,M62/2099A,261.0,99.77908,0.07567959405581734
2020-01-02 05:44:00,M62/2099A,340.0,101.38842,0.0970215801676476
2020-01-02 05:59:00,M62/2099A,336.0,102.99776,0.09438202247191013
2020-01-02 06:14:00,M62/2099A,438.0,102.99776,0.12303370786516854
2020-01-02 06:29:00,M62/2099A,573.0,101.38842,0.163509898341359
2020-01-02 06:44:00,M62/2099A,741.0,101.38842,0.2114499732477261
2020-01-02 06:59:00,M62/2099A,756.0,101.38842,0.2157303370786517
2020-01-02 07:14:00,M62/2099A,852.0,101.38842,0.24312466559657575
2020-01-02 07:29:00,M62/2099A,914.0,99.77908,0.2650235592606017
2020-01-02 07:44:00,M62/2099A,866.0,99.77908,0.2511054729974629
2020-01-02 07:59:00,M62/2099A,868.0,98.16974,0.25581138331184383
2020-01-02 08:14:00,M62/2099A,832.0,99.77908,0.24124682856107288
2020-01-02 08:29:00,M62/2099A,779.0,99.77908,0.22587894164552377
2020-01-02 08:44:00,M62/2099A,727.0,101.38842,0.20745496700552882
2020-01-02 08:59:00,M62/2099A,706.0,99.77908,0.2047118521203335
2020-01-02 09:14:00,M62/2099A,670.0,101.38842,0.19118958444801146
2020-01-02 09:29:00,M62/2099A,716.0,101.38842,0.20431603352951672
2020-01-02 09:44:00,M62/2099A,760.0,101.38842,0.2168717674335652
2020-01-02 09:59:00,M62/2099A,783.0,101.38842,0.22343499197431785
2020-01-02 10:14:00,M62/2099A,818.0,102.99776,0.22977528089887644
2020-01-02 10:29:00,M62/2099A,899.0,101.38842,0.25653647226680937
2020-01-02 10:44:00,M62/2099A,1004.0,101.38842,0.28649901908328873
2020-01-02 10:59:00,M62/2099A,1049.0,101.38842,0.2993401105760657
2020-01-02 11:14:00,M62/2099A,992.0,101.38842,0.28307472801854827
2020-01-02 11:29:00,M62/2099A,1030.0,102.99776,0.28932584269662925
2020-01-02 11:44:00,M62/2099A,1077.0,99.77908,0.3122870605291773
2020-01-02 11:59:00,M62/2099A,1053.0,101.38842,0.3004815409309792
2020-01-02 12:14:00,M62/2099A,1042.0,99.77908,0.3021384559623052
2020-01-02 12:29:00,M62/2099A,1090.0,99.77908,0.31605654222544405
2020-01-02 12:44:00,M62/2099A,1064.0,99.77908,0.30851757883291053
2020-01-02 12:59:00,M62/2099A,1017.0,99.77908,0.2948894527002538
2020-01-02 13:14:00,M62/2099A,1025.0,99.77908,0.29720913374411023
2020-01-02 13:29:59,M62/2099A,0.0,99.77908,0.0
2020-01-02 13:44:59,M62/2099A,0.0,99.77908,0.0
2020-01-02 13:59:00,M62/2099A,1155.0,99.77908,0.33490395070677786
2020-01-02 14:14:00,M62/2099A,1062.0,101.38842,0.30304975922953453
2020-01-02 14:29:00,M62/2099A,994.0,102.99776,0.2792134831460674
2020-01-02 14:44:00,M62/2099A,930.0,102.99776,0.2612359550561798
2020-01-02 14:59:00,M62/2099A,1002.0,101.38842,0.285928303905832
2020-01-02 15:14:00,M62/2099A,1060.0,101.38842,0.30247904405207776
2020-01-02 15:29:00,M62/2099A,1077.0,101.38842,0.30733012306046015
2020-01-02 15:44:00,M62/2099A,1049.0,101.38842,0.2993401105760657
2020-01-02 15:59:00,M62/2099A,1046.0,101.38842,0.29848403780988053
2020-01-02 16:14:00,M62/2099A,1140.0,99.77908,0.330554548749547
2020-01-02 16:29:00,M62/2099A,1123.0,99.77908,0.325625226531352
2020-01-02 16:44:00,M62/2099A,1078.0,99.77908,0.31257702065965937
2020-01-02 16:59:00,M62/2099A,1044.0,99.77908,0.30271837622326936
2020-01-02 17:14:00,M62/2099A,1068.0,101.38842,0.3047619047619048
2020-01-02 17:29:00,M62/2099A,1035.0,99.77908,0.3001087350489308
2020-01-02 17:44:00,M62/2099A,937.0,102.99776,0.26320224719101126
2020-01-02 17:59:00,M62/2099A,730.0,102.99776,0.2050561797752809
2020-01-02 18:14:00,M62/2099A,661.0,102.99776,0.1856741573033708
2020-01-02 18:29:00,M62/2099A,603.0,104.6071,0.1667761452031115
2020-01-02 18:44:00,M62/2099A,526.0,102.99776,0.14775280898876406
2020-01-02 18:59:00,M62/2099A,506.0,102.99776,0.14213483146067415
2020-01-02 19:14:00,M62/2099A,531.0,104.6071,0.14686257562662056
2020-01-02 19:29:00,M62/2099A,447.0,102.99776,0.125561797752809
2020-01-02 19:44:00,M62/2099A,410.0,104.6071,0.11339671564390666
2020-01-02 19:59:00,M62/2099A,379.0,104.6071,0.1048228176318064
2020-01-02 20:14:00,M62/2099A,339.0,106.21644,0.0923391215526047
2020-01-02 20:29:00,M62/2099A,364.0,104.6071,0.10067415730337079
2020-01-02 20:44:00,M62/2099A,336.0,104.6071,0.09292999135695766
2020-01-02 20:59:00,M62/2099A,313.0,102.99776,0.08792134831460674
2020-01-02 21:14:00,M62/2099A,319.0,102.99776,0.08960674157303372
2020-01-02 21:29:00,M62/2099A,261.0,104.6071,0.07218668971477961
2020-01-02 21:44:00,M62/2099A,273.0,102.99776,0.07668539325842698
2020-01-02 21:59:00,M62/2099A,225.0,104.6071,0.062229904926534144
2020-01-02 22:14:00,M62/2099A,246.0,104.6071,0.068038029386344
2020-01-02 22:29:00,M62/2099A,218.0,102.99776,0.061235955056179785
2020-01-02 22:44:00,M62/2099A,198.0,104.6071,0.054762316335350045
2020-01-02 22:59:00,M62/2099A,187.0,104.6071,0.0517199654278306
2020-01-02 23:14:00,M62/2099A,188.0,106.21644,0.0512087163772557
2020-01-02 23:29:00,M62/2099A,234.0,106.21644,0.06373850868232891
2020-01-02 23:44:00,M62/2099A,230.0,106.21644,0.06264896152536602
2020-01-02 23:59:00,M62/2099A,264.0,109.43512,0.0697951090548579
2020-01-03 00:14:00,M62/2099A,188.0,106.21644,0.0512087163772557
2020-01-03 00:29:00,M62/2099A,152.0,102.99776,0.042696629213483155
2020-01-03 00:44:00,M62/2099A,113.0,98.16974,0.03330263400257874
2020-01-03 00:59:00,M62/2099A,103.0,96.5604,0.030861423220973787
2020-01-03 01:14:00,M62/2099A,74.0,96.5604,0.022172284644194757
2020-01-03 01:29:00,M62/2099A,78.0,98.16974,0.022987658869036656
2020-01-03 01:44:00,M62/2099A,95.0,96.5604,0.02846441947565543
2020-01-03 01:59:00,M62/2099A,88.0,96.5604,0.026367041198501875
2020-01-03 02:14:00,M62/2099A,76.0,93.34172,0.023556760945370014
2020-01-03 02:29:00,M62/2099A,74.0,98.16974,0.02180880456806042
2020-01-03 02:44:00,M62/2099A,66.0,93.34172,0.020457187136768695
2020-01-03 02:59:00,M62/2099A,69.0,94.95106,0.02102456674919063
2020-01-03 03:14:00,M62/2099A,70.0,93.34172,0.021697016660209227
2020-01-03 03:29:00,M62/2099A,68.0,96.5604,0.020374531835205992
2020-01-03 03:44:00,M62/2099A,60.0,96.5604,0.017977528089887642
2020-01-03 03:59:00,M62/2099A,66.0,99.77908,0.019137368611815878
2020-01-03 04:14:00,M62/2099A,93.0,98.16974,0.027408362497697552
2020-01-03 04:29:00,M62/2099A,123.0,98.16974,0.03624976975501934
2020-01-03 04:44:00,M62/2099A,130.0,96.5604,0.03895131086142322
2020-01-03 04:59:00,M62/2099A,166.0,96.5604,0.04973782771535581
2020-01-03 05:14:00,M62/2099A,196.0,99.77908,0.05683218557448352
2020-01-03 05:29:00,M62/2099A,263.0,99.77908,0.07625951431678145
2020-01-03 05:44:00,M62/2099A,360.0,101.38842,0.1027287319422151
2020-01-03 05:59:00,M62/2099A,336.0,101.38842,0.09588014981273409
2020-01-03 06:14:00,M62/2099A,426.0,101.38842,0.12156233279828788
2020-01-03 06:29:00,M62/2099A,555.0,102.99776,0.15589887640449437
2020-01-03 06:44:00,M62/2099A,712.0,102.99776,0.2
2020-01-03 06:59:00,M62/2099A,769.0,101.38842,0.2194399857321206
2020-01-03 07:14:00,M62/2099A,856.0,101.38842,0.2442660959514892
2020-01-03 07:29:00,M62/2099A,929.0,99.77908,0.2693729612178326
2020-01-03 07:44:00,M62/2099A,947.0,99.77908,0.27459224356650963
2020-01-03 07:59:00,M62/2099A,891.0,101.38842,0.2542536115569824
2020-01-03 08:14:00,M62/2099A,810.0,101.38842,0.23113964686998398
2020-01-03 08:29:00,M62/2099A,805.0,101.38842,0.2297128589263421
2020-01-03 08:44:00,M62/2099A,812.0,101.38842,0.23171036204744075
2020-01-03 08:59:00,M62/2099A,795.0,101.38842,0.22685928303905836
2020-01-03 09:14:00,M62/2099A,698.0,102.99776,0.19606741573033712
2020-01-03 09:29:00,M62/2099A,797.0,101.38842,0.2274299982165151
2020-01-03 09:44:00,M62/2099A,802.0,99.77908,0.23254802464661112
2020-01-03 09:59:00,M62/2099A,771.0,101.38842,0.22001070090957733
2020-01-03 10:14:00,M62/2099A,827.0,101.38842,0.23599072587836634
2020-01-03 10:29:00,M62/2099A,1024.0,93.34172,0.3173963580007749
2020-01-03 10:44:00,M62/2099A,1002.0,99.77908,0.2905400507430229
2020-01-03 10:59:00,M62/2099A,965.0,101.38842,0.27537007312288214
2020-01-03 11:14:00,M62/2099A,1003.0,101.38842,0.2862136614945604
2020-01-03 11:29:00,M62/2099A,1064.0,98.16974,0.31357524405967946
2020-01-03 11:44:00,M62/2099A,1064.0,99.77908,0.30851757883291053
2020-01-03 11:59:00,M62/2099A,1035.0,99.77908,0.3001087350489308
2020-01-03 12:14:00,M62/2099A,1054.0,99.77908,0.3056179775280899
2020-01-03 12:29:00,M62/2099A,1057.0,99.77908,0.3064878579195361
2020-01-03 12:44:00,M62/2099A,1055.0,99.77908,0.305907937658572
2020-01-03 12:59:00,M62/2099A,987.0,99.77908,0.28619064878579203
2020-01-03 13:14:00,M62/2099A,1123.0,99.77908,0.325625226531352
2020-01-03 13:29:00,M62/2099A,999.0,99.77908,0.2896701703515767
2020-01-03 13:44:00,M62/2099A,1057.0,99.77908,0.3064878579195361
2020-01-03 13:59:00,M62/2099A,1002.0,99.77908,0.2905400507430229
2020-01-03 14:14:00,M62/2099A,1073.0,93.34172,0.3325842696629214
2020-01-03 14:29:00,M62/2099A,1063.0,93.34172,0.32948469585432005
2020-01-03 14:44:00,M62/2099A,1066.0,93.34172,0.33041456799690044
2020-01-03 14:59:00,M62/2099A,1055.0,98.16974,0.310922821882483
2020-01-03 15:14:00,M62/2099A,1073.0,101.38842,0.3061886927055467
2020-01-03 15:29:00,M62/2099A,1117.0,99.77908,0.3238854657484596
2020-01-03 15:44:00,M62/2099A,1056.0,101.38842,0.30133761369716433
2020-01-03 15:59:00,M62/2099A,1102.0,101.38842,0.31446406277866956
2020-01-03 16:14:00,M62/2099A,1194.0,98.16974,0.35188800884140725
2020-01-03 16:29:00,M62/2099A,1144.0,99.77908,0.3317143892714752
2020-01-03 16:44:00,M62/2099A,1135.0,99.77908,0.3291047480971367
2020-01-03 16:59:00,M62/2099A,1069.0,99.77908,0.30996737948532077
2020-01-03 17:14:00,M62/2099A,1034.0,101.38842,0.29505974674514
2020-01-03 17:29:00,M62/2099A,1006.0,101.38842,0.28706973426074556
2020-01-03 17:44:00,M62/2099A,901.0,102.99776,0.2530898876404495
2020-01-03 17:59:00,M62/2099A,808.0,104.6071,0.22347450302506486
2020-01-03 18:14:00,M62/2099A,734.0,104.6071,0.20300777873811582
2020-01-03 18:29:00,M62/2099A,678.0,104.6071,0.18751944684528954
2020-01-03 18:44:00,M62/2099A,645.0,104.6071,0.1783923941227312
2020-01-03 18:59:00,M62/2099A,552.0,107.82578,0.14811336575549222
2020-01-03 19:14:00,M62/2099A,548.0,106.21644,0.14926796050391555
2020-01-03 19:29:00,M62/2099A,522.0,106.21644,0.1421859039836568
2020-01-03 19:44:00,M62/2099A,456.0,106.21644,0.12420837589376915
2020-01-03 19:59:00,M62/2099A,440.0,106.21644,0.1198501872659176
2020-01-03 20:14:00,M62/2099A,406.0,106.21644,0.11058903643173307
2020-01-03 20:29:00,M62/2099A,411.0,106.21644,0.11195097037793668
2020-01-03 20:44:00,M62/2099A,314.0,106.21644,0.08552945182158667
2020-01-03 20:59:00,M62/2099A,307.0,104.6071,0.08490924805531548
2020-01-03 21:14:00,M62/2099A,293.0,104.6071,0.0810371650821089
2020-01-03 21:29:00,M62/2099A,268.0,104.6071,0.07412273120138288
2020-01-03 21:44:00,M62/2099A,307.0,106.21644,0.0836227442969016
2020-01-03 21:59:00,M62/2099A,247.0,102.99776,0.06938202247191012
2020-01-03 22:14:00,M62/2099A,253.0,107.82578,0.06788529263793394
2020-01-03 22:29:00,M62/2099A,210.0,106.21644,0.05720122574055158
2020-01-03 22:44:00,M62/2099A,201.0,104.6071,0.05559204840103717
2020-01-03 22:59:00,M62/2099A,173.0,107.82578,0.046419587455978545
2020-01-03 23:14:00,M62/2099A,155.0,106.21644,0.042219952332311884
2020-01-03 23:29:00,M62/2099A,135.0,104.6071,0.03733794295592049
2020-01-03 23:44:00,M62/2099A,144.0,102.99776,0.040449438202247195
2020-01-03 23:59:00,M62/2099A,129.0,104.6071,0.03567847882454624
2020-01-04 00:14:00,M62/2099A,141.0,101.38842,0.04023542001070091
2020-01-04 00:29:00,M62/2099A,116.0,104.6071,0.032082973206568714
2020-01-04 00:44:00,M62/2099A,100.0,99.77908,0.028996013048205874
2020-01-04 00:59:00,M62/2099A,94.0,96.5604,0.02816479400749064
2020-01-04 01:14:00,M62/2099A,97.0,101.38842,0.0276796861066524
2020-01-04 01:29:00,M62/2099A,96.0,99.77908,0.02783617252627764
2020-01-04 01:44:00,M62/2099A,74.0,98.16974,0.02180880456806042
2020-01-04 01:59:00,M62/2099A,94.0,94.95106,0.028642163397448107
2020-01-04 02:14:00,M62/2099A,63.0,98.16974,0.01856695524037576
2020-01-04 02:29:00,M62/2099A,73.0,98.16974,0.021514090992816357
2020-01-04 02:44:00,M62/2099A,69.0,94.95106,0.02102456674919063
2020-01-04 02:59:00,M62/2099A,59.0,98.16974,0.01738810093939952
2020-01-04 03:14:00,M62/2099A,52.0,96.5604,0.01558052434456929
2020-01-04 03:29:00,M62/2099A,55.0,96.5604,0.01647940074906367
2020-01-04 03:44:00,M62/2099A,71.0,98.16974,0.020924663842328238
2020-01-04 03:59:00,M62/2099A,74.0,96.5604,0.022172284644194757
2020-01-04 04:14:00,M62/2099A,55.0,99.77908,0.015947807176513232
2020-01-04 04:29:00,M62/2099A,69.0,96.5604,0.020674157303370785
2020-01-04 04:44:00,M62/2099A,93.0,96.5604,0.027865168539325844
2020-01-04 04:59:00,M62/2099A,100.0,99.77908,0.028996013048205874
2020-01-04 05:14:00,M62/2099A,113.0,98.16974,0.03330263400257874
2020-01-04 05:29:00,M62/2099A,144.0,101.38842,0.04109149277688604
2020-01-04 05:44:00,M62/2099A,167.0,101.38842,0.04765471731763867
2020-01-04 05:59:00,M62/2099A,151.0,101.38842,0.04308899589798467
2020-01-04 06:14:00,M62/2099A,180.0,102.99776,0.050561797752808994
2020-01-04 06:29:00,M62/2099A,220.0,104.6071,0.06084701815038894
2020-01-04 06:44:00,M62/2099A,254.0,102.99776,0.07134831460674158
2020-01-04 06:59:00,M62/2099A,254.0,102.99776,0.07134831460674158
2020-01-04 07:14:00,M62/2099A,253.0,104.6071,0.06997407087294728
2020-01-04 07:29:00,M62/2099A,340.0,104.6071,0.09403630077787381
2020-01-04 07:44:00,M62/2099A,352.0,102.99776,0.09887640449438202
2020-01-04 07:59:00,M62/2099A,364.0,102.99776,0.10224719101123597
2020-01-04 08:14:00,M62/2099A,416.0,104.6071,0.1150561797752809
2020-01-04 08:29:00,M62/2099A,482.0,106.21644,0.13129043241402794
2020-01-04 08:44:00,M62/2099A,483.0,107.82578,0.1295991950360557
2020-01-04 08:59:00,M62/2099A,470.0,106.21644,0.12802179094313926
2020-01-04 09:14:00,M62/2099A,531.0,106.21644,0.1446373850868233
2020-01-04 09:29:00,M62/2099A,608.0,106.21644,0.16561116785835886
2020-01-04 09:44:00,M62/2099A,670.0,104.6071,0.1853068280034572
2020-01-04 09:59:00,M62/2099A,693.0,106.21644,0.18876404494382024
2020-01-04 10:14:00,M62/2099A,721.0,106.21644,0.19639087504256042
2020-01-04 10:29:00,M62/2099A,751.0,106.21644,0.2045624787197821
2020-01-04 10:44:00,M62/2099A,835.0,106.21644,0.22744296901600272
2020-01-04 10:59:00,M62/2099A,929.0,104.6071,0.2569403630077787
2020-01-04 11:14:00,M62/2099A,987.0,104.6071,0.27298184961106314
2020-01-04 11:29:00,M62/2099A,1046.0,102.99776,0.29382022471910113
2020-01-04 11:44:00,M62/2099A,996.0,104.6071,0.2754710458081245
2020-01-04 11:59:00,M62/2099A,941.0,104.6071,0.26025929127052727
2020-01-04 12:14:00,M62/2099A,1006.0,104.6071,0.2782368193604149
2020-01-04 12:29:00,M62/2099A,1024.0,104.6071,0.2832152117545376
2020-01-04 12:44:00,M62/2099A,949.0,106.21644,0.258495062989445
2020-01-04 12:59:00,M62/2099A,1012.0,102.99776,0.2842696629213483
2020-01-04 13:14:00,M62/2099A,989.0,104.6071,0.27353500432152117
2020-01-04 13:29:00,M62/2099A,915.0,104.6071,0.25306828003457216
2020-01-04 13:44:00,M62/2099A,986.0,104.6071,0.2727052722558341
2020-01-04 13:59:00,M62/2099A,896.0,104.6071,0.2478133102852204
2020-01-04 14:14:00,M62/2099A,894.0,104.6071,0.2472601555747623
2020-01-04 14:29:00,M62/2099A,919.0,106.21644,0.2503234593122234
2020-01-04 14:44:00,M62/2099A,906.0,106.21644,0.24678243105209396
2020-01-04 14:59:00,M62/2099A,942.0,106.21644,0.25658835546475994
2020-01-04 15:14:00,M62/2099A,920.0,104.6071,0.2544511668107174
2020-01-04 15:29:00,M62/2099A,949.0,104.6071,0.26247191011235954
2020-01-04 15:44:00,M62/2099A,928.0,104.6071,0.2566637856525497
2020-01-04 15:59:00,M62/2099A,995.0,104.6071,0.2751944684528954
2020-01-04 16:14:00,M62/2099A,1010.0,104.6071,0.27934312878133105
2020-01-04 16:29:00,M62/2099A,919.0,104.6071,0.2541745894554883
2020-01-04 16:44:00,M62/2099A,899.0,104.6071,0.2486430423509075
2020-01-04 16:59:00,M62/2099A,914.0,102.99776,0.25674157303370787
2020-01-04 17:14:00,M62/2099A,780.0,106.21644,0.21246169560776304
2020-01-04 17:29:00,M62/2099A,783.0,107.82578,0.21009558946838844
2020-01-04 17:44:00,M62/2099A,665.0,106.21644,0.18113721484508002
2020-01-04 17:59:00,M62/2099A,667.0,106.21644,0.18168198842356148
2020-01-04 18:14:00,M62/2099A,619.0,106.21644,0.16860742254000682
2020-01-04 18:29:00,M62/2099A,583.0,107.82578,0.15643132651349995
2020-01-04 18:44:00,M62/2099A,581.0,107.82578,0.15589468388395103
2020-01-04 18:59:00,M62/2099A,528.0,109.43512,0.1395902181097158
2020-01-04 19:14:00,M62/2099A,447.0,109.43512,0.11817580964970259
2020-01-04 19:29:00,M62/2099A,426.0,107.82578,0.11430488009391247
2020-01-04 19:44:00,M62/2099A,385.0,107.82578,0.10330370618816034
2020-01-04 19:59:00,M62/2099A,373.0,107.82578,0.10008385041086704
2020-01-04 20:14:00,M62/2099A,360.0,107.82578,0.09659567331879927
2020-01-04 20:29:00,M62/2099A,373.0,109.43512,0.09861202908129545
2020-01-04 20:44:00,M62/2099A,352.0,109.43512,0.09306014540647721
2020-01-04 20:59:00,M62/2099A,362.0,109.43512,0.09570389953734303
2020-01-04 21:14:00,M62/2099A,325.0,109.43512,0.08592200925313946
2020-01-04 21:29:00,M62/2099A,302.0,107.82578,0.08103303706188161
2020-01-04 21:44:00,M62/2099A,354.0,109.43512,0.09358889623265036
2020-01-04 21:59:00,M62/2099A,270.0,107.82578,0.07244675498909946
2020-01-04 22:14:00,M62/2099A,281.0,109.43512,0.07428949107732982
2020-01-04 22:29:00,M62/2099A,241.0,107.82578,0.06466543686064062
2020-01-04 22:44:00,M62/2099A,212.0,107.82578,0.0568841187321818
2020-01-04 22:59:00,M62/2099A,165.0,106.21644,0.0449438202247191
2020-01-04 23:14:00,M62/2099A,165.0,107.82578,0.044273016937782995
2020-01-04 23:29:00,M62/2099A,147.0,106.21644,0.04004085801838611
2020-01-04 23:44:00,M62/2099A,129.0,106.21644,0.035137895812053115
2020-01-04 23:59:00,M62/2099A,128.0,106.21644,0.0348655090228124
2020-01-05 00:14:00,M62/2099A,134.0,106.21644,0.036499829758256726
2020-01-05 00:29:00,M62/2099A,118.0,106.21644,0.03214164113040517
2020-01-05 00:44:00,M62/2099A,119.0,106.21644,0.0324140279196459
2020-01-05 00:59:00,M62/2099A,98.0,104.6071,0.02710458081244598
2020-01-05 01:14:00,M62/2099A,88.0,104.6071,0.024338807260155578
2020-01-05 01:29:00,M62/2099A,63.0,104.6071,0.017424373379429557
2020-01-05 01:44:00,M62/2099A,62.0,107.82578,0.01663592151601543
2020-01-05 01:59:00,M62/2099A,60.0,99.77908,0.017397607828923526
2020-01-05 02:14:00,M62/2099A,55.0,99.77908,0.015947807176513232
2020-01-05 02:29:00,M62/2099A,57.0,104.6071,0.015764909248055316
2020-01-05 02:44:00,M62/2099A,53.0,102.99776,0.014887640449438204
2020-01-05 02:59:00,M62/2099A,39.0,102.99776,0.010955056179775283
2020-01-05 03:14:00,M62/2099A,39.0,101.38842,0.011128945960406636
2020-01-05 03:29:00,M62/2099A,42.0,102.99776,0.011797752808988766
2020-01-05 03:44:00,M62/2099A,45.0,102.99776,0.012640449438202249
2020-01-05 03:59:00,M62/2099A,52.0,99.77908,0.015077926785067055
2020-01-05 04:14:00,M62/2099A,43.0,101.38842,0.012270376315320138
2020-01-05 04:29:00,M62/2099A,44.0,99.77908,0.012758245741210586
2020-01-05 04:44:00,M62/2099A,51.0,99.77908,0.014787966654584997
2020-01-05 04:59:00,M62/2099A,64.0,102.99776,0.017977528089887642
2020-01-05 05:14:00,M62/2099A,56.0,99.77908,0.01623776730699529
2020-01-05 05:29:00,M62/2099A,100.0,104.6071,0.027657735522904063
2020-01-05 05:44:00,M62/2099A,138.0,104.6071,0.03816767502160761
2020-01-05 05:59:00,M62/2099A,132.0,102.99776,0.03707865168539326
2020-01-05 06:14:00,M62/2099A,121.0,102.99776,0.03398876404494382
2020-01-05 06:29:00,M62/2099A,155.0,104.6071,0.0428694900605013
2020-01-05 06:44:00,M62/2099A,156.0,106.21644,0.042492339121552605
2020-01-05 06:59:00,M62/2099A,141.0,106.21644,0.03840653728294178
2020-01-05 07:14:00,M62/2099A,173.0,106.21644,0.04712291453864488
2020-01-05 07:29:00,M62/2099A,211.0,104.6071,0.05835782195332758
2020-01-05 07:44:00,M62/2099A,248.0,106.21644,0.067551923731699
2020-01-05 07:59:00,M62/2099A,219.0,98.16974,0.06454227297844907
2020-01-05 08:14:00,M62/2099A,252.0,94.95106,0.07678537421443535
2020-01-05 08:29:00,M62/2099A,290.0,99.77908,0.08408843783979704
2020-01-05 08:44:00,M62/2099A,349.0,107.82578,0.09364413885628041
2020-01-05 08:59:00,M62/2099A,365.0,106.21644,0.09942117807286346
2020-01-05 09:14:00,M62/2099A,403.0,107.82578,0.1081334898541003
2020-01-05 09:29:00,M62/2099A,503.0,106.21644,0.1370105549880831
2020-01-05 09:44:00,M62/2099A,517.0,107.82578,0.13872211973838675
2020-01-05 09:59:00,M62/2099A,498.0,107.82578,0.13362401475767235
2020-01-05 10:14:00,M62/2099A,566.0,107.82578,0.15186986416233442
2020-01-05 10:29:00,M62/2099A,681.0,106.21644,0.18549540347293156
2020-01-05 10:44:00,M62/2099A,694.0,106.21644,0.18903643173306095
2020-01-05 10:59:00,M62/2099A,785.0,106.21644,0.21382362955396664
2020-01-05 11:14:00,M62/2099A,812.0,106.21644,0.22117807286346614
2020-01-05 11:29:00,M62/2099A,820.0,106.21644,0.2233571671773919
2020-01-05 11:44:00,M62/2099A,886.0,106.21644,0.24133469526727955
2020-01-05 11:59:00,M62/2099A,909.0,106.21644,0.24759959141981613
2020-01-05 12:14:00,M62/2099A,1003.0,104.6071,0.27740708729472774
2020-01-05 12:29:00,M62/2099A,985.0,106.21644,0.268300987402111
2020-01-05 12:44:00,M62/2099A,933.0,106.21644,0.2541368743615935
2020-01-05 12:59:00,M62/2099A,893.0,106.21644,0.24324140279196457
2020-01-05 13:14:00,M62/2099A,889.0,106.21644,0.24215185563500172
2020-01-05 13:29:00,M62/2099A,911.0,104.6071,0.251961970613656
2020-01-05 13:44:00,M62/2099A,953.0,106.21644,0.2595846101464079
2020-01-05 13:59:00,M62/2099A,948.0,107.82578,0.2543686064061714
2020-01-05 14:14:00,M62/2099A,900.0,106.21644,0.24514811031664965
2020-01-05 14:29:00,M62/2099A,934.0,106.21644,0.25440926115083423
2020-01-05 14:44:00,M62/2099A,918.0,106.21644,0.25005107252298264
2020-01-05 14:59:00,M62/2099A,935.0,106.21644,0.2546816479400749
2020-01-05 15:14:00,M62/2099A,872.0,106.21644,0.23752128021790941
2020-01-05 15:29:00,M62/2099A,891.0,104.6071,0.2464304235090752
2020-01-05 15:44:00,M62/2099A,906.0,104.6071,0.2505790838375108
2020-01-05 15:59:00,M62/2099A,941.0,104.6071,0.26025929127052727
2020-01-05 16:14:00,M62/2099A,883.0,104.6071,0.2442178046672429
2020-01-05 16:29:00,M62/2099A,933.0,104.6071,0.25804667242869495
2020-01-05 16:44:00,M62/2099A,888.0,104.6071,0.2456006914433881
2020-01-05 16:59:00,M62/2099A,807.0,106.21644,0.21981613891726254
2020-01-05 17:14:00,M62/2099A,801.0,106.21644,0.2181818181818182
2020-01-05 17:29:00,M62/2099A,868.0,106.21644,0.23643173306094656
2020-01-05 17:44:00,M62/2099A,729.0,106.21644,0.19856996935648621
2020-01-05 17:59:00,M62/2099A,662.0,107.82578,0.1776287103806809
2020-01-05 18:14:00,M62/2099A,618.0,107.82578,0.16582257253060542
2020-01-05 18:29:00,M62/2099A,643.0,106.21644,0.17514470548178415
2020-01-05 18:44:00,M62/2099A,482.0,107.82578,0.12933087372128124
2020-01-05 18:59:00,M62/2099A,502.0,109.43512,0.13271645736946464
2020-01-05 19:14:00,M62/2099A,622.0,106.21644,0.169424582907729
2020-01-05 19:29:00,M62/2099A,607.0,107.82578,0.16287103806808656
2020-01-05 19:44:00,M62/2099A,515.0,109.43512,0.13615333773959024
2020-01-05 19:59:00,M62/2099A,547.0,111.04446,0.14251750529229767
2020-01-05 20:14:00,M62/2099A,523.0,111.04446,0.1362644520436411
2020-01-05 20:29:00,M62/2099A,503.0,106.21644,0.1370105549880831
2020-01-05 20:44:00,M62/2099A,405.0,107.82578,0.10867013248364918
2020-01-05 20:59:00,M62/2099A,347.0,106.21644,0.09451821586653048
2020-01-05 21:14:00,M62/2099A,322.0,107.82578,0.08639946335737046
2020-01-05 21:29:00,M62/2099A,286.0,106.21644,0.07790262172284644
2020-01-05 21:44:00,M62/2099A,285.0,107.82578,0.0764715747107161
2020-01-05 21:59:00,M62/2099A,235.0,106.21644,0.06401089547156963
2020-01-05 22:14:00,M62/2099A,216.0,104.6071,0.05974070872947277
2020-01-05 22:29:00,M62/2099A,195.0,107.82578,0.05232265638101627
2020-01-05 22:44:00,M62/2099A,197.0,106.21644,0.0536601974804222
2020-01-05 22:59:00,M62/2099A,163.0,104.6071,0.04508210890233363
2020-01-05 23:14:00,M62/2099A,125.0,107.82578,0.033540164346805304
2020-01-05 23:29:00,M62/2099A,122.0,106.21644,0.03323118828736807
2020-01-05 23:44:00,M62/2099A,103.0,104.6071,0.028487467588591185
2020-01-05 23:59:00,M62/2099A,101.0,106.21644,0.027511065713312906
2020-01-06 00:14:00,M62/2099A,93.0,106.21644,0.02533197139938713
2020-01-06 00:29:00,M62/2099A,80.0,101.38842,0.02282860709827002
2020-01-06 00:44:00,M62/2099A,97.0,102.99776,0.027247191011235957
2020-01-06 00:59:00,M62/2099A,61.0,104.6071,0.01687121866897148
2020-01-06 01:14:00,M62/2099A,77.0,101.38842,0.021972534332084896
2020-01-06 01:29:00,M62/2099A,69.0,99.77908,0.020007249003262055
2020-01-06 01:44:00,M62/2099A,72.0,101.38842,0.02054574638844302
2020-01-06 01:59:00,M62/2099A,62.0,101.38842,0.017692170501159267
2020-01-06 02:14:00,M62/2099A,65.0,98.16974,0.019156382390863883
2020-01-06 02:29:00,M62/2099A,75.0,98.16974,0.02210351814330448
2020-01-06 02:44:00,M62/2099A,58.0,98.16974,0.01709338736415546
2020-01-06 02:59:00,M62/2099A,73.0,101.38842,0.020831103977171396
2020-01-06 03:14:00,M62/2099A,70.0,101.38842,0.019975031210986267
2020-01-06 03:29:00,M62/2099A,90.0,99.77908,0.026096411743385287
2020-01-06 03:44:00,M62/2099A,105.0,101.38842,0.0299625468164794
2020-01-06 03:59:00,M62/2099A,134.0,102.99776,0.03764044943820225
2020-01-06 04:14:00,M62/2099A,149.0,102.99776,0.041853932584269664
2020-01-06 04:29:00,M62/2099A,196.0,101.38842,0.05593008739076155
2020-01-06 04:44:00,M62/2099A,262.0,101.38842,0.07476368824683433
2020-01-06 04:59:00,M62/2099A,301.0,102.99776,0.08455056179775282
2020-01-06 05:14:00,M62/2099A,379.0,101.38842,0.10815052612805423
2020-01-06 05:29:00,M62/2099A,477.0,102.99776,0.13398876404494384
2020-01-06 05:44:00,M62/2099A,558.0,102.99776,0.15674157303370786
2020-01-06 05:59:00,M62/2099A,679.0,102.99776,0.19073033707865172
2020-01-06 06:14:00,M62/2099A,837.0,101.38842,0.2388443017656501
2020-01-06 06:29:00,M62/2099A,1109.0,99.77908,0.3215657847046032
2020-01-06 06:44:00,M62/2099A,1224.0,93.34172,0.37938783417280125
2020-01-06 06:59:00,M62/2099A,1176.0,90.12304,0.3775280898876405
2020-01-06 07:14:00,M62/2099A,1188.0,83.68568,0.41071737251512536
2020-01-06 07:29:00,M62/2099A,1220.0,85.29502,0.4138223447106212
2020-01-06 07:44:00,M62/2099A,1179.0,90.12304,0.37849117174959873
2020-01-06 07:59:00,M62/2099A,1131.0,90.12304,0.36308186195826647
2020-01-06 08:14:00,M62/2099A,1138.0,91.73238,0.3589197713384585
2020-01-06 08:29:00,M62/2099A,1082.0,86.90436,0.36021639617145235
2020-01-06 08:44:00,M62/2099A,1195.0,86.90436,0.39783603828547653
2020-01-06 08:59:00,M62/2099A,1095.0,91.73238,0.34535777646363097
2020-01-06 09:14:00,M62/2099A,1007.0,94.95106,0.30683679299181116
2020-01-06 09:29:00,M62/2099A,919.0,99.77908,0.26647335991301196
2020-01-06 09:44:00,M62/2099A,887.0,98.16974,0.26141094124148095
2020-01-06 09:59:00,M62/2099A,888.0,99.77908,0.25748459586806816
2020-01-06 10:14:00,M62/2099A,917.0,99.77908,0.26589343965204787
2020-01-06 10:29:00,M62/2099A,834.0,101.38842,0.23798822899946498
2020-01-06 10:44:00,M62/2099A,852.0,99.77908,0.24704603117071408
2020-01-06 10:59:00,M62/2099A,835.0,99.77908,0.24211670895251908
2020-01-06 11:14:00,M62/2099A,830.0,99.77908,0.24066690830010876
2020-01-06 11:29:00,M62/2099A,867.0,99.77908,0.25139543312794493
2020-01-06 11:44:00,M62/2099A,864.0,99.77908,0.2505255527364988
2020-01-06 11:59:00,M62/2099A,849.0,99.77908,0.24617615077926788
2020-01-06 12:14:00,M62/2099A,830.0,99.77908,0.24066690830010876
2020-01-06 12:29:00,M62/2099A,840.0,99.77908,0.24356650960492934
2020-01-06 12:44:00,M62/2099A,833.0,99.77908,0.24153678869155495
2020-01-06 12:59:00,M62/2099A,893.0,99.77908,0.25893439652047845
2020-01-06 13:14:00,M62/2099A,871.0,99.77908,0.2525552736498732
2020-01-06 13:29:00,M62/2099A,916.0,98.16974,0.2699576349235587
2020-01-06 13:44:00,M62/2099A,878.0,99.77908,0.25458499456324757
2020-01-06 13:59:00,M62/2099A,945.0,98.16974,0.2785043286056364
2020-01-06 14:14:00,M62/2099A,940.0,98.16974,0.2770307607294161
2020-01-06 14:29:00,M62/2099A,921.0,99.77908,0.2670532801739761
2020-01-06 14:44:00,M62/2099A,888.0,99.77908,0.25748459586806816
2020-01-06 14:59:00,M62/2099A,845.0,99.77908,0.24501631025733964
2020-01-06 15:14:00,M62/2099A,1055.0,96.5604,0.3161048689138577
2020-01-06 15:29:00,M62/2099A,961.0,98.16974,0.28321974580954135
2020-01-06 15:44:00,M62/2099A,1054.0,98.16974,0.3106281083072389
2020-01-06 15:59:00,M62/2099A,1152.0,93.34172,0.3570709027508718
2020-01-06 16:14:00,M62/2099A,1251.0,91.73238,0.39455943228858664
2020-01-06 16:29:00,M62/2099A,1287.0,91.73238,0.4059136605558841
2020-01-06 16:44:00,M62/2099A,1267.0,90.12304,0.4067415730337079
2020-01-06 16:59:00,M62/2099A,1287.0,91.73238,0.4059136605558841
2020-01-06 17:14:00,M62/2099A,1256.0,93.34172,0.3893064703603255
2020-01-06 17:29:00,M62/2099A,1152.0,93.34172,0.3570709027508718
2020-01-06 17:44:00,M62/2099A,1050.0,93.34172,0.3254552499031384
2020-01-06 17:59:00,M62/2099A,916.0,94.95106,0.2791087411921539
2020-01-06 18:14:00,M62/2099A,741.0,93.34172,0.22967841921735763
2020-01-06 18:29:00,M62/2099A,764.0,94.95106,0.23279375357074844
2020-01-06 18:44:00,M62/2099A,661.0,99.77908,0.19166364624864085
2020-01-06 18:59:00,M62/2099A,595.0,102.99776,0.16713483146067418
2020-01-06 19:14:00,M62/2099A,512.0,104.6071,0.1416076058772688
2020-01-06 19:29:00,M62/2099A,440.0,106.21644,0.1198501872659176
2020-01-06 19:44:00,M62/2099A,459.0,104.6071,0.12694900605012965
2020-01-06 19:59:00,M62/2099A,394.0,104.6071,0.10897147796024202
2020-01-06 20:14:00,M62/2099A,375.0,104.6071,0.10371650821089023
2020-01-06 20:29:00,M62/2099A,348.0,106.21644,0.0947906026557712
2020-01-06 20:44:00,M62/2099A,309.0,104.6071,0.08546240276577355
2020-01-06 20:59:00,M62/2099A,287.0,102.99776,0.08061797752808988
2020-01-06 21:14:00,M62/2099A,253.0,102.99776,0.07106741573033708
2020-01-06 21:29:00,M62/2099A,228.0,104.6071,0.06305963699222127
2020-01-06 21:44:00,M62/2099A,234.0,102.99776,0.0657303370786517
2020-01-06 21:59:00,M62/2099A,209.0,101.38842,0.05963973604423043
2020-01-06 22:14:00,M62/2099A,157.0,104.6071,0.043422644770959376
2020-01-06 22:29:00,M62/2099A,164.0,102.99776,0.04606741573033708
2020-01-06 22:44:00,M62/2099A,169.0,104.6071,0.04674157303370787
2020-01-06 22:59:00,M62/2099A,150.0,102.99776,0.042134831460674156
2020-01-06 23:14:00,M62/2099A,140.0,102.99776,0.03932584269662922
2020-01-06 23:29:00,M62/2099A,128.0,99.77908,0.037114896701703516
2020-01-06 23:44:00,M62/2099A,110.0,101.38842,0.03138933476012128
2020-01-06 23:59:00,M62/2099A,119.0,99.77908,0.03450525552736499
2020-01-07 00:14:00,M62/2099A,90.0,96.5604,0.02696629213483146
2020-01-07 00:29:00,M62/2099A,80.0,99.77908,0.0231968104385647
2020-01-07 00:44:00,M62/2099A,94.0,101.38842,0.026823613340467276
2020-01-07 00:59:00,M62/2099A,85.0,98.16974,0.025050653895745074
2020-01-07 01:14:00,M62/2099A,72.0,94.95106,0.02193867834698153
2020-01-07 01:29:00,M62/2099A,61.0,96.5604,0.018277153558052435
2020-01-07 01:44:00,M62/2099A,83.0,96.5604,0.024868913857677904
2020-01-07 01:59:00,M62/2099A,74.0,96.5604,0.022172284644194757
2020-01-07 02:14:00,M62/2099A,86.0,93.34172,0.02665633475397133
2020-01-07 02:29:00,M62/2099A,66.0,94.95106,0.020110455151399736
2020-01-07 02:44:00,M62/2099A,57.0,94.95106,0.017368120358027046
2020-01-07 02:59:00,M62/2099A,89.0,96.5604,0.02666666666666667
2020-01-07 03:14:00,M62/2099A,79.0,94.95106,0.02407160540849362
2020-01-07 03:29:00,M62/2099A,73.0,96.5604,0.021872659176029964
2020-01-07 03:44:00,M62/2099A,98.0,101.38842,0.027965043695380776
2020-01-07 03:59:00,M62/2099A,95.0,96.5604,0.02846441947565543
2020-01-07 04:14:00,M62/2099A,102.0,98.16974,0.03006078467489409
2020-01-07 04:29:00,M62/2099A,146.0,98.16974,0.04302818198563271
2020-01-07 04:44:00,M62/2099A,174.0,98.16974,0.051280162092466386
2020-01-07 04:59:00,M62/2099A,209.0,98.16974,0.06159513722600847
2020-01-07 05:14:00,M62/2099A,256.0,101.38842,0.07305154271446407
2020-01-07 05:29:00,M62/2099A,332.0,101.38842,0.09473871945782059
2020-01-07 05:44:00,M62/2099A,455.0,101.38842,0.12983770287141075
2020-01-07 05:59:00,M62/2099A,526.0,102.99776,0.14775280898876406
2020-01-07 06:14:00,M62/2099A,660.0,102.99776,0.1853932584269663
2020-01-07 06:29:00,M62/2099A,965.0,99.77908,0.2798115259151867
2020-01-07 06:44:00,M62/2099A,1186.0,99.77908,0.34389271475172173
2020-01-07 06:59:00,M62/2099A,1211.0,98.16974,0.3568981396205563
2020-01-07 07:14:00,M62/2099A,1195.0,93.34172,0.37039907012785744
2020-01-07 07:29:00,M62/2099A,1157.0,91.73238,0.3649122807017544
2020-01-07 07:44:00,M62/2099A,1257.0,91.73238,0.39645180366646954
2020-01-07 07:59:00,M62/2099A,1144.0,91.73238,0.3608121427163414
2020-01-07 08:14:00,M62/2099A,1159.0,91.73238,0.3655430711610487
2020-01-07 08:29:00,M62/2099A,1085.0,91.73238,0.3422038241671595
2020-01-07 08:44:00,M62/2099A,1241.0,90.12304,0.39839486356340287
2020-01-07 08:59:00,M62/2099A,1089.0,90.12304,0.34959871589085073
2020-01-07 09:14:00,M62/2099A,1164.0,91.73238,0.36712004730928444
2020-01-07 09:29:00,M62/2099A,992.0,93.34172,0.3074777218132507
2020-01-07 09:44:00,M62/2099A,1040.0,99.77908,0.3015585357013411
2020-01-07 09:59:00,M62/2099A,907.0,101.38842,0.2588193329766364
2020-01-07 10:14:00,M62/2099A,900.0,98.16974,0.26524221771965373
2020-01-07 10:29:00,M62/2099A,860.0,99.77908,0.24936571221457052
2020-01-07 10:44:00,M62/2099A,845.0,98.16974,0.24903297108123043
2020-01-07 10:59:00,M62/2099A,822.0,98.16974,0.24225455885061709
2020-01-07 11:14:00,M62/2099A,846.0,98.16974,0.24932768465647448
2020-01-07 11:29:00,M62/2099A,867.0,99.77908,0.25139543312794493
2020-01-07 11:44:00,M62/2099A,862.0,99.77908,0.24994563247553464
2020-01-07 11:59:00,M62/2099A,848.0,101.38842,0.24198323524166224
2020-01-07 12:14:00,M62/2099A,846.0,101.38842,0.24141252006420547
2020-01-07 12:29:00,M62/2099A,884.0,99.77908,0.25632475534613997
2020-01-07 12:44:00,M62/2099A,920.0,99.77908,0.26676332004349407
2020-01-07 12:59:00,M62/2099A,867.0,101.38842,0.24740502942750137
2020-01-07 13:14:00,M62/2099A,877.0,98.16974,0.25846380548904035
2020-01-07 13:29:00,M62/2099A,919.0,99.77908,0.26647335991301196
2020-01-07 13:44:00,M62/2099A,935.0,99.77908,0.27111272200072495
2020-01-07 13:59:00,M62/2099A,862.0,99.77908,0.24994563247553464
2020-01-07 14:14:00,M62/2099A,959.0,99.77908,0.27807176513229437
2020-01-07 14:29:00,M62/2099A,983.0,99.77908,0.28503080826386373
2020-01-07 14:44:00,M62/2099A,939.0,99.77908,0.2722725625226532
2020-01-07 14:59:00,M62/2099A,1052.0,99.77908,0.3050380572671258
2020-01-07 15:14:00,M62/2099A,1041.0,98.16974,0.30679683182906614
2020-01-07 15:29:00,M62/2099A,1123.0,96.5604,0.3364794007490637
2020-01-07 15:44:00,M62/2099A,1148.0,91.73238,0.36207372363493007
2020-01-07 15:59:00,M62/2099A,1164.0,91.73238,0.36712004730928444
2020-01-07 16:14:00,M62/2099A,1287.0,91.73238,0.4059136605558841
2020-01-07 16:29:00,M62/2099A,1399.0,91.73238,0.4412379262763651
2020-01-07 16:44:00,M62/2099A,1381.0,90.12304,0.443338683788122
2020-01-07 16:59:00,M62/2099A,1206.0,91.73238,0.3803666469544648
2020-01-07 17:14:00,M62/2099A,1140.0,91.73238,0.3595505617977528
2020-01-07 17:29:00,M62/2099A,1186.0,93.34172,0.3676094537001163
2020-01-07 17:44:00,M62/2099A,1205.0,91.73238,0.3800512517248177
2020-01-07 17:59:00,M62/2099A,1129.0,91.73238,0.35608121427163414
2020-01-07 18:14:00,M62/2099A,1046.0,93.34172,0.3242154203796978
2020-01-07 18:29:00,M62/2099A,999.0,91.73238,0.3150798344175044
2020-01-07 18:44:00,M62/2099A,733.0,94.95106,0.2233479337269092
2020-01-07 18:59:00,M62/2099A,614.0,104.6071,0.16981849611063096
2020-01-07 19:14:00,M62/2099A,582.0,104.6071,0.16096802074330166
2020-01-07 19:29:00,M62/2099A,488.0,104.6071,0.13496974935177183
2020-01-07 19:44:00,M62/2099A,449.0,102.99776,0.126123595505618
2020-01-07 19:59:00,M62/2099A,393.0,102.99776,0.1103932584269663
2020-01-07 20:14:00,M62/2099A,361.0,102.99776,0.10140449438202248
2020-01-07 20:29:00,M62/2099A,348.0,102.99776,0.09775280898876405
2020-01-07 20:44:00,M62/2099A,313.0,102.99776,0.08792134831460674
2020-01-07 20:59:00,M62/2099A,278.0,102.99776,0.07808988764044945
2020-01-07 21:14:00,M62/2099A,262.0,104.6071,0.07246326707000865
2020-01-07 21:29:00,M62/2099A,269.0,104.6071,0.07439930855661193
2020-01-07 21:44:00,M62/2099A,284.0,102.99776,0.07977528089887641
2020-01-07 21:59:00,M62/2099A,261.0,104.6071,0.07218668971477961
2020-01-07 22:14:00,M62/2099A,265.0,106.21644,0.07218249914879128
2020-01-07 22:29:00,M62/2099A,237.0,106.21644,0.06455566905005107
2020-01-07 22:44:00,M62/2099A,282.0,107.82578,0.07566661076639276
2020-01-07 22:59:00,M62/2099A,308.0,109.43512,0.08142762723066754
2020-01-07 23:14:00,M62/2099A,346.0,111.04446,0.0901481843347989
2020-01-07 23:29:00,M62/2099A,362.0,111.04446,0.09431688650056995
2020-01-07 23:44:00,M62/2099A,265.0,107.82578,0.07110514841522725
2020-01-07 23:59:00,M62/2099A,168.0,104.6071,0.04646499567847883
2020-01-08 00:14:00,M62/2099A,140.0,101.38842,0.039950062421972535
2020-01-08 00:29:00,M62/2099A,103.0,104.6071,0.028487467588591185
2020-01-08 00:44:00,M62/2099A,86.0,96.5604,0.025767790262172286
2020-01-08 00:59:00,M62/2099A,85.0,96.5604,0.02546816479400749
2020-01-08 01:14:00,M62/2099A,80.0,94.95106,0.024376309274423923
2020-01-08 01:29:00,M62/2099A,85.0,99.77908,0.024646611090974994
2020-01-08 01:44:00,M62/2099A,78.0,96.5604,0.023370786516853936
2020-01-08 01:59:00,M62/2099A,90.0,96.5604,0.02696629213483146
2020-01-08 02:14:00,M62/2099A,61.0,99.77908,0.017687567959405587
2020-01-08 02:29:00,M62/2099A,75.0,91.73238,0.023654642223536367
2020-01-08 02:44:00,M62/2099A,77.0,93.34172,0.023866718326230146
2020-01-08 02:59:00,M62/2099A,67.0,96.5604,0.0200749063670412
2020-01-08 03:14:00,M62/2099A,80.0,96.5604,0.02397003745318352
2020-01-08 03:29:00,M62/2099A,82.0,96.5604,0.02456928838951311
2020-01-08 03:44:00,M62/2099A,87.0,98.16974,0.025640081046233193
2020-01-08 03:59:00,M62/2099A,95.0,98.16974,0.02799778964818567
2020-01-08 04:14:00,M62/2099A,116.0,96.5604,0.034756554307116105
2020-01-08 04:29:00,M62/2099A,139.0,98.16974,0.040965186958924295
2020-01-08 04:44:00,M62/2099A,169.0,96.5604,0.05063670411985019
2020-01-08 04:59:00,M62/2099A,209.0,99.77908,0.06060166727075028
2020-01-08 05:14:00,M62/2099A,238.0,99.77908,0.06901051105472998
2020-01-08 05:29:00,M62/2099A,316.0,101.38842,0.0901729980381666
2020-01-08 05:44:00,M62/2099A,470.0,101.38842,0.1341180667023364
2020-01-08 05:59:00,M62/2099A,548.0,101.38842,0.15637595862314965
2020-01-08 06:14:00,M62/2099A,699.0,101.38842,0.19946495452113433
2020-01-08 06:29:00,M62/2099A,933.0,99.77908,0.2705328017397608
2020-01-08 06:44:00,M62/2099A,1221.0,98.16974,0.3598452753729969
2020-01-08 06:59:00,M62/2099A,1217.0,98.16974,0.3586664210720206
2020-01-08 07:14:00,M62/2099A,1154.0,98.16974,0.3400994658316449
2020-01-08 07:29:00,M62/2099A,1200.0,96.5604,0.3595505617977528
2020-01-08 07:44:00,M62/2099A,1202.0,96.5604,0.3601498127340824
2020-01-08 07:59:00,M62/2099A,1228.0,96.5604,0.36794007490636704
2020-01-08 08:14:00,M62/2099A,1238.0,94.95106,0.3772233860217102
2020-01-08 08:29:00,M62/2099A,1160.0,98.16974,0.34186774728310926
2020-01-08 08:44:00,M62/2099A,1103.0,93.34172,0.3418829910887254
2020-01-08 08:59:00,M62/2099A,1155.0,90.12304,0.3707865168539326
2020-01-08 09:14:00,M62/2099A,1108.0,94.95106,0.3376118834507713
2020-01-08 09:29:00,M62/2099A,1045.0,101.38842,0.29819868022115215
2020-01-08 09:44:00,M62/2099A,988.0,101.38842,0.28193329766363473
2020-01-08 09:59:00,M62/2099A,972.0,99.77908,0.2818412468285611
2020-01-08 10:14:00,M62/2099A,918.0,99.77908,0.2661833997825299
2020-01-08 10:29:00,M62/2099A,963.0,98.16974,0.2838091729600295
2020-01-08 10:44:00,M62/2099A,898.0,99.77908,0.2603841971728888
2020-01-08 10:59:00,M62/2099A,904.0,99.77908,0.2621239579557811
2020-01-08 11:14:00,M62/2099A,887.0,99.77908,0.2571946357375861
2020-01-08 11:29:00,M62/2099A,853.0,99.77908,0.24733599130119613
2020-01-08 11:44:00,M62/2099A,908.0,99.77908,0.26328379847770933
2020-01-08 11:59:00,M62/2099A,861.0,99.77908,0.2496556723450526
2020-01-08 12:14:00,M62/2099A,876.0,99.77908,0.2540050743022835
2020-01-08 12:29:00,M62/2099A,858.0,99.77908,0.2487857919536064
2020-01-08 12:44:00,M62/2099A,952.0,98.16974,0.2805673236323448
2020-01-08 12:59:00,M62/2099A,860.0,99.77908,0.24936571221457052
2020-01-08 13:14:00,M62/2099A,897.0,99.77908,0.2600942370424067
2020-01-08 13:29:00,M62/2099A,931.0,99.77908,0.2699528814787967
2020-01-08 13:44:00,M62/2099A,983.0,96.5604,0.2945318352059925
2020-01-08 13:59:00,M62/2099A,938.0,98.16974,0.276441333578928
2020-01-08 14:14:00,M62/2099A,988.0,98.16974,0.29117701234113097
2020-01-08 14:29:00,M62/2099A,954.0,99.77908,0.2766219644798841
2020-01-08 14:44:00,M62/2099A,998.0,99.77908,0.2893802102210946
2020-01-08 14:59:00,M62/2099A,1024.0,99.77908,0.29691917361362813
2020-01-08 15:14:00,M62/2099A,1024.0,99.77908,0.29691917361362813
2020-01-08 15:29:00,M62/2099A,1115.0,99.77908,0.3233055454874955
2020-01-08 15:44:00,M62/2099A,1191.0,96.5604,0.3568539325842697
2020-01-08 15:59:00,M62/2099A,1209.0,93.34172,0.37473847345989936
2020-01-08 16:14:00,M62/2099A,1451.0,91.73238,0.45763847821801695
2020-01-08 16:29:00,M62/2099A,1459.0,90.12304,0.46837881219903693
2020-01-08 16:44:00,M62/2099A,1416.0,90.12304,0.45457463884430177
2020-01-08 16:59:00,M62/2099A,1410.0,91.73238,0.44470727380248376
2020-01-08 17:14:00,M62/2099A,1344.0,91.73238,0.42389118864577174
2020-01-08 17:29:00,M62/2099A,1266.0,93.34172,0.3924060441689268
2020-01-08 17:44:00,M62/2099A,1205.0,91.73238,0.3800512517248177
2020-01-08 17:59:00,M62/2099A,1096.0,93.34172,0.33971328942270446
2020-01-08 18:14:00,M62/2099A,1014.0,93.34172,0.31429678419217366
2020-01-08 18:29:00,M62/2099A,851.0,101.38842,0.24283930800784737
2020-01-08 18:44:00,M62/2099A,682.0,102.99776,0.1915730337078652
2020-01-08 18:59:00,M62/2099A,711.0,102.99776,0.19971910112359553
2020-01-08 19:14:00,M62/2099A,609.0,104.6071,0.16843560933448576
2020-01-08 19:29:00,M62/2099A,574.0,104.6071,0.15875540190146933
2020-01-08 19:44:00,M62/2099A,446.0,102.99776,0.1252808988764045
2020-01-08 19:59:00,M62/2099A,434.0,104.6071,0.12003457216940365
2020-01-08 20:14:00,M62/2099A,395.0,104.6071,0.10924805531547105
2020-01-08 20:29:00,M62/2099A,367.0,104.6071,0.10150388936905791
2020-01-08 20:44:00,M62/2099A,297.0,104.6071,0.08214347450302507
2020-01-08 20:59:00,M62/2099A,253.0,102.99776,0.07106741573033708
2020-01-08 21:14:00,M62/2099A,268.0,102.99776,0.0752808988764045
2020-01-08 21:29:00,M62/2099A,236.0,104.6071,0.06527225583405359
2020-01-08 21:44:00,M62/2099A,247.0,102.99776,0.06938202247191012
2020-01-08 21:59:00,M62/2099A,97.0,101.38842,0.0276796861066524
2020-01-08 22:14:00,M62/2099A,213.0,101.38842,0.06078116639914394
2020-01-08 22:29:00,M62/2099A,224.0,106.21644,0.061014640789921686
2020-01-08 22:44:00,M62/2099A,176.0,102.99776,0.04943820224719101
2020-01-08 22:59:00,M62/2099A,140.0,101.38842,0.039950062421972535
2020-01-08 23:14:00,M62/2099A,143.0,101.38842,0.04080613518815766
2020-01-08 23:29:00,M62/2099A,122.0,99.77908,0.035375135918811175
2020-01-08 23:44:00,M62/2099A,140.0,96.5604,0.041947565543071164
2020-01-08 23:59:00,M62/2099A,95.0,98.16974,0.02799778964818567
2020-01-09 00:14:00,M62/2099A,102.0,98.16974,0.03006078467489409
2020-01-09 00:29:00,M62/2099A,112.0,96.5604,0.033558052434456934
2020-01-09 00:44:00,M62/2099A,97.0,96.5604,0.02906367041198502
2020-01-09 00:59:00,M62/2099A,85.0,96.5604,0.02546816479400749
2020-01-09 01:14:00,M62/2099A,87.0,93.34172,0.026966292134831465
2020-01-09 01:29:00,M62/2099A,87.0,94.95106,0.026509236335936014
2020-01-09 01:44:00,M62/2099A,97.0,93.34172,0.030065865943432784
2020-01-09 01:59:00,M62/2099A,65.0,93.34172,0.020147229755908568
2020-01-09 02:14:00,M62/2099A,77.0,94.95106,0.023462197676633025
2020-01-09 02:29:00,M62/2099A,86.0,94.95106,0.026204532470005718
2020-01-09 02:44:00,M62/2099A,76.0,93.34172,0.023556760945370014
2020-01-09 02:59:00,M62/2099A,74.0,93.34172,0.022936846183649752
2020-01-09 03:14:00,M62/2099A,80.0,93.34172,0.024796590468810543
2020-01-09 03:29:00,M62/2099A,89.0,96.5604,0.02666666666666667
2020-01-09 03:44:00,M62/2099A,90.0,94.95106,0.027423347933726912
2020-01-09 03:59:00,M62/2099A,105.0,96.5604,0.03146067415730337
2020-01-09 04:14:00,M62/2099A,127.0,96.5604,0.038052434456928845
2020-01-09 04:29:00,M62/2099A,160.0,98.16974,0.04715417203904955
2020-01-09 04:44:00,M62/2099A,161.0,96.5604,0.04823970037453184
2020-01-09 04:59:00,M62/2099A,209.0,98.16974,0.06159513722600847
2020-01-09 05:14:00,M62/2099A,247.0,98.16974,0.07279425308528274
2020-01-09 05:29:00,M62/2099A,327.0,99.77908,0.09481696266763322
2020-01-09 05:44:00,M62/2099A,460.0,99.77908,0.13338166002174703
2020-01-09 05:59:00,M62/2099A,489.0,101.38842,0.1395398608881755
2020-01-09 06:14:00,M62/2099A,650.0,99.77908,0.1884740848133382
2020-01-09 06:29:00,M62/2099A,903.0,99.77908,0.26183399782529904
2020-01-09 06:44:00,M62/2099A,1027.0,98.16974,0.3026708417756493
2020-01-09 06:59:00,M62/2099A,1187.0,96.5604,0.3556554307116105
2020-01-09 07:14:00,M62/2099A,1184.0,94.95106,0.360769377261474
2020-01-09 07:29:00,M62/2099A,1097.0,96.5604,0.32868913857677906
2020-01-09 07:44:00,M62/2099A,1169.0,94.95106,0.3561988192725195
2020-01-09 07:59:00,M62/2099A,1145.0,91.73238,0.36112753794598856
2020-01-09 08:14:00,M62/2099A,1168.0,94.95106,0.3558941154065893
2020-01-09 08:29:00,M62/2099A,980.0,98.16974,0.28881930373917847
2020-01-09 08:44:00,M62/2099A,990.0,99.77908,0.2870605291772382
2020-01-09 08:59:00,M62/2099A,1014.0,98.16974,0.2988395652974765
2020-01-09 09:14:00,M62/2099A,1023.0,96.5604,0.30651685393258427
2020-01-09 09:29:00,M62/2099A,1073.0,96.5604,0.321498127340824
2020-01-09 09:44:00,M62/2099A,1006.0,83.68568,0.3477960242005186
2020-01-09 09:59:00,M62/2099A,970.0,80.467,0.3487640449438203
2020-01-09 10:14:00,M62/2099A,1010.0,91.73238,0.3185491819436231
2020-01-09 10:29:00,M62/2099A,891.0,98.16974,0.26258979554245715
2020-01-09 10:44:00,M62/2099A,855.0,98.16974,0.251980106833671
2020-01-09 10:59:00,M62/2099A,885.0,98.16974,0.2608215140909928
2020-01-09 11:14:00,M62/2099A,840.0,99.77908,0.24356650960492934
2020-01-09 11:29:00,M62/2099A,869.0,98.16974,0.25610609688708785
2020-01-09 11:44:00,M62/2099A,898.0,99.77908,0.2603841971728888
2020-01-09 11:59:00,M62/2099A,862.0,99.77908,0.24994563247553464
2020-01-09 12:14:00,M62/2099A,865.0,99.77908,0.25081551286698084
2020-01-09 12:29:00,M62/2099A,949.0,99.77908,0.2751721638274737
2020-01-09 12:44:00,M62/2099A,867.0,99.77908,0.25139543312794493
2020-01-09 12:59:00,M62/2099A,943.0,99.77908,0.27343240304458144
2020-01-09 13:14:00,M62/2099A,977.0,98.16974,0.2879351630134463
2020-01-09 13:29:00,M62/2099A,1013.0,98.16974,0.2985448517222325
2020-01-09 13:44:00,M62/2099A,1056.0,98.16974,0.311217535457727
2020-01-09 13:59:00,M62/2099A,984.0,98.16974,0.2899981580401547
2020-01-09 14:14:00,M62/2099A,1002.0,98.16974,0.2953030023945478
2020-01-09 14:29:00,M62/2099A,1056.0,99.77908,0.30619789778905404
2020-01-09 14:44:00,M62/2099A,1035.0,98.16974,0.3050285503776018
2020-01-09 14:59:00,M62/2099A,1071.0,98.16974,0.31563823908638794
2020-01-09 15:14:00,M62/2099A,1086.0,98.16974,0.32005894271504887
2020-01-09 15:29:00,M62/2099A,1191.0,99.77908,0.34534251540413197
2020-01-09 15:44:00,M62/2099A,1191.0,93.34172,0.36915924060441696
2020-01-09 15:59:00,M62/2099A,1192.0,93.34172,0.3694691979852771
2020-01-09 16:14:00,M62/2099A,1423.0,91.73238,0.44880741178789674
2020-01-09 16:29:00,M62/2099A,1484.0,88.5137,0.48506639427987747
2020-01-09 16:44:00,M62/2099A,1487.0,90.12304,0.47736757624398074
2020-01-09 16:59:00,M62/2099A,1355.0,90.12304,0.434991974317817
2020-01-09 17:14:00,M62/2099A,1353.0,91.73238,0.4267297457125961
2020-01-09 17:29:00,M62/2099A,1326.0,91.73238,0.418214074512123
2020-01-09 17:44:00,M62/2099A,1131.0,91.73238,0.35671200473092846
2020-01-09 17:59:00,M62/2099A,1056.0,93.34172,0.3273149941882991
2020-01-09 18:14:00,M62/2099A,952.0,94.95106,0.29007808036564464
2020-01-09 18:29:00,M62/2099A,878.0,102.99776,0.24662921348314612
2020-01-09 18:44:00,M62/2099A,748.0,101.38842,0.2134474763688247
2020-01-09 18:59:00,M62/2099A,714.0,102.99776,0.200561797752809
2020-01-09 19:14:00,M62/2099A,617.0,102.99776,0.17331460674157306
2020-01-09 19:29:00,M62/2099A,541.0,104.6071,0.14962834917891096
2020-01-09 19:44:00,M62/2099A,472.0,102.99776,0.13258426966292136
2020-01-09 19:59:00,M62/2099A,415.0,104.6071,0.11477960242005186
2020-01-09 20:14:00,M62/2099A,372.0,104.6071,0.10288677614520311
2020-01-09 20:29:00,M62/2099A,378.0,104.6071,0.10454624027657737
2020-01-09 20:44:00,M62/2099A,346.0,104.6071,0.09569576490924805
2020-01-09 20:59:00,M62/2099A,311.0,104.6071,0.08601555747623164
2020-01-09 21:14:00,M62/2099A,285.0,104.6071,0.07882454624027659
2020-01-09 21:29:00,M62/2099A,272.0,104.6071,0.07522904062229906
2020-01-09 21:44:00,M62/2099A,262.0,101.38842,0.07476368824683433
2020-01-09 21:59:00,M62/2099A,217.0,102.99776,0.060955056179775285
2020-01-09 22:14:00,M62/2099A,224.0,102.99776,0.06292134831460675
2020-01-09 22:29:00,M62/2099A,230.0,104.6071,0.06361279170267935
2020-01-09 22:44:00,M62/2099A,175.0,104.6071,0.04840103716508211
2020-01-09 22:59:00,M62/2099A,143.0,101.38842,0.04080613518815766
2020-01-09 23:14:00,M62/2099A,149.0,101.38842,0.042518280720527914
2020-01-09 23:29:00,M62/2099A,145.0,101.38842,0.041376850365614413
2020-01-09 23:44:00,M62/2099A,105.0,99.77908,0.030445813700616168
2020-01-09 23:59:00,M62/2099A,114.0,98.16974,0.0335973475778228
2020-01-10 00:14:00,M62/2099A,95.0,98.16974,0.02799778964818567
2020-01-10 00:29:00,M62/2099A,101.0,99.77908,0.029285973178687936
2020-01-10 00:44:00,M62/2099A,109.0,102.99776,0.030617977528089892
2020-01-10 00:59:00,M62/2099A,75.0,99.77908,0.021747009786154407
2020-01-10 01:14:00,M62/2099A,77.0,98.16974,0.022692945293792597
2020-01-10 01:29:00,M62/2099A,89.0,94.95106,0.027118644067796613
2020-01-10 01:44:00,M62/2099A,86.0,96.5604,0.025767790262172286
2020-01-10 01:59:00,M62/2099A,97.0,94.95106,0.029556274995239006
2020-01-10 02:14:00,M62/2099A,77.0,91.73238,0.024285432682830673
2020-01-10 02:29:00,M62/2099A,82.0,96.5604,0.02456928838951311
2020-01-10 02:44:00,M62/2099A,74.0,93.34172,0.022936846183649752
2020-01-10 02:59:00,M62/2099A,78.0,94.95106,0.023766901542563324
2020-01-10 03:14:00,M62/2099A,60.0,96.5604,0.017977528089887642
2020-01-10 03:29:00,M62/2099A,79.0,99.77908,0.022906850308082642
2020-01-10 03:44:00,M62/2099A,105.0,98.16974,0.03094492540062627
2020-01-10 03:59:00,M62/2099A,89.0,96.5604,0.02666666666666667
2020-01-10 04:14:00,M62/2099A,121.0,98.16974,0.03566034260453122
2020-01-10 04:29:00,M62/2099A,133.0,98.16974,0.03919690550745993
2020-01-10 04:44:00,M62/2099A,175.0,98.16974,0.05157487566771045
2020-01-10 04:59:00,M62/2099A,210.0,98.16974,0.06188985080125254
2020-01-10 05:14:00,M62/2099A,224.0,101.38842,0.06392009987515605
2020-01-10 05:29:00,M62/2099A,322.0,101.38842,0.09188514357053683
2020-01-10 05:44:00,M62/2099A,414.0,101.38842,0.11813804173354737
2020-01-10 05:59:00,M62/2099A,483.0,101.38842,0.13782771535580526
2020-01-10 06:14:00,M62/2099A,590.0,101.38842,0.16836097734974143
2020-01-10 06:29:00,M62/2099A,870.0,101.38842,0.2482611021936865
2020-01-10 06:44:00,M62/2099A,1026.0,99.77908,0.2974990938745923
2020-01-10 06:59:00,M62/2099A,1125.0,98.16974,0.33155277214956713
2020-01-10 07:14:00,M62/2099A,1185.0,96.5604,0.3550561797752809
2020-01-10 07:29:00,M62/2099A,1212.0,96.5604,0.36314606741573036
2020-01-10 07:44:00,M62/2099A,1292.0,94.95106,0.3936773947819463
2020-01-10 07:59:00,M62/2099A,1229.0,93.34172,0.38093762107710194
2020-01-10 08:14:00,M62/2099A,1064.0,98.16974,0.31357524405967946
2020-01-10 08:29:00,M62/2099A,1044.0,98.16974,0.3076809725547983
2020-01-10 08:44:00,M62/2099A,1046.0,94.95106,0.31872024376309277
2020-01-10 08:59:00,M62/2099A,908.0,96.5604,0.27205992509363297
2020-01-10 09:14:00,M62/2099A,938.0,96.5604,0.2810486891385768
2020-01-10 09:29:00,M62/2099A,925.0,96.5604,0.27715355805243447
2020-01-10 09:44:00,M62/2099A,931.0,99.77908,0.2699528814787967
2020-01-10 09:59:00,M62/2099A,961.0,98.16974,0.28321974580954135
2020-01-10 10:14:00,M62/2099A,935.0,98.16974,0.2755571928531958
2020-01-10 10:29:00,M62/2099A,922.0,99.77908,0.26734324030445816
2020-01-10 10:44:00,M62/2099A,958.0,98.16974,0.28233560508380917
2020-01-10 10:59:00,M62/2099A,957.0,99.77908,0.2774918448713302
2020-01-10 11:14:00,M62/2099A,969.0,98.16974,0.28557745441149385
2020-01-10 11:29:00,M62/2099A,984.0,99.77908,0.28532076839434584
2020-01-10 11:44:00,M62/2099A,1010.0,98.16974,0.29766071099650027
2020-01-10 11:59:00,M62/2099A,1007.0,98.16974,0.2967765702707681
2020-01-10 12:14:00,M62/2099A,1048.0,99.77908,0.3038782167451976
2020-01-10 12:29:00,M62/2099A,1031.0,99.77908,0.2989488945270026
2020-01-10 12:44:00,M62/2099A,1103.0,98.16974,0.32506907349419784
2020-01-10 12:59:00,M62/2099A,1122.0,98.16974,0.33066863142383496
2020-01-10 13:14:00,M62/2099A,1139.0,99.77908,0.33026458861906494
2020-01-10 13:29:00,M62/2099A,1157.0,98.16974,0.3409836065573771
2020-01-10 13:44:00,M62/2099A,1364.0,93.34172,0.4227818674932197
2020-01-10 13:59:00,M62/2099A,1225.0,96.5604,0.36704119850187267
2020-01-10 14:14:00,M62/2099A,1218.0,98.16974,0.3589611346472647
2020-01-10 14:29:00,M62/2099A,1202.0,98.16974,0.35424571744335975
2020-01-10 14:44:00,M62/2099A,1178.0,98.16974,0.34717259163750236
2020-01-10 14:59:00,M62/2099A,1277.0,96.5604,0.38262172284644197
2020-01-10 15:14:00,M62/2099A,1261.0,96.5604,0.3778277153558052
2020-01-10 15:29:00,M62/2099A,1264.0,91.73238,0.3986595702739996
2020-01-10 15:44:00,M62/2099A,1296.0,91.73238,0.40875221762270847
2020-01-10 15:59:00,M62/2099A,1258.0,91.73238,0.39676719889611667
2020-01-10 16:14:00,M62/2099A,1370.0,91.73238,0.43209146461659764
2020-01-10 16:29:00,M62/2099A,1425.0,91.73238,0.449438202247191
2020-01-10 16:44:00,M62/2099A,1439.0,91.73238,0.45385373546225116
2020-01-10 16:59:00,M62/2099A,1302.0,91.73238,0.41064458900059136
2020-01-10 17:14:00,M62/2099A,1249.0,93.34172,0.3871367686943046
2020-01-10 17:29:00,M62/2099A,1249.0,91.73238,0.3939286418292923
2020-01-10 17:44:00,M62/2099A,1176.0,98.16974,0.3465831644870142
2020-01-10 17:59:00,M62/2099A,1005.0,99.77908,0.29140993113446906
2020-01-10 18:14:00,M62/2099A,874.0,102.99776,0.24550561797752812
2020-01-10 18:29:00,M62/2099A,770.0,102.99776,0.2162921348314607
2020-01-10 18:44:00,M62/2099A,792.0,102.99776,0.2224719101123596
2020-01-10 18:59:00,M62/2099A,701.0,104.6071,0.1938807260155575
2020-01-10 19:14:00,M62/2099A,636.0,106.21644,0.17323799795709907
2020-01-10 19:29:00,M62/2099A,624.0,104.6071,0.17258426966292137
2020-01-10 19:44:00,M62/2099A,505.0,104.6071,0.13967156439066553
2020-01-10 19:59:00,M62/2099A,500.0,104.6071,0.13828867761452032
2020-01-10 20:14:00,M62/2099A,421.0,104.6071,0.11643906655142611
2020-01-10 20:29:00,M62/2099A,425.0,106.21644,0.11576438542730678
2020-01-10 20:44:00,M62/2099A,338.0,104.6071,0.09348314606741574
2020-01-10 20:59:00,M62/2099A,306.0,102.99776,0.0859550561797753
2020-01-10 21:14:00,M62/2099A,280.0,106.21644,0.07626830098740212
2020-01-10 21:29:00,M62/2099A,296.0,104.6071,0.08186689714779603
2020-01-10 21:44:00,M62/2099A,259.0,106.21644,0.07054817841334694
2020-01-10 21:59:00,M62/2099A,251.0,102.99776,0.07050561797752809
2020-01-10 22:14:00,M62/2099A,245.0,101.38842,0.06991260923845194
2020-01-10 22:29:00,M62/2099A,244.0,104.6071,0.06748487467588592
2020-01-10 22:44:00,M62/2099A,204.0,104.6071,0.05642178046672429
2020-01-10 22:59:00,M62/2099A,162.0,104.6071,0.04480553154710458
2020-01-10 23:14:00,M62/2099A,151.0,104.6071,0.04176318063958514
2020-01-10 23:29:00,M62/2099A,149.0,101.38842,0.042518280720527914
2020-01-10 23:44:00,M62/2099A,149.0,104.6071,0.04121002592912705
2020-01-10 23:59:00,M62/2099A,133.0,101.38842,0.03795255930087391
2020-01-11 00:14:00,M62/2099A,129.0,102.99776,0.036235955056179776
2020-01-11 00:29:00,M62/2099A,117.0,99.77908,0.033925335266400874
2020-01-11 00:44:00,M62/2099A,116.0,101.38842,0.033101480292491534
2020-01-11 00:59:00,M62/2099A,98.0,99.77908,0.02841609278724176
2020-01-11 01:14:00,M62/2099A,78.0,98.16974,0.022987658869036656
2020-01-11 01:29:00,M62/2099A,89.0,98.16974,0.026229508196721315
2020-01-11 01:44:00,M62/2099A,75.0,98.16974,0.02210351814330448
2020-01-11 01:59:00,M62/2099A,72.0,98.16974,0.021219377417572297
2020-01-11 02:14:00,M62/2099A,64.0,94.95106,0.019501047419539137
2020-01-11 02:29:00,M62/2099A,56.0,93.34172,0.01735761332816738
2020-01-11 02:44:00,M62/2099A,76.0,94.95106,0.023157493810702725
2020-01-11 02:59:00,M62/2099A,53.0,94.95106,0.016149304894305848
2020-01-11 03:14:00,M62/2099A,56.0,96.5604,0.016779026217228467
2020-01-11 03:29:00,M62/2099A,53.0,98.16974,0.015619819487935163
2020-01-11 03:44:00,M62/2099A,81.0,98.16974,0.023871799594768834
2020-01-11 03:59:00,M62/2099A,63.0,94.95106,0.019196343553608837
2020-01-11 04:14:00,M62/2099A,73.0,91.73238,0.023023851764242067
2020-01-11 04:29:00,M62/2099A,88.0,98.16974,0.025934794621477252
2020-01-11 04:44:00,M62/2099A,102.0,96.5604,0.030561797752808987
2020-01-11 04:59:00,M62/2099A,99.0,98.16974,0.02917664394916191
2020-01-11 05:14:00,M62/2099A,99.0,98.16974,0.02917664394916191
2020-01-11 05:29:00,M62/2099A,135.0,99.77908,0.03914461761507793
2020-01-11 05:44:00,M62/2099A,214.0,101.38842,0.0610665239878723
2020-01-11 05:59:00,M62/2099A,186.0,101.38842,0.0530765115034778
2020-01-11 06:14:00,M62/2099A,174.0,101.38842,0.0496522204387373
2020-01-11 06:29:00,M62/2099A,278.0,104.6071,0.07688850475367329
2020-01-11 06:44:00,M62/2099A,316.0,102.99776,0.08876404494382023
2020-01-11 06:59:00,M62/2099A,283.0,104.6071,0.07827139152981849
2020-01-11 07:14:00,M62/2099A,319.0,106.21644,0.08689138576779026
2020-01-11 07:29:00,M62/2099A,349.0,104.6071,0.09652549697493518
2020-01-11 07:44:00,M62/2099A,401.0,106.21644,0.10922710248552946
2020-01-11 07:59:00,M62/2099A,440.0,106.21644,0.1198501872659176
2020-01-11 08:14:00,M62/2099A,466.0,107.82578,0.12503773268489016
2020-01-11 08:29:00,M62/2099A,532.0,106.21644,0.14490977187606402
2020-01-11 08:44:00,M62/2099A,518.0,106.21644,0.14109635682669389
2020-01-11 08:59:00,M62/2099A,510.0,106.21644,0.13891726251276815
2020-01-11 09:14:00,M62/2099A,600.0,106.21644,0.1634320735444331
2020-01-11 09:29:00,M62/2099A,649.0,106.21644,0.1767790262172285
2020-01-11 09:44:00,M62/2099A,756.0,104.6071,0.20909248055315474
2020-01-11 09:59:00,M62/2099A,764.0,106.21644,0.20810350697991148
2020-01-11 10:14:00,M62/2099A,774.0,104.6071,0.21407087294727745
2020-01-11 10:29:00,M62/2099A,821.0,104.6071,0.22707000864304236
2020-01-11 10:44:00,M62/2099A,936.0,104.6071,0.25887640449438204
2020-01-11 10:59:00,M62/2099A,862.0,104.6071,0.23840968020743303
2020-01-11 11:14:00,M62/2099A,969.0,104.6071,0.26800345721694036
2020-01-11 11:29:00,M62/2099A,960.0,104.6071,0.265514261019879
2020-01-11 11:44:00,M62/2099A,975.0,104.6071,0.2696629213483146
2020-01-11 11:59:00,M62/2099A,982.0,102.99776,0.2758426966292135
2020-01-11 12:14:00,M62/2099A,969.0,102.99776,0.27219101123595507
2020-01-11 12:29:00,M62/2099A,940.0,104.6071,0.2599827139152982
2020-01-11 12:44:00,M62/2099A,953.0,104.6071,0.26357821953327576
2020-01-11 12:59:00,M62/2099A,937.0,102.99776,0.26320224719101126
2020-01-11 13:14:00,M62/2099A,945.0,104.6071,0.2613656006914434
2020-01-11 13:29:00,M62/2099A,953.0,104.6071,0.26357821953327576
2020-01-11 13:44:00,M62/2099A,969.0,102.99776,0.27219101123595507
2020-01-11 13:59:00,M62/2099A,1007.0,104.6071,0.27851339671564396
2020-01-11 14:14:00,M62/2099A,891.0,104.6071,0.2464304235090752
2020-01-11 14:29:00,M62/2099A,846.0,106.21644,0.23043922369765066
2020-01-11 14:44:00,M62/2099A,830.0,104.6071,0.22955920484010373
2020-01-11 14:59:00,M62/2099A,803.0,104.6071,0.22209161624891965
2020-01-11 15:14:00,M62/2099A,819.0,104.6071,0.22651685393258428
2020-01-11 15:29:00,M62/2099A,827.0,104.6071,0.2287294727744166
2020-01-11 15:44:00,M62/2099A,817.0,104.6071,0.2259636992221262
2020-01-11 15:59:00,M62/2099A,767.0,104.6071,0.21213483146067416
2020-01-11 16:14:00,M62/2099A,842.0,104.6071,0.23287813310285221
2020-01-11 16:29:00,M62/2099A,809.0,104.6071,0.22375108038029387
2020-01-11 16:44:00,M62/2099A,775.0,102.99776,0.21769662921348315
2020-01-11 16:59:00,M62/2099A,717.0,104.6071,0.19830596369922213
2020-01-11 17:14:00,M62/2099A,752.0,102.99776,0.21123595505617979
2020-01-11 17:29:00,M62/2099A,800.0,104.6071,0.2212618841832325
2020-01-11 17:44:00,M62/2099A,919.0,102.99776,0.2581460674157303
2020-01-11 17:59:00,M62/2099A,787.0,104.6071,0.21766637856525498
2020-01-11 18:14:00,M62/2099A,752.0,104.6071,0.20798617113223855
2020-01-11 18:29:00,M62/2099A,709.0,106.21644,0.19312223357167177
2020-01-11 18:44:00,M62/2099A,652.0,106.21644,0.17759618658495063
2020-01-11 18:59:00,M62/2099A,732.0,104.6071,0.20245462402765774
2020-01-11 19:14:00,M62/2099A,731.0,106.21644,0.19911474293496767
2020-01-11 19:29:00,M62/2099A,556.0,106.21644,0.15144705481784135
2020-01-11 19:44:00,M62/2099A,411.0,106.21644,0.11195097037793668
2020-01-11 19:59:00,M62/2099A,387.0,106.21644,0.10541368743615935
2020-01-11 20:14:00,M62/2099A,328.0,104.6071,0.09071737251512534
2020-01-11 20:29:00,M62/2099A,334.0,104.6071,0.09237683664649957
2020-01-11 20:44:00,M62/2099A,291.0,101.38842,0.08303905831995721
2020-01-11 20:59:00,M62/2099A,235.0,102.99776,0.06601123595505619
2020-01-11 21:14:00,M62/2099A,270.0,104.6071,0.07467588591184098
2020-01-11 21:29:00,M62/2099A,271.0,104.6071,0.07495246326707002
2020-01-11 21:44:00,M62/2099A,245.0,104.6071,0.06776145203111496
2020-01-11 21:59:00,M62/2099A,223.0,106.21644,0.06074225400068097
2020-01-11 22:14:00,M62/2099A,272.0,106.21644,0.07408920667347633
2020-01-11 22:29:00,M62/2099A,263.0,106.21644,0.07163772557030984
2020-01-11 22:44:00,M62/2099A,220.0,106.21644,0.0599250936329588
2020-01-11 22:59:00,M62/2099A,160.0,106.21644,0.043581886278515496
2020-01-11 23:14:00,M62/2099A,130.0,106.21644,0.035410282601293835
2020-01-11 23:29:00,M62/2099A,151.0,104.6071,0.04176318063958514
2020-01-11 23:44:00,M62/2099A,148.0,106.21644,0.04031324480762683
2020-01-11 23:59:00,M62/2099A,117.0,106.21644,0.03186925434116446
2020-01-12 00:14:00,M62/2099A,126.0,106.21644,0.03432073544433095
2020-01-12 00:29:00,M62/2099A,110.0,106.21644,0.0299625468164794
2020-01-12 00:44:00,M62/2099A,129.0,104.6071,0.03567847882454624
2020-01-12 00:59:00,M62/2099A,99.0,104.6071,0.027381158167675022
2020-01-12 01:14:00,M62/2099A,92.0,102.99776,0.025842696629213485
2020-01-12 01:29:00,M62/2099A,69.0,104.6071,0.019083837510803805
2020-01-12 01:44:00,M62/2099A,69.0,102.99776,0.019382022471910114
2020-01-12 01:59:00,M62/2099A,69.0,104.6071,0.019083837510803805
2020-01-12 02:14:00,M62/2099A,66.0,104.6071,0.018254105445116683
2020-01-12 02:29:00,M62/2099A,56.0,101.38842,0.015980024968789013
2020-01-12 02:44:00,M62/2099A,44.0,101.38842,0.012555733904048513
2020-01-12 02:59:00,M62/2099A,37.0,99.77908,0.010728524827836174
2020-01-12 03:14:00,M62/2099A,33.0,102.99776,0.009269662921348315
2020-01-12 03:29:00,M62/2099A,41.0,98.16974,0.012083256585006447
2020-01-12 03:44:00,M62/2099A,47.0,99.77908,0.013628126132656763
2020-01-12 03:59:00,M62/2099A,57.0,106.21644,0.015526046986721144
2020-01-12 04:14:00,M62/2099A,35.0,98.16974,0.01031497513354209
2020-01-12 04:29:00,M62/2099A,52.0,98.16974,0.015325105912691104
2020-01-12 04:44:00,M62/2099A,62.0,98.16974,0.0182722416651317
2020-01-12 04:59:00,M62/2099A,58.0,101.38842,0.016550740146245767
2020-01-12 05:14:00,M62/2099A,68.0,101.38842,0.019404316033529517
2020-01-12 05:29:00,M62/2099A,109.0,104.6071,0.03014693171996543
2020-01-12 05:44:00,M62/2099A,131.0,102.99776,0.03679775280898877
2020-01-12 05:59:00,M62/2099A,126.0,104.6071,0.034848746758859114
2020-01-12 06:14:00,M62/2099A,133.0,102.99776,0.03735955056179775
2020-01-12 06:29:00,M62/2099A,168.0,104.6071,0.04646499567847883
2020-01-12 06:44:00,M62/2099A,193.0,102.99776,0.054213483146067415
2020-01-12 06:59:00,M62/2099A,147.0,104.6071,0.04065687121866897
2020-01-12 07:14:00,M62/2099A,171.0,106.21644,0.04657814096016343
2020-01-12 07:29:00,M62/2099A,201.0,104.6071,0.05559204840103717
2020-01-12 07:44:00,M62/2099A,272.0,106.21644,0.07408920667347633
2020-01-12 07:59:00,M62/2099A,257.0,106.21644,0.07000340483486552
2020-01-12 08:14:00,M62/2099A,283.0,106.21644,0.07708546135512427
2020-01-12 08:29:00,M62/2099A,320.0,104.6071,0.088504753673293
2020-01-12 08:44:00,M62/2099A,358.0,104.6071,0.09901469317199656
2020-01-12 08:59:00,M62/2099A,387.0,104.6071,0.10703543647363872
2020-01-12 09:14:00,M62/2099A,416.0,102.99776,0.11685393258426967
2020-01-12 09:29:00,M62/2099A,486.0,104.6071,0.13441659464131375
2020-01-12 09:44:00,M62/2099A,522.0,104.6071,0.14437337942955922
2020-01-12 09:59:00,M62/2099A,541.0,106.21644,0.1473612529792305
2020-01-12 10:14:00,M62/2099A,583.0,106.21644,0.15880149812734082
2020-01-12 10:29:00,M62/2099A,687.0,104.6071,0.1900086430423509
2020-01-12 10:44:00,M62/2099A,657.0,93.34172,0.20364199922510656
2020-01-12 10:59:00,M62/2099A,470.0,14.48406,0.9388264669163546
2020-01-12 11:14:00,M62/2099A,932.0,70.81096,0.38079673135852915
2020-01-12 11:29:00,M62/2099A,848.0,94.95106,0.25838887830889357
2020-01-12 11:44:00,M62/2099A,954.0,101.38842,0.27223113964687
2020-01-12 11:59:00,M62/2099A,913.0,102.99776,0.2564606741573034
2020-01-12 12:14:00,M62/2099A,870.0,104.6071,0.24062229904926535
2020-01-12 12:29:00,M62/2099A,958.0,104.6071,0.2649611063094209
2020-01-12 12:44:00,M62/2099A,924.0,104.6071,0.25555747623163355
2020-01-12 12:59:00,M62/2099A,999.0,104.6071,0.2763007778738116
2020-01-12 13:14:00,M62/2099A,923.0,104.6071,0.25528089887640454
2020-01-12 13:29:00,M62/2099A,948.0,104.6071,0.26219533275713053
2020-01-12 13:44:00,M62/2099A,931.0,104.6071,0.2574935177182368
2020-01-12 13:59:00,M62/2099A,899.0,104.6071,0.2486430423509075
2020-01-12 14:14:00,M62/2099A,894.0,104.6071,0.2472601555747623
2020-01-12 14:29:00,M62/2099A,929.0,104.6071,0.2569403630077787
2020-01-12 14:44:00,M62/2099A,937.0,106.21644,0.25522642151855635
2020-01-12 14:59:00,M62/2099A,949.0,106.21644,0.258495062989445
2020-01-12 15:14:00,M62/2099A,891.0,107.82578,0.2390742914640282
2020-01-12 15:29:00,M62/2099A,891.0,104.6071,0.2464304235090752
2020-01-12 15:44:00,M62/2099A,894.0,104.6071,0.2472601555747623
2020-01-12 15:59:00,M62/2099A,1026.0,104.6071,0.2837683664649957
2020-01-12 16:14:00,M62/2099A,943.0,106.21644,0.2568607422540007
2020-01-12 16:29:00,M62/2099A,1032.0,104.6071,0.28542783059636995
2020-01-12 16:44:00,M62/2099A,965.0,104.6071,0.2668971477960242
2020-01-12 16:59:00,M62/2099A,907.0,104.6071,0.2508556611927399
2020-01-12 17:14:00,M62/2099A,812.0,104.6071,0.224580812445981
2020-01-12 17:29:00,M62/2099A,869.0,104.6071,0.24034572169403629
2020-01-12 17:44:00,M62/2099A,754.0,104.6071,0.20853932584269663
2020-01-12 17:59:00,M62/2099A,690.0,104.6071,0.19083837510803803
2020-01-12 18:14:00,M62/2099A,718.0,106.21644,0.19557371467483828
2020-01-12 18:29:00,M62/2099A,683.0,107.82578,0.18326345799094418
2020-01-12 18:44:00,M62/2099A,574.0,107.82578,0.15401643468052995
2020-01-12 18:59:00,M62/2099A,545.0,106.21644,0.14845080013619338
2020-01-12 19:14:00,M62/2099A,555.0,106.21644,0.15117466802860063
2020-01-12 19:29:00,M62/2099A,531.0,107.82578,0.14247861814522894
2020-01-12 19:44:00,M62/2099A,474.0,107.82578,0.1271843032030857
2020-01-12 19:59:00,M62/2099A,481.0,107.82578,0.12906255240650683
2020-01-12 20:14:00,M62/2099A,453.0,107.82578,0.1215495555928224
2020-01-12 20:29:00,M62/2099A,425.0,107.82578,0.11403655877913803
2020-01-12 20:44:00,M62/2099A,358.0,107.82578,0.0960590306892504
2020-01-12 20:59:00,M62/2099A,351.0,107.82578,0.09418078148582928
2020-01-12 21:14:00,M62/2099A,307.0,107.82578,0.08237464363575382
2020-01-12 21:29:00,M62/2099A,316.0,107.82578,0.08478953546872381
2020-01-12 21:44:00,M62/2099A,286.0,106.21644,0.07790262172284644
2020-01-12 21:59:00,M62/2099A,248.0,107.82578,0.06654368606406172
2020-01-12 22:14:00,M62/2099A,248.0,107.82578,0.06654368606406172
2020-01-12 22:29:00,M62/2099A,211.0,107.82578,0.056615797417407354
2020-01-12 22:44:00,M62/2099A,184.0,107.82578,0.04937112191849741
2020-01-12 22:59:00,M62/2099A,145.0,106.21644,0.03949608443990467
2020-01-12 23:14:00,M62/2099A,154.0,107.82578,0.04132148247526413
2020-01-12 23:29:00,M62/2099A,140.0,106.21644,0.03813415049370106
2020-01-12 23:44:00,M62/2099A,106.0,104.6071,0.02931719965427831
2020-01-12 23:59:00,M62/2099A,102.0,101.38842,0.029106474050294283
2020-01-13 00:14:00,M62/2099A,105.0,99.77908,0.030445813700616168
2020-01-13 00:29:00,M62/2099A,82.0,104.6071,0.022679343128781334
2020-01-13 00:44:00,M62/2099A,84.0,99.77908,0.024356650960492936
2020-01-13 00:59:00,M62/2099A,64.0,99.77908,0.018557448350851758
2020-01-13 01:14:00,M62/2099A,65.0,94.95106,0.019805751285469436
2020-01-13 01:29:00,M62/2099A,80.0,102.99776,0.022471910112359553
2020-01-13 01:44:00,M62/2099A,59.0,99.77908,0.017107647698441468
2020-01-13 01:59:00,M62/2099A,69.0,94.95106,0.02102456674919063
2020-01-13 02:14:00,M62/2099A,55.0,98.16974,0.016209246638423283
2020-01-13 02:29:00,M62/2099A,56.0,96.5604,0.016779026217228467
2020-01-13 02:44:00,M62/2099A,61.0,94.95106,0.01858693582174824
2020-01-13 02:59:00,M62/2099A,58.0,101.38842,0.016550740146245767
2020-01-13 03:14:00,M62/2099A,62.0,98.16974,0.0182722416651317
2020-01-13 03:29:00,M62/2099A,100.0,99.77908,0.028996013048205874
2020-01-13 03:44:00,M62/2099A,104.0,99.77908,0.03015585357013411
2020-01-13 03:59:00,M62/2099A,103.0,102.99776,0.02893258426966292
2020-01-13 04:14:00,M62/2099A,129.0,101.38842,0.03681112894596041
2020-01-13 04:29:00,M62/2099A,177.0,99.77908,0.0513229430953244
2020-01-13 04:44:00,M62/2099A,264.0,101.38842,0.07533440342429108
2020-01-13 04:59:00,M62/2099A,334.0,101.38842,0.09530943463527734
2020-01-13 05:14:00,M62/2099A,399.0,102.99776,0.11207865168539326
2020-01-13 05:29:00,M62/2099A,471.0,104.6071,0.13026793431287814
2020-01-13 05:44:00,M62/2099A,592.0,104.6071,0.16373379429559207
2020-01-13 05:59:00,M62/2099A,680.0,102.99776,0.1910112359550562
2020-01-13 06:14:00,M62/2099A,875.0,101.38842,0.2496878901373284
2020-01-13 06:29:00,M62/2099A,1148.0,98.16974,0.3383311843801805
2020-01-13 06:44:00,M62/2099A,1253.0,98.16974,0.36927610978080677
2020-01-13 06:59:00,M62/2099A,1193.0,96.5604,0.35745318352059924
2020-01-13 07:14:00,M62/2099A,1105.0,59.54558,0.5368964470088067
2020-01-13 07:29:00,M62/2099A,1159.0,88.5137,0.37883554647599593
2020-01-13 07:44:00,M62/2099A,1134.0,91.73238,0.3576581904198699
2020-01-13 07:59:00,M62/2099A,1048.0,91.73238,0.33053420067021483
2020-01-13 08:14:00,M62/2099A,1069.0,91.73238,0.3371575004928051
2020-01-13 08:29:00,M62/2099A,1084.0,91.73238,0.3418884289375123
2020-01-13 08:44:00,M62/2099A,1111.0,90.12304,0.356661316211878
2020-01-13 08:59:00,M62/2099A,1102.0,91.73238,0.34756554307116105
2020-01-13 09:14:00,M62/2099A,1099.0,90.12304,0.352808988764045
2020-01-13 09:29:00,M62/2099A,1129.0,93.34172,0.3499418829910888
2020-01-13 09:44:00,M62/2099A,1052.0,96.5604,0.3152059925093633
2020-01-13 09:59:00,M62/2099A,1006.0,96.5604,0.30142322097378277
2020-01-13 10:14:00,M62/2099A,887.0,99.77908,0.2571946357375861
2020-01-13 10:29:00,M62/2099A,988.0,98.16974,0.29117701234113097
2020-01-13 10:44:00,M62/2099A,950.0,99.77908,0.27546212395795583
2020-01-13 10:59:00,M62/2099A,907.0,98.16974,0.2673052127463621
2020-01-13 11:14:00,M62/2099A,897.0,99.77908,0.2600942370424067
2020-01-13 11:29:00,M62/2099A,930.0,99.77908,0.26966292134831465
2020-01-13 11:44:00,M62/2099A,900.0,99.77908,0.2609641174338529
2020-01-13 11:59:00,M62/2099A,917.0,99.77908,0.26589343965204787
2020-01-13 12:14:00,M62/2099A,948.0,99.77908,0.2748822036969917
2020-01-13 12:29:00,M62/2099A,955.0,99.77908,0.2769119246103661
2020-01-13 12:44:00,M62/2099A,871.0,99.77908,0.2525552736498732
2020-01-13 12:59:00,M62/2099A,963.0,98.16974,0.2838091729600295
2020-01-13 13:14:00,M62/2099A,925.0,98.16974,0.2726100571007552
2020-01-13 13:29:00,M62/2099A,968.0,98.16974,0.28528274083624977
2020-01-13 13:44:00,M62/2099A,881.0,96.5604,0.26397003745318354
2020-01-13 13:59:00,M62/2099A,1055.0,96.5604,0.3161048689138577
2020-01-13 14:14:00,M62/2099A,985.0,98.16974,0.2902928716153988
2020-01-13 14:29:00,M62/2099A,1010.0,96.5604,0.302621722846442
2020-01-13 14:44:00,M62/2099A,992.0,98.16974,0.2923558666421072
2020-01-13 14:59:00,M62/2099A,1016.0,96.5604,0.30441947565543076
2020-01-13 15:14:00,M62/2099A,1076.0,98.16974,0.3171118069626082
2020-01-13 15:29:00,M62/2099A,1055.0,98.16974,0.310922821882483
2020-01-13 15:44:00,M62/2099A,1108.0,96.5604,0.3319850187265918
2020-01-13 15:59:00,M62/2099A,1162.0,94.95106,0.3540658922110075
2020-01-13 16:14:00,M62/2099A,1294.0,90.12304,0.4154093097913323
2020-01-13 16:29:00,M62/2099A,1351.0,90.12304,0.4337078651685393
2020-01-13 16:44:00,M62/2099A,1340.0,88.5137,0.43799795709908074
2020-01-13 16:59:00,M62/2099A,1230.0,90.12304,0.39486356340288925
2020-01-13 17:14:00,M62/2099A,1224.0,90.12304,0.39293739967897273
2020-01-13 17:29:00,M62/2099A,1232.0,88.5137,0.40269662921348315
2020-01-13 17:44:00,M62/2099A,1124.0,90.12304,0.3608346709470305
2020-01-13 17:59:00,M62/2099A,882.0,90.12304,0.28314606741573034
2020-01-13 18:14:00,M62/2099A,965.0,90.12304,0.3097913322632424
2020-01-13 18:29:00,M62/2099A,933.0,93.34172,0.2891902363425029
2020-01-13 18:44:00,M62/2099A,756.0,98.16974,0.2228034628845091
2020-01-13 18:59:00,M62/2099A,651.0,101.38842,0.1857677902621723
2020-01-13 19:14:00,M62/2099A,557.0,104.6071,0.15405358686257564
2020-01-13 19:29:00,M62/2099A,501.0,102.99776,0.1407303370786517
2020-01-13 19:44:00,M62/2099A,485.0,102.99776,0.1362359550561798
2020-01-13 19:59:00,M62/2099A,443.0,101.38842,0.12641341180667023
2020-01-13 20:14:00,M62/2099A,360.0,104.6071,0.09956784788245462
2020-01-13 20:29:00,M62/2099A,339.0,101.38842,0.09673622257891923
2020-01-13 20:44:00,M62/2099A,300.0,102.99776,0.08426966292134831
2020-01-13 20:59:00,M62/2099A,263.0,101.38842,0.0750490458355627
2020-01-13 21:14:00,M62/2099A,245.0,101.38842,0.06991260923845194
2020-01-13 21:29:00,M62/2099A,282.0,101.38842,0.08047084002140183
2020-01-13 21:44:00,M62/2099A,266.0,101.38842,0.07590511860174783
2020-01-13 21:59:00,M62/2099A,204.0,101.38842,0.058212948100588566
2020-01-13 22:14:00,M62/2099A,217.0,104.6071,0.060017286084701825
2020-01-13 22:29:00,M62/2099A,190.0,102.99776,0.05337078651685394
2020-01-13 22:44:00,M62/2099A,163.0,101.38842,0.046513286962725164
2020-01-13 22:59:00,M62/2099A,149.0,101.38842,0.042518280720527914
2020-01-13 23:14:00,M62/2099A,142.0,101.38842,0.040520777599429285
2020-01-13 23:29:00,M62/2099A,124.0,101.38842,0.035384341002318534
2020-01-13 23:44:00,M62/2099A,116.0,101.38842,0.033101480292491534
2020-01-13 23:59:00,M62/2099A,116.0,98.16974,0.03418677472831092
2020-01-14 00:14:00,M62/2099A,108.0,98.16974,0.03182906612635845
2020-01-14 00:29:00,M62/2099A,105.0,99.77908,0.030445813700616168
2020-01-14 00:44:00,M62/2099A,87.0,99.77908,0.025226531351939113
2020-01-14 00:59:00,M62/2099A,91.0,96.5604,0.027265917602996254
2020-01-14 01:14:00,M62/2099A,100.0,98.16974,0.029471357524405974
2020-01-14 01:29:00,M62/2099A,79.0,94.95106,0.02407160540849362
2020-01-14 01:44:00,M62/2099A,87.0,93.34172,0.026966292134831465
2020-01-14 01:59:00,M62/2099A,72.0,90.12304,0.023113964686998393
2020-01-14 02:14:00,M62/2099A,77.0,93.34172,0.023866718326230146
2020-01-14 02:29:00,M62/2099A,80.0,94.95106,0.024376309274423923
2020-01-14 02:44:00,M62/2099A,84.0,94.95106,0.02559512473814512
2020-01-14 02:59:00,M62/2099A,77.0,94.95106,0.023462197676633025
2020-01-14 03:14:00,M62/2099A,70.0,94.95106,0.02132927061512093
2020-01-14 03:29:00,M62/2099A,71.0,96.5604,0.021273408239700375
2020-01-14 03:44:00,M62/2099A,87.0,99.77908,0.025226531351939113
2020-01-14 03:59:00,M62/2099A,105.0,98.16974,0.03094492540062627
2020-01-14 04:14:00,M62/2099A,122.0,98.16974,0.035955056179775284
2020-01-14 04:29:00,M62/2099A,155.0,96.5604,0.046441947565543075
2020-01-14 04:44:00,M62/2099A,183.0,98.16974,0.05393258426966292
2020-01-14 04:59:00,M62/2099A,223.0,98.16974,0.0657211272794253
2020-01-14 05:14:00,M62/2099A,286.0,99.77908,0.0829285973178688
2020-01-14 05:29:00,M62/2099A,356.0,98.16974,0.10491803278688526
2020-01-14 05:44:00,M62/2099A,502.0,101.38842,0.14324950954164437
2020-01-14 05:59:00,M62/2099A,528.0,99.77908,0.15309894889452702
2020-01-14 06:14:00,M62/2099A,661.0,101.38842,0.18862136614945607
2020-01-14 06:29:00,M62/2099A,956.0,101.38842,0.2728018548243268
2020-01-14 06:44:00,M62/2099A,1240.0,96.5604,0.3715355805243446
2020-01-14 06:59:00,M62/2099A,1186.0,98.16974,0.3495303002394548
2020-01-14 07:14:00,M62/2099A,1226.0,96.5604,0.3673408239700375
2020-01-14 07:29:00,M62/2099A,1137.0,98.16974,0.33508933505249583
2020-01-14 07:44:00,M62/2099A,1174.0,96.5604,0.35176029962546823
2020-01-14 07:59:00,M62/2099A,1135.0,96.5604,0.3400749063670412
2020-01-14 08:14:00,M62/2099A,1060.0,86.90436,0.35289221806075743
2020-01-14 08:29:00,M62/2099A,1043.0,75.63898,0.39894812335644275
2020-01-14 08:44:00,M62/2099A,1198.0,80.467,0.4307415730337079
2020-01-14 08:59:00,M62/2099A,1105.0,90.12304,0.3547351524879615
2020-01-14 09:14:00,M62/2099A,1170.0,90.12304,0.37560192616372395
2020-01-14 09:29:00,M62/2099A,1113.0,83.68568,0.38478824546240276
2020-01-14 09:44:00,M62/2099A,1016.0,93.34172,0.3149166989538939
2020-01-14 09:59:00,M62/2099A,947.0,99.77908,0.27459224356650963
2020-01-14 10:14:00,M62/2099A,874.0,101.38842,0.2494025325486
2020-01-14 10:29:00,M62/2099A,880.0,99.77908,0.2551649148242117
2020-01-14 10:44:00,M62/2099A,861.0,99.77908,0.2496556723450526
2020-01-14 10:59:00,M62/2099A,941.0,98.16974,0.27732547430466015
2020-01-14 11:14:00,M62/2099A,935.0,96.5604,0.2801498127340824
2020-01-14 11:29:00,M62/2099A,914.0,96.5604,0.2738576779026218
2020-01-14 11:44:00,M62/2099A,939.0,98.16974,0.27673604715417205
2020-01-14 11:59:00,M62/2099A,864.0,96.5604,0.25887640449438204
2020-01-14 12:14:00,M62/2099A,924.0,96.5604,0.2768539325842697
2020-01-14 12:29:00,M62/2099A,928.0,96.5604,0.27805243445692884
2020-01-14 12:44:00,M62/2099A,931.0,96.5604,0.2789513108614232
2020-01-14 12:59:00,M62/2099A,932.0,93.34172,0.2888802789616428
2020-01-14 13:14:00,M62/2099A,900.0,93.34172,0.2789616427741186
2020-01-14 13:29:00,M62/2099A,1021.0,93.34172,0.31646648585819454
2020-01-14 13:44:00,M62/2099A,919.0,94.95106,0.28002285278994477
2020-01-14 13:59:00,M62/2099A,1032.0,93.34172,0.319876017047656
2020-01-14 14:14:00,M62/2099A,1090.0,93.34172,0.3378535451375436
2020-01-14 14:29:00,M62/2099A,1062.0,91.73238,0.334949733885275
2020-01-14 14:44:00,M62/2099A,1110.0,91.73238,0.35008870490833827
2020-01-14 14:59:00,M62/2099A,1017.0,94.95106,0.3098838316511141
2020-01-14 15:14:00,M62/2099A,1116.0,96.5604,0.3343820224719101
2020-01-14 15:29:00,M62/2099A,1129.0,96.5604,0.33827715355805243
2020-01-14 15:44:00,M62/2099A,1108.0,98.16974,0.32654264137041816
2020-01-14 15:59:00,M62/2099A,1279.0,93.34172,0.39643549012010854
2020-01-14 16:14:00,M62/2099A,1365.0,93.34172,0.42309182487407987
2020-01-14 16:29:00,M62/2099A,1385.0,91.73238,0.436822393061305
2020-01-14 16:44:00,M62/2099A,1291.0,85.29502,0.43790544837820655
2020-01-14 16:59:00,M62/2099A,1241.0,75.63898,0.47468324169256515
2020-01-14 17:14:00,M62/2099A,1324.0,78.85766,0.4857601467553314
2020-01-14 17:29:00,M62/2099A,1350.0,82.07634,0.4758757435558493
2020-01-14 17:44:00,M62/2099A,1245.0,86.90436,0.4144818976279651
2020-01-14 17:59:00,M62/2099A,1097.0,91.73238,0.3459885669229253
2020-01-14 18:14:00,M62/2099A,996.0,99.77908,0.2888002899601305
2020-01-14 18:29:00,M62/2099A,907.0,99.77908,0.2629938383472273
2020-01-14 18:44:00,M62/2099A,777.0,101.38842,0.2217228464419476
2020-01-14 18:59:00,M62/2099A,677.0,101.38842,0.19318708756911004
2020-01-14 19:14:00,M62/2099A,557.0,104.6071,0.15405358686257564
2020-01-14 19:29:00,M62/2099A,535.0,102.99776,0.1502808988764045
2020-01-14 19:44:00,M62/2099A,420.0,102.99776,0.11797752808988766
2020-01-14 19:59:00,M62/2099A,404.0,104.6071,0.11173725151253243
2020-01-14 20:14:00,M62/2099A,409.0,102.99776,0.11488764044943822
2020-01-14 20:29:00,M62/2099A,365.0,104.6071,0.10095073465859983
2020-01-14 20:44:00,M62/2099A,310.0,102.99776,0.08707865168539326
2020-01-14 20:59:00,M62/2099A,275.0,104.6071,0.07605877268798618
2020-01-14 21:14:00,M62/2099A,304.0,102.99776,0.08539325842696631
2020-01-14 21:29:00,M62/2099A,281.0,102.99776,0.07893258426966293
2020-01-14 21:44:00,M62/2099A,260.0,102.99776,0.07303370786516855
2020-01-14 21:59:00,M62/2099A,216.0,104.6071,0.05974070872947277
2020-01-14 22:14:00,M62/2099A,214.0,101.38842,0.0610665239878723
2020-01-14 22:29:00,M62/2099A,208.0,102.99776,0.058426966292134834
2020-01-14 22:44:00,M62/2099A,197.0,104.6071,0.05448573898012101
2020-01-14 22:59:00,M62/2099A,167.0,102.99776,0.04691011235955057
2020-01-14 23:14:00,M62/2099A,148.0,102.99776,0.04157303370786517
2020-01-14 23:29:00,M62/2099A,151.0,98.16974,0.04450174986185301
2020-01-14 23:44:00,M62/2099A,103.0,99.77908,0.029865893439652055
2020-01-14 23:59:00,M62/2099A,115.0,101.38842,0.032816122703763155
2020-01-15 00:14:00,M62/2099A,104.0,96.5604,0.03116104868913858
2020-01-15 00:29:00,M62/2099A,92.0,96.5604,0.02756554307116105
2020-01-15 00:44:00,M62/2099A,98.0,94.95106,0.029860978861169302
2020-01-15 00:59:00,M62/2099A,77.0,96.5604,0.02307116104868914
2020-01-15 01:14:00,M62/2099A,71.0,94.95106,0.02163397448105123
2020-01-15 01:29:00,M62/2099A,77.0,96.5604,0.02307116104868914
2020-01-15 01:44:00,M62/2099A,76.0,93.34172,0.023556760945370014
2020-01-15 01:59:00,M62/2099A,82.0,96.5604,0.02456928838951311
2020-01-15 02:14:00,M62/2099A,81.0,94.95106,0.024681013140354223
2020-01-15 02:29:00,M62/2099A,69.0,93.34172,0.021387059279349092
2020-01-15 02:44:00,M62/2099A,81.0,93.34172,0.02510654784967067
2020-01-15 02:59:00,M62/2099A,76.0,94.95106,0.023157493810702725
2020-01-15 03:14:00,M62/2099A,79.0,93.34172,0.02448663308795041
2020-01-15 03:29:00,M62/2099A,83.0,94.95106,0.02529042087221482
2020-01-15 03:44:00,M62/2099A,92.0,96.5604,0.02756554307116105
2020-01-15 03:59:00,M62/2099A,105.0,96.5604,0.03146067415730337
2020-01-15 04:14:00,M62/2099A,122.0,98.16974,0.035955056179775284
2020-01-15 04:29:00,M62/2099A,158.0,98.16974,0.04656474488856143
2020-01-15 04:44:00,M62/2099A,200.0,98.16974,0.05894271504881195
2020-01-15 04:59:00,M62/2099A,228.0,99.77908,0.0661109097499094
2020-01-15 05:14:00,M62/2099A,261.0,99.77908,0.07567959405581734
2020-01-15 05:29:00,M62/2099A,360.0,101.38842,0.1027287319422151
2020-01-15 05:44:00,M62/2099A,486.0,101.38842,0.1386837881219904
2020-01-15 05:59:00,M62/2099A,536.0,101.38842,0.15295166755840917
2020-01-15 06:14:00,M62/2099A,708.0,102.99776,0.19887640449438204
2020-01-15 06:29:00,M62/2099A,969.0,99.77908,0.28097136643711496
2020-01-15 06:44:00,M62/2099A,1151.0,98.16974,0.33921532510591274
2020-01-15 06:59:00,M62/2099A,1269.0,96.5604,0.38022471910112365
2020-01-15 07:14:00,M62/2099A,1231.0,96.5604,0.3688389513108614
2020-01-15 07:29:00,M62/2099A,1245.0,93.34172,0.3858969391708641
2020-01-15 07:44:00,M62/2099A,1237.0,94.95106,0.3769186821557799
2020-01-15 07:59:00,M62/2099A,1216.0,86.90436,0.4048272992093217
2020-01-15 08:14:00,M62/2099A,1053.0,83.68568,0.36404494382022473
2020-01-15 08:29:00,M62/2099A,983.0,85.29502,0.333432266270935
2020-01-15 08:44:00,M62/2099A,1067.0,93.34172,0.33072452537776065
2020-01-15 08:59:00,M62/2099A,1237.0,98.16974,0.3645606925769018
2020-01-15 09:14:00,M62/2099A,1202.0,96.5604,0.3601498127340824
2020-01-15 09:29:00,M62/2099A,949.0,101.38842,0.27080435170322814
2020-01-15 09:44:00,M62/2099A,933.0,101.38842,0.26623863028357414
2020-01-15 09:59:00,M62/2099A,998.0,99.77908,0.2893802102210946
2020-01-15 10:14:00,M62/2099A,957.0,99.77908,0.2774918448713302
2020-01-15 10:29:00,M62/2099A,1066.0,98.16974,0.3141646712101676
2020-01-15 10:44:00,M62/2099A,1097.0,96.5604,0.32868913857677906
2020-01-15 10:59:00,M62/2099A,1064.0,98.16974,0.31357524405967946
2020-01-15 11:14:00,M62/2099A,899.0,98.16974,0.26494750414440965
2020-01-15 11:29:00,M62/2099A,905.0,98.16974,0.26671578559587406
2020-01-15 11:44:00,M62/2099A,902.0,99.77908,0.261544037694817
2020-01-15 11:59:00,M62/2099A,872.0,99.77908,0.2528452337803552
2020-01-15 12:14:00,M62/2099A,878.0,99.77908,0.25458499456324757
2020-01-15 12:29:00,M62/2099A,937.0,99.77908,0.27169264226168904
2020-01-15 12:44:00,M62/2099A,896.0,99.77908,0.25980427691192465
2020-01-15 12:59:00,M62/2099A,924.0,98.16974,0.2723153435255112
2020-01-15 13:14:00,M62/2099A,943.0,99.77908,0.27343240304458144
2020-01-15 13:29:00,M62/2099A,967.0,99.77908,0.2803914461761508
2020-01-15 13:44:00,M62/2099A,963.0,99.77908,0.27923160565422256
2020-01-15 13:59:00,M62/2099A,1079.0,98.16974,0.3179959476883404
2020-01-15 14:14:00,M62/2099A,969.0,99.77908,0.28097136643711496
2020-01-15 14:29:00,M62/2099A,1006.0,99.77908,0.29169989126495116
2020-01-15 14:44:00,M62/2099A,1013.0,99.77908,0.2937296121783255
2020-01-15 14:59:00,M62/2099A,1091.0,99.77908,0.3163465023559261
2020-01-15 15:14:00,M62/2099A,1096.0,99.77908,0.31779630300833644
2020-01-15 15:29:00,M62/2099A,1164.0,98.16974,0.34304660158408545
2020-01-15 15:44:00,M62/2099A,1247.0,94.95106,0.3799657208150829
2020-01-15 15:59:00,M62/2099A,1255.0,93.34172,0.38899651297946536
2020-01-15 16:14:00,M62/2099A,1250.0,96.5604,0.37453183520599254
2020-01-15 16:29:00,M62/2099A,1504.0,90.12304,0.48282504012841093
2020-01-15 16:44:00,M62/2099A,1454.0,90.12304,0.4667736757624398
2020-01-15 16:59:00,M62/2099A,1380.0,90.12304,0.4430176565008026
2020-01-15 17:14:00,M62/2099A,1375.0,90.12304,0.4414125200642055
2020-01-15 17:29:00,M62/2099A,1255.0,91.73238,0.3958210132071753
2020-01-15 17:44:00,M62/2099A,1164.0,70.81096,0.4755873340143004
2020-01-15 17:59:00,M62/2099A,890.0,25.74944,1.0
2020-01-15 18:14:00,M62/2099A,774.0,22.53076,0.993900481540931
2020-01-15 18:29:00,M62/2099A,706.0,20.92142,0.9763180639585134
2020-01-15 18:44:00,M62/2099A,694.0,38.62416,0.5198501872659176
2020-01-15 18:59:00,M62/2099A,527.0,82.07634,0.1857677902621723
2020-01-15 19:14:00,M62/2099A,503.0,94.95106,0.1532660445629404
2020-01-15 19:29:00,M62/2099A,547.0,104.6071,0.15128781331028524
2020-01-15 19:44:00,M62/2099A,471.0,107.82578,0.12637933925876238
2020-01-15 19:59:00,M62/2099A,511.0,102.99776,0.14353932584269666
2020-01-15 20:14:00,M62/2099A,444.0,102.99776,0.12471910112359551
2020-01-15 20:29:00,M62/2099A,414.0,104.6071,0.11450302506482284
2020-01-15 20:44:00,M62/2099A,341.0,102.99776,0.0957865168539326
2020-01-15 20:59:00,M62/2099A,293.0,102.99776,0.08230337078651687
2020-01-15 21:14:00,M62/2099A,285.0,102.99776,0.0800561797752809
2020-01-15 21:29:00,M62/2099A,311.0,104.6071,0.08601555747623164
2020-01-15 21:44:00,M62/2099A,298.0,102.99776,0.08370786516853933
2020-01-15 21:59:00,M62/2099A,233.0,101.38842,0.06648831817371144
2020-01-15 22:14:00,M62/2099A,243.0,104.6071,0.06720829732065688
2020-01-15 22:29:00,M62/2099A,323.0,109.43512,0.08539325842696631
2020-01-15 22:44:00,M62/2099A,290.0,109.43512,0.07666886979510906
2020-01-15 22:59:00,M62/2099A,319.0,107.82578,0.08559449941304714
2020-01-15 23:14:00,M62/2099A,280.0,107.82578,0.07512996813684389
2020-01-15 23:29:00,M62/2099A,182.0,106.21644,0.049574395641811375
2020-01-15 23:44:00,M62/2099A,122.0,102.99776,0.034269662921348316
2020-01-15 23:59:00,M62/2099A,132.0,99.77908,0.038274737223631755
2020-01-16 00:14:00,M62/2099A,112.0,101.38842,0.031960049937578026
2020-01-16 00:29:00,M62/2099A,119.0,99.77908,0.03450525552736499
2020-01-16 00:44:00,M62/2099A,108.0,98.16974,0.03182906612635845
2020-01-16 00:59:00,M62/2099A,97.0,98.16974,0.02858721679867379
2020-01-16 01:14:00,M62/2099A,85.0,96.5604,0.02546816479400749
2020-01-16 01:29:00,M62/2099A,72.0,94.95106,0.02193867834698153
2020-01-16 01:44:00,M62/2099A,72.0,98.16974,0.021219377417572297
2020-01-16 01:59:00,M62/2099A,90.0,94.95106,0.027423347933726912
2020-01-16 02:14:00,M62/2099A,70.0,93.34172,0.021697016660209227
2020-01-16 02:29:00,M62/2099A,74.0,94.95106,0.022548086078842126
2020-01-16 02:44:00,M62/2099A,71.0,96.5604,0.021273408239700375
2020-01-16 02:59:00,M62/2099A,81.0,98.16974,0.023871799594768834
2020-01-16 03:14:00,M62/2099A,68.0,96.5604,0.020374531835205992
2020-01-16 03:29:00,M62/2099A,79.0,94.95106,0.02407160540849362
2020-01-16 03:44:00,M62/2099A,115.0,99.77908,0.03334541500543676
2020-01-16 03:59:00,M62/2099A,100.0,94.95106,0.0304703865930299
2020-01-16 04:14:00,M62/2099A,122.0,96.5604,0.03655430711610487
2020-01-16 04:29:00,M62/2099A,138.0,98.16974,0.04067047338368024
2020-01-16 04:44:00,M62/2099A,154.0,98.16974,0.045385890587585194
2020-01-16 04:59:00,M62/2099A,209.0,99.77908,0.06060166727075028
2020-01-16 05:14:00,M62/2099A,292.0,98.16974,0.08605636397126543
2020-01-16 05:29:00,M62/2099A,385.0,99.77908,0.11163465023559262
2020-01-16 05:44:00,M62/2099A,470.0,101.38842,0.1341180667023364
2020-01-16 05:59:00,M62/2099A,500.0,101.38842,0.14267879436418765
2020-01-16 06:14:00,M62/2099A,672.0,101.38842,0.19176029962546817
2020-01-16 06:29:00,M62/2099A,925.0,99.77908,0.26821312069590436
2020-01-16 06:44:00,M62/2099A,1224.0,98.16974,0.3607294160987291
2020-01-16 06:59:00,M62/2099A,1262.0,96.5604,0.37812734082397004
2020-01-16 07:14:00,M62/2099A,1204.0,96.5604,0.36074906367041204
2020-01-16 07:29:00,M62/2099A,1230.0,96.5604,0.3685393258426966
2020-01-16 07:44:00,M62/2099A,1269.0,96.5604,0.38022471910112365
2020-01-16 07:59:00,M62/2099A,1266.0,94.95106,0.38575509426775856
2020-01-16 08:14:00,M62/2099A,1145.0,99.77908,0.3320043494019573
2020-01-16 08:29:00,M62/2099A,1199.0,96.5604,0.359250936329588
2020-01-16 08:44:00,M62/2099A,1208.0,93.34172,0.3744285160790392
2020-01-16 08:59:00,M62/2099A,1124.0,90.12304,0.3608346709470305
2020-01-16 09:14:00,M62/2099A,1156.0,94.95106,0.35223766901542564
2020-01-16 09:29:00,M62/2099A,1034.0,99.77908,0.29981877491844877
2020-01-16 09:44:00,M62/2099A,983.0,99.77908,0.28503080826386373
2020-01-16 09:59:00,M62/2099A,907.0,99.77908,0.2629938383472273
2020-01-16 10:14:00,M62/2099A,966.0,99.77908,0.28010148604566876
2020-01-16 10:29:00,M62/2099A,967.0,98.16974,0.28498802726100575
2020-01-16 10:44:00,M62/2099A,961.0,98.16974,0.28321974580954135
2020-01-16 10:59:00,M62/2099A,868.0,98.16974,0.25581138331184383
2020-01-16 11:14:00,M62/2099A,911.0,99.77908,0.26415367886915553
2020-01-16 11:29:00,M62/2099A,943.0,99.77908,0.27343240304458144
2020-01-16 11:44:00,M62/2099A,987.0,99.77908,0.28619064878579203
2020-01-16 11:59:00,M62/2099A,901.0,99.77908,0.26125407756433494
2020-01-16 12:14:00,M62/2099A,916.0,98.16974,0.2699576349235587
2020-01-16 12:29:00,M62/2099A,946.0,99.77908,0.2743022834360276
2020-01-16 12:44:00,M62/2099A,1027.0,98.16974,0.3026708417756493
2020-01-16 12:59:00,M62/2099A,1022.0,98.16974,0.301197273899429
2020-01-16 13:14:00,M62/2099A,1006.0,98.16974,0.29648185669552407
2020-01-16 13:29:00,M62/2099A,929.0,96.5604,0.27835205992509365
2020-01-16 13:44:00,M62/2099A,979.0,98.16974,0.28852459016393445
2020-01-16 13:59:00,M62/2099A,1156.0,94.95106,0.35223766901542564
2020-01-16 14:14:00,M62/2099A,1071.0,98.16974,0.31563823908638794
2020-01-16 14:29:00,M62/2099A,1178.0,94.95106,0.3589411540658923
2020-01-16 14:44:00,M62/2099A,1138.0,96.5604,0.3409737827715356
2020-01-16 14:59:00,M62/2099A,1146.0,96.5604,0.343370786516854
2020-01-16 15:14:00,M62/2099A,1125.0,91.73238,0.35481963335304556
2020-01-16 15:29:00,M62/2099A,1160.0,91.73238,0.36585846639069586
2020-01-16 15:44:00,M62/2099A,1277.0,91.73238,0.4027597082594126
2020-01-16 15:59:00,M62/2099A,1302.0,91.73238,0.41064458900059136
2020-01-16 16:14:00,M62/2099A,1365.0,91.73238,0.43051448846836193
2020-01-16 16:29:00,M62/2099A,1437.0,88.5137,0.46970377936670077
2020-01-16 16:44:00,M62/2099A,1454.0,90.12304,0.4667736757624398
2020-01-16 16:59:00,M62/2099A,1365.0,91.73238,0.43051448846836193
2020-01-16 17:14:00,M62/2099A,1265.0,91.73238,0.39897496550364675
2020-01-16 17:29:00,M62/2099A,1286.0,91.73238,0.40559826532623694
2020-01-16 17:44:00,M62/2099A,1142.0,91.73238,0.3601813522570471
2020-01-16 17:59:00,M62/2099A,1088.0,91.73238,0.3431500098561009
2020-01-16 18:14:00,M62/2099A,982.0,93.34172,0.3043781480046494
2020-01-16 18:29:00,M62/2099A,883.0,93.34172,0.27369236729949636
2020-01-16 18:44:00,M62/2099A,823.0,93.34172,0.25509492444788845
2020-01-16 18:59:00,M62/2099A,696.0,99.77908,0.2018122508155129
2020-01-16 19:14:00,M62/2099A,669.0,102.99776,0.18792134831460677
2020-01-16 19:29:00,M62/2099A,554.0,104.6071,0.15322385479688852
2020-01-16 19:44:00,M62/2099A,503.0,102.99776,0.14129213483146066
2020-01-16 19:59:00,M62/2099A,462.0,104.6071,0.12777873811581678
2020-01-16 20:14:00,M62/2099A,458.0,104.6071,0.1266724286949006
2020-01-16 20:29:00,M62/2099A,411.0,104.6071,0.1136732929991357
2020-01-16 20:44:00,M62/2099A,393.0,104.6071,0.10869490060501297
2020-01-16 20:59:00,M62/2099A,327.0,102.99776,0.09185393258426967
2020-01-16 21:14:00,M62/2099A,288.0,102.99776,0.08089887640449439
2020-01-16 21:29:00,M62/2099A,296.0,102.99776,0.08314606741573034
2020-01-16 21:44:00,M62/2099A,257.0,102.99776,0.07219101123595506
2020-01-16 21:59:00,M62/2099A,205.0,101.38842,0.05849830568931693
2020-01-16 22:14:00,M62/2099A,247.0,104.6071,0.06831460674157303
2020-01-16 22:29:00,M62/2099A,236.0,104.6071,0.06527225583405359
2020-01-16 22:44:00,M62/2099A,187.0,102.99776,0.052528089887640454
2020-01-16 22:59:00,M62/2099A,169.0,102.99776,0.04747191011235956
2020-01-16 23:14:00,M62/2099A,156.0,102.99776,0.04382022471910113
2020-01-16 23:29:00,M62/2099A,152.0,101.38842,0.04337435348671304
2020-01-16 23:44:00,M62/2099A,140.0,101.38842,0.039950062421972535
2020-01-16 23:59:00,M62/2099A,170.0,102.99776,0.04775280898876405
2020-01-17 00:14:00,M62/2099A,135.0,104.6071,0.03733794295592049
2020-01-17 00:29:00,M62/2099A,115.0,102.99776,0.032303370786516857
2020-01-17 00:44:00,M62/2099A,116.0,98.16974,0.03418677472831092
2020-01-17 00:59:00,M62/2099A,79.0,94.95106,0.02407160540849362
2020-01-17 01:14:00,M62/2099A,73.0,94.95106,0.02224338221291183
2020-01-17 01:29:00,M62/2099A,84.0,94.95106,0.02559512473814512
2020-01-17 01:44:00,M62/2099A,106.0,99.77908,0.03073577383109823
2020-01-17 01:59:00,M62/2099A,92.0,94.95106,0.02803275566558751
2020-01-17 02:14:00,M62/2099A,77.0,93.34172,0.023866718326230146
2020-01-17 02:29:00,M62/2099A,76.0,93.34172,0.023556760945370014
2020-01-17 02:44:00,M62/2099A,83.0,93.34172,0.025726462611390936
2020-01-17 02:59:00,M62/2099A,83.0,96.5604,0.024868913857677904
2020-01-17 03:14:00,M62/2099A,71.0,94.95106,0.02163397448105123
2020-01-17 03:29:00,M62/2099A,77.0,94.95106,0.023462197676633025
2020-01-17 03:44:00,M62/2099A,105.0,96.5604,0.03146067415730337
2020-01-17 03:59:00,M62/2099A,104.0,98.16974,0.030650211825382207
2020-01-17 04:14:00,M62/2099A,108.0,96.5604,0.032359550561797755
2020-01-17 04:29:00,M62/2099A,128.0,98.16974,0.03772333763123964
2020-01-17 04:44:00,M62/2099A,183.0,99.77908,0.05306270387821675
2020-01-17 04:59:00,M62/2099A,205.0,99.77908,0.05944182674882205
2020-01-17 05:14:00,M62/2099A,237.0,96.5604,0.07101123595505619
2020-01-17 05:29:00,M62/2099A,328.0,99.77908,0.09510692279811526
2020-01-17 05:44:00,M62/2099A,427.0,101.38842,0.12184769038701625
2020-01-17 05:59:00,M62/2099A,440.0,99.77908,0.12758245741210586
2020-01-17 06:14:00,M62/2099A,611.0,102.99776,0.17162921348314608
2020-01-17 06:29:00,M62/2099A,891.0,99.77908,0.25835447625951435
2020-01-17 06:44:00,M62/2099A,1107.0,98.16974,0.32624792779517403
2020-01-17 06:59:00,M62/2099A,1037.0,98.16974,0.3056179775280899
2020-01-17 07:14:00,M62/2099A,933.0,98.16974,0.2749677657027077
2020-01-17 07:29:00,M62/2099A,1049.0,94.95106,0.3196343553608837
2020-01-17 07:44:00,M62/2099A,1154.0,90.12304,0.3704654895666131
2020-01-17 07:59:00,M62/2099A,1085.0,91.73238,0.3422038241671595
2020-01-17 08:14:00,M62/2099A,1064.0,91.73238,0.3355805243445693
2020-01-17 08:29:00,M62/2099A,1027.0,91.73238,0.3239109008476247
2020-01-17 08:44:00,M62/2099A,1069.0,93.34172,0.3313444401394809
2020-01-17 08:59:00,M62/2099A,1134.0,94.95106,0.3455341839649591
2020-01-17 09:14:00,M62/2099A,876.0,96.5604,0.26247191011235954
2020-01-17 09:29:00,M62/2099A,836.0,96.5604,0.2504868913857678
2020-01-17 09:44:00,M62/2099A,786.0,96.5604,0.23550561797752811
2020-01-17 09:59:00,M62/2099A,874.0,96.5604,0.26187265917603
2020-01-17 10:14:00,M62/2099A,872.0,96.5604,0.26127340823970036
2020-01-17 10:29:00,M62/2099A,853.0,98.16974,0.2513906796831829
2020-01-17 10:44:00,M62/2099A,921.0,98.16974,0.271431202799779
2020-01-17 10:59:00,M62/2099A,899.0,91.73238,0.2835403114527893
2020-01-17 11:14:00,M62/2099A,1031.0,94.95106,0.3141496857741383
2020-01-17 11:29:00,M62/2099A,1019.0,96.5604,0.30531835205992514
2020-01-17 11:44:00,M62/2099A,1093.0,98.16974,0.32212193774175724
2020-01-17 11:59:00,M62/2099A,1026.0,98.16974,0.3023761282004052
2020-01-17 12:14:00,M62/2099A,1042.0,98.16974,0.30709154540431016
2020-01-17 12:29:00,M62/2099A,1006.0,98.16974,0.29648185669552407
2020-01-17 12:44:00,M62/2099A,1230.0,93.34172,0.3812475784579621
2020-01-17 12:59:00,M62/2099A,1138.0,98.16974,0.33538404862773996
2020-01-17 13:14:00,M62/2099A,1097.0,98.16974,0.3233007920427335
2020-01-17 13:29:00,M62/2099A,1108.0,99.77908,0.3212758245741211
2020-01-17 13:44:00,M62/2099A,1265.0,98.16974,0.3728126726837355
2020-01-17 13:59:00,M62/2099A,1255.0,98.16974,0.3698655369312949
2020-01-17 14:14:00,M62/2099A,1264.0,98.16974,0.37251795910849145
2020-01-17 14:29:00,M62/2099A,1303.0,96.5604,0.39041198501872665
2020-01-17 14:44:00,M62/2099A,1272.0,98.16974,0.3748756677104439
2020-01-17 14:59:00,M62/2099A,1202.0,96.5604,0.3601498127340824
2020-01-17 15:14:00,M62/2099A,1286.0,98.16974,0.3790016577638608
2020-01-17 15:29:00,M62/2099A,1308.0,94.95106,0.3985526566368311
2020-01-17 15:44:00,M62/2099A,1387.0,94.95106,0.4226242620453247
2020-01-17 15:59:00,M62/2099A,1310.0,88.5137,0.42819203268641476
2020-01-17 16:14:00,M62/2099A,1350.0,54.71756,0.713813615333774
2020-01-17 16:29:00,M62/2099A,1420.0,64.3736,0.6382022471910114
2020-01-17 16:44:00,M62/2099A,1346.0,80.467,0.4839550561797753
2020-01-17 16:59:00,M62/2099A,1243.0,91.73238,0.39203627045140943
2020-01-17 17:14:00,M62/2099A,1214.0,91.73238,0.38288980879164203
2020-01-17 17:29:00,M62/2099A,1156.0,91.73238,0.3645968854721072
2020-01-17 17:44:00,M62/2099A,1154.0,91.73238,0.36396609501281296
2020-01-17 17:59:00,M62/2099A,944.0,93.34172,0.2925997675319644
2020-01-17 18:14:00,M62/2099A,792.0,102.99776,0.2224719101123596
2020-01-17 18:29:00,M62/2099A,728.0,104.6071,0.20134831460674157
2020-01-17 18:44:00,M62/2099A,797.0,102.99776,0.22387640449438204
2020-01-17 18:59:00,M62/2099A,735.0,102.99776,0.20646067415730338
2020-01-17 19:14:00,M62/2099A,707.0,106.21644,0.19257745999319034
2020-01-17 19:29:00,M62/2099A,677.0,104.6071,0.18724286949006053
2020-01-17 19:44:00,M62/2099A,633.0,104.6071,0.1750734658599827
2020-01-17 19:59:00,M62/2099A,544.0,102.99776,0.15280898876404495
2020-01-17 20:14:00,M62/2099A,478.0,104.6071,0.13220397579948143
2020-01-17 20:29:00,M62/2099A,456.0,104.6071,0.12611927398444253
2020-01-17 20:44:00,M62/2099A,336.0,104.6071,0.09292999135695766
2020-01-17 20:59:00,M62/2099A,371.0,102.99776,0.10421348314606742
2020-01-17 21:14:00,M62/2099A,339.0,104.6071,0.09375972342264477
2020-01-17 21:29:00,M62/2099A,302.0,102.99776,0.08483146067415731
2020-01-17 21:44:00,M62/2099A,275.0,102.99776,0.07724719101123596
2020-01-17 21:59:00,M62/2099A,249.0,101.38842,0.07105403959336544
2020-01-17 22:14:00,M62/2099A,255.0,104.6071,0.07052722558340536
2020-01-17 22:29:00,M62/2099A,225.0,104.6071,0.062229904926534144
2020-01-17 22:44:00,M62/2099A,173.0,102.99776,0.048595505617977534
2020-01-17 22:59:00,M62/2099A,154.0,102.99776,0.04325842696629214
2020-01-17 23:14:00,M62/2099A,167.0,104.6071,0.04618841832324978
2020-01-17 23:29:00,M62/2099A,135.0,102.99776,0.037921348314606744
2020-01-17 23:44:00,M62/2099A,158.0,102.99776,0.044382022471910115
2020-01-17 23:59:00,M62/2099A,160.0,104.6071,0.0442523768366465
2020-01-18 00:14:00,M62/2099A,125.0,99.77908,0.036245016310257346
2020-01-18 00:29:00,M62/2099A,117.0,102.99776,0.03286516853932585
2020-01-18 00:44:00,M62/2099A,103.0,101.38842,0.029391831639022654
2020-01-18 00:59:00,M62/2099A,111.0,102.99776,0.031179775280898877
2020-01-18 01:14:00,M62/2099A,90.0,101.38842,0.025682182985553775
2020-01-18 01:29:00,M62/2099A,93.0,98.16974,0.027408362497697552
2020-01-18 01:44:00,M62/2099A,79.0,96.5604,0.023670411985018725
2020-01-18 01:59:00,M62/2099A,87.0,99.77908,0.025226531351939113
2020-01-18 02:14:00,M62/2099A,66.0,96.5604,0.019775280898876407
2020-01-18 02:29:00,M62/2099A,58.0,93.34172,0.017977528089887642
2020-01-18 02:44:00,M62/2099A,68.0,94.95106,0.020719862883260335
2020-01-18 02:59:00,M62/2099A,66.0,94.95106,0.020110455151399736
2020-01-18 03:14:00,M62/2099A,53.0,96.5604,0.01588014981273408
2020-01-18 03:29:00,M62/2099A,63.0,93.34172,0.0195273149941883
2020-01-18 03:44:00,M62/2099A,69.0,98.16974,0.02033523669184012
2020-01-18 03:59:00,M62/2099A,77.0,96.5604,0.02307116104868914
2020-01-18 04:14:00,M62/2099A,76.0,96.5604,0.022771535580524346
2020-01-18 04:29:00,M62/2099A,92.0,94.95106,0.02803275566558751
2020-01-18 04:44:00,M62/2099A,93.0,98.16974,0.027408362497697552
2020-01-18 04:59:00,M62/2099A,113.0,99.77908,0.032765494744472635
2020-01-18 05:14:00,M62/2099A,122.0,98.16974,0.035955056179775284
2020-01-18 05:29:00,M62/2099A,155.0,98.16974,0.04568060416282926
2020-01-18 05:44:00,M62/2099A,212.0,101.38842,0.06049580881041556
2020-01-18 05:59:00,M62/2099A,183.0,102.99776,0.05140449438202248
2020-01-18 06:14:00,M62/2099A,214.0,102.99776,0.0601123595505618
2020-01-18 06:29:00,M62/2099A,277.0,102.99776,0.07780898876404495
2020-01-18 06:44:00,M62/2099A,290.0,104.6071,0.08020743301642179
2020-01-18 06:59:00,M62/2099A,320.0,106.21644,0.08716377255703099
2020-01-18 07:14:00,M62/2099A,317.0,106.21644,0.08634661218930882
2020-01-18 07:29:00,M62/2099A,372.0,104.6071,0.10288677614520311
2020-01-18 07:44:00,M62/2099A,430.0,104.6071,0.11892826274848747
2020-01-18 07:59:00,M62/2099A,483.0,104.6071,0.13358686257562663
2020-01-18 08:14:00,M62/2099A,456.0,104.6071,0.12611927398444253
2020-01-18 08:29:00,M62/2099A,504.0,106.21644,0.1372829417773238
2020-01-18 08:44:00,M62/2099A,587.0,104.6071,0.16235090751944686
2020-01-18 08:59:00,M62/2099A,550.0,104.6071,0.15211754537597236
2020-01-18 09:14:00,M62/2099A,607.0,104.6071,0.16788245462402768
2020-01-18 09:29:00,M62/2099A,686.0,102.99776,0.19269662921348316
2020-01-18 09:44:00,M62/2099A,824.0,102.99776,0.23146067415730337
2020-01-18 09:59:00,M62/2099A,842.0,104.6071,0.23287813310285221
2020-01-18 10:14:00,M62/2099A,764.0,104.6071,0.21130509939498704
2020-01-18 10:29:00,M62/2099A,849.0,102.99776,0.23848314606741577
2020-01-18 10:44:00,M62/2099A,986.0,104.6071,0.2727052722558341
2020-01-18 10:59:00,M62/2099A,975.0,102.99776,0.27387640449438205
2020-01-18 11:14:00,M62/2099A,1021.0,102.99776,0.2867977528089888
2020-01-18 11:29:00,M62/2099A,963.0,104.6071,0.2663439930855661
2020-01-18 11:44:00,M62/2099A,1014.0,104.6071,0.2804494382022472
2020-01-18 11:59:00,M62/2099A,987.0,102.99776,0.27724719101123596
2020-01-18 12:14:00,M62/2099A,987.0,102.99776,0.27724719101123596
2020-01-18 12:29:00,M62/2099A,983.0,104.6071,0.2718755401901469
2020-01-18 12:44:00,M62/2099A,893.0,104.6071,0.24698357821953332
2020-01-18 12:59:00,M62/2099A,810.0,104.6071,0.2240276577355229
2020-01-18 13:14:00,M62/2099A,921.0,104.6071,0.2547277441659464
2020-01-18 13:29:00,M62/2099A,1098.0,101.38842,0.3133226324237561
2020-01-18 13:44:00,M62/2099A,944.0,104.6071,0.26108902333621437
2020-01-18 13:59:00,M62/2099A,876.0,104.6071,0.2422817631806396
2020-01-18 14:14:00,M62/2099A,902.0,106.21644,0.24569288389513108
2020-01-18 14:29:00,M62/2099A,904.0,106.21644,0.24623765747361254
2020-01-18 14:44:00,M62/2099A,839.0,106.21644,0.2285325161729656
2020-01-18 14:59:00,M62/2099A,898.0,106.21644,0.24460333673816823
2020-01-18 15:14:00,M62/2099A,870.0,106.21644,0.236976506639428
2020-01-18 15:29:00,M62/2099A,811.0,106.21644,0.22090568607422542
2020-01-18 15:44:00,M62/2099A,890.0,104.6071,0.24615384615384617
2020-01-18 15:59:00,M62/2099A,850.0,104.6071,0.23509075194468454
2020-01-18 16:14:00,M62/2099A,854.0,104.6071,0.23619706136560073
2020-01-18 16:29:00,M62/2099A,884.0,106.21644,0.24078992168879806
2020-01-18 16:44:00,M62/2099A,843.0,106.21644,0.2296220633299285
2020-01-18 16:59:00,M62/2099A,796.0,104.6071,0.22015557476231634
2020-01-18 17:14:00,M62/2099A,845.0,102.99776,0.23735955056179778
2020-01-18 17:29:00,M62/2099A,864.0,104.6071,0.23896283491789108
2020-01-18 17:44:00,M62/2099A,889.0,106.21644,0.24215185563500172
2020-01-18 17:59:00,M62/2099A,963.0,104.6071,0.2663439930855661
2020-01-18 18:14:00,M62/2099A,832.0,106.21644,0.22662580864828058
2020-01-18 18:29:00,M62/2099A,780.0,106.21644,0.21246169560776304
2020-01-18 18:44:00,M62/2099A,743.0,106.21644,0.20238338440585632
2020-01-18 18:59:00,M62/2099A,626.0,107.82578,0.16796914304880098
2020-01-18 19:14:00,M62/2099A,553.0,106.21644,0.15062989445011918
2020-01-18 19:29:00,M62/2099A,475.0,107.82578,0.12745262451786016
2020-01-18 19:44:00,M62/2099A,450.0,106.21644,0.12257405515832483
2020-01-18 19:59:00,M62/2099A,400.0,107.82578,0.10732852590977697
2020-01-18 20:14:00,M62/2099A,368.0,106.21644,0.10023833844058563
2020-01-18 20:29:00,M62/2099A,387.0,106.21644,0.10541368743615935
2020-01-18 20:44:00,M62/2099A,294.0,107.82578,0.07888646654368607
2020-01-18 20:59:00,M62/2099A,290.0,109.43512,0.07666886979510906
2020-01-18 21:14:00,M62/2099A,269.0,107.82578,0.07217843367432501
2020-01-18 21:29:00,M62/2099A,273.0,106.21644,0.07436159346271706
2020-01-18 21:44:00,M62/2099A,270.0,106.21644,0.0735444330949949
2020-01-18 21:59:00,M62/2099A,234.0,106.21644,0.06373850868232891
2020-01-18 22:14:00,M62/2099A,225.0,107.82578,0.06037229582424954
2020-01-18 22:29:00,M62/2099A,278.0,106.21644,0.07572352740892067
2020-01-18 22:44:00,M62/2099A,221.0,106.21644,0.060197480422199516
2020-01-18 22:59:00,M62/2099A,174.0,106.21644,0.0473953013278856
2020-01-18 23:14:00,M62/2099A,149.0,106.21644,0.04058563159686755
2020-01-18 23:29:00,M62/2099A,150.0,107.82578,0.04024819721616636
2020-01-18 23:44:00,M62/2099A,139.0,107.82578,0.0372966627536475
2020-01-18 23:59:00,M62/2099A,150.0,107.82578,0.04024819721616636
2020-01-19 00:14:00,M62/2099A,126.0,104.6071,0.034848746758859114
2020-01-19 00:29:00,M62/2099A,126.0,107.82578,0.03380848566157975
2020-01-19 00:44:00,M62/2099A,84.0,107.82578,0.02253899044105316
2020-01-19 00:59:00,M62/2099A,95.0,104.6071,0.02627484874675886
2020-01-19 01:14:00,M62/2099A,96.0,102.99776,0.02696629213483146
2020-01-19 01:29:00,M62/2099A,57.0,102.99776,0.016011235955056182
2020-01-19 01:44:00,M62/2099A,65.0,104.6071,0.017977528089887642
2020-01-19 01:59:00,M62/2099A,55.0,102.99776,0.015449438202247192
2020-01-19 02:14:00,M62/2099A,68.0,101.38842,0.019404316033529517
2020-01-19 02:29:00,M62/2099A,64.0,102.99776,0.017977528089887642
2020-01-19 02:44:00,M62/2099A,61.0,104.6071,0.01687121866897148
2020-01-19 02:59:00,M62/2099A,58.0,101.38842,0.016550740146245767
2020-01-19 03:14:00,M62/2099A,47.0,99.77908,0.013628126132656763
2020-01-19 03:29:00,M62/2099A,44.0,102.99776,0.012359550561797753
2020-01-19 03:44:00,M62/2099A,39.0,98.16974,0.011493829434518328
2020-01-19 03:59:00,M62/2099A,45.0,98.16974,0.013262110885982685
2020-01-19 04:14:00,M62/2099A,37.0,96.5604,0.011086142322097379
2020-01-19 04:29:00,M62/2099A,51.0,98.16974,0.015030392337447044
2020-01-19 04:44:00,M62/2099A,63.0,101.38842,0.017977528089887642
2020-01-19 04:59:00,M62/2099A,60.0,98.16974,0.017682814514643583
2020-01-19 05:14:00,M62/2099A,72.0,98.16974,0.021219377417572297
2020-01-19 05:29:00,M62/2099A,100.0,101.38842,0.02853575887283753
2020-01-19 05:44:00,M62/2099A,117.0,102.99776,0.03286516853932585
2020-01-19 05:59:00,M62/2099A,152.0,106.21644,0.041402791964589715
2020-01-19 06:14:00,M62/2099A,133.0,104.6071,0.036784788245462406
2020-01-19 06:29:00,M62/2099A,145.0,104.6071,0.040103716508210895
2020-01-19 06:44:00,M62/2099A,173.0,106.21644,0.04712291453864488
2020-01-19 06:59:00,M62/2099A,173.0,104.6071,0.04784788245462403
2020-01-19 07:14:00,M62/2099A,182.0,106.21644,0.049574395641811375
2020-01-19 07:29:00,M62/2099A,221.0,107.82578,0.05929901056515178
2020-01-19 07:44:00,M62/2099A,251.0,104.6071,0.0694209161624892
2020-01-19 07:59:00,M62/2099A,300.0,102.99776,0.08426966292134831
2020-01-19 08:14:00,M62/2099A,277.0,106.21644,0.07545114061967995
2020-01-19 08:29:00,M62/2099A,323.0,104.6071,0.08933448573898013
2020-01-19 08:44:00,M62/2099A,363.0,104.6071,0.10039757994814176
2020-01-19 08:59:00,M62/2099A,377.0,107.82578,0.1011571356699648
2020-01-19 09:14:00,M62/2099A,433.0,106.21644,0.11794347974123257
2020-01-19 09:29:00,M62/2099A,521.0,106.21644,0.14191351719441606
2020-01-19 09:44:00,M62/2099A,588.0,107.82578,0.15777293308737214
2020-01-19 09:59:00,M62/2099A,545.0,106.21644,0.14845080013619338
2020-01-19 10:14:00,M62/2099A,664.0,106.21644,0.1808648280558393
2020-01-19 10:29:00,M62/2099A,764.0,107.82578,0.20499748448767402
2020-01-19 10:44:00,M62/2099A,847.0,107.82578,0.22726815361395272
2020-01-19 10:59:00,M62/2099A,882.0,107.82578,0.2366593996310582
2020-01-19 11:14:00,M62/2099A,845.0,106.21644,0.23016683690840994
2020-01-19 11:29:00,M62/2099A,925.0,106.21644,0.2519577800476677
2020-01-19 11:44:00,M62/2099A,943.0,106.21644,0.2568607422540007
2020-01-19 11:59:00,M62/2099A,981.0,106.21644,0.26721144024514815
2020-01-19 12:14:00,M62/2099A,896.0,106.21644,0.24405856315968674
2020-01-19 12:29:00,M62/2099A,947.0,106.21644,0.25795028941096354
2020-01-19 12:44:00,M62/2099A,923.0,104.6071,0.25528089887640454
2020-01-19 12:59:00,M62/2099A,1004.0,102.99776,0.28202247191011237
2020-01-19 13:14:00,M62/2099A,952.0,104.6071,0.2633016421780467
2020-01-19 13:29:00,M62/2099A,1005.0,102.99776,0.2823033707865169
2020-01-19 13:44:00,M62/2099A,910.0,106.21644,0.24787197820905688
2020-01-19 13:59:00,M62/2099A,954.0,104.6071,0.2638547968885048
2020-01-19 14:14:00,M62/2099A,958.0,106.21644,0.26094654409261153
2020-01-19 14:29:00,M62/2099A,915.0,104.6071,0.25306828003457216
2020-01-19 14:44:00,M62/2099A,962.0,104.6071,0.2660674157303371
2020-01-19 14:59:00,M62/2099A,925.0,104.6071,0.25583405358686256
2020-01-19 15:14:00,M62/2099A,913.0,106.21644,0.24868913857677905
2020-01-19 15:29:00,M62/2099A,903.0,106.21644,0.24596527068437182
2020-01-19 15:44:00,M62/2099A,944.0,106.21644,0.25713312904324137
2020-01-19 15:59:00,M62/2099A,938.0,106.21644,0.2554988083077971
2020-01-19 16:14:00,M62/2099A,1047.0,102.99776,0.2941011235955056
2020-01-19 16:29:00,M62/2099A,980.0,104.6071,0.27104580812445983
2020-01-19 16:44:00,M62/2099A,929.0,104.6071,0.2569403630077787
2020-01-19 16:59:00,M62/2099A,917.0,106.21644,0.2497786857337419
2020-01-19 17:14:00,M62/2099A,879.0,104.6071,0.2431114952463267
2020-01-19 17:29:00,M62/2099A,897.0,104.6071,0.24808988764044945
2020-01-19 17:44:00,M62/2099A,878.0,106.21644,0.23915560095335375
2020-01-19 17:59:00,M62/2099A,777.0,106.21644,0.21164453524004087
2020-01-19 18:14:00,M62/2099A,729.0,106.21644,0.19856996935648621
2020-01-19 18:29:00,M62/2099A,639.0,106.21644,0.17405515832482124
2020-01-19 18:44:00,M62/2099A,636.0,106.21644,0.17323799795709907
2020-01-19 18:59:00,M62/2099A,613.0,107.82578,0.16448096595673323
2020-01-19 19:14:00,M62/2099A,592.0,107.82578,0.15884621834646992
2020-01-19 19:29:00,M62/2099A,577.0,106.21644,0.1571671773918965
2020-01-19 19:44:00,M62/2099A,608.0,107.82578,0.163139359382861
2020-01-19 19:59:00,M62/2099A,610.0,107.82578,0.16367600201240987
2020-01-19 20:14:00,M62/2099A,579.0,109.43512,0.15307336417713155
2020-01-19 20:29:00,M62/2099A,548.0,109.43512,0.14487772637144747
2020-01-19 20:44:00,M62/2099A,495.0,107.82578,0.132819050813349
2020-01-19 20:59:00,M62/2099A,435.0,111.04446,0.11333659013190035
2020-01-19 21:14:00,M62/2099A,391.0,107.82578,0.104913634076807
2020-01-19 21:29:00,M62/2099A,322.0,107.82578,0.08639946335737046
2020-01-19 21:44:00,M62/2099A,298.0,107.82578,0.07995975180278385
2020-01-19 21:59:00,M62/2099A,272.0,106.21644,0.07408920667347633
2020-01-19 22:14:00,M62/2099A,234.0,107.82578,0.06278718765721954
2020-01-19 22:29:00,M62/2099A,193.0,107.82578,0.05178601375146739
2020-01-19 22:44:00,M62/2099A,182.0,104.6071,0.050337078651685394
2020-01-19 22:59:00,M62/2099A,169.0,106.21644,0.04603336738168198
2020-01-19 23:14:00,M62/2099A,144.0,106.21644,0.03922369765066395
2020-01-19 23:29:00,M62/2099A,128.0,106.21644,0.0348655090228124
2020-01-19 23:44:00,M62/2099A,142.0,102.99776,0.039887640449438204
2020-01-19 23:59:00,M62/2099A,112.0,101.38842,0.031960049937578026
2020-01-20 00:14:00,M62/2099A,89.0,102.99776,0.025
2020-01-20 00:29:00,M62/2099A,90.0,102.99776,0.025280898876404497
2020-01-20 00:44:00,M62/2099A,88.0,102.99776,0.024719101123595506
2020-01-20 00:59:00,M62/2099A,75.0,98.16974,0.02210351814330448
2020-01-20 01:14:00,M62/2099A,60.0,104.6071,0.01659464131374244
2020-01-20 01:29:00,M62/2099A,65.0,99.77908,0.01884740848133382
2020-01-20 01:44:00,M62/2099A,85.0,98.16974,0.025050653895745074
2020-01-20 01:59:00,M62/2099A,55.0,98.16974,0.016209246638423283
2020-01-20 02:14:00,M62/2099A,65.0,98.16974,0.019156382390863883
2020-01-20 02:29:00,M62/2099A,59.0,94.95106,0.017977528089887642
2020-01-20 02:44:00,M62/2099A,55.0,96.5604,0.01647940074906367
2020-01-20 02:59:00,M62/2099A,65.0,99.77908,0.01884740848133382
2020-01-20 03:14:00,M62/2099A,79.0,99.77908,0.022906850308082642
2020-01-20 03:29:00,M62/2099A,87.0,101.38842,0.02482611021936865
2020-01-20 03:44:00,M62/2099A,104.0,98.16974,0.030650211825382207
2020-01-20 03:59:00,M62/2099A,114.0,102.99776,0.032022471910112364
2020-01-20 04:14:00,M62/2099A,158.0,101.38842,0.0450864990190833
2020-01-20 04:29:00,M62/2099A,195.0,101.38842,0.05564472980203318
2020-01-20 04:44:00,M62/2099A,253.0,101.38842,0.07219546994827894
2020-01-20 04:59:00,M62/2099A,321.0,102.99776,0.0901685393258427
2020-01-20 05:14:00,M62/2099A,366.0,102.99776,0.10280898876404496
2020-01-20 05:29:00,M62/2099A,469.0,102.99776,0.13174157303370787
2020-01-20 05:44:00,M62/2099A,635.0,102.99776,0.17837078651685395
2020-01-20 05:59:00,M62/2099A,684.0,102.99776,0.19213483146067417
2020-01-20 06:14:00,M62/2099A,822.0,101.38842,0.2345639379347245
2020-01-20 06:29:00,M62/2099A,1097.0,98.16974,0.3233007920427335
2020-01-20 06:44:00,M62/2099A,1263.0,96.5604,0.37842696629213485
2020-01-20 06:59:00,M62/2099A,1214.0,96.5604,0.36374531835206
2020-01-20 07:14:00,M62/2099A,1174.0,94.95106,0.357722338602171
2020-01-20 07:29:00,M62/2099A,1218.0,94.95106,0.3711293087031042
2020-01-20 07:44:00,M62/2099A,1265.0,90.12304,0.40609951845906905
2020-01-20 07:59:00,M62/2099A,1123.0,91.73238,0.35418884289375124
2020-01-20 08:14:00,M62/2099A,1059.0,91.73238,0.33400354819633354
2020-01-20 08:29:00,M62/2099A,1129.0,91.73238,0.35608121427163414
2020-01-20 08:44:00,M62/2099A,1269.0,90.12304,0.40738362760834673
2020-01-20 08:59:00,M62/2099A,1129.0,90.12304,0.36243980738362763
2020-01-20 09:14:00,M62/2099A,1150.0,90.12304,0.36918138041733545
2020-01-20 09:29:00,M62/2099A,1063.0,91.73238,0.3352651291149221
2020-01-20 09:44:00,M62/2099A,975.0,94.95106,0.2970862692820415
2020-01-20 09:59:00,M62/2099A,964.0,98.16974,0.2841038865352735
2020-01-20 10:14:00,M62/2099A,950.0,98.16974,0.27997789648185667
2020-01-20 10:29:00,M62/2099A,918.0,99.77908,0.2661833997825299
2020-01-20 10:44:00,M62/2099A,937.0,98.16974,0.2761466200036839
2020-01-20 10:59:00,M62/2099A,932.0,98.16974,0.2746730521274636
2020-01-20 11:14:00,M62/2099A,831.0,99.77908,0.24095686843059083
2020-01-20 11:29:00,M62/2099A,851.0,99.77908,0.246756071040232
2020-01-20 11:44:00,M62/2099A,917.0,99.77908,0.26589343965204787
2020-01-20 11:59:00,M62/2099A,851.0,99.77908,0.246756071040232
2020-01-20 12:14:00,M62/2099A,862.0,99.77908,0.24994563247553464
2020-01-20 12:29:00,M62/2099A,957.0,98.16974,0.28204089150856515
2020-01-20 12:44:00,M62/2099A,892.0,99.77908,0.2586444363899964
2020-01-20 12:59:00,M62/2099A,960.0,99.77908,0.2783617252627764
2020-01-20 13:14:00,M62/2099A,933.0,99.77908,0.2705328017397608
2020-01-20 13:29:00,M62/2099A,907.0,99.77908,0.2629938383472273
2020-01-20 13:44:00,M62/2099A,992.0,96.5604,0.2972284644194757
2020-01-20 13:59:00,M62/2099A,984.0,98.16974,0.2899981580401547
2020-01-20 14:14:00,M62/2099A,994.0,98.16974,0.2929452937925954
2020-01-20 14:29:00,M62/2099A,953.0,99.77908,0.27633200434940197
2020-01-20 14:44:00,M62/2099A,1008.0,98.16974,0.29707128384601217
2020-01-20 14:59:00,M62/2099A,1033.0,98.16974,0.30443912322711364
2020-01-20 15:14:00,M62/2099A,1070.0,98.16974,0.31534352551114386
2020-01-20 15:29:00,M62/2099A,1082.0,98.16974,0.31888008841407256
2020-01-20 15:44:00,M62/2099A,1158.0,98.16974,0.3412783201326211
2020-01-20 15:59:00,M62/2099A,1111.0,99.77908,0.3221457049655673
2020-01-20 16:14:00,M62/2099A,1286.0,91.73238,0.40559826532623694
2020-01-20 16:29:00,M62/2099A,1403.0,91.73238,0.4424995071949537
2020-01-20 16:44:00,M62/2099A,1409.0,91.73238,0.4443918785728366
2020-01-20 16:59:00,M62/2099A,1307.0,91.73238,0.41222156514882713
2020-01-20 17:14:00,M62/2099A,1282.0,91.73238,0.40433668440764836
2020-01-20 17:29:00,M62/2099A,1362.0,91.73238,0.4295683027794205
2020-01-20 17:44:00,M62/2099A,1145.0,91.73238,0.36112753794598856
2020-01-20 17:59:00,M62/2099A,1128.0,93.34172,0.3496319256102286
2020-01-20 18:14:00,M62/2099A,1027.0,93.34172,0.3183262301433553
2020-01-20 18:29:00,M62/2099A,838.0,93.34172,0.25974428516079046
2020-01-20 18:44:00,M62/2099A,762.0,99.77908,0.22094961942732877
2020-01-20 18:59:00,M62/2099A,653.0,102.99776,0.18342696629213487
2020-01-20 19:14:00,M62/2099A,596.0,102.99776,0.16741573033707866
2020-01-20 19:29:00,M62/2099A,528.0,102.99776,0.14831460674157304
2020-01-20 19:44:00,M62/2099A,483.0,102.99776,0.1356741573033708
2020-01-20 19:59:00,M62/2099A,413.0,91.73238,0.1302582298442736
2020-01-20 20:14:00,M62/2099A,368.0,64.3736,0.1653932584269663
2020-01-20 20:29:00,M62/2099A,362.0,74.02964,0.14147532975085492
2020-01-20 20:44:00,M62/2099A,365.0,80.467,0.1312359550561798
2020-01-20 20:59:00,M62/2099A,296.0,85.29502,0.10040279838880646
2020-01-20 21:14:00,M62/2099A,289.0,83.68568,0.09991356957649093
2020-01-20 21:29:00,M62/2099A,263.0,83.68568,0.09092480553154711
2020-01-20 21:44:00,M62/2099A,249.0,82.07634,0.08777263714474554
2020-01-20 21:59:00,M62/2099A,208.0,85.29502,0.07055331778672887
2020-01-20 22:14:00,M62/2099A,199.0,85.29502,0.06750052999788002
2020-01-20 22:29:00,M62/2099A,196.0,83.68568,0.06776145203111496
2020-01-20 22:44:00,M62/2099A,159.0,85.29502,0.05393258426966293
2020-01-20 22:59:00,M62/2099A,145.0,101.38842,0.041376850365614413
2020-01-20 23:14:00,M62/2099A,158.0,99.77908,0.045813700616165284
2020-01-20 23:29:00,M62/2099A,137.0,99.77908,0.039724537876042056
2020-01-20 23:44:00,M62/2099A,134.0,69.20162,0.05602299451267311
2020-01-20 23:59:00,M62/2099A,146.0,74.02964,0.05705911089399121
2020-01-21 00:14:00,M62/2099A,111.0,101.38842,0.031674692348849655
2020-01-21 00:29:00,M62/2099A,95.0,101.38842,0.02710897092919565
2020-01-21 00:44:00,M62/2099A,95.0,99.77908,0.027546212395795584
2020-01-21 00:59:00,M62/2099A,85.0,98.16974,0.025050653895745074
2020-01-21 01:14:00,M62/2099A,101.0,98.16974,0.02976607109965003
2020-01-21 01:29:00,M62/2099A,82.0,98.16974,0.024166513170012893
2020-01-21 01:44:00,M62/2099A,82.0,98.16974,0.024166513170012893
2020-01-21 01:59:00,M62/2099A,83.0,96.5604,0.024868913857677904
2020-01-21 02:14:00,M62/2099A,81.0,94.95106,0.024681013140354223
2020-01-21 02:29:00,M62/2099A,68.0,94.95106,0.020719862883260335
2020-01-21 02:44:00,M62/2099A,65.0,94.95106,0.019805751285469436
2020-01-21 02:59:00,M62/2099A,69.0,93.34172,0.021387059279349092
2020-01-21 03:14:00,M62/2099A,71.0,96.5604,0.021273408239700375
2020-01-21 03:29:00,M62/2099A,92.0,96.5604,0.02756554307116105
2020-01-21 03:44:00,M62/2099A,94.0,98.16974,0.02770307607294161
2020-01-21 03:59:00,M62/2099A,75.0,98.16974,0.02210351814330448
2020-01-21 04:14:00,M62/2099A,110.0,98.16974,0.032418493276846566
2020-01-21 04:29:00,M62/2099A,131.0,96.5604,0.03925093632958802
2020-01-21 04:44:00,M62/2099A,169.0,98.16974,0.049806594216246086
2020-01-21 04:59:00,M62/2099A,227.0,99.77908,0.06582094961942733
2020-01-21 05:14:00,M62/2099A,276.0,101.38842,0.07875869448903157
2020-01-21 05:29:00,M62/2099A,347.0,101.38842,0.09901908328874622
2020-01-21 05:44:00,M62/2099A,472.0,102.99776,0.13258426966292136
2020-01-21 05:59:00,M62/2099A,555.0,101.38842,0.15837346174424827
2020-01-21 06:14:00,M62/2099A,729.0,101.38842,0.2080256821829856
2020-01-21 06:29:00,M62/2099A,1005.0,99.77908,0.29140993113446906
2020-01-21 06:44:00,M62/2099A,1199.0,98.16974,0.3533615767176275
2020-01-21 06:59:00,M62/2099A,1149.0,94.95106,0.3501047419539136
2020-01-21 07:14:00,M62/2099A,1246.0,93.34172,0.3862068965517242
2020-01-21 07:29:00,M62/2099A,1193.0,94.95106,0.3635117120548467
2020-01-21 07:44:00,M62/2099A,1180.0,94.95106,0.35955056179775285
2020-01-21 07:59:00,M62/2099A,1171.0,96.5604,0.3508614232209738
2020-01-21 08:14:00,M62/2099A,1172.0,96.5604,0.3511610486891386
2020-01-21 08:29:00,M62/2099A,1049.0,93.34172,0.32514529252227825
2020-01-21 08:44:00,M62/2099A,1025.0,82.07634,0.3613130645516634
2020-01-21 08:59:00,M62/2099A,1109.0,80.467,0.3987415730337079
2020-01-21 09:14:00,M62/2099A,1173.0,86.90436,0.39051186017478157
2020-01-21 09:29:00,M62/2099A,1232.0,88.5137,0.40269662921348315
2020-01-21 09:44:00,M62/2099A,1126.0,91.73238,0.3551350285826927
2020-01-21 09:59:00,M62/2099A,996.0,91.73238,0.314133648728563
2020-01-21 10:14:00,M62/2099A,1006.0,98.16974,0.29648185669552407
2020-01-21 10:29:00,M62/2099A,1032.0,98.16974,0.3041444096518696
2020-01-21 10:44:00,M62/2099A,1001.0,98.16974,0.29500828881930374
2020-01-21 10:59:00,M62/2099A,955.0,96.5604,0.2861423220973783
2020-01-21 11:14:00,M62/2099A,855.0,99.77908,0.24791591156216022
2020-01-21 11:29:00,M62/2099A,903.0,98.16974,0.2661263584453859
2020-01-21 11:44:00,M62/2099A,888.0,98.16974,0.261705654816725
2020-01-21 11:59:00,M62/2099A,887.0,98.16974,0.26141094124148095
2020-01-21 12:14:00,M62/2099A,890.0,98.16974,0.26229508196721313
2020-01-21 12:29:00,M62/2099A,948.0,99.77908,0.2748822036969917
2020-01-21 12:44:00,M62/2099A,937.0,99.77908,0.27169264226168904
2020-01-21 12:59:00,M62/2099A,941.0,99.77908,0.2728524827836173
2020-01-21 13:14:00,M62/2099A,966.0,98.16974,0.2846933136857617
2020-01-21 13:29:00,M62/2099A,1029.0,96.5604,0.30831460674157307
2020-01-21 13:44:00,M62/2099A,978.0,98.16974,0.28822987658869037
2020-01-21 13:59:00,M62/2099A,992.0,98.16974,0.2923558666421072
2020-01-21 14:14:00,M62/2099A,1091.0,99.77908,0.3163465023559261
2020-01-21 14:29:00,M62/2099A,1042.0,99.77908,0.3021384559623052
2020-01-21 14:44:00,M62/2099A,1090.0,98.16974,0.32123779701602506
2020-01-21 14:59:00,M62/2099A,1154.0,98.16974,0.3400994658316449
2020-01-21 15:14:00,M62/2099A,1077.0,98.16974,0.3174065205378523
2020-01-21 15:29:00,M62/2099A,1171.0,98.16974,0.3451095966107939
2020-01-21 15:44:00,M62/2099A,1169.0,98.16974,0.3445201694603058
2020-01-21 15:59:00,M62/2099A,1238.0,98.16974,0.3648554061521459
2020-01-21 16:14:00,M62/2099A,1396.0,96.5604,0.4182771535580525
2020-01-21 16:29:00,M62/2099A,1432.0,94.95106,0.4363359360121882
2020-01-21 16:44:00,M62/2099A,1411.0,91.73238,0.4450226690321309
2020-01-21 16:59:00,M62/2099A,1331.0,75.63898,0.5091082954817117
2020-01-21 17:14:00,M62/2099A,1291.0,90.12304,0.414446227929374
2020-01-21 17:29:00,M62/2099A,1230.0,91.73238,0.38793613246599645
2020-01-21 17:44:00,M62/2099A,1280.0,90.12304,0.4109149277688604
2020-01-21 17:59:00,M62/2099A,1093.0,91.73238,0.34472698600433666
2020-01-21 18:14:00,M62/2099A,1045.0,93.34172,0.3239054629988377
2020-01-21 18:29:00,M62/2099A,925.0,93.34172,0.2867105772956219
2020-01-21 18:44:00,M62/2099A,786.0,101.38842,0.22429106474050298
2020-01-21 18:59:00,M62/2099A,615.0,104.6071,0.17009507346586
2020-01-21 19:14:00,M62/2099A,629.0,102.99776,0.17668539325842697
2020-01-21 19:29:00,M62/2099A,587.0,104.6071,0.16235090751944686
2020-01-21 19:44:00,M62/2099A,470.0,104.6071,0.1299913569576491
2020-01-21 19:59:00,M62/2099A,429.0,85.29502,0.14551621793512828
2020-01-21 20:14:00,M62/2099A,397.0,64.3736,0.17842696629213486
2020-01-21 20:29:00,M62/2099A,397.0,80.467,0.14274157303370788
2020-01-21 20:44:00,M62/2099A,342.0,83.68568,0.11823681936041487
2020-01-21 20:59:00,M62/2099A,296.0,83.68568,0.10233362143474503
2020-01-21 21:14:00,M62/2099A,292.0,85.29502,0.09904600381598475
2020-01-21 21:29:00,M62/2099A,243.0,83.68568,0.08401037165082109
2020-01-21 21:44:00,M62/2099A,300.0,80.467,0.10786516853932585
2020-01-21 21:59:00,M62/2099A,267.0,83.68568,0.09230769230769231
2020-01-21 22:14:00,M62/2099A,256.0,83.68568,0.088504753673293
2020-01-21 22:29:00,M62/2099A,231.0,83.68568,0.07986171132238548
2020-01-21 22:44:00,M62/2099A,176.0,64.3736,0.07910112359550563
2020-01-21 22:59:00,M62/2099A,215.0,88.5137,0.07027579162410623
2020-01-21 23:14:00,M62/2099A,162.0,106.21644,0.04412665985699694
2020-01-21 23:29:00,M62/2099A,173.0,102.99776,0.048595505617977534
2020-01-21 23:44:00,M62/2099A,162.0,102.99776,0.04550561797752809
2020-01-21 23:59:00,M62/2099A,153.0,99.77908,0.04436389996375499
2020-01-22 00:14:00,M62/2099A,119.0,101.38842,0.033957553058676655
2020-01-22 00:29:00,M62/2099A,97.0,96.5604,0.02906367041198502
2020-01-22 00:44:00,M62/2099A,99.0,94.95106,0.030165682727099602
2020-01-22 00:59:00,M62/2099A,85.0,94.95106,0.025899828604075418
2020-01-22 01:14:00,M62/2099A,82.0,93.34172,0.025416505230530805
2020-01-22 01:29:00,M62/2099A,78.0,96.5604,0.023370786516853936
2020-01-22 01:44:00,M62/2099A,87.0,93.34172,0.026966292134831465
2020-01-22 01:59:00,M62/2099A,87.0,91.73238,0.02743938497930219
2020-01-22 02:14:00,M62/2099A,84.0,94.95106,0.02559512473814512
2020-01-22 02:29:00,M62/2099A,72.0,93.34172,0.022316931421929486
2020-01-22 02:44:00,M62/2099A,75.0,93.34172,0.023246803564509883
2020-01-22 02:59:00,M62/2099A,72.0,94.95106,0.02193867834698153
2020-01-22 03:14:00,M62/2099A,80.0,96.5604,0.02397003745318352
2020-01-22 03:29:00,M62/2099A,78.0,94.95106,0.023766901542563324
2020-01-22 03:44:00,M62/2099A,89.0,94.95106,0.027118644067796613
2020-01-22 03:59:00,M62/2099A,100.0,98.16974,0.029471357524405974
2020-01-22 04:14:00,M62/2099A,124.0,96.5604,0.03715355805243446
2020-01-22 04:29:00,M62/2099A,139.0,98.16974,0.040965186958924295
2020-01-22 04:44:00,M62/2099A,200.0,98.16974,0.05894271504881195
2020-01-22 04:59:00,M62/2099A,219.0,98.16974,0.06454227297844907
2020-01-22 05:14:00,M62/2099A,263.0,99.77908,0.07625951431678145
2020-01-22 05:29:00,M62/2099A,363.0,101.38842,0.10358480470840023
2020-01-22 05:44:00,M62/2099A,496.0,101.38842,0.14153736400927414
2020-01-22 05:59:00,M62/2099A,515.0,101.38842,0.14695915819511327
2020-01-22 06:14:00,M62/2099A,625.0,101.38842,0.17834849295523456
2020-01-22 06:29:00,M62/2099A,1010.0,98.16974,0.29766071099650027
2020-01-22 06:44:00,M62/2099A,1192.0,94.95106,0.36320700818891644
2020-01-22 06:59:00,M62/2099A,1184.0,90.12304,0.38009630818619583
2020-01-22 07:14:00,M62/2099A,1192.0,90.12304,0.38266452648475124
2020-01-22 07:29:00,M62/2099A,1169.0,90.12304,0.37528089887640453
2020-01-22 07:44:00,M62/2099A,1183.0,82.07634,0.41700815157523685
2020-01-22 07:59:00,M62/2099A,1085.0,67.59228,0.46441947565543074
2020-01-22 08:14:00,M62/2099A,1075.0,77.24832,0.40262172284644193
2020-01-22 08:29:00,M62/2099A,1109.0,83.68568,0.3834053586862575
2020-01-22 08:44:00,M62/2099A,1217.0,90.12304,0.3906902086677368
2020-01-22 08:59:00,M62/2099A,1145.0,88.5137,0.3742594484167518
2020-01-22 09:14:00,M62/2099A,1203.0,90.12304,0.38619582664526486
2020-01-22 09:29:00,M62/2099A,1140.0,91.73238,0.3595505617977528
2020-01-22 09:44:00,M62/2099A,989.0,91.73238,0.31192588212103295
2020-01-22 09:59:00,M62/2099A,1033.0,91.73238,0.3258032722255076
2020-01-22 10:14:00,M62/2099A,979.0,91.73238,0.3087719298245614
2020-01-22 10:29:00,M62/2099A,998.0,96.5604,0.29902621722846445
2020-01-22 10:44:00,M62/2099A,1015.0,98.16974,0.2991342788727206
2020-01-22 10:59:00,M62/2099A,1035.0,96.5604,0.3101123595505618
2020-01-22 11:14:00,M62/2099A,887.0,99.77908,0.2571946357375861
2020-01-22 11:29:00,M62/2099A,894.0,99.77908,0.25922435665096055
2020-01-22 11:44:00,M62/2099A,913.0,98.16974,0.2690734941978265
2020-01-22 11:59:00,M62/2099A,883.0,99.77908,0.2560347952156579
2020-01-22 12:14:00,M62/2099A,892.0,99.77908,0.2586444363899964
2020-01-22 12:29:00,M62/2099A,984.0,98.16974,0.2899981580401547
2020-01-22 12:44:00,M62/2099A,991.0,99.77908,0.2873504893077203
2020-01-22 12:59:00,M62/2099A,939.0,99.77908,0.2722725625226532
2020-01-22 13:14:00,M62/2099A,998.0,99.77908,0.2893802102210946
2020-01-22 13:29:00,M62/2099A,1058.0,98.16974,0.31180696260821517
2020-01-22 13:44:00,M62/2099A,1012.0,98.16974,0.2982501381469884
2020-01-22 13:59:00,M62/2099A,994.0,99.77908,0.28822036969916637
2020-01-22 14:14:00,M62/2099A,1072.0,99.77908,0.31083725987676697
2020-01-22 14:29:00,M62/2099A,1129.0,98.16974,0.3327316264505434
2020-01-22 14:44:00,M62/2099A,1125.0,96.5604,0.33707865168539325
2020-01-22 14:59:00,M62/2099A,1016.0,99.77908,0.2945994925697717
2020-01-22 15:14:00,M62/2099A,782.0,101.38842,0.2231496343855895
2020-01-22 15:29:00,M62/2099A,576.0,102.99776,0.16179775280898878
2020-01-22 15:44:00,M62/2099A,541.0,104.6071,0.14962834917891096
2020-01-22 15:59:00,M62/2099A,607.0,106.21644,0.16533878106911815
2020-01-22 16:14:00,M62/2099A,638.0,104.6071,0.1764563526361279
2020-01-22 16:29:00,M62/2099A,536.0,106.21644,0.1459993190330269
2020-01-22 16:44:00,M62/2099A,1032.0,91.73238,0.3254878769958604
2020-01-22 16:59:00,M62/2099A,1306.0,90.12304,0.4192616372391654
2020-01-22 17:14:00,M62/2099A,1277.0,69.20162,0.5338907760648026
2020-01-22 17:29:00,M62/2099A,1264.0,61.15492,0.5979893554109995
2020-01-22 17:44:00,M62/2099A,1127.0,43.45218,0.7503953391593842
2020-01-22 17:59:00,M62/2099A,1197.0,67.59228,0.5123595505617978
2020-01-22 18:14:00,M62/2099A,868.0,65.98294,0.3805974239517676
2020-01-22 18:29:00,M62/2099A,805.0,90.12304,0.25842696629213485
2020-01-22 18:44:00,M62/2099A,875.0,101.38842,0.2496878901373284
2020-01-22 18:59:00,M62/2099A,790.0,102.99776,0.22191011235955058
2020-01-22 19:14:00,M62/2099A,668.0,102.99776,0.18764044943820227
2020-01-22 19:29:00,M62/2099A,656.0,102.99776,0.18426966292134833
2020-01-22 19:44:00,M62/2099A,630.0,102.99776,0.17696629213483148
2020-01-22 19:59:00,M62/2099A,474.0,104.6071,0.13109766637856526
2020-01-22 20:14:00,M62/2099A,396.0,99.77908,0.11482421167089527
2020-01-22 20:29:00,M62/2099A,368.0,64.3736,0.1653932584269663
2020-01-22 20:44:00,M62/2099A,403.0,82.07634,0.1420577219651906
2020-01-22 20:59:00,M62/2099A,335.0,83.68568,0.11581676750216076
2020-01-22 21:14:00,M62/2099A,294.0,83.68568,0.10164217804667243
2020-01-22 21:29:00,M62/2099A,299.0,83.68568,0.10337078651685394
2020-01-22 21:44:00,M62/2099A,255.0,83.68568,0.0881590319792567
2020-01-22 21:59:00,M62/2099A,244.0,94.95106,0.07434774328699296
2020-01-22 22:14:00,M62/2099A,252.0,98.16974,0.07426782096150304
2020-01-22 22:29:00,M62/2099A,209.0,99.77908,0.06060166727075028
2020-01-22 22:44:00,M62/2099A,215.0,101.38842,0.06135188157660068
2020-01-22 22:59:00,M62/2099A,197.0,77.24832,0.07378277153558052
2020-01-22 23:14:00,M62/2099A,222.0,75.63898,0.08491513267989481
2020-01-22 23:29:00,M62/2099A,229.0,107.82578,0.061445581083347314
2020-01-22 23:44:00,M62/2099A,212.0,107.82578,0.0568841187321818
2020-01-22 23:59:00,M62/2099A,216.0,106.21644,0.05883554647599591
2020-01-23 00:14:00,M62/2099A,199.0,104.6071,0.055038893690579085
2020-01-23 00:29:00,M62/2099A,168.0,102.99776,0.047191011235955066
2020-01-23 00:44:00,M62/2099A,168.0,98.16974,0.04951188064100203
2020-01-23 00:59:00,M62/2099A,109.0,98.16974,0.0321237797016025
2020-01-23 01:14:00,M62/2099A,82.0,96.5604,0.02456928838951311
2020-01-23 01:29:00,M62/2099A,89.0,98.16974,0.026229508196721315
2020-01-23 01:44:00,M62/2099A,89.0,94.95106,0.027118644067796613
2020-01-23 01:59:00,M62/2099A,92.0,94.95106,0.02803275566558751
2020-01-23 02:14:00,M62/2099A,85.0,96.5604,0.02546816479400749
2020-01-23 02:29:00,M62/2099A,77.0,96.5604,0.02307116104868914
2020-01-23 02:44:00,M62/2099A,66.0,91.73238,0.020816085156712006
2020-01-23 02:59:00,M62/2099A,79.0,99.77908,0.022906850308082642
2020-01-23 03:14:00,M62/2099A,78.0,98.16974,0.022987658869036656
2020-01-23 03:29:00,M62/2099A,77.0,98.16974,0.022692945293792597
2020-01-23 03:44:00,M62/2099A,98.0,96.5604,0.02936329588014981
2020-01-23 03:59:00,M62/2099A,112.0,96.5604,0.033558052434456934
2020-01-23 04:14:00,M62/2099A,116.0,98.16974,0.03418677472831092
2020-01-23 04:29:00,M62/2099A,162.0,98.16974,0.04774359918953767
2020-01-23 04:44:00,M62/2099A,187.0,99.77908,0.054222544400144984
2020-01-23 04:59:00,M62/2099A,212.0,98.16974,0.06247927795174065
2020-01-23 05:14:00,M62/2099A,272.0,99.77908,0.07886915549111997
2020-01-23 05:29:00,M62/2099A,356.0,99.77908,0.10322580645161292
2020-01-23 05:44:00,M62/2099A,485.0,101.38842,0.138398430533262
2020-01-23 05:59:00,M62/2099A,521.0,101.38842,0.14867130372748352
2020-01-23 06:14:00,M62/2099A,611.0,101.38842,0.1743534867130373
2020-01-23 06:29:00,M62/2099A,903.0,101.38842,0.25767790262172285
2020-01-23 06:44:00,M62/2099A,1150.0,98.16974,0.3389206115306686
2020-01-23 06:59:00,M62/2099A,1148.0,96.5604,0.34397003745318355
2020-01-23 07:14:00,M62/2099A,1208.0,94.95106,0.36808227004380123
2020-01-23 07:29:00,M62/2099A,1170.0,96.5604,0.35056179775280905
2020-01-23 07:44:00,M62/2099A,1213.0,96.5604,0.36344569288389517
2020-01-23 07:59:00,M62/2099A,1167.0,94.95106,0.355589411540659
2020-01-23 08:14:00,M62/2099A,1070.0,91.73238,0.3374728957224522
2020-01-23 08:29:00,M62/2099A,1188.0,91.73238,0.37468953282081613
2020-01-23 08:44:00,M62/2099A,1090.0,88.5137,0.3562819203268642
2020-01-23 08:59:00,M62/2099A,1170.0,86.90436,0.3895131086142323
2020-01-23 09:14:00,M62/2099A,971.0,91.73238,0.3062487679873842
2020-01-23 09:29:00,M62/2099A,1086.0,91.73238,0.34251921939680663
2020-01-23 09:44:00,M62/2099A,1101.0,90.12304,0.3534510433386838
2020-01-23 09:59:00,M62/2099A,1081.0,91.73238,0.34094224324857086
2020-01-23 10:14:00,M62/2099A,930.0,93.34172,0.28826036419992257
2020-01-23 10:29:00,M62/2099A,1063.0,98.16974,0.31328053048443544
2020-01-23 10:44:00,M62/2099A,980.0,98.16974,0.28881930373917847
2020-01-23 10:59:00,M62/2099A,933.0,98.16974,0.2749677657027077
2020-01-23 11:14:00,M62/2099A,1001.0,98.16974,0.29500828881930374
2020-01-23 11:29:00,M62/2099A,915.0,99.77908,0.2653135193910838
2020-01-23 11:44:00,M62/2099A,948.0,99.77908,0.2748822036969917
2020-01-23 11:59:00,M62/2099A,923.0,99.77908,0.2676332004349402
2020-01-23 12:14:00,M62/2099A,963.0,98.16974,0.2838091729600295
2020-01-23 12:29:00,M62/2099A,924.0,101.38842,0.2636704119850188
2020-01-23 12:44:00,M62/2099A,1044.0,98.16974,0.3076809725547983
2020-01-23 12:59:00,M62/2099A,963.0,98.16974,0.2838091729600295
2020-01-23 13:14:00,M62/2099A,1043.0,96.5604,0.3125093632958802
2020-01-23 13:29:00,M62/2099A,1021.0,98.16974,0.30090256032418494
2020-01-23 13:44:00,M62/2099A,1030.0,98.16974,0.30355498250138147
2020-01-23 13:59:00,M62/2099A,948.0,98.16974,0.2793884693313686
2020-01-23 14:14:00,M62/2099A,1042.0,96.5604,0.3122097378277154
2020-01-23 14:29:00,M62/2099A,1077.0,98.16974,0.3174065205378523
2020-01-23 14:44:00,M62/2099A,1104.0,96.5604,0.33078651685393257
2020-01-23 14:59:00,M62/2099A,1182.0,94.95106,0.36015996952961343
2020-01-23 15:14:00,M62/2099A,1298.0,91.73238,0.4093830080820028
2020-01-23 15:29:00,M62/2099A,1224.0,91.73238,0.38604376108811356
2020-01-23 15:44:00,M62/2099A,1311.0,91.73238,0.41348314606741576
2020-01-23 15:59:00,M62/2099A,1315.0,91.73238,0.41474472698600434
2020-01-23 16:14:00,M62/2099A,1405.0,91.73238,0.443130297654248
2020-01-23 16:29:00,M62/2099A,1478.0,90.12304,0.474478330658106
2020-01-23 16:44:00,M62/2099A,1470.0,86.90436,0.4893882646691636
2020-01-23 16:59:00,M62/2099A,1315.0,59.54558,0.638931065897358
2020-01-23 17:14:00,M62/2099A,1352.0,65.98294,0.5928199506714169
2020-01-23 17:29:00,M62/2099A,1284.0,80.467,0.46166292134831466
2020-01-23 17:44:00,M62/2099A,1180.0,88.5137,0.3856996935648621
2020-01-23 17:59:00,M62/2099A,1073.0,91.73238,0.33841908141139365
2020-01-23 18:14:00,M62/2099A,1017.0,99.77908,0.2948894527002538
2020-01-23 18:29:00,M62/2099A,849.0,101.38842,0.2422685928303906
2020-01-23 18:44:00,M62/2099A,790.0,101.38842,0.22543249509541646
2020-01-23 18:59:00,M62/2099A,679.0,102.99776,0.19073033707865172
2020-01-23 19:14:00,M62/2099A,616.0,102.99776,0.17303370786516856
2020-01-23 19:29:00,M62/2099A,578.0,104.6071,0.1598617113223855
2020-01-23 19:44:00,M62/2099A,549.0,104.6071,0.15184096802074332
2020-01-23 19:59:00,M62/2099A,499.0,104.6071,0.13801210025929125
2020-01-23 20:14:00,M62/2099A,474.0,64.3736,0.21303370786516856
2020-01-23 20:29:00,M62/2099A,452.0,65.98294,0.19819128528363938
2020-01-23 20:44:00,M62/2099A,383.0,80.467,0.13770786516853933
2020-01-23 20:59:00,M62/2099A,316.0,83.68568,0.10924805531547105
2020-01-23 21:14:00,M62/2099A,308.0,83.68568,0.10648228176318064
2020-01-23 21:29:00,M62/2099A,267.0,91.73238,0.08421052631578947
2020-01-23 21:44:00,M62/2099A,310.0,101.38842,0.08846085250579634
2020-01-23 21:59:00,M62/2099A,260.0,99.77908,0.07538963392533528
2020-01-23 22:14:00,M62/2099A,256.0,101.38842,0.07305154271446407
2020-01-23 22:29:00,M62/2099A,282.0,101.38842,0.08047084002140183
2020-01-23 22:44:00,M62/2099A,228.0,101.38842,0.06506153023006955
2020-01-23 22:59:00,M62/2099A,156.0,99.77908,0.04523378035520117
2020-01-23 23:14:00,M62/2099A,153.0,98.16974,0.04509117701234114
2020-01-23 23:29:00,M62/2099A,155.0,98.16974,0.04568060416282926
2020-01-23 23:44:00,M62/2099A,136.0,98.16974,0.040081046233192114
2020-01-23 23:59:00,M62/2099A,142.0,99.77908,0.04117433852845234
2020-01-24 00:14:00,M62/2099A,129.0,101.38842,0.03681112894596041
2020-01-24 00:29:00,M62/2099A,115.0,101.38842,0.032816122703763155
2020-01-24 00:44:00,M62/2099A,103.0,96.5604,0.030861423220973787
2020-01-24 00:59:00,M62/2099A,91.0,96.5604,0.027265917602996254
2020-01-24 01:14:00,M62/2099A,80.0,98.16974,0.023577086019524775
2020-01-24 01:29:00,M62/2099A,91.0,94.95106,0.027728051799657212
2020-01-24 01:44:00,M62/2099A,95.0,93.34172,0.029445951181712518
2020-01-24 01:59:00,M62/2099A,76.0,96.5604,0.022771535580524346
2020-01-24 02:14:00,M62/2099A,84.0,93.34172,0.026036419992251068
2020-01-24 02:29:00,M62/2099A,90.0,91.73238,0.028385570668243643
2020-01-24 02:44:00,M62/2099A,83.0,93.34172,0.025726462611390936
2020-01-24 02:59:00,M62/2099A,81.0,96.5604,0.024269662921348314
2020-01-24 03:14:00,M62/2099A,62.0,98.16974,0.0182722416651317
2020-01-24 03:29:00,M62/2099A,88.0,96.5604,0.026367041198501875
2020-01-24 03:44:00,M62/2099A,81.0,96.5604,0.024269662921348314
2020-01-24 03:59:00,M62/2099A,100.0,98.16974,0.029471357524405974
2020-01-24 04:14:00,M62/2099A,112.0,98.16974,0.033007920427334685
2020-01-24 04:29:00,M62/2099A,140.0,74.02964,0.054714215925745
2020-01-24 04:44:00,M62/2099A,177.0,69.20162,0.07400052260256075
2020-01-24 04:59:00,M62/2099A,189.0,98.16974,0.05570086572112728
2020-01-24 05:14:00,M62/2099A,254.0,98.16974,0.07485724811199117
2020-01-24 05:29:00,M62/2099A,339.0,98.16974,0.09990790200773624
2020-01-24 05:44:00,M62/2099A,443.0,101.38842,0.12641341180667023
2020-01-24 05:59:00,M62/2099A,505.0,101.38842,0.14410558230782952
2020-01-24 06:14:00,M62/2099A,639.0,102.99776,0.17949438202247192
2020-01-24 06:29:00,M62/2099A,911.0,101.38842,0.2599607633315499
2020-01-24 06:44:00,M62/2099A,1081.0,99.77908,0.31344690105110556
2020-01-24 06:59:00,M62/2099A,1022.0,99.77908,0.29633925335266403
2020-01-24 07:14:00,M62/2099A,962.0,99.77908,0.2789416455237405
2020-01-24 07:29:00,M62/2099A,1073.0,99.77908,0.311127220007249
2020-01-24 07:44:00,M62/2099A,1271.0,96.5604,0.3808239700374532
2020-01-24 07:59:00,M62/2099A,1204.0,96.5604,0.36074906367041204
2020-01-24 08:14:00,M62/2099A,1181.0,96.5604,0.35385767790262174
2020-01-24 08:29:00,M62/2099A,1034.0,98.16974,0.3047338368023577
2020-01-24 08:44:00,M62/2099A,1109.0,93.34172,0.3437427353738861
2020-01-24 08:59:00,M62/2099A,950.0,99.77908,0.27546212395795583
2020-01-24 09:14:00,M62/2099A,899.0,99.77908,0.26067415730337085
2020-01-24 09:29:00,M62/2099A,910.0,99.77908,0.2638637187386735
2020-01-24 09:44:00,M62/2099A,923.0,99.77908,0.2676332004349402
2020-01-24 09:59:00,M62/2099A,927.0,98.16974,0.27319948425124335
2020-01-24 10:14:00,M62/2099A,919.0,99.77908,0.26647335991301196
2020-01-24 10:29:00,M62/2099A,987.0,98.16974,0.2908822987658869
2020-01-24 10:44:00,M62/2099A,973.0,98.16974,0.2867563087124701
2020-01-24 10:59:00,M62/2099A,1037.0,98.16974,0.3056179775280899
2020-01-24 11:14:00,M62/2099A,1010.0,99.77908,0.29285973178687935
2020-01-24 11:29:00,M62/2099A,1060.0,98.16974,0.31239638975870326
2020-01-24 11:44:00,M62/2099A,1092.0,98.16974,0.3218272241665132
2020-01-24 11:59:00,M62/2099A,994.0,99.77908,0.28822036969916637
2020-01-24 12:14:00,M62/2099A,1050.0,99.77908,0.3044581370061617
2020-01-24 12:29:00,M62/2099A,1145.0,98.16974,0.33744704365444833
2020-01-24 12:44:00,M62/2099A,1173.0,98.16974,0.34569902376128203
2020-01-24 12:59:00,M62/2099A,1146.0,99.77908,0.3322943095324393
2020-01-24 13:14:00,M62/2099A,1138.0,98.16974,0.33538404862773996
2020-01-24 13:29:00,M62/2099A,1279.0,98.16974,0.3769386627371523
2020-01-24 13:44:00,M62/2099A,1316.0,94.95106,0.40099028756427346
2020-01-24 13:59:00,M62/2099A,1265.0,94.95106,0.38545039040182827
2020-01-24 14:14:00,M62/2099A,1261.0,91.73238,0.39771338458505817
2020-01-24 14:29:00,M62/2099A,1299.0,91.73238,0.4096984033116499
2020-01-24 14:44:00,M62/2099A,1238.0,91.73238,0.39045929430317367
2020-01-24 14:59:00,M62/2099A,1233.0,93.34172,0.3821774506005425
2020-01-24 15:14:00,M62/2099A,1340.0,93.34172,0.41534289035257654
2020-01-24 15:29:00,M62/2099A,1282.0,93.34172,0.3973653622626889
2020-01-24 15:44:00,M62/2099A,1170.0,93.34172,0.3626501356063542
2020-01-24 15:59:00,M62/2099A,845.0,93.34172,0.26191398682681133
2020-01-24 16:14:00,M62/2099A,836.0,94.95106,0.25473243191773
2020-01-24 16:29:00,M62/2099A,1053.0,93.34172,0.32638512204571873
2020-01-24 16:44:00,M62/2099A,869.0,94.95106,0.26478765949342986
2020-01-24 16:59:00,M62/2099A,794.0,93.34172,0.2461061604029446
2020-01-24 17:14:00,M62/2099A,1466.0,86.90436,0.48805659592176454
2020-01-24 17:29:00,M62/2099A,1337.0,86.90436,0.4451102788181441
2020-01-24 17:44:00,M62/2099A,1318.0,86.90436,0.43878485226799835
2020-01-24 17:59:00,M62/2099A,1369.0,90.12304,0.439486356340289
2020-01-24 18:14:00,M62/2099A,1107.0,91.73238,0.3491425192193968
2020-01-24 18:29:00,M62/2099A,955.0,98.16974,0.281451464358077
2020-01-24 18:44:00,M62/2099A,818.0,102.99776,0.22977528089887644
2020-01-24 18:59:00,M62/2099A,746.0,104.6071,0.20632670700086433
2020-01-24 19:14:00,M62/2099A,679.0,106.21644,0.1849506298944501
2020-01-24 19:29:00,M62/2099A,679.0,104.6071,0.1877960242005186
2020-01-24 19:44:00,M62/2099A,638.0,104.6071,0.1764563526361279
2020-01-24 19:59:00,M62/2099A,517.0,104.6071,0.14299049265341401
2020-01-24 20:14:00,M62/2099A,448.0,93.34172,0.13886090662533904
2020-01-24 20:29:00,M62/2099A,454.0,65.98294,0.19906823787339
2020-01-24 20:44:00,M62/2099A,382.0,82.07634,0.13465521039876624
2020-01-24 20:59:00,M62/2099A,345.0,82.07634,0.12161269001982816
2020-01-24 21:14:00,M62/2099A,317.0,83.68568,0.10959377700950736
2020-01-24 21:29:00,M62/2099A,249.0,85.29502,0.08446046215815138
2020-01-24 21:44:00,M62/2099A,312.0,83.68568,0.10786516853932585
2020-01-24 21:59:00,M62/2099A,237.0,83.68568,0.08193604148660329
2020-01-24 22:14:00,M62/2099A,214.0,83.68568,0.07398444252376837
2020-01-24 22:29:00,M62/2099A,249.0,83.68568,0.0860847018150389
2020-01-24 22:44:00,M62/2099A,205.0,83.68568,0.07087294727744166
2020-01-24 22:59:00,M62/2099A,198.0,83.68568,0.06845289541918756
2020-01-24 23:14:00,M62/2099A,172.0,85.29502,0.05834216663133348
2020-01-24 23:29:00,M62/2099A,180.0,98.16974,0.05304844354393074
2020-01-24 23:44:00,M62/2099A,171.0,99.77908,0.04958318231243205
2020-01-24 23:59:00,M62/2099A,135.0,78.85766,0.049529924329282285
2020-01-25 00:14:00,M62/2099A,132.0,65.98294,0.0578788709235407
2020-01-25 00:29:00,M62/2099A,108.0,83.68568,0.03733794295592049
2020-01-25 00:44:00,M62/2099A,115.0,98.16974,0.033892061153066866
2020-01-25 00:59:00,M62/2099A,91.0,102.99776,0.025561797752808993
2020-01-25 01:14:00,M62/2099A,96.0,99.77908,0.02783617252627764
2020-01-25 01:29:00,M62/2099A,94.0,99.77908,0.027256252265313526
2020-01-25 01:44:00,M62/2099A,96.0,96.5604,0.028764044943820226
2020-01-25 01:59:00,M62/2099A,89.0,96.5604,0.02666666666666667
2020-01-25 02:14:00,M62/2099A,99.0,96.5604,0.02966292134831461
2020-01-25 02:29:00,M62/2099A,72.0,96.5604,0.02157303370786517
2020-01-25 02:44:00,M62/2099A,84.0,96.5604,0.025168539325842697
2020-01-25 02:59:00,M62/2099A,68.0,96.5604,0.020374531835205992
2020-01-25 03:14:00,M62/2099A,65.0,96.5604,0.01947565543071161
2020-01-25 03:29:00,M62/2099A,74.0,98.16974,0.02180880456806042
2020-01-25 03:44:00,M62/2099A,73.0,98.16974,0.021514090992816357
2020-01-25 03:59:00,M62/2099A,68.0,98.16974,0.020040523116596057
2020-01-25 04:14:00,M62/2099A,97.0,94.95106,0.029556274995239006
2020-01-25 04:29:00,M62/2099A,96.0,96.5604,0.028764044943820226
2020-01-25 04:44:00,M62/2099A,102.0,98.16974,0.03006078467489409
2020-01-25 04:59:00,M62/2099A,97.0,98.16974,0.02858721679867379
2020-01-25 05:14:00,M62/2099A,140.0,98.16974,0.04125990053416836
2020-01-25 05:29:00,M62/2099A,151.0,99.77908,0.043783979702790875
2020-01-25 05:44:00,M62/2099A,206.0,102.99776,0.05786516853932584
2020-01-25 05:59:00,M62/2099A,206.0,102.99776,0.05786516853932584
2020-01-25 06:14:00,M62/2099A,219.0,104.6071,0.0605704407951599
2020-01-25 06:29:00,M62/2099A,263.0,102.99776,0.07387640449438203
2020-01-25 06:44:00,M62/2099A,340.0,104.6071,0.09403630077787381
2020-01-25 06:59:00,M62/2099A,336.0,104.6071,0.09292999135695766
2020-01-25 07:14:00,M62/2099A,346.0,104.6071,0.09569576490924805
2020-01-25 07:29:00,M62/2099A,414.0,106.21644,0.11276813074565885
2020-01-25 07:44:00,M62/2099A,440.0,106.21644,0.1198501872659176
2020-01-25 07:59:00,M62/2099A,436.0,106.21644,0.11876064010895471
2020-01-25 08:14:00,M62/2099A,520.0,107.82578,0.13952708368271005
2020-01-25 08:29:00,M62/2099A,579.0,106.21644,0.15771195097037796
2020-01-25 08:44:00,M62/2099A,638.0,106.21644,0.17378277153558053
2020-01-25 08:59:00,M62/2099A,703.0,107.82578,0.18862988428643304
2020-01-25 09:14:00,M62/2099A,684.0,104.6071,0.1891789109766638
2020-01-25 09:29:00,M62/2099A,721.0,106.21644,0.19639087504256042
2020-01-25 09:44:00,M62/2099A,821.0,106.21644,0.22362955396663262
2020-01-25 09:59:00,M62/2099A,780.0,106.21644,0.21246169560776304
2020-01-25 10:14:00,M62/2099A,826.0,106.21644,0.22499148791283624
2020-01-25 10:29:00,M62/2099A,970.0,102.99776,0.2724719101123596
2020-01-25 10:44:00,M62/2099A,1015.0,104.6071,0.2807260155574762
2020-01-25 10:59:00,M62/2099A,1025.0,101.38842,0.29249152844658466
2020-01-25 11:14:00,M62/2099A,1030.0,104.6071,0.28487467588591187
2020-01-25 11:29:00,M62/2099A,1087.0,101.38842,0.3101836989477439
2020-01-25 11:44:00,M62/2099A,1112.0,102.99776,0.3123595505617978
2020-01-25 11:59:00,M62/2099A,1070.0,102.99776,0.300561797752809
2020-01-25 12:14:00,M62/2099A,719.0,106.21644,0.19584610146407902
2020-01-25 12:29:00,M62/2099A,635.0,104.6071,0.1756266205704408
2020-01-25 12:44:00,M62/2099A,1364.0,99.77908,0.39550561797752815
2020-01-25 12:59:00,M62/2099A,1229.0,102.99776,0.3452247191011236
2020-01-25 13:14:00,M62/2099A,1042.0,104.6071,0.28819360414866035
2020-01-25 13:29:00,M62/2099A,1055.0,102.99776,0.2963483146067416
2020-01-25 13:44:00,M62/2099A,1022.0,102.99776,0.2870786516853933
2020-01-25 13:59:00,M62/2099A,992.0,104.6071,0.2743647363872083
2020-01-25 14:14:00,M62/2099A,922.0,104.6071,0.25500432152117547
2020-01-25 14:29:00,M62/2099A,918.0,104.6071,0.2538980121002593
2020-01-25 14:44:00,M62/2099A,969.0,104.6071,0.26800345721694036
2020-01-25 14:59:00,M62/2099A,867.0,106.21644,0.23615934627170582
2020-01-25 15:14:00,M62/2099A,883.0,104.6071,0.2442178046672429
2020-01-25 15:29:00,M62/2099A,864.0,104.6071,0.23896283491789108
2020-01-25 15:44:00,M62/2099A,899.0,104.6071,0.2486430423509075
2020-01-25 15:59:00,M62/2099A,898.0,106.21644,0.24460333673816823
2020-01-25 16:14:00,M62/2099A,832.0,106.21644,0.22662580864828058
2020-01-25 16:29:00,M62/2099A,918.0,104.6071,0.2538980121002593
2020-01-25 16:44:00,M62/2099A,861.0,106.21644,0.23452502553626148
2020-01-25 16:59:00,M62/2099A,728.0,106.21644,0.1982975825672455
2020-01-25 17:14:00,M62/2099A,763.0,106.21644,0.20783112019067077
2020-01-25 17:29:00,M62/2099A,827.0,104.6071,0.2287294727744166
2020-01-25 17:44:00,M62/2099A,779.0,104.6071,0.21545375972342265
2020-01-25 17:59:00,M62/2099A,711.0,106.21644,0.19366700715015323
2020-01-25 18:14:00,M62/2099A,763.0,106.21644,0.20783112019067077
2020-01-25 18:29:00,M62/2099A,665.0,107.82578,0.1784336743250042
2020-01-25 18:44:00,M62/2099A,612.0,107.82578,0.16421264464195875
2020-01-25 18:59:00,M62/2099A,567.0,107.82578,0.15213818547710886
2020-01-25 19:14:00,M62/2099A,525.0,109.43512,0.13879709187045605
2020-01-25 19:29:00,M62/2099A,511.0,107.82578,0.13711219184974008
2020-01-25 19:44:00,M62/2099A,411.0,109.43512,0.1086582947785856
2020-01-25 19:59:00,M62/2099A,404.0,107.82578,0.10840181116887475
2020-01-25 20:14:00,M62/2099A,365.0,107.82578,0.09793727989267148
2020-01-25 20:29:00,M62/2099A,319.0,107.82578,0.08559449941304714
2020-01-25 20:44:00,M62/2099A,284.0,107.82578,0.07620325339594165
2020-01-25 20:59:00,M62/2099A,259.0,106.21644,0.07054817841334694
2020-01-25 21:14:00,M62/2099A,263.0,106.21644,0.07163772557030984
2020-01-25 21:29:00,M62/2099A,231.0,107.82578,0.061982223712896196
2020-01-25 21:44:00,M62/2099A,273.0,106.21644,0.07436159346271706
2020-01-25 21:59:00,M62/2099A,228.0,107.82578,0.06117725976857288
2020-01-25 22:14:00,M62/2099A,229.0,106.21644,0.062376574736125304
2020-01-25 22:29:00,M62/2099A,250.0,106.21644,0.06809669731018046
2020-01-25 22:44:00,M62/2099A,235.0,107.82578,0.06305550897199397
2020-01-25 22:59:00,M62/2099A,209.0,106.21644,0.05692883895131086
2020-01-25 23:14:00,M62/2099A,160.0,106.21644,0.043581886278515496
2020-01-25 23:29:00,M62/2099A,165.0,104.6071,0.0456352636127917
2020-01-25 23:44:00,M62/2099A,139.0,107.82578,0.0372966627536475
2020-01-25 23:59:00,M62/2099A,172.0,104.6071,0.047571305099394987
2020-01-26 00:14:00,M62/2099A,141.0,104.6071,0.03899740708729473
2020-01-26 00:29:00,M62/2099A,127.0,107.82578,0.034076806976354186
2020-01-26 00:44:00,M62/2099A,96.0,106.21644,0.026149131767109295
2020-01-26 00:59:00,M62/2099A,91.0,106.21644,0.024787197820905688
2020-01-26 01:14:00,M62/2099A,105.0,104.6071,0.029040622299049263
2020-01-26 01:29:00,M62/2099A,84.0,107.82578,0.02253899044105316
2020-01-26 01:44:00,M62/2099A,62.0,101.38842,0.017692170501159267
2020-01-26 01:59:00,M62/2099A,76.0,104.6071,0.021019878997407086
2020-01-26 02:14:00,M62/2099A,64.0,106.21644,0.0174327545114062
2020-01-26 02:29:00,M62/2099A,75.0,102.99776,0.021067415730337078
2020-01-26 02:44:00,M62/2099A,49.0,99.77908,0.01420804639362088
2020-01-26 02:59:00,M62/2099A,44.0,102.99776,0.012359550561797753
2020-01-26 03:14:00,M62/2099A,46.0,99.77908,0.013338166002174703
2020-01-26 03:29:00,M62/2099A,31.0,99.77908,0.008988764044943821
2020-01-26 03:44:00,M62/2099A,48.0,94.95106,0.014625785564654353
2020-01-26 03:59:00,M62/2099A,40.0,99.77908,0.01159840521928235
2020-01-26 04:14:00,M62/2099A,44.0,102.99776,0.012359550561797753
2020-01-26 04:29:00,M62/2099A,40.0,94.95106,0.012188154637211962
2020-01-26 04:44:00,M62/2099A,57.0,102.99776,0.016011235955056182
2020-01-26 04:59:00,M62/2099A,55.0,99.77908,0.015947807176513232
2020-01-26 05:14:00,M62/2099A,74.0,101.38842,0.02111646156589977
2020-01-26 05:29:00,M62/2099A,109.0,104.6071,0.03014693171996543
2020-01-26 05:44:00,M62/2099A,123.0,104.6071,0.034019014693172
2020-01-26 05:59:00,M62/2099A,151.0,102.99776,0.042415730337078655
2020-01-26 06:14:00,M62/2099A,133.0,104.6071,0.036784788245462406
2020-01-26 06:29:00,M62/2099A,188.0,106.21644,0.0512087163772557
2020-01-26 06:44:00,M62/2099A,191.0,106.21644,0.05202587674497787
2020-01-26 06:59:00,M62/2099A,176.0,104.6071,0.048677614520311156
2020-01-26 07:14:00,M62/2099A,200.0,102.99776,0.05617977528089888
2020-01-26 07:29:00,M62/2099A,222.0,104.6071,0.06140017286084703
2020-01-26 07:44:00,M62/2099A,262.0,106.21644,0.07136533878106911
2020-01-26 07:59:00,M62/2099A,291.0,109.43512,0.07693324520819565
2020-01-26 08:14:00,M62/2099A,304.0,107.82578,0.0815696796914305
2020-01-26 08:29:00,M62/2099A,317.0,107.82578,0.08505785678349825
2020-01-26 08:44:00,M62/2099A,386.0,107.82578,0.10357202750293477
2020-01-26 08:59:00,M62/2099A,391.0,107.82578,0.104913634076807
2020-01-26 09:14:00,M62/2099A,452.0,107.82578,0.12128123427804799
2020-01-26 09:29:00,M62/2099A,556.0,109.43512,0.14699272967614013
2020-01-26 09:44:00,M62/2099A,582.0,107.82578,0.1561630051987255
2020-01-26 09:59:00,M62/2099A,603.0,107.82578,0.16179775280898878
2020-01-26 10:14:00,M62/2099A,609.0,107.82578,0.16340768069763545
2020-01-26 10:29:00,M62/2099A,760.0,106.21644,0.2070139598229486
2020-01-26 10:44:00,M62/2099A,798.0,104.6071,0.22070872947277445
2020-01-26 10:59:00,M62/2099A,818.0,104.6071,0.22624027657735526
2020-01-26 11:14:00,M62/2099A,899.0,102.99776,0.2525280898876405
2020-01-26 11:29:00,M62/2099A,988.0,99.77908,0.2864806089162741
2020-01-26 11:44:00,M62/2099A,1026.0,98.16974,0.3023761282004052
2020-01-26 11:59:00,M62/2099A,989.0,99.77908,0.28677056904675613
2020-01-26 12:14:00,M62/2099A,969.0,99.77908,0.28097136643711496
2020-01-26 12:29:00,M62/2099A,1073.0,98.16974,0.31622766623687604
2020-01-26 12:44:00,M62/2099A,1030.0,102.99776,0.28932584269662925
2020-01-26 12:59:00,M62/2099A,968.0,102.99776,0.27191011235955054
2020-01-26 13:14:00,M62/2099A,986.0,104.6071,0.2727052722558341
2020-01-26 13:29:00,M62/2099A,971.0,104.6071,0.2685566119273985
2020-01-26 13:44:00,M62/2099A,995.0,102.99776,0.27949438202247195
2020-01-26 13:59:00,M62/2099A,934.0,102.99776,0.26235955056179777
2020-01-26 14:14:00,M62/2099A,933.0,102.99776,0.2620786516853933
2020-01-26 14:29:00,M62/2099A,979.0,102.99776,0.275
2020-01-26 14:44:00,M62/2099A,986.0,101.38842,0.281362582486178
2020-01-26 14:59:00,M62/2099A,969.0,102.99776,0.27219101123595507
2020-01-26 15:14:00,M62/2099A,982.0,102.99776,0.2758426966292135
2020-01-26 15:29:00,M62/2099A,969.0,102.99776,0.27219101123595507
2020-01-26 15:44:00,M62/2099A,1033.0,102.99776,0.29016853932584274
2020-01-26 15:59:00,M62/2099A,1037.0,101.38842,0.2959158195113251
2020-01-26 16:14:00,M62/2099A,1105.0,102.99776,0.3103932584269663
2020-01-26 16:29:00,M62/2099A,1059.0,98.16974,0.31210167618345924
2020-01-26 16:44:00,M62/2099A,1090.0,102.99776,0.3061797752808989
2020-01-26 16:59:00,M62/2099A,973.0,102.99776,0.2733146067415731
2020-01-26 17:14:00,M62/2099A,951.0,102.99776,0.2671348314606742
2020-01-26 17:29:00,M62/2099A,856.0,102.99776,0.2404494382022472
2020-01-26 17:44:00,M62/2099A,889.0,102.99776,0.24971910112359555
2020-01-26 17:59:00,M62/2099A,745.0,104.6071,0.20605012964563527
2020-01-26 18:14:00,M62/2099A,752.0,106.21644,0.2048348655090228
2020-01-26 18:29:00,M62/2099A,657.0,107.82578,0.17628710380680868
2020-01-26 18:44:00,M62/2099A,631.0,107.82578,0.16931074962267317
2020-01-26 18:59:00,M62/2099A,665.0,106.21644,0.18113721484508002
2020-01-26 19:14:00,M62/2099A,672.0,106.21644,0.18304392236976508
2020-01-26 19:29:00,M62/2099A,612.0,106.21644,0.16670071501532174
2020-01-26 19:44:00,M62/2099A,594.0,107.82578,0.1593828609760188
2020-01-26 19:59:00,M62/2099A,534.0,107.82578,0.14328358208955227
2020-01-26 20:14:00,M62/2099A,465.0,107.82578,0.12476941137011574
2020-01-26 20:29:00,M62/2099A,464.0,107.82578,0.1245010900553413
2020-01-26 20:44:00,M62/2099A,444.0,106.21644,0.12093973442288049
2020-01-26 20:59:00,M62/2099A,373.0,107.82578,0.10008385041086704
2020-01-26 21:14:00,M62/2099A,285.0,109.43512,0.07534699272967614
2020-01-26 21:29:00,M62/2099A,310.0,107.82578,0.08317960758007716
2020-01-26 21:44:00,M62/2099A,287.0,99.77908,0.08321855744835087
2020-01-26 21:59:00,M62/2099A,203.0,99.77908,0.058861906487857926
2020-01-26 22:14:00,M62/2099A,223.0,109.43512,0.058955717118308
2020-01-26 22:29:00,M62/2099A,364.0,106.21644,0.09914879128362275
2020-01-26 22:44:00,M62/2099A,277.0,104.6071,0.07661192739844426
2020-01-26 22:59:00,M62/2099A,214.0,107.82578,0.05742076136173068
2020-01-26 23:14:00,M62/2099A,148.0,104.6071,0.04093344857389802
2020-01-26 23:29:00,M62/2099A,175.0,104.6071,0.04840103716508211
2020-01-26 23:44:00,M62/2099A,152.0,106.21644,0.041402791964589715
2020-01-26 23:59:00,M62/2099A,114.0,106.21644,0.031052093973442288
2020-01-27 00:14:00,M62/2099A,104.0,102.99776,0.029213483146067417
2020-01-27 00:29:00,M62/2099A,102.0,99.77908,0.029575933309169994
2020-01-27 00:44:00,M62/2099A,97.0,101.38842,0.0276796861066524
2020-01-27 00:59:00,M62/2099A,62.0,98.16974,0.0182722416651317
2020-01-27 01:14:00,M62/2099A,60.0,96.5604,0.017977528089887642
2020-01-27 01:29:00,M62/2099A,77.0,98.16974,0.022692945293792597
2020-01-27 01:44:00,M62/2099A,68.0,98.16974,0.020040523116596057
2020-01-27 01:59:00,M62/2099A,60.0,96.5604,0.017977528089887642
2020-01-27 02:14:00,M62/2099A,62.0,96.5604,0.01857677902621723
2020-01-27 02:29:00,M62/2099A,67.0,96.5604,0.0200749063670412
2020-01-27 02:44:00,M62/2099A,82.0,99.77908,0.023776730699528816
2020-01-27 02:59:00,M62/2099A,83.0,98.16974,0.024461226745256952
2020-01-27 03:14:00,M62/2099A,76.0,99.77908,0.022036969916636468
2020-01-27 03:29:00,M62/2099A,93.0,98.16974,0.027408362497697552
2020-01-27 03:44:00,M62/2099A,123.0,99.77908,0.03566509604929323
2020-01-27 03:59:00,M62/2099A,109.0,99.77908,0.0316056542225444
2020-01-27 04:14:00,M62/2099A,149.0,101.38842,0.042518280720527914
2020-01-27 04:29:00,M62/2099A,199.0,101.38842,0.05678616015694668
2020-01-27 04:44:00,M62/2099A,242.0,101.38842,0.06905653647226681
2020-01-27 04:59:00,M62/2099A,326.0,101.38842,0.09302657392545033
2020-01-27 05:14:00,M62/2099A,351.0,102.99776,0.09859550561797754
2020-01-27 05:29:00,M62/2099A,511.0,101.38842,0.14581772784019978
2020-01-27 05:44:00,M62/2099A,618.0,102.99776,0.17359550561797754
2020-01-27 05:59:00,M62/2099A,696.0,101.38842,0.1986088817549492
2020-01-27 06:14:00,M62/2099A,854.0,101.38842,0.2436953807740325
2020-01-27 06:29:00,M62/2099A,1094.0,99.77908,0.3172163827473723
2020-01-27 06:44:00,M62/2099A,1281.0,94.95106,0.39032565225671306
2020-01-27 06:59:00,M62/2099A,1144.0,90.12304,0.36725521669341893
2020-01-27 07:14:00,M62/2099A,1160.0,90.12304,0.3723916532905297
2020-01-27 07:29:00,M62/2099A,1146.0,91.73238,0.3614429331756357
2020-01-27 07:44:00,M62/2099A,1149.0,90.12304,0.368860353130016
2020-01-27 07:59:00,M62/2099A,1132.0,91.73238,0.35702739996057564
2020-01-27 08:14:00,M62/2099A,1059.0,91.73238,0.33400354819633354
2020-01-27 08:29:00,M62/2099A,1056.0,91.73238,0.3330573625073921
2020-01-27 08:44:00,M62/2099A,1169.0,88.5137,0.3821041879468846
2020-01-27 08:59:00,M62/2099A,1190.0,88.5137,0.3889683350357508
2020-01-27 09:14:00,M62/2099A,1144.0,88.5137,0.37393258426966297
2020-01-27 09:29:00,M62/2099A,1132.0,90.12304,0.3634028892455859
2020-01-27 09:44:00,M62/2099A,1077.0,91.73238,0.33968066232998223
2020-01-27 09:59:00,M62/2099A,1047.0,96.5604,0.3137078651685394
2020-01-27 10:14:00,M62/2099A,999.0,98.16974,0.2944188616688156
2020-01-27 10:29:00,M62/2099A,953.0,99.77908,0.27633200434940197
2020-01-27 10:44:00,M62/2099A,981.0,98.16974,0.28911401731442254
2020-01-27 10:59:00,M62/2099A,971.0,98.16974,0.28616688156198195
2020-01-27 11:14:00,M62/2099A,919.0,98.16974,0.27084177564929085
2020-01-27 11:29:00,M62/2099A,949.0,99.77908,0.2751721638274737
2020-01-27 11:44:00,M62/2099A,960.0,99.77908,0.2783617252627764
2020-01-27 11:59:00,M62/2099A,918.0,99.77908,0.2661833997825299
2020-01-27 12:14:00,M62/2099A,945.0,98.16974,0.2785043286056364
2020-01-27 12:29:00,M62/2099A,913.0,99.77908,0.2647335991301197
2020-01-27 12:44:00,M62/2099A,900.0,98.16974,0.26524221771965373
2020-01-27 12:59:00,M62/2099A,981.0,99.77908,0.28445088800289964
2020-01-27 13:14:00,M62/2099A,988.0,99.77908,0.2864806089162741
2020-01-27 13:29:00,M62/2099A,1066.0,98.16974,0.3141646712101676
2020-01-27 13:44:00,M62/2099A,1016.0,98.16974,0.29942899244796467
2020-01-27 13:59:00,M62/2099A,967.0,99.77908,0.2803914461761508
2020-01-27 14:14:00,M62/2099A,1020.0,98.16974,0.30060784674894087
2020-01-27 14:29:00,M62/2099A,1001.0,98.16974,0.29500828881930374
2020-01-27 14:44:00,M62/2099A,1083.0,98.16974,0.31917480198931664
2020-01-27 14:59:00,M62/2099A,1019.0,98.16974,0.30031313317369684
2020-01-27 15:14:00,M62/2099A,1065.0,98.16974,0.3138699576349236
2020-01-27 15:29:00,M62/2099A,1078.0,99.77908,0.31257702065965937
2020-01-27 15:44:00,M62/2099A,1168.0,96.5604,0.3499625468164794
2020-01-27 15:59:00,M62/2099A,1213.0,98.16974,0.35748756677104443
2020-01-27 16:14:00,M62/2099A,1257.0,93.34172,0.38961642774118566
2020-01-27 16:29:00,M62/2099A,1345.0,91.73238,0.42420658387541893
2020-01-27 16:44:00,M62/2099A,1350.0,91.73238,0.42578356002365464
2020-01-27 16:59:00,M62/2099A,1337.0,90.12304,0.42921348314606744
2020-01-27 17:14:00,M62/2099A,1272.0,91.73238,0.40118273211117683
2020-01-27 17:29:00,M62/2099A,1298.0,91.73238,0.4093830080820028
2020-01-27 17:44:00,M62/2099A,1213.0,91.73238,0.3825744135619949
2020-01-27 17:59:00,M62/2099A,1097.0,91.73238,0.3459885669229253
2020-01-27 18:14:00,M62/2099A,839.0,93.34172,0.26005424254165055
2020-01-27 18:29:00,M62/2099A,737.0,101.38842,0.2103085428928126
2020-01-27 18:44:00,M62/2099A,767.0,101.38842,0.21886927055466385
2020-01-27 18:59:00,M62/2099A,598.0,104.6071,0.16539325842696628
2020-01-27 19:14:00,M62/2099A,598.0,102.99776,0.16797752808988767
2020-01-27 19:29:00,M62/2099A,526.0,106.21644,0.14327545114061968
2020-01-27 19:44:00,M62/2099A,444.0,104.6071,0.12280034572169406
2020-01-27 19:59:00,M62/2099A,383.0,102.99776,0.10758426966292137
2020-01-27 20:14:00,M62/2099A,403.0,106.21644,0.1097718760640109
2020-01-27 20:29:00,M62/2099A,411.0,104.6071,0.1136732929991357
2020-01-27 20:44:00,M62/2099A,279.0,104.6071,0.07716508210890234
2020-01-27 20:59:00,M62/2099A,286.0,102.99776,0.0803370786516854
2020-01-27 21:14:00,M62/2099A,302.0,102.99776,0.08483146067415731
2020-01-27 21:29:00,M62/2099A,238.0,101.38842,0.06791510611735331
2020-01-27 21:44:00,M62/2099A,228.0,104.6071,0.06305963699222127
2020-01-27 21:59:00,M62/2099A,217.0,99.77908,0.06292134831460676
2020-01-27 22:14:00,M62/2099A,236.0,102.99776,0.06629213483146068
2020-01-27 22:29:00,M62/2099A,184.0,102.99776,0.05168539325842697
2020-01-27 22:44:00,M62/2099A,171.0,99.77908,0.04958318231243205
2020-01-27 22:59:00,M62/2099A,189.0,102.99776,0.05308988764044944
2020-01-27 23:14:00,M62/2099A,142.0,101.38842,0.040520777599429285
2020-01-27 23:29:00,M62/2099A,124.0,101.38842,0.035384341002318534
2020-01-27 23:44:00,M62/2099A,125.0,102.99776,0.0351123595505618
2020-01-27 23:59:00,M62/2099A,145.0,99.77908,0.04204421891989852
2020-01-28 00:14:00,M62/2099A,107.0,101.38842,0.03053326199393615
2020-01-28 00:29:00,M62/2099A,101.0,99.77908,0.029285973178687936
2020-01-28 00:44:00,M62/2099A,104.0,96.5604,0.03116104868913858
2020-01-28 00:59:00,M62/2099A,91.0,98.16974,0.02681893534720943
2020-01-28 01:14:00,M62/2099A,84.0,96.5604,0.025168539325842697
2020-01-28 01:29:00,M62/2099A,95.0,98.16974,0.02799778964818567
2020-01-28 01:44:00,M62/2099A,67.0,93.34172,0.02076714451762883
2020-01-28 01:59:00,M62/2099A,83.0,93.34172,0.025726462611390936
2020-01-28 02:14:00,M62/2099A,89.0,96.5604,0.02666666666666667
2020-01-28 02:29:00,M62/2099A,78.0,98.16974,0.022987658869036656
2020-01-28 02:44:00,M62/2099A,88.0,96.5604,0.026367041198501875
2020-01-28 02:59:00,M62/2099A,68.0,96.5604,0.020374531835205992
2020-01-28 03:14:00,M62/2099A,71.0,94.95106,0.02163397448105123
2020-01-28 03:29:00,M62/2099A,93.0,94.95106,0.028337459531517808
2020-01-28 03:44:00,M62/2099A,87.0,99.77908,0.025226531351939113
2020-01-28 03:59:00,M62/2099A,95.0,98.16974,0.02799778964818567
2020-01-28 04:14:00,M62/2099A,115.0,98.16974,0.033892061153066866
2020-01-28 04:29:00,M62/2099A,145.0,96.5604,0.04344569288389513
2020-01-28 04:44:00,M62/2099A,186.0,99.77908,0.05393258426966293
2020-01-28 04:59:00,M62/2099A,200.0,99.77908,0.05799202609641175
2020-01-28 05:14:00,M62/2099A,296.0,99.77908,0.0858281986226894
2020-01-28 05:29:00,M62/2099A,370.0,99.77908,0.10728524827836174
2020-01-28 05:44:00,M62/2099A,465.0,102.99776,0.1306179775280899
2020-01-28 05:59:00,M62/2099A,545.0,101.38842,0.15551988585696452
2020-01-28 06:14:00,M62/2099A,697.0,101.38842,0.19889423934367756
2020-01-28 06:29:00,M62/2099A,1011.0,98.16974,0.29795542457174434
2020-01-28 06:44:00,M62/2099A,1212.0,94.95106,0.3693010855075224
2020-01-28 06:59:00,M62/2099A,1133.0,91.73238,0.3573427951902227
2020-01-28 07:14:00,M62/2099A,1101.0,91.73238,0.3472501478415139
2020-01-28 07:29:00,M62/2099A,1150.0,91.73238,0.36270451409422433
2020-01-28 07:44:00,M62/2099A,1187.0,90.12304,0.38105939004815415
2020-01-28 07:59:00,M62/2099A,1187.0,91.73238,0.37437413759116894
2020-01-28 08:14:00,M62/2099A,1054.0,91.73238,0.3324265720480978
2020-01-28 08:29:00,M62/2099A,1172.0,91.73238,0.36964320914646165
2020-01-28 08:44:00,M62/2099A,1127.0,90.12304,0.3617977528089888
2020-01-28 08:59:00,M62/2099A,1143.0,90.12304,0.3669341894060995
2020-01-28 09:14:00,M62/2099A,973.0,85.29502,0.3300402798388807
2020-01-28 09:29:00,M62/2099A,933.0,88.5137,0.3049642492339122
2020-01-28 09:44:00,M62/2099A,1106.0,91.73238,0.34882712398974963
2020-01-28 09:59:00,M62/2099A,970.0,96.5604,0.2906367041198502
2020-01-28 10:14:00,M62/2099A,986.0,93.34172,0.3056179775280899
2020-01-28 10:29:00,M62/2099A,820.0,91.73238,0.2586240883106643
2020-01-28 10:44:00,M62/2099A,713.0,94.95106,0.2172538564083032
2020-01-28 10:59:00,M62/2099A,711.0,93.34172,0.2203796977915537
2020-01-28 11:14:00,M62/2099A,804.0,94.95106,0.24498190820796042
2020-01-28 11:29:00,M62/2099A,862.0,94.95106,0.2626547324319177
2020-01-28 11:44:00,M62/2099A,934.0,94.95106,0.28459341077889927
2020-01-28 11:59:00,M62/2099A,882.0,94.95106,0.26874880975052373
2020-01-28 12:14:00,M62/2099A,869.0,96.5604,0.260374531835206
2020-01-28 12:29:00,M62/2099A,941.0,96.5604,0.28194756554307115
2020-01-28 12:44:00,M62/2099A,961.0,96.5604,0.2879400749063671
2020-01-28 12:59:00,M62/2099A,1165.0,91.73238,0.3674354425389316
2020-01-28 13:14:00,M62/2099A,686.0,99.77908,0.1989126495106923
2020-01-28 13:29:00,M62/2099A,881.0,98.16974,0.2596426597900166
2020-01-28 13:44:00,M62/2099A,1149.0,94.95106,0.3501047419539136
2020-01-28 13:59:00,M62/2099A,962.0,98.16974,0.2835144593847854
2020-01-28 14:14:00,M62/2099A,999.0,98.16974,0.2944188616688156
2020-01-28 14:29:00,M62/2099A,933.0,98.16974,0.2749677657027077
2020-01-28 14:44:00,M62/2099A,1034.0,96.5604,0.309812734082397
2020-01-28 14:59:00,M62/2099A,1074.0,96.5604,0.3217977528089888
2020-01-28 15:14:00,M62/2099A,1051.0,96.5604,0.3149063670411985
2020-01-28 15:29:00,M62/2099A,1132.0,96.5604,0.3391760299625468
2020-01-28 15:44:00,M62/2099A,1094.0,96.5604,0.32779026217228463
2020-01-28 15:59:00,M62/2099A,1218.0,91.73238,0.3841513897102306
2020-01-28 16:14:00,M62/2099A,1315.0,90.12304,0.42215088282504015
2020-01-28 16:29:00,M62/2099A,1368.0,88.5137,0.44715015321756896
2020-01-28 16:44:00,M62/2099A,1388.0,88.5137,0.4536874361593463
2020-01-28 16:59:00,M62/2099A,1320.0,72.4203,0.5273408239700376
2020-01-28 17:14:00,M62/2099A,1376.0,82.07634,0.48504075787618417
2020-01-28 17:29:00,M62/2099A,1247.0,72.4203,0.4981772784019976
2020-01-28 17:44:00,M62/2099A,1097.0,91.73238,0.3459885669229253
2020-01-28 17:59:00,M62/2099A,1117.0,90.12304,0.35858747993579454
2020-01-28 18:14:00,M62/2099A,1041.0,91.73238,0.3283264340626848
2020-01-28 18:29:00,M62/2099A,837.0,98.16974,0.24667526247927798
2020-01-28 18:44:00,M62/2099A,772.0,99.77908,0.22384922073214936
2020-01-28 18:59:00,M62/2099A,690.0,101.38842,0.19689673622257894
2020-01-28 19:14:00,M62/2099A,639.0,102.99776,0.17949438202247192
2020-01-28 19:29:00,M62/2099A,644.0,102.99776,0.1808988764044944
2020-01-28 19:44:00,M62/2099A,446.0,104.6071,0.12335350043215212
2020-01-28 19:59:00,M62/2099A,431.0,102.99776,0.12106741573033708
2020-01-28 20:14:00,M62/2099A,411.0,102.99776,0.1154494382022472
2020-01-28 20:29:00,M62/2099A,374.0,104.6071,0.1034399308556612
2020-01-28 20:44:00,M62/2099A,325.0,104.6071,0.0898876404494382
2020-01-28 20:59:00,M62/2099A,276.0,102.99776,0.07752808988764046
2020-01-28 21:14:00,M62/2099A,272.0,102.99776,0.07640449438202247
2020-01-28 21:29:00,M62/2099A,263.0,101.38842,0.0750490458355627
2020-01-28 21:44:00,M62/2099A,266.0,102.99776,0.0747191011235955
2020-01-28 21:59:00,M62/2099A,236.0,101.38842,0.06734439093989657
2020-01-28 22:14:00,M62/2099A,285.0,102.99776,0.0800561797752809
2020-01-28 22:29:00,M62/2099A,341.0,104.6071,0.09431287813310285
2020-01-28 22:44:00,M62/2099A,259.0,102.99776,0.07275280898876405
2020-01-28 22:59:00,M62/2099A,216.0,104.6071,0.05974070872947277
2020-01-28 23:14:00,M62/2099A,215.0,102.99776,0.0603932584269663
2020-01-28 23:29:00,M62/2099A,184.0,99.77908,0.053352664008698814
2020-01-28 23:44:00,M62/2099A,133.0,98.16974,0.03919690550745993
2020-01-28 23:59:00,M62/2099A,148.0,99.77908,0.0429140993113447
2020-01-29 00:14:00,M62/2099A,116.0,102.99776,0.03258426966292135
2020-01-29 00:29:00,M62/2099A,99.0,96.5604,0.02966292134831461
2020-01-29 00:44:00,M62/2099A,93.0,94.95106,0.028337459531517808
2020-01-29 00:59:00,M62/2099A,86.0,94.95106,0.026204532470005718
2020-01-29 01:14:00,M62/2099A,72.0,99.77908,0.020877129394708233
2020-01-29 01:29:00,M62/2099A,71.0,96.5604,0.021273408239700375
2020-01-29 01:44:00,M62/2099A,68.0,96.5604,0.020374531835205992
2020-01-29 01:59:00,M62/2099A,82.0,93.34172,0.025416505230530805
2020-01-29 02:14:00,M62/2099A,84.0,91.73238,0.026493199290360734
2020-01-29 02:29:00,M62/2099A,78.0,93.34172,0.024176675707090277
2020-01-29 02:44:00,M62/2099A,71.0,91.73238,0.022393061304947764
2020-01-29 02:59:00,M62/2099A,67.0,91.73238,0.021131480386359158
2020-01-29 03:14:00,M62/2099A,72.0,91.73238,0.022708456534594915
2020-01-29 03:29:00,M62/2099A,73.0,93.34172,0.02262688880278962
2020-01-29 03:44:00,M62/2099A,88.0,99.77908,0.02551649148242117
2020-01-29 03:59:00,M62/2099A,93.0,93.34172,0.028826036419992256
2020-01-29 04:14:00,M62/2099A,106.0,96.5604,0.03176029962546816
2020-01-29 04:29:00,M62/2099A,153.0,98.16974,0.04509117701234114
2020-01-29 04:44:00,M62/2099A,184.0,98.16974,0.05422729784490698
2020-01-29 04:59:00,M62/2099A,212.0,99.77908,0.06147154766219646
2020-01-29 05:14:00,M62/2099A,268.0,99.77908,0.07770931496919174
2020-01-29 05:29:00,M62/2099A,357.0,101.38842,0.10187265917602997
2020-01-29 05:44:00,M62/2099A,478.0,101.38842,0.1364009274121634
2020-01-29 05:59:00,M62/2099A,514.0,102.99776,0.14438202247191012
2020-01-29 06:14:00,M62/2099A,702.0,102.99776,0.1971910112359551
2020-01-29 06:29:00,M62/2099A,987.0,99.77908,0.28619064878579203
2020-01-29 06:44:00,M62/2099A,1234.0,96.5604,0.36973782771535585
2020-01-29 06:59:00,M62/2099A,1109.0,96.5604,0.3322846441947566
2020-01-29 07:14:00,M62/2099A,1156.0,96.5604,0.34636704119850187
2020-01-29 07:29:00,M62/2099A,1198.0,96.5604,0.35895131086142323
2020-01-29 07:44:00,M62/2099A,1159.0,94.95106,0.35315178061321656
2020-01-29 07:59:00,M62/2099A,1113.0,96.5604,0.33348314606741575
2020-01-29 08:14:00,M62/2099A,1138.0,86.90436,0.37885975863503957
2020-01-29 08:29:00,M62/2099A,1082.0,88.5137,0.3536670071501532
2020-01-29 08:44:00,M62/2099A,1187.0,90.12304,0.38105939004815415
2020-01-29 08:59:00,M62/2099A,1200.0,62.76426,0.5531547104580813
2020-01-29 09:14:00,M62/2099A,1171.0,67.59228,0.5012306046013911
2020-01-29 09:29:00,M62/2099A,1143.0,82.07634,0.4029081295439524
2020-01-29 09:44:00,M62/2099A,1067.0,93.34172,0.33072452537776065
2020-01-29 09:59:00,M62/2099A,980.0,64.3736,0.4404494382022473
2020-01-29 10:14:00,M62/2099A,442.0,41.84284,0.3056179775280899
2020-01-29 10:29:00,M62/2099A,1137.0,83.68568,0.393085566119274
2020-01-29 10:44:00,M62/2099A,991.0,94.95106,0.3019615311369263
2020-01-29 10:59:00,M62/2099A,918.0,98.16974,0.2705470620740468
2020-01-29 11:14:00,M62/2099A,878.0,99.77908,0.25458499456324757
2020-01-29 11:29:00,M62/2099A,886.0,98.16974,0.26111622766623693
2020-01-29 11:44:00,M62/2099A,893.0,98.16974,0.2631792226929453
2020-01-29 11:59:00,M62/2099A,950.0,98.16974,0.27997789648185667
2020-01-29 12:14:00,M62/2099A,921.0,98.16974,0.271431202799779
2020-01-29 12:29:00,M62/2099A,974.0,98.16974,0.2870510222877141
2020-01-29 12:44:00,M62/2099A,947.0,98.16974,0.2790937557561245
2020-01-29 12:59:00,M62/2099A,953.0,99.77908,0.27633200434940197
2020-01-29 13:14:00,M62/2099A,998.0,99.77908,0.2893802102210946
2020-01-29 13:29:00,M62/2099A,967.0,99.77908,0.2803914461761508
2020-01-29 13:44:00,M62/2099A,1060.0,98.16974,0.31239638975870326
2020-01-29 13:59:00,M62/2099A,1072.0,98.16974,0.31593295266163196
2020-01-29 14:14:00,M62/2099A,1085.0,98.16974,0.31976422913980473
2020-01-29 14:29:00,M62/2099A,1081.0,98.16974,0.31858537483882854
2020-01-29 14:44:00,M62/2099A,1100.0,98.16974,0.32418493276846566
2020-01-29 14:59:00,M62/2099A,1103.0,98.16974,0.32506907349419784
2020-01-29 15:14:00,M62/2099A,1070.0,98.16974,0.31534352551114386
2020-01-29 15:29:00,M62/2099A,1058.0,99.77908,0.30677781805001814
2020-01-29 15:44:00,M62/2099A,1206.0,98.16974,0.355424571744336
2020-01-29 15:59:00,M62/2099A,1261.0,94.95106,0.38423157493810706
2020-01-29 16:14:00,M62/2099A,1409.0,91.73238,0.4443918785728366
2020-01-29 16:29:00,M62/2099A,1425.0,91.73238,0.449438202247191
2020-01-29 16:44:00,M62/2099A,1392.0,91.73238,0.439030159668835
2020-01-29 16:59:00,M62/2099A,1293.0,70.81096,0.5282941777323801
2020-01-29 17:14:00,M62/2099A,1291.0,48.2802,0.7736329588014982
2020-01-29 17:29:00,M62/2099A,1296.0,53.10822,0.706026557711951
2020-01-29 17:44:00,M62/2099A,1197.0,62.76426,0.5517718236819361
2020-01-29 17:59:00,M62/2099A,1089.0,90.12304,0.34959871589085073
2020-01-29 18:14:00,M62/2099A,1005.0,91.73238,0.3169722057953873
2020-01-29 18:29:00,M62/2099A,961.0,96.5604,0.2879400749063671
2020-01-29 18:44:00,M62/2099A,868.0,101.38842,0.24769038701622975
2020-01-29 18:59:00,M62/2099A,721.0,102.99776,0.20252808988764048
2020-01-29 19:14:00,M62/2099A,565.0,102.99776,0.15870786516853932
2020-01-29 19:29:00,M62/2099A,594.0,102.99776,0.16685393258426967
2020-01-29 19:44:00,M62/2099A,543.0,102.99776,0.15252808988764047
2020-01-29 19:59:00,M62/2099A,444.0,102.99776,0.12471910112359551
2020-01-29 20:14:00,M62/2099A,449.0,102.99776,0.126123595505618
2020-01-29 20:29:00,M62/2099A,365.0,106.21644,0.09942117807286346
2020-01-29 20:44:00,M62/2099A,381.0,104.6071,0.10537597234226448
2020-01-29 20:59:00,M62/2099A,354.0,104.6071,0.09790838375108038
2020-01-29 21:14:00,M62/2099A,299.0,102.99776,0.08398876404494383
2020-01-29 21:29:00,M62/2099A,281.0,104.6071,0.07771823681936042
2020-01-29 21:44:00,M62/2099A,314.0,102.99776,0.08820224719101125
2020-01-29 21:59:00,M62/2099A,269.0,99.77908,0.0779992750996738
2020-01-29 22:14:00,M62/2099A,283.0,102.99776,0.07949438202247192
2020-01-29 22:29:00,M62/2099A,212.0,101.38842,0.06049580881041556
2020-01-29 22:44:00,M62/2099A,234.0,104.6071,0.06471910112359551
2020-01-29 22:59:00,M62/2099A,254.0,104.6071,0.07025064822817632
2020-01-29 23:14:00,M62/2099A,233.0,109.43512,0.06159947124917384
2020-01-29 23:29:00,M62/2099A,291.0,107.82578,0.07808150259936275
2020-01-29 23:44:00,M62/2099A,273.0,104.6071,0.07550561797752808
2020-01-29 23:59:00,M62/2099A,180.0,102.99776,0.050561797752808994
2020-01-30 00:14:00,M62/2099A,136.0,101.38842,0.038808632067059035
2020-01-30 00:29:00,M62/2099A,124.0,101.38842,0.035384341002318534
2020-01-30 00:44:00,M62/2099A,97.0,98.16974,0.02858721679867379
2020-01-30 00:59:00,M62/2099A,99.0,98.16974,0.02917664394916191
2020-01-30 01:14:00,M62/2099A,91.0,96.5604,0.027265917602996254
2020-01-30 01:29:00,M62/2099A,77.0,94.95106,0.023462197676633025
2020-01-30 01:44:00,M62/2099A,96.0,94.95106,0.029251571129308707
2020-01-30 01:59:00,M62/2099A,82.0,90.12304,0.02632423756019262
2020-01-30 02:14:00,M62/2099A,75.0,96.5604,0.02247191011235955
2020-01-30 02:29:00,M62/2099A,93.0,94.95106,0.028337459531517808
2020-01-30 02:44:00,M62/2099A,83.0,94.95106,0.02529042087221482
2020-01-30 02:59:00,M62/2099A,82.0,98.16974,0.024166513170012893
2020-01-30 03:14:00,M62/2099A,89.0,96.5604,0.02666666666666667
2020-01-30 03:29:00,M62/2099A,89.0,96.5604,0.02666666666666667
2020-01-30 03:44:00,M62/2099A,113.0,99.77908,0.032765494744472635
2020-01-30 03:59:00,M62/2099A,88.0,98.16974,0.025934794621477252
2020-01-30 04:14:00,M62/2099A,111.0,98.16974,0.03271320685209062
2020-01-30 04:29:00,M62/2099A,172.0,96.5604,0.05153558052434457
2020-01-30 04:44:00,M62/2099A,221.0,98.16974,0.0651317001289372
2020-01-30 04:59:00,M62/2099A,235.0,99.77908,0.06814063066328381
2020-01-30 05:14:00,M62/2099A,284.0,101.38842,0.08104155519885857
2020-01-30 05:29:00,M62/2099A,365.0,101.38842,0.10415551988585697
2020-01-30 05:44:00,M62/2099A,491.0,101.38842,0.14011057606563226
2020-01-30 05:59:00,M62/2099A,565.0,101.38842,0.16122703763153204
2020-01-30 06:14:00,M62/2099A,703.0,101.38842,0.20060638487604784
2020-01-30 06:29:00,M62/2099A,945.0,101.38842,0.2696629213483146
2020-01-30 06:44:00,M62/2099A,1109.0,99.77908,0.3215657847046032
2020-01-30 06:59:00,M62/2099A,1006.0,99.77908,0.29169989126495116
2020-01-30 07:14:00,M62/2099A,1038.0,99.77908,0.30097861544037696
2020-01-30 07:29:00,M62/2099A,841.0,96.5604,0.25198501872659174
2020-01-30 07:44:00,M62/2099A,780.0,93.34172,0.24176675707090278
2020-01-30 07:59:00,M62/2099A,896.0,93.34172,0.2777218132506781
2020-01-30 08:14:00,M62/2099A,948.0,93.34172,0.2938395970554049
2020-01-30 08:29:00,M62/2099A,921.0,93.34172,0.28547074777218134
2020-01-30 08:44:00,M62/2099A,1114.0,91.73238,0.3513502858269269
2020-01-30 08:59:00,M62/2099A,1247.0,91.73238,0.393297851369998
2020-01-30 09:14:00,M62/2099A,1187.0,91.73238,0.37437413759116894
2020-01-30 09:29:00,M62/2099A,1132.0,90.12304,0.3634028892455859
2020-01-30 09:44:00,M62/2099A,1122.0,91.73238,0.35387344766410406
2020-01-30 09:59:00,M62/2099A,1197.0,91.73238,0.3775280898876405
2020-01-30 10:14:00,M62/2099A,1042.0,91.73238,0.328641829292332
2020-01-30 10:29:00,M62/2099A,968.0,98.16974,0.28528274083624977
2020-01-30 10:44:00,M62/2099A,958.0,98.16974,0.28233560508380917
2020-01-30 10:59:00,M62/2099A,941.0,99.77908,0.2728524827836173
2020-01-30 11:14:00,M62/2099A,881.0,99.77908,0.25545487495469377
2020-01-30 11:29:00,M62/2099A,929.0,98.16974,0.27378891140173145
2020-01-30 11:44:00,M62/2099A,968.0,98.16974,0.28528274083624977
2020-01-30 11:59:00,M62/2099A,915.0,98.16974,0.2696629213483146
2020-01-30 12:14:00,M62/2099A,928.0,85.29502,0.31477634089463646
2020-01-30 12:29:00,M62/2099A,914.0,99.77908,0.2650235592606017
2020-01-30 12:44:00,M62/2099A,946.0,99.77908,0.2743022834360276
2020-01-30 12:59:00,M62/2099A,1094.0,96.5604,0.32779026217228463
2020-01-30 13:14:00,M62/2099A,943.0,99.77908,0.27343240304458144
2020-01-30 13:29:00,M62/2099A,1033.0,98.16974,0.30443912322711364
2020-01-30 13:44:00,M62/2099A,1068.0,96.5604,0.32
2020-01-30 13:59:00,M62/2099A,1097.0,96.5604,0.32868913857677906
2020-01-30 14:14:00,M62/2099A,1048.0,98.16974,0.30885982685577457
2020-01-30 14:29:00,M62/2099A,1114.0,98.16974,0.3283109228218825
2020-01-30 14:44:00,M62/2099A,1088.0,99.77908,0.3154766219644799
2020-01-30 14:59:00,M62/2099A,1120.0,99.77908,0.3247553461399058
2020-01-30 15:14:00,M62/2099A,1190.0,98.16974,0.35070915454043106
2020-01-30 15:29:00,M62/2099A,1260.0,98.16974,0.3713391048075152
2020-01-30 15:44:00,M62/2099A,1185.0,98.16974,0.34923558666421073
2020-01-30 15:59:00,M62/2099A,1286.0,94.95106,0.39184917158636456
2020-01-30 16:14:00,M62/2099A,1346.0,91.73238,0.424521979105066
2020-01-30 16:29:00,M62/2099A,1470.0,88.5137,0.4804902962206333
2020-01-30 16:44:00,M62/2099A,1367.0,56.3269,0.7021508828250401
2020-01-30 16:59:00,M62/2099A,1323.0,51.49888,0.7432584269662922
2020-01-30 17:14:00,M62/2099A,1364.0,54.71756,0.7212161269001983
2020-01-30 17:29:00,M62/2099A,1246.0,57.93624,0.6222222222222222
2020-01-30 17:44:00,M62/2099A,1101.0,86.90436,0.3665418227215981
2020-01-30 17:59:00,M62/2099A,1049.0,91.73238,0.330849595899862
2020-01-30 18:14:00,M62/2099A,975.0,93.34172,0.3022084463386285
2020-01-30 18:29:00,M62/2099A,876.0,99.77908,0.2540050743022835
2020-01-30 18:44:00,M62/2099A,837.0,101.38842,0.2388443017656501
2020-01-30 18:59:00,M62/2099A,753.0,101.38842,0.2148742643124666
2020-01-30 19:14:00,M62/2099A,677.0,102.99776,0.1901685393258427
2020-01-30 19:29:00,M62/2099A,574.0,104.6071,0.15875540190146933
2020-01-30 19:44:00,M62/2099A,528.0,102.99776,0.14831460674157304
2020-01-30 19:59:00,M62/2099A,498.0,102.99776,0.13988764044943822
2020-01-30 20:14:00,M62/2099A,433.0,106.21644,0.11794347974123257
2020-01-30 20:29:00,M62/2099A,402.0,104.6071,0.11118409680207433
2020-01-30 20:44:00,M62/2099A,408.0,104.6071,0.11284356093344858
2020-01-30 20:59:00,M62/2099A,368.0,106.21644,0.10023833844058563
2020-01-30 21:14:00,M62/2099A,291.0,104.6071,0.08048401037165083
2020-01-30 21:29:00,M62/2099A,315.0,104.6071,0.08712186689714779
2020-01-30 21:44:00,M62/2099A,296.0,102.99776,0.08314606741573034
2020-01-30 21:59:00,M62/2099A,278.0,104.6071,0.07688850475367329
2020-01-30 22:14:00,M62/2099A,262.0,104.6071,0.07246326707000865
2020-01-30 22:29:00,M62/2099A,225.0,106.21644,0.06128702757916241
2020-01-30 22:44:00,M62/2099A,203.0,104.6071,0.05614520311149525
2020-01-30 22:59:00,M62/2099A,159.0,101.38842,0.04537185660781167
2020-01-30 23:14:00,M62/2099A,166.0,104.6071,0.04591184096802075
2020-01-30 23:29:00,M62/2099A,151.0,104.6071,0.04176318063958514
2020-01-30 23:44:00,M62/2099A,140.0,104.6071,0.03872082973206569
2020-01-30 23:59:00,M62/2099A,176.0,101.38842,0.05022293561619405
2020-01-31 00:14:00,M62/2099A,137.0,104.6071,0.03789109766637857
2020-01-31 00:29:00,M62/2099A,128.0,101.38842,0.036525771357232034
2020-01-31 00:44:00,M62/2099A,101.0,96.5604,0.030262172284644194
2020-01-31 00:59:00,M62/2099A,69.0,96.5604,0.020674157303370785
2020-01-31 01:14:00,M62/2099A,91.0,93.34172,0.028206121658271993
2020-01-31 01:29:00,M62/2099A,77.0,98.16974,0.022692945293792597
2020-01-31 01:44:00,M62/2099A,78.0,94.95106,0.023766901542563324
2020-01-31 01:59:00,M62/2099A,94.0,93.34172,0.02913599380085239
2020-01-31 02:14:00,M62/2099A,65.0,94.95106,0.019805751285469436
2020-01-31 02:29:00,M62/2099A,86.0,94.95106,0.026204532470005718
2020-01-31 02:44:00,M62/2099A,63.0,98.16974,0.01856695524037576
2020-01-31 02:59:00,M62/2099A,73.0,91.73238,0.023023851764242067
2020-01-31 03:14:00,M62/2099A,71.0,93.34172,0.022006974041069355
2020-01-31 03:29:00,M62/2099A,77.0,94.95106,0.023462197676633025
2020-01-31 03:44:00,M62/2099A,86.0,99.77908,0.024936571221457052
2020-01-31 03:59:00,M62/2099A,97.0,99.77908,0.028126132656759697
2020-01-31 04:14:00,M62/2099A,115.0,98.16974,0.033892061153066866
2020-01-31 04:29:00,M62/2099A,144.0,96.5604,0.04314606741573034
2020-01-31 04:44:00,M62/2099A,200.0,96.5604,0.0599250936329588
2020-01-31 04:59:00,M62/2099A,204.0,99.77908,0.05915186661833999
2020-01-31 05:14:00,M62/2099A,255.0,101.38842,0.0727661851257357
2020-01-31 05:29:00,M62/2099A,358.0,101.38842,0.10215801676475836
2020-01-31 05:44:00,M62/2099A,460.0,102.99776,0.12921348314606743
2020-01-31 05:59:00,M62/2099A,509.0,102.99776,0.14297752808988765
2020-01-31 06:14:00,M62/2099A,607.0,102.99776,0.17050561797752808
2020-01-31 06:29:00,M62/2099A,851.0,101.38842,0.24283930800784737
2020-01-31 06:44:00,M62/2099A,1140.0,99.77908,0.330554548749547
2020-01-31 06:59:00,M62/2099A,1136.0,99.77908,0.32939470822761874
2020-01-31 07:14:00,M62/2099A,1142.0,98.16974,0.33656290292871616
2020-01-31 07:29:00,M62/2099A,1201.0,96.5604,0.35985018726591766
2020-01-31 07:44:00,M62/2099A,1315.0,93.34172,0.40759395583107333
2020-01-31 07:59:00,M62/2099A,1174.0,91.73238,0.37027399960575597
2020-01-31 08:14:00,M62/2099A,1098.0,91.73238,0.3463039621525725
2020-01-31 08:29:00,M62/2099A,1025.0,93.34172,0.3177063153816351
2020-01-31 08:44:00,M62/2099A,952.0,93.34172,0.29507942657884545
2020-01-31 08:59:00,M62/2099A,897.0,93.34172,0.27803177063153817
2020-01-31 09:14:00,M62/2099A,909.0,93.34172,0.2817512592018598
2020-01-31 09:29:00,M62/2099A,941.0,98.16974,0.27732547430466015
2020-01-31 09:44:00,M62/2099A,902.0,99.77908,0.261544037694817
2020-01-31 09:59:00,M62/2099A,882.0,99.77908,0.2557448350851758
2020-01-31 10:14:00,M62/2099A,933.0,99.77908,0.2705328017397608
2020-01-31 10:29:00,M62/2099A,956.0,98.16974,0.2817461779333211
2020-01-31 10:44:00,M62/2099A,958.0,98.16974,0.28233560508380917
2020-01-31 10:59:00,M62/2099A,1008.0,99.77908,0.2922798115259152
2020-01-31 11:14:00,M62/2099A,935.0,99.77908,0.27111272200072495
2020-01-31 11:29:00,M62/2099A,1109.0,98.16974,0.3268373549456622
2020-01-31 11:44:00,M62/2099A,1033.0,98.16974,0.30443912322711364
2020-01-31 11:59:00,M62/2099A,1032.0,99.77908,0.2992388546574847
2020-01-31 12:14:00,M62/2099A,999.0,101.38842,0.2850722311396469
2020-01-31 12:29:00,M62/2099A,999.0,99.77908,0.2896701703515767
2020-01-31 12:44:00,M62/2099A,1083.0,99.77908,0.3140268213120696
2020-01-31 12:59:00,M62/2099A,1199.0,96.5604,0.359250936329588
2020-01-31 13:14:00,M62/2099A,1192.0,96.5604,0.3571535580524345
2020-01-31 13:29:00,M62/2099A,1119.0,96.5604,0.3352808988764045
2020-01-31 13:44:00,M62/2099A,1082.0,99.77908,0.31373686118158756
2020-01-31 13:59:00,M62/2099A,1122.0,96.5604,0.3361797752808989
2020-01-31 14:14:00,M62/2099A,1160.0,96.5604,0.34756554307116105
2020-01-31 14:29:00,M62/2099A,1118.0,98.16974,0.3294897771228587
2020-01-31 14:44:00,M62/2099A,1129.0,99.77908,0.3273649873142443
2020-01-31 14:59:00,M62/2099A,1142.0,96.5604,0.3421722846441948
2020-01-31 15:14:00,M62/2099A,1202.0,98.16974,0.35424571744335975
2020-01-31 15:29:00,M62/2099A,1172.0,98.16974,0.34540431018603795
2020-01-31 15:44:00,M62/2099A,1037.0,99.77908,0.3006886553098949
2020-01-31 15:59:00,M62/2099A,1073.0,101.38842,0.3061886927055467
2020-01-31 16:14:00,M62/2099A,1151.0,93.34172,0.3567609453700117
2020-01-31 16:29:00,M62/2099A,1260.0,91.73238,0.39739798935541104
2020-01-31 16:44:00,M62/2099A,1398.0,90.12304,0.4487961476725522
2020-01-31 16:59:00,M62/2099A,1490.0,86.90436,0.49604660840615905
2020-01-31 17:14:00,M62/2099A,1423.0,88.5137,0.46512768130745663
2020-01-31 17:29:00,M62/2099A,1425.0,88.5137,0.46578140960163433
2020-01-31 17:44:00,M62/2099A,1119.0,91.73238,0.35292726197516266
2020-01-31 17:59:00,M62/2099A,1004.0,93.34172,0.3111972103835723
2020-01-31 18:14:00,M62/2099A,1026.0,98.16974,0.3023761282004052
2020-01-31 18:29:00,M62/2099A,864.0,101.38842,0.24654895666131624
2020-01-31 18:44:00,M62/2099A,832.0,102.99776,0.23370786516853934
2020-01-31 18:59:00,M62/2099A,770.0,106.21644,0.2097378277153558
2020-01-31 19:14:00,M62/2099A,737.0,104.6071,0.20383751080380294
2020-01-31 19:29:00,M62/2099A,716.0,106.21644,0.19502894109635685
2020-01-31 19:44:00,M62/2099A,616.0,106.21644,0.16779026217228465
2020-01-31 19:59:00,M62/2099A,573.0,104.6071,0.1584788245462403
2020-01-31 20:14:00,M62/2099A,483.0,107.82578,0.1295991950360557
2020-01-31 20:29:00,M62/2099A,429.0,107.82578,0.11510984403823579
2020-01-31 20:44:00,M62/2099A,390.0,104.6071,0.10786516853932585
2020-01-31 20:59:00,M62/2099A,382.0,99.77908,0.11076476984414645
2020-01-31 21:14:00,M62/2099A,290.0,106.21644,0.07899216887980934
2020-01-31 21:29:00,M62/2099A,304.0,106.21644,0.08280558392917943
2020-01-31 21:44:00,M62/2099A,301.0,102.99776,0.08455056179775282
2020-01-31 21:59:00,M62/2099A,285.0,104.6071,0.07882454624027659
2020-01-31 22:14:00,M62/2099A,254.0,104.6071,0.07025064822817632
2020-01-31 22:29:00,M62/2099A,214.0,104.6071,0.059187554019014696
2020-01-31 22:44:00,M62/2099A,185.0,104.6071,0.051166810717372516
2020-01-31 22:59:00,M62/2099A,201.0,104.6071,0.05559204840103717
2020-01-31 23:14:00,M62/2099A,196.0,104.6071,0.05420916162489196
2020-01-31 23:29:00,M62/2099A,168.0,101.38842,0.04794007490636704
2020-01-31 23:44:00,M62/2099A,141.0,101.38842,0.04023542001070091
2020-01-31 23:59:00,M62/2099A,157.0,102.99776,0.04410112359550562
2020-01-01 00:14:00,M62/2328B,23.0,111.04446,0.00599250936329588
2020-01-01 00:29:00,M62/2328B,23.0,106.21644,0.006264896152536602
2020-01-01 00:44:00,M62/2328B,31.0,104.6071,0.00857389801210026
2020-01-01 00:59:00,M62/2328B,59.0,106.21644,0.016070820565202586
2020-01-01 01:14:00,M62/2328B,43.0,111.04446,0.01120338707050969
2020-01-01 01:29:00,M62/2328B,50.0,106.21644,0.013619339462036091
2020-01-01 01:44:00,M62/2328B,40.0,111.04446,0.010421755414427619
2020-01-01 01:59:00,M62/2328B,38.0,104.6071,0.010509939498703543
2020-01-01 02:14:00,M62/2328B,26.0,104.6071,0.0071910112359550565
2020-01-01 02:29:00,M62/2328B,28.0,109.43512,0.007402511566424324
2020-01-01 02:44:00,M62/2328B,14.0,99.77908,0.004059441826748823
2020-01-01 02:59:00,M62/2328B,23.0,107.82578,0.006171390239812176
2020-01-01 03:14:00,M62/2328B,16.0,102.99776,0.0044943820224719105
2020-01-01 03:29:00,M62/2328B,16.0,99.77908,0.0046393620877129395
2020-01-01 03:44:00,M62/2328B,11.0,107.82578,0.002951534462518867
2020-01-01 03:59:00,M62/2328B,11.0,94.95106,0.003351742525233289
2020-01-01 04:14:00,M62/2328B,12.0,115.87248,0.00299625468164794
2020-01-01 04:29:00,M62/2328B,13.0,106.21644,0.003541028260129384
2020-01-01 04:44:00,M62/2328B,18.0,106.21644,0.0049029622063329935
2020-01-01 04:59:00,M62/2328B,21.0,107.82578,0.00563474761026329
2020-01-01 05:14:00,M62/2328B,19.0,99.77908,0.005509242479159117
2020-01-01 05:29:00,M62/2328B,25.0,107.82578,0.006708032869361061
2020-01-01 05:44:00,M62/2328B,30.0,109.43512,0.007931262392597489
2020-01-01 05:59:00,M62/2328B,29.0,107.82578,0.007781318128458831
2020-01-01 06:14:00,M62/2328B,37.0,102.99776,0.010393258426966293
2020-01-01 06:29:00,M62/2328B,48.0,101.38842,0.013697164258962013
2020-01-01 06:44:00,M62/2328B,42.0,104.6071,0.011616248919619708
2020-01-01 06:59:00,M62/2328B,32.0,99.77908,0.009278724175425879
2020-01-01 07:14:00,M62/2328B,29.0,104.6071,0.008020743301642179
2020-01-01 07:29:00,M62/2328B,38.0,104.6071,0.010509939498703543
2020-01-01 07:44:00,M62/2328B,54.0,104.6071,0.014935177182368193
2020-01-01 07:59:00,M62/2328B,54.0,101.38842,0.015409309791332265
2020-01-01 08:14:00,M62/2328B,76.0,109.43512,0.020092531394580306
2020-01-01 08:29:00,M62/2328B,75.0,111.04446,0.019540791402051786
2020-01-01 08:44:00,M62/2328B,50.0,106.21644,0.013619339462036091
2020-01-01 08:59:00,M62/2328B,67.0,107.82578,0.017977528089887642
2020-01-01 09:14:00,M62/2328B,77.0,114.26313999999999,0.019496755815793642
2020-01-01 09:29:00,M62/2328B,74.0,106.21644,0.020156622403813416
2020-01-01 09:44:00,M62/2328B,103.0,109.43512,0.027230667547918044
2020-01-01 09:59:00,M62/2328B,120.0,109.43512,0.031725049570389956
2020-01-01 10:14:00,M62/2328B,147.0,107.82578,0.039443233271843035
2020-01-01 10:29:00,M62/2328B,170.0,111.04446,0.044292460511317376
2020-01-01 10:44:00,M62/2328B,203.0,106.21644,0.055294518215866534
2020-01-01 10:59:00,M62/2328B,211.0,109.43512,0.05578321216126901
2020-01-01 11:14:00,M62/2328B,276.0,109.43512,0.0729676140118969
2020-01-01 11:29:00,M62/2328B,298.0,109.43512,0.07878387309980173
2020-01-01 11:44:00,M62/2328B,368.0,109.43512,0.09729015201586254
2020-01-01 11:59:00,M62/2328B,332.0,109.43512,0.08777263714474555
2020-01-01 12:14:00,M62/2328B,358.0,109.43512,0.0946463978849967
2020-01-01 12:29:00,M62/2328B,349.0,109.43512,0.09226701916721747
2020-01-01 12:44:00,M62/2328B,355.0,109.43512,0.09385327164573695
2020-01-01 12:59:00,M62/2328B,361.0,111.04446,0.09405634261520926
2020-01-01 13:14:00,M62/2328B,386.0,112.6538,0.09913322632423756
2020-01-01 13:29:00,M62/2328B,371.0,109.43512,0.09808327825512228
2020-01-01 13:44:00,M62/2328B,359.0,111.04446,0.09353525484448788
2020-01-01 13:59:00,M62/2328B,316.0,112.6538,0.08115569823434993
2020-01-01 14:14:00,M62/2328B,338.0,111.04446,0.08806383325191337
2020-01-01 14:29:00,M62/2328B,345.0,111.04446,0.08988764044943821
2020-01-01 14:44:00,M62/2328B,343.0,111.04446,0.08936655267871683
2020-01-01 14:59:00,M62/2328B,310.0,112.6538,0.0796147672552167
2020-01-01 15:14:00,M62/2328B,320.0,111.04446,0.08337404331542095
2020-01-01 15:29:00,M62/2328B,337.0,111.04446,0.0878032893665527
2020-01-01 15:44:00,M62/2328B,304.0,111.04446,0.0792053411496499
2020-01-01 15:59:00,M62/2328B,327.0,111.04446,0.08519785051294579
2020-01-01 16:14:00,M62/2328B,289.0,107.82578,0.07754485996981386
2020-01-01 16:29:00,M62/2328B,289.0,107.82578,0.07754485996981386
2020-01-01 16:44:00,M62/2328B,275.0,106.21644,0.0749063670411985
2020-01-01 16:59:00,M62/2328B,294.0,106.21644,0.08008171603677222
2020-01-01 17:14:00,M62/2328B,276.0,106.21644,0.07517875383043923
2020-01-01 17:29:00,M62/2328B,238.0,106.21644,0.0648280558392918
2020-01-01 17:44:00,M62/2328B,229.0,109.43512,0.060541969596827505
2020-01-01 17:59:00,M62/2328B,243.0,107.82578,0.06520207949018951
2020-01-01 18:14:00,M62/2328B,236.0,106.21644,0.06428328226081034
2020-01-01 18:29:00,M62/2328B,235.0,107.82578,0.06305550897199397
2020-01-01 18:44:00,M62/2328B,195.0,109.43512,0.05155320555188368
2020-01-01 18:59:00,M62/2328B,179.0,107.82578,0.0480295153446252
2020-01-01 19:14:00,M62/2328B,153.0,107.82578,0.04105316116048969
2020-01-01 19:29:00,M62/2328B,154.0,107.82578,0.04132148247526413
2020-01-01 19:44:00,M62/2328B,158.0,107.82578,0.042394767734361904
2020-01-01 19:59:00,M62/2328B,111.0,106.21644,0.030234933605720122
2020-01-01 20:14:00,M62/2328B,116.0,104.6071,0.032082973206568714
2020-01-01 20:29:00,M62/2328B,88.0,104.6071,0.024338807260155578
2020-01-01 20:44:00,M62/2328B,86.0,106.21644,0.023425263874702076
2020-01-01 20:59:00,M62/2328B,76.0,109.43512,0.020092531394580306
2020-01-01 21:14:00,M62/2328B,101.0,107.82578,0.027100452792218687
2020-01-01 21:29:00,M62/2328B,73.0,106.21644,0.01988423561457269
2020-01-01 21:44:00,M62/2328B,63.0,106.21644,0.017160367722165476
2020-01-01 21:59:00,M62/2328B,48.0,109.43512,0.012690019828155983
2020-01-01 22:14:00,M62/2328B,55.0,104.6071,0.015211754537597235
2020-01-01 22:29:00,M62/2328B,49.0,102.99776,0.013764044943820226
2020-01-01 22:44:00,M62/2328B,48.0,106.21644,0.013074565883554648
2020-01-01 22:59:00,M62/2328B,23.0,106.21644,0.006264896152536602
2020-01-01 23:14:00,M62/2328B,21.0,107.82578,0.00563474761026329
2020-01-01 23:29:00,M62/2328B,35.0,111.04446,0.009119035987624166
2020-01-01 23:44:00,M62/2328B,29.0,102.99776,0.008146067415730337
2020-01-01 23:59:00,M62/2328B,68.0,104.6071,0.018807260155574764
2020-01-02 00:14:00,M62/2328B,23.0,102.99776,0.006460674157303371
2020-01-02 00:29:00,M62/2328B,27.0,94.95106,0.008227004380118074
2020-01-02 00:44:00,M62/2328B,17.0,98.16974,0.005010130779149014
2020-01-02 00:59:00,M62/2328B,17.0,98.16974,0.005010130779149014
2020-01-02 01:14:00,M62/2328B,21.0,98.16974,0.006188985080125254
2020-01-02 01:29:00,M62/2328B,10.0,98.16974,0.002947135752440597
2020-01-02 01:44:00,M62/2328B,15.0,94.95106,0.004570557988954485
2020-01-02 01:59:00,M62/2328B,22.0,94.95106,0.006703485050466578
2020-01-02 02:14:00,M62/2328B,16.0,99.77908,0.0046393620877129395
2020-01-02 02:29:00,M62/2328B,17.0,96.5604,0.005093632958801498
2020-01-02 02:44:00,M62/2328B,14.0,90.12304,0.0044943820224719105
2020-01-02 02:59:00,M62/2328B,22.0,99.77908,0.006379122870605293
2020-01-02 03:14:00,M62/2328B,19.0,88.5137,0.006210418794688458
2020-01-02 03:29:00,M62/2328B,17.0,102.99776,0.0047752808988764045
2020-01-02 03:44:00,M62/2328B,23.0,98.16974,0.006778412230613372
2020-01-02 03:59:00,M62/2328B,37.0,99.77908,0.010728524827836174
2020-01-02 04:14:00,M62/2328B,43.0,98.16974,0.012672683735494567
2020-01-02 04:29:00,M62/2328B,55.0,99.77908,0.015947807176513232
2020-01-02 04:44:00,M62/2328B,66.0,99.77908,0.019137368611815878
2020-01-02 04:59:00,M62/2328B,79.0,101.38842,0.02254324950954165
2020-01-02 05:14:00,M62/2328B,106.0,102.99776,0.02977528089887641
2020-01-02 05:29:00,M62/2328B,172.0,101.38842,0.04908150526128055
2020-01-02 05:44:00,M62/2328B,208.0,102.99776,0.058426966292134834
2020-01-02 05:59:00,M62/2328B,196.0,101.38842,0.05593008739076155
2020-01-02 06:14:00,M62/2328B,253.0,99.77908,0.07335991301196086
2020-01-02 06:29:00,M62/2328B,350.0,102.99776,0.09831460674157304
2020-01-02 06:44:00,M62/2328B,399.0,102.99776,0.11207865168539326
2020-01-02 06:59:00,M62/2328B,443.0,104.6071,0.122523768366465
2020-01-02 07:14:00,M62/2328B,500.0,102.99776,0.1404494382022472
2020-01-02 07:29:00,M62/2328B,508.0,102.99776,0.14269662921348317
2020-01-02 07:44:00,M62/2328B,590.0,99.77908,0.17107647698441467
2020-01-02 07:59:00,M62/2328B,563.0,102.99776,0.15814606741573037
2020-01-02 08:14:00,M62/2328B,538.0,101.38842,0.1535223827358659
2020-01-02 08:29:00,M62/2328B,517.0,102.99776,0.1452247191011236
2020-01-02 08:44:00,M62/2328B,438.0,104.6071,0.1211408815903198
2020-01-02 08:59:00,M62/2328B,431.0,104.6071,0.11920484010371651
2020-01-02 09:14:00,M62/2328B,405.0,101.38842,0.11556982343499199
2020-01-02 09:29:00,M62/2328B,361.0,102.99776,0.10140449438202248
2020-01-02 09:44:00,M62/2328B,435.0,104.6071,0.12031114952463268
2020-01-02 09:59:00,M62/2328B,439.0,102.99776,0.12331460674157306
2020-01-02 10:14:00,M62/2328B,464.0,101.38842,0.13240592116996613
2020-01-02 10:29:00,M62/2328B,477.0,102.99776,0.13398876404494384
2020-01-02 10:44:00,M62/2328B,468.0,102.99776,0.1314606741573034
2020-01-02 10:59:00,M62/2328B,506.0,101.38842,0.14439093989655788
2020-01-02 11:14:00,M62/2328B,544.0,102.99776,0.15280898876404495
2020-01-02 11:29:00,M62/2328B,529.0,102.99776,0.14859550561797752
2020-01-02 11:44:00,M62/2328B,498.0,104.6071,0.13773552290406224
2020-01-02 11:59:00,M62/2328B,530.0,102.99776,0.14887640449438205
2020-01-02 12:14:00,M62/2328B,554.0,102.99776,0.1556179775280899
2020-01-02 12:29:00,M62/2328B,562.0,102.99776,0.15786516853932586
2020-01-02 12:44:00,M62/2328B,564.0,101.38842,0.16094168004280365
2020-01-02 12:59:00,M62/2328B,519.0,102.99776,0.1457865168539326
2020-01-02 13:14:00,M62/2328B,548.0,102.99776,0.15393258426966294
2020-01-02 13:29:00,M62/2328B,542.0,102.99776,0.15224719101123596
2020-01-02 13:44:00,M62/2328B,505.0,102.99776,0.14185393258426968
2020-01-02 13:59:00,M62/2328B,530.0,102.99776,0.14887640449438205
2020-01-02 14:14:00,M62/2328B,564.0,104.6071,0.15598962834917893
2020-01-02 14:29:00,M62/2328B,514.0,102.99776,0.14438202247191012
2020-01-02 14:44:00,M62/2328B,493.0,102.99776,0.13848314606741574
2020-01-02 14:59:00,M62/2328B,468.0,106.21644,0.12747701736465783
2020-01-02 15:14:00,M62/2328B,457.0,106.21644,0.12448076268300987
2020-01-02 15:29:00,M62/2328B,456.0,102.99776,0.12808988764044946
2020-01-02 15:44:00,M62/2328B,464.0,104.6071,0.12833189282627486
2020-01-02 15:59:00,M62/2328B,462.0,102.99776,0.1297752808988764
2020-01-02 16:14:00,M62/2328B,446.0,102.99776,0.1252808988764045
2020-01-02 16:29:00,M62/2328B,441.0,102.99776,0.12387640449438203
2020-01-02 16:44:00,M62/2328B,467.0,101.38842,0.13326199393615126
2020-01-02 16:59:00,M62/2328B,474.0,102.99776,0.13314606741573035
2020-01-02 17:14:00,M62/2328B,464.0,101.38842,0.13240592116996613
2020-01-02 17:29:00,M62/2328B,470.0,102.99776,0.13202247191011238
2020-01-02 17:44:00,M62/2328B,381.0,102.99776,0.10702247191011237
2020-01-02 17:59:00,M62/2328B,371.0,102.99776,0.10421348314606742
2020-01-02 18:14:00,M62/2328B,343.0,102.99776,0.09634831460674158
2020-01-02 18:29:00,M62/2328B,326.0,104.6071,0.09016421780466725
2020-01-02 18:44:00,M62/2328B,257.0,106.21644,0.07000340483486552
2020-01-02 18:59:00,M62/2328B,223.0,102.99776,0.06264044943820225
2020-01-02 19:14:00,M62/2328B,172.0,104.6071,0.047571305099394987
2020-01-02 19:29:00,M62/2328B,148.0,104.6071,0.04093344857389802
2020-01-02 19:44:00,M62/2328B,143.0,102.99776,0.0401685393258427
2020-01-02 19:59:00,M62/2328B,114.0,99.77908,0.0330554548749547
2020-01-02 20:14:00,M62/2328B,99.0,101.38842,0.028250401284109154
2020-01-02 20:29:00,M62/2328B,118.0,102.99776,0.03314606741573034
2020-01-02 20:44:00,M62/2328B,104.0,104.6071,0.028764044943820226
2020-01-02 20:59:00,M62/2328B,102.0,102.99776,0.02865168539325843
2020-01-02 21:14:00,M62/2328B,88.0,106.21644,0.02397003745318352
2020-01-02 21:29:00,M62/2328B,91.0,104.6071,0.025168539325842697
2020-01-02 21:44:00,M62/2328B,71.0,101.38842,0.020260388799714642
2020-01-02 21:59:00,M62/2328B,56.0,102.99776,0.015730337078651686
2020-01-02 22:14:00,M62/2328B,82.0,104.6071,0.022679343128781334
2020-01-02 22:29:00,M62/2328B,65.0,98.16974,0.019156382390863883
2020-01-02 22:44:00,M62/2328B,45.0,101.38842,0.012841091492776888
2020-01-02 22:59:00,M62/2328B,53.0,102.99776,0.014887640449438204
2020-01-02 23:14:00,M62/2328B,51.0,102.99776,0.014325842696629214
2020-01-02 23:29:00,M62/2328B,30.0,104.6071,0.00829732065687122
2020-01-02 23:44:00,M62/2328B,42.0,99.77908,0.012178325480246468
2020-01-02 23:59:00,M62/2328B,73.0,101.38842,0.020831103977171396
2020-01-03 00:14:00,M62/2328B,56.0,102.99776,0.015730337078651686
2020-01-03 00:29:00,M62/2328B,37.0,98.16974,0.01090440228403021
2020-01-03 00:44:00,M62/2328B,30.0,101.38842,0.008560727661851258
2020-01-03 00:59:00,M62/2328B,23.0,94.95106,0.007008188916396878
2020-01-03 01:14:00,M62/2328B,26.0,93.34172,0.008058891902363426
2020-01-03 01:29:00,M62/2328B,26.0,93.34172,0.008058891902363426
2020-01-03 01:44:00,M62/2328B,27.0,91.73238,0.008515671200473092
2020-01-03 01:59:00,M62/2328B,25.0,96.5604,0.00749063670411985
2020-01-03 02:14:00,M62/2328B,24.0,94.95106,0.007312892782327177
2020-01-03 02:29:00,M62/2328B,17.0,96.5604,0.005093632958801498
2020-01-03 02:44:00,M62/2328B,19.0,99.77908,0.005509242479159117
2020-01-03 02:59:00,M62/2328B,27.0,90.12304,0.0086677367576244
2020-01-03 03:14:00,M62/2328B,37.0,94.95106,0.011274043039421063
2020-01-03 03:29:00,M62/2328B,40.0,94.95106,0.012188154637211962
2020-01-03 03:44:00,M62/2328B,41.0,96.5604,0.012284644194756555
2020-01-03 03:59:00,M62/2328B,45.0,94.95106,0.013711673966863456
2020-01-03 04:14:00,M62/2328B,45.0,94.95106,0.013711673966863456
2020-01-03 04:29:00,M62/2328B,58.0,98.16974,0.01709338736415546
2020-01-03 04:44:00,M62/2328B,65.0,91.73238,0.020500689927064854
2020-01-03 04:59:00,M62/2328B,85.0,98.16974,0.025050653895745074
2020-01-03 05:14:00,M62/2328B,107.0,94.95106,0.03260331365454199
2020-01-03 05:29:00,M62/2328B,184.0,101.38842,0.05250579632602105
2020-01-03 05:44:00,M62/2328B,202.0,99.77908,0.05857194635737587
2020-01-03 05:59:00,M62/2328B,197.0,99.77908,0.05712214570496558
2020-01-03 06:14:00,M62/2328B,249.0,101.38842,0.07105403959336544
2020-01-03 06:29:00,M62/2328B,357.0,99.77908,0.10351576658209498
2020-01-03 06:44:00,M62/2328B,377.0,102.99776,0.1058988764044944
2020-01-03 06:59:00,M62/2328B,475.0,102.99776,0.13342696629213485
2020-01-03 07:14:00,M62/2328B,462.0,101.38842,0.1318352059925094
2020-01-03 07:29:00,M62/2328B,517.0,101.38842,0.14752987337257
2020-01-03 07:44:00,M62/2328B,536.0,98.16974,0.15796647633081598
2020-01-03 07:59:00,M62/2328B,567.0,101.38842,0.16179775280898878
2020-01-03 08:14:00,M62/2328B,548.0,101.38842,0.15637595862314965
2020-01-03 08:29:00,M62/2328B,562.0,102.99776,0.15786516853932586
2020-01-03 08:44:00,M62/2328B,539.0,102.99776,0.15140449438202247
2020-01-03 08:59:00,M62/2328B,479.0,102.99776,0.13455056179775282
2020-01-03 09:14:00,M62/2328B,414.0,102.99776,0.11629213483146068
2020-01-03 09:29:00,M62/2328B,400.0,101.38842,0.11414303549135012
2020-01-03 09:44:00,M62/2328B,424.0,102.99776,0.11910112359550563
2020-01-03 09:59:00,M62/2328B,453.0,101.38842,0.129266987693954
2020-01-03 10:14:00,M62/2328B,460.0,102.99776,0.12921348314606743
2020-01-03 10:29:00,M62/2328B,509.0,102.99776,0.14297752808988765
2020-01-03 10:44:00,M62/2328B,518.0,101.38842,0.1478152309612984
2020-01-03 10:59:00,M62/2328B,439.0,104.6071,0.12141745894554885
2020-01-03 11:14:00,M62/2328B,539.0,102.99776,0.15140449438202247
2020-01-03 11:29:00,M62/2328B,489.0,102.99776,0.13735955056179777
2020-01-03 11:44:00,M62/2328B,528.0,102.99776,0.14831460674157304
2020-01-03 11:59:00,M62/2328B,459.0,102.99776,0.12893258426966295
2020-01-03 12:14:00,M62/2328B,491.0,101.38842,0.14011057606563226
2020-01-03 12:29:00,M62/2328B,529.0,102.99776,0.14859550561797752
2020-01-03 12:44:00,M62/2328B,503.0,104.6071,0.13911840968020744
2020-01-03 12:59:00,M62/2328B,577.0,101.38842,0.16465132869627253
2020-01-03 13:14:00,M62/2328B,571.0,101.38842,0.1629391831639023
2020-01-03 13:29:00,M62/2328B,612.0,101.38842,0.17463884430176568
2020-01-03 13:44:00,M62/2328B,535.0,101.38842,0.15266630996968075
2020-01-03 13:59:00,M62/2328B,540.0,101.38842,0.15409309791332265
2020-01-03 14:14:00,M62/2328B,502.0,104.6071,0.1388418323249784
2020-01-03 14:29:00,M62/2328B,504.0,102.99776,0.1415730337078652
2020-01-03 14:44:00,M62/2328B,529.0,102.99776,0.14859550561797752
2020-01-03 14:59:00,M62/2328B,543.0,102.99776,0.15252808988764047
2020-01-03 15:14:00,M62/2328B,553.0,104.6071,0.15294727744165948
2020-01-03 15:29:00,M62/2328B,550.0,102.99776,0.15449438202247193
2020-01-03 15:44:00,M62/2328B,538.0,104.6071,0.14879861711322387
2020-01-03 15:59:00,M62/2328B,496.0,106.21644,0.135103847463398
2020-01-03 16:14:00,M62/2328B,548.0,106.21644,0.14926796050391555
2020-01-03 16:29:00,M62/2328B,520.0,104.6071,0.14382022471910114
2020-01-03 16:44:00,M62/2328B,545.0,101.38842,0.15551988585696452
2020-01-03 16:59:00,M62/2328B,504.0,102.99776,0.1415730337078652
2020-01-03 17:14:00,M62/2328B,458.0,101.38842,0.13069377563759588
2020-01-03 17:29:00,M62/2328B,460.0,102.99776,0.12921348314606743
2020-01-03 17:44:00,M62/2328B,406.0,102.99776,0.11404494382022473
2020-01-03 17:59:00,M62/2328B,373.0,104.6071,0.10316335350043217
2020-01-03 18:14:00,M62/2328B,377.0,102.99776,0.1058988764044944
2020-01-03 18:29:00,M62/2328B,343.0,106.21644,0.09342866870956759
2020-01-03 18:44:00,M62/2328B,294.0,102.99776,0.08258426966292136
2020-01-03 18:59:00,M62/2328B,243.0,104.6071,0.06720829732065688
2020-01-03 19:14:00,M62/2328B,241.0,104.6071,0.0666551426101988
2020-01-03 19:29:00,M62/2328B,233.0,101.38842,0.06648831817371144
2020-01-03 19:44:00,M62/2328B,159.0,104.6071,0.04397579948141746
2020-01-03 19:59:00,M62/2328B,150.0,102.99776,0.042134831460674156
2020-01-03 20:14:00,M62/2328B,163.0,104.6071,0.04508210890233363
2020-01-03 20:29:00,M62/2328B,114.0,104.6071,0.03152981849611063
2020-01-03 20:44:00,M62/2328B,131.0,102.99776,0.03679775280898877
2020-01-03 20:59:00,M62/2328B,111.0,101.38842,0.031674692348849655
2020-01-03 21:14:00,M62/2328B,91.0,101.38842,0.02596754057428215
2020-01-03 21:29:00,M62/2328B,99.0,102.99776,0.02780898876404495
2020-01-03 21:44:00,M62/2328B,97.0,107.82578,0.026027167533120916
2020-01-03 21:59:00,M62/2328B,79.0,99.77908,0.022906850308082642
2020-01-03 22:14:00,M62/2328B,67.0,102.99776,0.018820224719101126
2020-01-03 22:29:00,M62/2328B,74.0,101.38842,0.02111646156589977
2020-01-03 22:44:00,M62/2328B,69.0,99.77908,0.020007249003262055
2020-01-03 22:59:00,M62/2328B,54.0,102.99776,0.015168539325842697
2020-01-03 23:14:00,M62/2328B,51.0,98.16974,0.015030392337447044
2020-01-03 23:29:00,M62/2328B,44.0,107.82578,0.011806137850075468
2020-01-03 23:44:00,M62/2328B,39.0,102.99776,0.010955056179775283
2020-01-03 23:59:00,M62/2328B,88.0,104.6071,0.024338807260155578
2020-01-04 00:14:00,M62/2328B,48.0,102.99776,0.01348314606741573
2020-01-04 00:29:00,M62/2328B,33.0,102.99776,0.009269662921348315
2020-01-04 00:44:00,M62/2328B,43.0,101.38842,0.012270376315320138
2020-01-04 00:59:00,M62/2328B,30.0,99.77908,0.008698803914461763
2020-01-04 01:14:00,M62/2328B,30.0,99.77908,0.008698803914461763
2020-01-04 01:29:00,M62/2328B,25.0,94.95106,0.007617596648257475
2020-01-04 01:44:00,M62/2328B,35.0,96.5604,0.010486891385767791
2020-01-04 01:59:00,M62/2328B,19.0,98.16974,0.005599557929637134
2020-01-04 02:14:00,M62/2328B,19.0,94.95106,0.005789373452675681
2020-01-04 02:29:00,M62/2328B,16.0,94.95106,0.004875261854884784
2020-01-04 02:44:00,M62/2328B,26.0,98.16974,0.007662552956345552
2020-01-04 02:59:00,M62/2328B,28.0,91.73238,0.008831066430120245
2020-01-04 03:14:00,M62/2328B,28.0,101.38842,0.007990012484394507
2020-01-04 03:29:00,M62/2328B,31.0,94.95106,0.00944581984383927
2020-01-04 03:44:00,M62/2328B,30.0,94.95106,0.00914111597790897
2020-01-04 03:59:00,M62/2328B,43.0,98.16974,0.012672683735494567
2020-01-04 04:14:00,M62/2328B,23.0,93.34172,0.00712901975978303
2020-01-04 04:29:00,M62/2328B,41.0,96.5604,0.012284644194756555
2020-01-04 04:44:00,M62/2328B,34.0,96.5604,0.010187265917602996
2020-01-04 04:59:00,M62/2328B,57.0,96.5604,0.017078651685393256
2020-01-04 05:14:00,M62/2328B,64.0,98.16974,0.01886166881561982
2020-01-04 05:29:00,M62/2328B,81.0,99.77908,0.023486770569046758
2020-01-04 05:44:00,M62/2328B,73.0,104.6071,0.020190146931719968
2020-01-04 05:59:00,M62/2328B,76.0,102.99776,0.021348314606741577
2020-01-04 06:14:00,M62/2328B,101.0,101.38842,0.028821116461565904
2020-01-04 06:29:00,M62/2328B,136.0,99.77908,0.03943457774555999
2020-01-04 06:44:00,M62/2328B,126.0,106.21644,0.03432073544433095
2020-01-04 06:59:00,M62/2328B,115.0,101.38842,0.032816122703763155
2020-01-04 07:14:00,M62/2328B,154.0,102.99776,0.04325842696629214
2020-01-04 07:29:00,M62/2328B,156.0,101.38842,0.04451578384162654
2020-01-04 07:44:00,M62/2328B,168.0,101.38842,0.04794007490636704
2020-01-04 07:59:00,M62/2328B,196.0,102.99776,0.055056179775280906
2020-01-04 08:14:00,M62/2328B,188.0,107.82578,0.05044440717759518
2020-01-04 08:29:00,M62/2328B,229.0,104.6071,0.0633362143474503
2020-01-04 08:44:00,M62/2328B,269.0,106.21644,0.07327204630575417
2020-01-04 08:59:00,M62/2328B,243.0,107.82578,0.06520207949018951
2020-01-04 09:14:00,M62/2328B,289.0,109.43512,0.07640449438202247
2020-01-04 09:29:00,M62/2328B,352.0,107.82578,0.09444910280060374
2020-01-04 09:44:00,M62/2328B,390.0,109.43512,0.10310641110376736
2020-01-04 09:59:00,M62/2328B,433.0,109.43512,0.11447455386649043
2020-01-04 10:14:00,M62/2328B,445.0,107.82578,0.11940298507462688
2020-01-04 10:29:00,M62/2328B,453.0,107.82578,0.1215495555928224
2020-01-04 10:44:00,M62/2328B,493.0,106.21644,0.13428668709567584
2020-01-04 10:59:00,M62/2328B,430.0,106.21644,0.1171263193735104
2020-01-04 11:14:00,M62/2328B,487.0,104.6071,0.1346931719965428
2020-01-04 11:29:00,M62/2328B,520.0,106.21644,0.14164113040517534
2020-01-04 11:44:00,M62/2328B,481.0,107.82578,0.12906255240650683
2020-01-04 11:59:00,M62/2328B,471.0,109.43512,0.12452081956378058
2020-01-04 12:14:00,M62/2328B,470.0,107.82578,0.12611101794398794
2020-01-04 12:29:00,M62/2328B,493.0,107.82578,0.13228240818380013
2020-01-04 12:44:00,M62/2328B,470.0,107.82578,0.12611101794398794
2020-01-04 12:59:00,M62/2328B,441.0,109.43512,0.1165895571711831
2020-01-04 13:14:00,M62/2328B,449.0,109.43512,0.11870456047587577
2020-01-04 13:29:00,M62/2328B,443.0,109.43512,0.11711830799735624
2020-01-04 13:44:00,M62/2328B,407.0,109.43512,0.10760079312623928
2020-01-04 13:59:00,M62/2328B,398.0,106.21644,0.10840994211780729
2020-01-04 14:14:00,M62/2328B,401.0,107.82578,0.10759684722455141
2020-01-04 14:29:00,M62/2328B,416.0,109.43512,0.10998017184401851
2020-01-04 14:44:00,M62/2328B,409.0,109.43512,0.10812954395241244
2020-01-04 14:59:00,M62/2328B,398.0,109.43512,0.10522141440846003
2020-01-04 15:14:00,M62/2328B,366.0,107.82578,0.09820560120744593
2020-01-04 15:29:00,M62/2328B,384.0,109.43512,0.10152015862524787
2020-01-04 15:44:00,M62/2328B,365.0,109.43512,0.0964970257766028
2020-01-04 15:59:00,M62/2328B,359.0,107.82578,0.09632735200402483
2020-01-04 16:14:00,M62/2328B,360.0,107.82578,0.09659567331879927
2020-01-04 16:29:00,M62/2328B,374.0,107.82578,0.10035217172564147
2020-01-04 16:44:00,M62/2328B,382.0,106.21644,0.10405175348995574
2020-01-04 16:59:00,M62/2328B,378.0,106.21644,0.10296220633299286
2020-01-04 17:14:00,M62/2328B,338.0,104.6071,0.09348314606741574
2020-01-04 17:29:00,M62/2328B,325.0,106.21644,0.0885257065032346
2020-01-04 17:44:00,M62/2328B,323.0,107.82578,0.0866677846721449
2020-01-04 17:59:00,M62/2328B,322.0,106.21644,0.08770854613551243
2020-01-04 18:14:00,M62/2328B,286.0,107.82578,0.07673989602549054
2020-01-04 18:29:00,M62/2328B,260.0,107.82578,0.06976354184135503
2020-01-04 18:44:00,M62/2328B,239.0,106.21644,0.06510044262853251
2020-01-04 18:59:00,M62/2328B,179.0,106.21644,0.04875723527408921
2020-01-04 19:14:00,M62/2328B,176.0,107.82578,0.04722455140030187
2020-01-04 19:29:00,M62/2328B,167.0,106.21644,0.04548859380320055
2020-01-04 19:44:00,M62/2328B,136.0,106.21644,0.03704460333673817
2020-01-04 19:59:00,M62/2328B,120.0,104.6071,0.03318928262748488
2020-01-04 20:14:00,M62/2328B,125.0,109.43512,0.03304692663582288
2020-01-04 20:29:00,M62/2328B,151.0,106.21644,0.041130405175349
2020-01-04 20:44:00,M62/2328B,117.0,107.82578,0.03139359382860977
2020-01-04 20:59:00,M62/2328B,95.0,107.82578,0.02549052490357203
2020-01-04 21:14:00,M62/2328B,64.0,106.21644,0.0174327545114062
2020-01-04 21:29:00,M62/2328B,73.0,102.99776,0.02050561797752809
2020-01-04 21:44:00,M62/2328B,55.0,104.6071,0.015211754537597235
2020-01-04 21:59:00,M62/2328B,63.0,104.6071,0.017424373379429557
2020-01-04 22:14:00,M62/2328B,69.0,104.6071,0.019083837510803805
2020-01-04 22:29:00,M62/2328B,57.0,107.82578,0.01529431494214322
2020-01-04 22:44:00,M62/2328B,57.0,104.6071,0.015764909248055316
2020-01-04 22:59:00,M62/2328B,51.0,99.77908,0.014787966654584997
2020-01-04 23:14:00,M62/2328B,47.0,109.43512,0.0124256444150694
2020-01-04 23:29:00,M62/2328B,38.0,104.6071,0.010509939498703543
2020-01-04 23:44:00,M62/2328B,55.0,104.6071,0.015211754537597235
2020-01-04 23:59:00,M62/2328B,46.0,102.99776,0.012921348314606743
2020-01-05 00:14:00,M62/2328B,38.0,104.6071,0.010509939498703543
2020-01-05 00:29:00,M62/2328B,45.0,106.21644,0.012257405515832483
2020-01-05 00:44:00,M62/2328B,24.0,114.26313999999999,0.006076910903623992
2020-01-05 00:59:00,M62/2328B,34.0,106.21644,0.009261150834184542
2020-01-05 01:14:00,M62/2328B,21.0,106.21644,0.005720122574055159
2020-01-05 01:29:00,M62/2328B,26.0,102.99776,0.007303370786516854
2020-01-05 01:44:00,M62/2328B,26.0,107.82578,0.0069763541841355034
2020-01-05 01:59:00,M62/2328B,16.0,102.99776,0.0044943820224719105
2020-01-05 02:14:00,M62/2328B,22.0,99.77908,0.006379122870605293
2020-01-05 02:29:00,M62/2328B,20.0,109.43512,0.00528750826173166
2020-01-05 02:44:00,M62/2328B,16.0,94.95106,0.004875261854884784
2020-01-05 02:59:00,M62/2328B,16.0,104.6071,0.00442523768366465
2020-01-05 03:14:00,M62/2328B,18.0,98.16974,0.005304844354393074
2020-01-05 03:29:00,M62/2328B,23.0,98.16974,0.006778412230613372
2020-01-05 03:44:00,M62/2328B,26.0,98.16974,0.007662552956345552
2020-01-05 03:59:00,M62/2328B,21.0,98.16974,0.006188985080125254
2020-01-05 04:14:00,M62/2328B,20.0,98.16974,0.005894271504881194
2020-01-05 04:29:00,M62/2328B,28.0,99.77908,0.008118883653497645
2020-01-05 04:44:00,M62/2328B,35.0,99.77908,0.010148604566872057
2020-01-05 04:59:00,M62/2328B,37.0,101.38842,0.010558230782949886
2020-01-05 05:14:00,M62/2328B,48.0,101.38842,0.013697164258962013
2020-01-05 05:29:00,M62/2328B,55.0,101.38842,0.01569466738006064
2020-01-05 05:44:00,M62/2328B,69.0,106.21644,0.018794688457609808
2020-01-05 05:59:00,M62/2328B,59.0,104.6071,0.016318063958513398
2020-01-05 06:14:00,M62/2328B,55.0,104.6071,0.015211754537597235
2020-01-05 06:29:00,M62/2328B,75.0,101.38842,0.021401819154628146
2020-01-05 06:44:00,M62/2328B,83.0,104.6071,0.022955920484010375
2020-01-05 06:59:00,M62/2328B,94.0,104.6071,0.02599827139152982
2020-01-05 07:14:00,M62/2328B,81.0,102.99776,0.022752808988764046
2020-01-05 07:29:00,M62/2328B,85.0,101.38842,0.0242553950419119
2020-01-05 07:44:00,M62/2328B,99.0,99.77908,0.028706052917723816
2020-01-05 07:59:00,M62/2328B,101.0,99.77908,0.029285973178687936
2020-01-05 08:14:00,M62/2328B,127.0,101.38842,0.03624041376850366
2020-01-05 08:29:00,M62/2328B,146.0,106.21644,0.03976847122914538
2020-01-05 08:44:00,M62/2328B,170.0,107.82578,0.04561462351165522
2020-01-05 08:59:00,M62/2328B,169.0,107.82578,0.04534630219688077
2020-01-05 09:14:00,M62/2328B,206.0,104.6071,0.05697493517718237
2020-01-05 09:29:00,M62/2328B,255.0,106.21644,0.06945863125638407
2020-01-05 09:44:00,M62/2328B,271.0,109.43512,0.07164573694646398
2020-01-05 09:59:00,M62/2328B,328.0,111.04446,0.08545839439830646
2020-01-05 10:14:00,M62/2328B,351.0,109.43512,0.09279576999339062
2020-01-05 10:29:00,M62/2328B,451.0,109.43512,0.11923331130204891
2020-01-05 10:44:00,M62/2328B,440.0,109.43512,0.11632518175809652
2020-01-05 10:59:00,M62/2328B,422.0,107.82578,0.11323159483481471
2020-01-05 11:14:00,M62/2328B,451.0,109.43512,0.11923331130204891
2020-01-05 11:29:00,M62/2328B,460.0,107.82578,0.12342780479624352
2020-01-05 11:44:00,M62/2328B,455.0,109.43512,0.12029081295439525
2020-01-05 11:59:00,M62/2328B,444.0,109.43512,0.11738268341044283
2020-01-05 12:14:00,M62/2328B,388.0,107.82578,0.10410867013248366
2020-01-05 12:29:00,M62/2328B,451.0,109.43512,0.11923331130204891
2020-01-05 12:44:00,M62/2328B,406.0,109.43512,0.1073364177131527
2020-01-05 12:59:00,M62/2328B,420.0,109.43512,0.11103767349636484
2020-01-05 13:14:00,M62/2328B,442.0,111.04446,0.11516039732942518
2020-01-05 13:29:00,M62/2328B,432.0,109.43512,0.11421017845340384
2020-01-05 13:44:00,M62/2328B,422.0,109.43512,0.11156642432253802
2020-01-05 13:59:00,M62/2328B,423.0,107.82578,0.11349991614958914
2020-01-05 14:14:00,M62/2328B,392.0,111.04446,0.10213320306139066
2020-01-05 14:29:00,M62/2328B,379.0,111.04446,0.09874613255170168
2020-01-05 14:44:00,M62/2328B,435.0,111.04446,0.11333659013190035
2020-01-05 14:59:00,M62/2328B,415.0,109.43512,0.10971579643093193
2020-01-05 15:14:00,M62/2328B,434.0,107.82578,0.11645145061210802
2020-01-05 15:29:00,M62/2328B,443.0,109.43512,0.11711830799735624
2020-01-05 15:44:00,M62/2328B,397.0,107.82578,0.10652356196545365
2020-01-05 15:59:00,M62/2328B,367.0,109.43512,0.09702577660277595
2020-01-05 16:14:00,M62/2328B,355.0,107.82578,0.09525406674492706
2020-01-05 16:29:00,M62/2328B,437.0,107.82578,0.11725641455643133
2020-01-05 16:44:00,M62/2328B,400.0,106.21644,0.10895471569628873
2020-01-05 16:59:00,M62/2328B,373.0,104.6071,0.10316335350043217
2020-01-05 17:14:00,M62/2328B,372.0,104.6071,0.10288677614520311
2020-01-05 17:29:00,M62/2328B,315.0,107.82578,0.08452121415394936
2020-01-05 17:44:00,M62/2328B,292.0,107.82578,0.0783498239141372
2020-01-05 17:59:00,M62/2328B,260.0,106.21644,0.07082056520258767
2020-01-05 18:14:00,M62/2328B,261.0,107.82578,0.07003186315612948
2020-01-05 18:29:00,M62/2328B,245.0,106.21644,0.06673476336397685
2020-01-05 18:44:00,M62/2328B,239.0,106.21644,0.06510044262853251
2020-01-05 18:59:00,M62/2328B,243.0,106.21644,0.06618998978549541
2020-01-05 19:14:00,M62/2328B,194.0,104.6071,0.05365600691443389
2020-01-05 19:29:00,M62/2328B,168.0,107.82578,0.04507798088210632
2020-01-05 19:44:00,M62/2328B,163.0,107.82578,0.04373637430823411
2020-01-05 19:59:00,M62/2328B,134.0,107.82578,0.035955056179775284
2020-01-05 20:14:00,M62/2328B,153.0,107.82578,0.04105316116048969
2020-01-05 20:29:00,M62/2328B,133.0,109.43512,0.035161929940515535
2020-01-05 20:44:00,M62/2328B,109.0,109.43512,0.028816920026437546
2020-01-05 20:59:00,M62/2328B,115.0,106.21644,0.03132448076268301
2020-01-05 21:14:00,M62/2328B,89.0,106.21644,0.024242424242424242
2020-01-05 21:29:00,M62/2328B,80.0,107.82578,0.021465705181955393
2020-01-05 21:44:00,M62/2328B,77.0,104.6071,0.021296456352636127
2020-01-05 21:59:00,M62/2328B,71.0,104.6071,0.019636992221261886
2020-01-05 22:14:00,M62/2328B,50.0,107.82578,0.013416065738722121
2020-01-05 22:29:00,M62/2328B,60.0,104.6071,0.01659464131374244
2020-01-05 22:44:00,M62/2328B,40.0,104.6071,0.011063094209161625
2020-01-05 22:59:00,M62/2328B,45.0,104.6071,0.012445980985306828
2020-01-05 23:14:00,M62/2328B,32.0,109.43512,0.008460013218770655
2020-01-05 23:29:00,M62/2328B,42.0,101.38842,0.01198501872659176
2020-01-05 23:44:00,M62/2328B,36.0,101.38842,0.01027287319422151
2020-01-05 23:59:00,M62/2328B,47.0,96.5604,0.01408239700374532
2020-01-06 00:14:00,M62/2328B,39.0,104.6071,0.010786516853932586
2020-01-06 00:29:00,M62/2328B,28.0,101.38842,0.007990012484394507
2020-01-06 00:44:00,M62/2328B,26.0,101.38842,0.007419297306937757
2020-01-06 00:59:00,M62/2328B,20.0,96.5604,0.00599250936329588
2020-01-06 01:14:00,M62/2328B,15.0,102.99776,0.004213483146067416
2020-01-06 01:29:00,M62/2328B,19.0,96.5604,0.005692883895131087
2020-01-06 01:44:00,M62/2328B,16.0,96.5604,0.004794007490636704
2020-01-06 01:59:00,M62/2328B,15.0,104.6071,0.00414866032843561
2020-01-06 02:14:00,M62/2328B,23.0,102.99776,0.006460674157303371
2020-01-06 02:29:00,M62/2328B,28.0,98.16974,0.008251980106833671
2020-01-06 02:44:00,M62/2328B,29.0,94.95106,0.008836412111978671
2020-01-06 02:59:00,M62/2328B,35.0,94.95106,0.010664635307560465
2020-01-06 03:14:00,M62/2328B,32.0,99.77908,0.009278724175425879
2020-01-06 03:29:00,M62/2328B,22.0,94.95106,0.006703485050466578
2020-01-06 03:44:00,M62/2328B,42.0,102.99776,0.011797752808988766
2020-01-06 03:59:00,M62/2328B,29.0,98.16974,0.00854669368207773
2020-01-06 04:14:00,M62/2328B,70.0,98.16974,0.02062995026708418
2020-01-06 04:29:00,M62/2328B,74.0,99.77908,0.02145704965567235
2020-01-06 04:44:00,M62/2328B,108.0,101.38842,0.03081861958266453
2020-01-06 04:59:00,M62/2328B,149.0,98.16974,0.043912322711364894
2020-01-06 05:14:00,M62/2328B,215.0,99.77908,0.06234142805364263
2020-01-06 05:29:00,M62/2328B,310.0,99.77908,0.08988764044943821
2020-01-06 05:44:00,M62/2328B,343.0,102.99776,0.09634831460674158
2020-01-06 05:59:00,M62/2328B,341.0,102.99776,0.0957865168539326
2020-01-06 06:14:00,M62/2328B,470.0,102.99776,0.13202247191011238
2020-01-06 06:29:00,M62/2328B,585.0,102.99776,0.16432584269662923
2020-01-06 06:44:00,M62/2328B,684.0,102.99776,0.19213483146067417
2020-01-06 06:59:00,M62/2328B,792.0,102.99776,0.2224719101123596
2020-01-06 07:14:00,M62/2328B,877.0,99.77908,0.2542950344327655
2020-01-06 07:29:00,M62/2328B,788.0,101.38842,0.22486177991795972
2020-01-06 07:44:00,M62/2328B,864.0,99.77908,0.2505255527364988
2020-01-06 07:59:00,M62/2328B,867.0,98.16974,0.25551666973659976
2020-01-06 08:14:00,M62/2328B,746.0,99.77908,0.2163102573396158
2020-01-06 08:29:00,M62/2328B,678.0,101.38842,0.19347244515783846
2020-01-06 08:44:00,M62/2328B,661.0,101.38842,0.18862136614945607
2020-01-06 08:59:00,M62/2328B,603.0,99.77908,0.17484595868068142
2020-01-06 09:14:00,M62/2328B,533.0,101.38842,0.15209559479222404
2020-01-06 09:29:00,M62/2328B,507.0,99.77908,0.1470097861544038
2020-01-06 09:44:00,M62/2328B,540.0,99.77908,0.15657847046031173
2020-01-06 09:59:00,M62/2328B,523.0,99.77908,0.15164914824211673
2020-01-06 10:14:00,M62/2328B,448.0,101.38842,0.1278401997503121
2020-01-06 10:29:00,M62/2328B,473.0,101.38842,0.1349741394685215
2020-01-06 10:44:00,M62/2328B,487.0,99.77908,0.14121058354476262
2020-01-06 10:59:00,M62/2328B,466.0,99.77908,0.13512142080463937
2020-01-06 11:14:00,M62/2328B,393.0,101.38842,0.11214553237025149
2020-01-06 11:29:00,M62/2328B,437.0,99.77908,0.12671257702065966
2020-01-06 11:44:00,M62/2328B,488.0,99.77908,0.1415005436752447
2020-01-06 11:59:00,M62/2328B,428.0,99.77908,0.12410293584632114
2020-01-06 12:14:00,M62/2328B,444.0,101.38842,0.12669876939539862
2020-01-06 12:29:00,M62/2328B,421.0,99.77908,0.12207321493294673
2020-01-06 12:44:00,M62/2328B,460.0,99.77908,0.13338166002174703
2020-01-06 12:59:00,M62/2328B,458.0,101.38842,0.13069377563759588
2020-01-06 13:14:00,M62/2328B,465.0,99.77908,0.13483146067415733
2020-01-06 13:29:00,M62/2328B,471.0,101.38842,0.13440342429106475
2020-01-06 13:44:00,M62/2328B,446.0,101.38842,0.12726948457285536
2020-01-06 13:59:00,M62/2328B,436.0,99.77908,0.1264226168901776
2020-01-06 14:14:00,M62/2328B,502.0,101.38842,0.14324950954164437
2020-01-06 14:29:00,M62/2328B,480.0,99.77908,0.1391808626313882
2020-01-06 14:44:00,M62/2328B,469.0,99.77908,0.13599130119608555
2020-01-06 14:59:00,M62/2328B,515.0,102.99776,0.14466292134831463
2020-01-06 15:14:00,M62/2328B,488.0,101.38842,0.13925450329944714
2020-01-06 15:29:00,M62/2328B,481.0,99.77908,0.13947082276187026
2020-01-06 15:44:00,M62/2328B,517.0,99.77908,0.14990938745922439
2020-01-06 15:59:00,M62/2328B,535.0,99.77908,0.15512866980790144
2020-01-06 16:14:00,M62/2328B,527.0,102.99776,0.14803370786516856
2020-01-06 16:29:00,M62/2328B,528.0,102.99776,0.14831460674157304
2020-01-06 16:44:00,M62/2328B,573.0,101.38842,0.163509898341359
2020-01-06 16:59:00,M62/2328B,541.0,99.77908,0.15686843059079378
2020-01-06 17:14:00,M62/2328B,612.0,99.77908,0.17745559985501996
2020-01-06 17:29:00,M62/2328B,605.0,101.38842,0.17264134118066704
2020-01-06 17:44:00,M62/2328B,499.0,102.99776,0.1401685393258427
2020-01-06 17:59:00,M62/2328B,425.0,101.38842,0.12127697520955949
2020-01-06 18:14:00,M62/2328B,406.0,102.99776,0.11404494382022473
2020-01-06 18:29:00,M62/2328B,374.0,101.38842,0.10672373818441235
2020-01-06 18:44:00,M62/2328B,309.0,102.99776,0.08679775280898877
2020-01-06 18:59:00,M62/2328B,262.0,102.99776,0.07359550561797754
2020-01-06 19:14:00,M62/2328B,190.0,102.99776,0.05337078651685394
2020-01-06 19:29:00,M62/2328B,174.0,104.6071,0.048124459809853075
2020-01-06 19:44:00,M62/2328B,167.0,104.6071,0.04618841832324978
2020-01-06 19:59:00,M62/2328B,129.0,102.99776,0.036235955056179776
2020-01-06 20:14:00,M62/2328B,130.0,99.77908,0.03769481696266764
2020-01-06 20:29:00,M62/2328B,114.0,102.99776,0.032022471910112364
2020-01-06 20:44:00,M62/2328B,101.0,98.16974,0.02976607109965003
2020-01-06 20:59:00,M62/2328B,93.0,98.16974,0.027408362497697552
2020-01-06 21:14:00,M62/2328B,84.0,102.99776,0.023595505617977533
2020-01-06 21:29:00,M62/2328B,79.0,102.99776,0.022191011235955058
2020-01-06 21:44:00,M62/2328B,77.0,104.6071,0.021296456352636127
2020-01-06 21:59:00,M62/2328B,57.0,104.6071,0.015764909248055316
2020-01-06 22:14:00,M62/2328B,81.0,99.77908,0.023486770569046758
2020-01-06 22:29:00,M62/2328B,62.0,102.99776,0.017415730337078654
2020-01-06 22:44:00,M62/2328B,48.0,102.99776,0.01348314606741573
2020-01-06 22:59:00,M62/2328B,48.0,106.21644,0.013074565883554648
2020-01-06 23:14:00,M62/2328B,58.0,101.38842,0.016550740146245767
2020-01-06 23:29:00,M62/2328B,40.0,104.6071,0.011063094209161625
2020-01-06 23:44:00,M62/2328B,32.0,101.38842,0.009131442839308009
2020-01-06 23:59:00,M62/2328B,77.0,102.99776,0.02162921348314607
2020-01-07 00:14:00,M62/2328B,51.0,99.77908,0.014787966654584997
2020-01-07 00:29:00,M62/2328B,37.0,96.5604,0.011086142322097379
2020-01-07 00:44:00,M62/2328B,32.0,98.16974,0.00943083440780991
2020-01-07 00:59:00,M62/2328B,16.0,91.73238,0.005046323674354426
2020-01-07 01:14:00,M62/2328B,28.0,91.73238,0.008831066430120245
2020-01-07 01:29:00,M62/2328B,24.0,91.73238,0.007569485511531637
2020-01-07 01:44:00,M62/2328B,25.0,99.77908,0.007249003262051469
2020-01-07 01:59:00,M62/2328B,24.0,91.73238,0.007569485511531637
2020-01-07 02:14:00,M62/2328B,35.0,96.5604,0.010486891385767791
2020-01-07 02:29:00,M62/2328B,29.0,98.16974,0.00854669368207773
2020-01-07 02:44:00,M62/2328B,31.0,91.73238,0.009777252119061698
2020-01-07 02:59:00,M62/2328B,32.0,90.12304,0.010272873194221509
2020-01-07 03:14:00,M62/2328B,28.0,94.95106,0.008531708246048373
2020-01-07 03:29:00,M62/2328B,35.0,96.5604,0.010486891385767791
2020-01-07 03:44:00,M62/2328B,39.0,98.16974,0.011493829434518328
2020-01-07 03:59:00,M62/2328B,40.0,98.16974,0.011788543009762387
2020-01-07 04:14:00,M62/2328B,47.0,93.34172,0.014567996900426195
2020-01-07 04:29:00,M62/2328B,55.0,98.16974,0.016209246638423283
2020-01-07 04:44:00,M62/2328B,79.0,99.77908,0.022906850308082642
2020-01-07 04:59:00,M62/2328B,112.0,98.16974,0.033007920427334685
2020-01-07 05:14:00,M62/2328B,148.0,98.16974,0.04361760913612084
2020-01-07 05:29:00,M62/2328B,240.0,98.16974,0.07073125805857433
2020-01-07 05:44:00,M62/2328B,275.0,99.77908,0.07973903588256616
2020-01-07 05:59:00,M62/2328B,276.0,101.38842,0.07875869448903157
2020-01-07 06:14:00,M62/2328B,385.0,102.99776,0.10814606741573035
2020-01-07 06:29:00,M62/2328B,570.0,102.99776,0.1601123595505618
2020-01-07 06:44:00,M62/2328B,666.0,102.99776,0.18707865168539328
2020-01-07 06:59:00,M62/2328B,746.0,101.38842,0.21287676119136795
2020-01-07 07:14:00,M62/2328B,832.0,99.77908,0.24124682856107288
2020-01-07 07:29:00,M62/2328B,767.0,99.77908,0.2223994200797391
2020-01-07 07:44:00,M62/2328B,833.0,99.77908,0.24153678869155495
2020-01-07 07:59:00,M62/2328B,800.0,99.77908,0.231968104385647
2020-01-07 08:14:00,M62/2328B,746.0,99.77908,0.2163102573396158
2020-01-07 08:29:00,M62/2328B,732.0,101.38842,0.20888175494917072
2020-01-07 08:44:00,M62/2328B,636.0,102.99776,0.17865168539325843
2020-01-07 08:59:00,M62/2328B,633.0,101.38842,0.18063135366506156
2020-01-07 09:14:00,M62/2328B,588.0,101.38842,0.16779026217228465
2020-01-07 09:29:00,M62/2328B,590.0,101.38842,0.16836097734974143
2020-01-07 09:44:00,M62/2328B,485.0,101.38842,0.138398430533262
2020-01-07 09:59:00,M62/2328B,524.0,101.38842,0.14952737649366865
2020-01-07 10:14:00,M62/2328B,473.0,99.77908,0.1371511417180138
2020-01-07 10:29:00,M62/2328B,487.0,99.77908,0.14121058354476262
2020-01-07 10:44:00,M62/2328B,393.0,99.77908,0.1139543312794491
2020-01-07 10:59:00,M62/2328B,431.0,99.77908,0.12497281623776732
2020-01-07 11:14:00,M62/2328B,407.0,98.16974,0.11994842512433229
2020-01-07 11:29:00,M62/2328B,446.0,99.77908,0.1293222181949982
2020-01-07 11:44:00,M62/2328B,452.0,101.38842,0.12898163010522562
2020-01-07 11:59:00,M62/2328B,396.0,102.99776,0.1112359550561798
2020-01-07 12:14:00,M62/2328B,427.0,101.38842,0.12184769038701625
2020-01-07 12:29:00,M62/2328B,490.0,101.38842,0.13982521847690388
2020-01-07 12:44:00,M62/2328B,435.0,101.38842,0.12413055109684325
2020-01-07 12:59:00,M62/2328B,448.0,99.77908,0.12990213845596232
2020-01-07 13:14:00,M62/2328B,450.0,99.77908,0.13048205871692645
2020-01-07 13:29:00,M62/2328B,497.0,99.77908,0.14411018484958318
2020-01-07 13:44:00,M62/2328B,504.0,99.77908,0.1461399057629576
2020-01-07 13:59:00,M62/2328B,481.0,99.77908,0.13947082276187026
2020-01-07 14:14:00,M62/2328B,507.0,102.99776,0.1424157303370787
2020-01-07 14:29:00,M62/2328B,520.0,101.38842,0.14838594613875516
2020-01-07 14:44:00,M62/2328B,489.0,101.38842,0.1395398608881755
2020-01-07 14:59:00,M62/2328B,531.0,101.38842,0.15152487961476727
2020-01-07 15:14:00,M62/2328B,527.0,102.99776,0.14803370786516856
2020-01-07 15:29:00,M62/2328B,540.0,101.38842,0.15409309791332265
2020-01-07 15:44:00,M62/2328B,590.0,101.38842,0.16836097734974143
2020-01-07 15:59:00,M62/2328B,557.0,102.99776,0.1564606741573034
2020-01-07 16:14:00,M62/2328B,600.0,102.99776,0.16853932584269662
2020-01-07 16:29:00,M62/2328B,609.0,101.38842,0.17378277153558055
2020-01-07 16:44:00,M62/2328B,652.0,99.77908,0.1890540050743023
2020-01-07 16:59:00,M62/2328B,568.0,99.77908,0.16469735411380937
2020-01-07 17:14:00,M62/2328B,582.0,99.77908,0.1687567959405582
2020-01-07 17:29:00,M62/2328B,603.0,102.99776,0.16938202247191012
2020-01-07 17:44:00,M62/2328B,522.0,102.99776,0.1466292134831461
2020-01-07 17:59:00,M62/2328B,491.0,102.99776,0.13792134831460676
2020-01-07 18:14:00,M62/2328B,440.0,101.38842,0.12555733904048513
2020-01-07 18:29:00,M62/2328B,391.0,102.99776,0.1098314606741573
2020-01-07 18:44:00,M62/2328B,289.0,104.6071,0.07993085566119275
2020-01-07 18:59:00,M62/2328B,278.0,104.6071,0.07688850475367329
2020-01-07 19:14:00,M62/2328B,215.0,102.99776,0.0603932584269663
2020-01-07 19:29:00,M62/2328B,196.0,102.99776,0.055056179775280906
2020-01-07 19:44:00,M62/2328B,175.0,101.38842,0.04993757802746567
2020-01-07 19:59:00,M62/2328B,161.0,101.38842,0.045942571785268414
2020-01-07 20:14:00,M62/2328B,138.0,101.38842,0.039379347244515785
2020-01-07 20:29:00,M62/2328B,143.0,101.38842,0.04080613518815766
2020-01-07 20:44:00,M62/2328B,126.0,99.77908,0.0365349764407394
2020-01-07 20:59:00,M62/2328B,92.0,101.38842,0.026252898163010525
2020-01-07 21:14:00,M62/2328B,99.0,102.99776,0.02780898876404495
2020-01-07 21:29:00,M62/2328B,92.0,102.99776,0.025842696629213485
2020-01-07 21:44:00,M62/2328B,58.0,101.38842,0.016550740146245767
2020-01-07 21:59:00,M62/2328B,82.0,101.38842,0.02339932227572677
2020-01-07 22:14:00,M62/2328B,77.0,101.38842,0.021972534332084896
2020-01-07 22:29:00,M62/2328B,67.0,101.38842,0.019118958444801146
2020-01-07 22:44:00,M62/2328B,59.0,107.82578,0.015830957571692103
2020-01-07 22:59:00,M62/2328B,49.0,104.6071,0.01355229040622299
2020-01-07 23:14:00,M62/2328B,41.0,99.77908,0.011888365349764408
2020-01-07 23:29:00,M62/2328B,50.0,101.38842,0.014267879436418765
2020-01-07 23:44:00,M62/2328B,36.0,101.38842,0.01027287319422151
2020-01-07 23:59:00,M62/2328B,87.0,99.77908,0.025226531351939113
2020-01-08 00:14:00,M62/2328B,52.0,101.38842,0.014838594613875515
2020-01-08 00:29:00,M62/2328B,43.0,99.77908,0.012468285610728526
2020-01-08 00:44:00,M62/2328B,29.0,91.73238,0.009146461659767397
2020-01-08 00:59:00,M62/2328B,20.0,96.5604,0.00599250936329588
2020-01-08 01:14:00,M62/2328B,21.0,102.99776,0.005898876404494383
2020-01-08 01:29:00,M62/2328B,20.0,93.34172,0.006199147617202636
2020-01-08 01:44:00,M62/2328B,24.0,93.34172,0.007438977140643163
2020-01-08 01:59:00,M62/2328B,25.0,94.95106,0.007617596648257475
2020-01-08 02:14:00,M62/2328B,24.0,94.95106,0.007312892782327177
2020-01-08 02:29:00,M62/2328B,28.0,88.5137,0.009152196118488254
2020-01-08 02:44:00,M62/2328B,28.0,96.5604,0.008389513108614233
2020-01-08 02:59:00,M62/2328B,28.0,98.16974,0.008251980106833671
2020-01-08 03:14:00,M62/2328B,37.0,96.5604,0.011086142322097379
2020-01-08 03:29:00,M62/2328B,46.0,94.95106,0.014016377832793756
2020-01-08 03:44:00,M62/2328B,39.0,94.95106,0.011883450771281662
2020-01-08 03:59:00,M62/2328B,48.0,94.95106,0.014625785564654353
2020-01-08 04:14:00,M62/2328B,51.0,96.5604,0.015280898876404493
2020-01-08 04:29:00,M62/2328B,65.0,96.5604,0.01947565543071161
2020-01-08 04:44:00,M62/2328B,80.0,98.16974,0.023577086019524775
2020-01-08 04:59:00,M62/2328B,93.0,96.5604,0.027865168539325844
2020-01-08 05:14:00,M62/2328B,154.0,94.95106,0.04692439535326605
2020-01-08 05:29:00,M62/2328B,223.0,96.5604,0.06681647940074907
2020-01-08 05:44:00,M62/2328B,284.0,99.77908,0.08234867705690468
2020-01-08 05:59:00,M62/2328B,281.0,101.38842,0.08018548243267345
2020-01-08 06:14:00,M62/2328B,362.0,102.99776,0.10168539325842699
2020-01-08 06:29:00,M62/2328B,552.0,101.38842,0.15751738897806314
2020-01-08 06:44:00,M62/2328B,637.0,102.99776,0.17893258426966294
2020-01-08 06:59:00,M62/2328B,734.0,101.38842,0.20945247012662746
2020-01-08 07:14:00,M62/2328B,793.0,99.77908,0.22993838347227258
2020-01-08 07:29:00,M62/2328B,807.0,101.38842,0.23028357410379885
2020-01-08 07:44:00,M62/2328B,834.0,98.16974,0.2457911217535458
2020-01-08 07:59:00,M62/2328B,773.0,99.77908,0.22413918086263143
2020-01-08 08:14:00,M62/2328B,809.0,101.38842,0.2308542892812556
2020-01-08 08:29:00,M62/2328B,750.0,101.38842,0.21401819154628146
2020-01-08 08:44:00,M62/2328B,702.0,102.99776,0.1971910112359551
2020-01-08 08:59:00,M62/2328B,625.0,101.38842,0.17834849295523456
2020-01-08 09:14:00,M62/2328B,590.0,101.38842,0.16836097734974143
2020-01-08 09:29:00,M62/2328B,552.0,101.38842,0.15751738897806314
2020-01-08 09:44:00,M62/2328B,539.0,99.77908,0.15628851032982968
2020-01-08 09:59:00,M62/2328B,531.0,99.77908,0.15396882928597322
2020-01-08 10:14:00,M62/2328B,506.0,99.77908,0.14671982602392172
2020-01-08 10:29:00,M62/2328B,489.0,99.77908,0.14179050380572672
2020-01-08 10:44:00,M62/2328B,472.0,99.77908,0.13686118158753174
2020-01-08 10:59:00,M62/2328B,471.0,99.77908,0.13657122145704967
2020-01-08 11:14:00,M62/2328B,419.0,99.77908,0.12149329467198262
2020-01-08 11:29:00,M62/2328B,454.0,99.77908,0.13164189923885466
2020-01-08 11:44:00,M62/2328B,429.0,101.38842,0.122418405564473
2020-01-08 11:59:00,M62/2328B,442.0,99.77908,0.12816237767306998
2020-01-08 12:14:00,M62/2328B,498.0,101.38842,0.14210807918673088
2020-01-08 12:29:00,M62/2328B,424.0,99.77908,0.12294309532439292
2020-01-08 12:44:00,M62/2328B,472.0,99.77908,0.13686118158753174
2020-01-08 12:59:00,M62/2328B,482.0,99.77908,0.1397607828923523
2020-01-08 13:14:00,M62/2328B,433.0,101.38842,0.12355983591938649
2020-01-08 13:29:00,M62/2328B,489.0,101.38842,0.1395398608881755
2020-01-08 13:44:00,M62/2328B,492.0,101.38842,0.14039593365436065
2020-01-08 13:59:00,M62/2328B,450.0,99.77908,0.13048205871692645
2020-01-08 14:14:00,M62/2328B,559.0,101.38842,0.15951489209916178
2020-01-08 14:29:00,M62/2328B,500.0,101.38842,0.14267879436418765
2020-01-08 14:44:00,M62/2328B,510.0,99.77908,0.14787966654584997
2020-01-08 14:59:00,M62/2328B,548.0,101.38842,0.15637595862314965
2020-01-08 15:14:00,M62/2328B,504.0,101.38842,0.14382022471910114
2020-01-08 15:29:00,M62/2328B,545.0,102.99776,0.15308988764044945
2020-01-08 15:44:00,M62/2328B,602.0,102.99776,0.16910112359550564
2020-01-08 15:59:00,M62/2328B,604.0,101.38842,0.17235598359193868
2020-01-08 16:14:00,M62/2328B,574.0,101.38842,0.16379525593008742
2020-01-08 16:29:00,M62/2328B,606.0,101.38842,0.1729266987693954
2020-01-08 16:44:00,M62/2328B,609.0,101.38842,0.17378277153558055
2020-01-08 16:59:00,M62/2328B,547.0,102.99776,0.15365168539325844
2020-01-08 17:14:00,M62/2328B,622.0,101.38842,0.17749242018904943
2020-01-08 17:29:00,M62/2328B,632.0,102.99776,0.17752808988764046
2020-01-08 17:44:00,M62/2328B,551.0,102.99776,0.1547752808988764
2020-01-08 17:59:00,M62/2328B,506.0,101.38842,0.14439093989655788
2020-01-08 18:14:00,M62/2328B,442.0,102.99776,0.12415730337078651
2020-01-08 18:29:00,M62/2328B,425.0,102.99776,0.11938202247191011
2020-01-08 18:44:00,M62/2328B,329.0,104.6071,0.09099394987035436
2020-01-08 18:59:00,M62/2328B,277.0,106.21644,0.07545114061967995
2020-01-08 19:14:00,M62/2328B,249.0,102.99776,0.06994382022471911
2020-01-08 19:29:00,M62/2328B,201.0,104.6071,0.05559204840103717
2020-01-08 19:44:00,M62/2328B,200.0,106.21644,0.054477357848144364
2020-01-08 19:59:00,M62/2328B,140.0,104.6071,0.03872082973206569
2020-01-08 20:14:00,M62/2328B,135.0,101.38842,0.03852327447833066
2020-01-08 20:29:00,M62/2328B,108.0,99.77908,0.03131569409206235
2020-01-08 20:44:00,M62/2328B,116.0,101.38842,0.033101480292491534
2020-01-08 20:59:00,M62/2328B,69.0,106.21644,0.018794688457609808
2020-01-08 21:14:00,M62/2328B,83.0,99.77908,0.024066690830010878
2020-01-08 21:29:00,M62/2328B,78.0,99.77908,0.022616890177600584
2020-01-08 21:44:00,M62/2328B,66.0,102.99776,0.01853932584269663
2020-01-08 21:59:00,M62/2328B,60.0,101.38842,0.017121455323702517
2020-01-08 22:14:00,M62/2328B,21.0,99.77908,0.006089162740123234
2020-01-08 22:29:00,M62/2328B,0.0,0.0,0.0
2020-01-08 22:44:00,M62/2328B,0.0,0.0,0.0
2020-01-08 22:59:00,M62/2328B,0.0,0.0,0.0
2020-01-08 23:14:00,M62/2328B,0.0,0.0,0.0
2020-01-08 23:29:00,M62/2328B,0.0,0.0,0.0
2020-01-08 23:44:00,M62/2328B,0.0,0.0,0.0
2020-01-08 23:59:00,M62/2328B,0.0,0.0,0.0
2020-01-09 00:14:00,M62/2328B,0.0,0.0,0.0
2020-01-09 00:29:00,M62/2328B,0.0,0.0,0.0
2020-01-09 00:44:00,M62/2328B,0.0,0.0,0.0
2020-01-09 00:59:00,M62/2328B,0.0,0.0,0.0
2020-01-09 01:14:00,M62/2328B,0.0,0.0,0.0
2020-01-09 01:29:00,M62/2328B,0.0,0.0,0.0
2020-01-09 01:44:00,M62/2328B,0.0,0.0,0.0
2020-01-09 01:59:00,M62/2328B,0.0,0.0,0.0
2020-01-09 02:14:00,M62/2328B,5.0,75.63898,0.0019125029882859194
2020-01-09 02:29:00,M62/2328B,15.0,91.73238,0.004730928444707273
2020-01-09 02:44:00,M62/2328B,21.0,98.16974,0.006188985080125254
2020-01-09 02:59:00,M62/2328B,21.0,93.34172,0.006509104998062767
2020-01-09 03:14:00,M62/2328B,27.0,90.12304,0.0086677367576244
2020-01-09 03:29:00,M62/2328B,28.0,96.5604,0.008389513108614233
2020-01-09 03:44:00,M62/2328B,45.0,93.34172,0.013948082138705931
2020-01-09 03:59:00,M62/2328B,34.0,91.73238,0.010723437808003153
2020-01-09 04:14:00,M62/2328B,66.0,98.16974,0.01945109596610794
2020-01-09 04:29:00,M62/2328B,63.0,96.5604,0.01887640449438202
2020-01-09 04:44:00,M62/2328B,68.0,93.34172,0.02107710189848896
2020-01-09 04:59:00,M62/2328B,94.0,94.95106,0.028642163397448107
2020-01-09 05:14:00,M62/2328B,143.0,94.95106,0.043572652828032764
2020-01-09 05:29:00,M62/2328B,244.0,98.16974,0.07191011235955057
2020-01-09 05:44:00,M62/2328B,273.0,101.38842,0.07790262172284645
2020-01-09 05:59:00,M62/2328B,285.0,94.95106,0.08684060179013522
2020-01-09 06:14:00,M62/2328B,394.0,99.77908,0.11424429140993116
2020-01-09 06:29:00,M62/2328B,523.0,101.38842,0.14924201890494027
2020-01-09 06:44:00,M62/2328B,604.0,102.99776,0.16966292134831462
2020-01-09 06:59:00,M62/2328B,718.0,101.38842,0.20488674870697343
2020-01-09 07:14:00,M62/2328B,788.0,99.77908,0.2284885828198623
2020-01-09 07:29:00,M62/2328B,803.0,98.16974,0.2366550009209799
2020-01-09 07:44:00,M62/2328B,804.0,99.77908,0.23312794490757524
2020-01-09 07:59:00,M62/2328B,790.0,99.77908,0.22906850308082644
2020-01-09 08:14:00,M62/2328B,770.0,101.38842,0.21972534332084898
2020-01-09 08:29:00,M62/2328B,763.0,101.38842,0.21772784019975033
2020-01-09 08:44:00,M62/2328B,727.0,101.38842,0.20745496700552882
2020-01-09 08:59:00,M62/2328B,574.0,101.38842,0.16379525593008742
2020-01-09 09:14:00,M62/2328B,538.0,101.38842,0.1535223827358659
2020-01-09 09:29:00,M62/2328B,573.0,99.77908,0.16614715476621966
2020-01-09 09:44:00,M62/2328B,562.0,98.16974,0.16562902928716156
2020-01-09 09:59:00,M62/2328B,526.0,98.16974,0.1550193405783754
2020-01-09 10:14:00,M62/2328B,480.0,98.16974,0.14146251611714866
2020-01-09 10:29:00,M62/2328B,470.0,98.16974,0.13851538036470806
2020-01-09 10:44:00,M62/2328B,492.0,98.16974,0.14499907902007736
2020-01-09 10:59:00,M62/2328B,410.0,99.77908,0.1188836534976441
2020-01-09 11:14:00,M62/2328B,456.0,98.16974,0.1343893903112912
2020-01-09 11:29:00,M62/2328B,426.0,99.77908,0.12352301558535704
2020-01-09 11:44:00,M62/2328B,462.0,99.77908,0.13396158028271116
2020-01-09 11:59:00,M62/2328B,481.0,99.77908,0.13947082276187026
2020-01-09 12:14:00,M62/2328B,446.0,99.77908,0.1293222181949982
2020-01-09 12:29:00,M62/2328B,458.0,99.77908,0.1328017397607829
2020-01-09 12:44:00,M62/2328B,483.0,99.77908,0.14005074302283438
2020-01-09 12:59:00,M62/2328B,453.0,99.77908,0.13135193910837262
2020-01-09 13:14:00,M62/2328B,542.0,99.77908,0.15715839072127583
2020-01-09 13:29:00,M62/2328B,489.0,99.77908,0.14179050380572672
2020-01-09 13:44:00,M62/2328B,493.0,99.77908,0.14295034432765497
2020-01-09 13:59:00,M62/2328B,492.0,99.77908,0.14266038419717292
2020-01-09 14:14:00,M62/2328B,523.0,101.38842,0.14924201890494027
2020-01-09 14:29:00,M62/2328B,554.0,99.77908,0.16063791228706056
2020-01-09 14:44:00,M62/2328B,505.0,101.38842,0.14410558230782952
2020-01-09 14:59:00,M62/2328B,565.0,101.38842,0.16122703763153204
2020-01-09 15:14:00,M62/2328B,571.0,102.99776,0.1603932584269663
2020-01-09 15:29:00,M62/2328B,527.0,99.77908,0.15280898876404495
2020-01-09 15:44:00,M62/2328B,596.0,99.77908,0.172816237767307
2020-01-09 15:59:00,M62/2328B,654.0,101.38842,0.18662386302835743
2020-01-09 16:14:00,M62/2328B,669.0,99.77908,0.19398332729249732
2020-01-09 16:29:00,M62/2328B,649.0,101.38842,0.18519707508471556
2020-01-09 16:44:00,M62/2328B,616.0,99.77908,0.1786154403769482
2020-01-09 16:59:00,M62/2328B,580.0,101.38842,0.16550740146245765
2020-01-09 17:14:00,M62/2328B,617.0,99.77908,0.17890540050743026
2020-01-09 17:29:00,M62/2328B,606.0,101.38842,0.1729266987693954
2020-01-09 17:44:00,M62/2328B,605.0,99.77908,0.17542587894164555
2020-01-09 17:59:00,M62/2328B,474.0,101.38842,0.13525949705724988
2020-01-09 18:14:00,M62/2328B,452.0,104.6071,0.12501296456352637
2020-01-09 18:29:00,M62/2328B,421.0,102.99776,0.11825842696629214
2020-01-09 18:44:00,M62/2328B,367.0,102.99776,0.10308988764044945
2020-01-09 18:59:00,M62/2328B,309.0,104.6071,0.08546240276577355
2020-01-09 19:14:00,M62/2328B,239.0,102.99776,0.06713483146067417
2020-01-09 19:29:00,M62/2328B,245.0,102.99776,0.06882022471910113
2020-01-09 19:44:00,M62/2328B,193.0,101.38842,0.05507401462457643
2020-01-09 19:59:00,M62/2328B,160.0,99.77908,0.0463936208771294
2020-01-09 20:14:00,M62/2328B,156.0,102.99776,0.04382022471910113
2020-01-09 20:29:00,M62/2328B,128.0,104.6071,0.0354019014693172
2020-01-09 20:44:00,M62/2328B,120.0,101.38842,0.034242910647405034
2020-01-09 20:59:00,M62/2328B,95.0,102.99776,0.02668539325842697
2020-01-09 21:14:00,M62/2328B,100.0,104.6071,0.027657735522904063
2020-01-09 21:29:00,M62/2328B,92.0,102.99776,0.025842696629213485
2020-01-09 21:44:00,M62/2328B,73.0,101.38842,0.020831103977171396
2020-01-09 21:59:00,M62/2328B,84.0,102.99776,0.023595505617977533
2020-01-09 22:14:00,M62/2328B,97.0,101.38842,0.0276796861066524
2020-01-09 22:29:00,M62/2328B,65.0,98.16974,0.019156382390863883
2020-01-09 22:44:00,M62/2328B,39.0,101.38842,0.011128945960406636
2020-01-09 22:59:00,M62/2328B,51.0,101.38842,0.014553237025147141
2020-01-09 23:14:00,M62/2328B,46.0,104.6071,0.01272255834053587
2020-01-09 23:29:00,M62/2328B,59.0,96.5604,0.017677902621722846
2020-01-09 23:44:00,M62/2328B,41.0,101.38842,0.011699661137863386
2020-01-09 23:59:00,M62/2328B,79.0,104.6071,0.021849611063094212
2020-01-10 00:14:00,M62/2328B,54.0,98.16974,0.015914533063179224
2020-01-10 00:29:00,M62/2328B,39.0,101.38842,0.011128945960406636
2020-01-10 00:44:00,M62/2328B,32.0,93.34172,0.009918636187524216
2020-01-10 00:59:00,M62/2328B,29.0,96.5604,0.008689138576779026
2020-01-10 01:14:00,M62/2328B,31.0,91.73238,0.009777252119061698
2020-01-10 01:29:00,M62/2328B,20.0,88.5137,0.006537282941777324
2020-01-10 01:44:00,M62/2328B,21.0,91.73238,0.0066232998225901835
2020-01-10 01:59:00,M62/2328B,26.0,93.34172,0.008058891902363426
2020-01-10 02:14:00,M62/2328B,31.0,96.5604,0.009288389513108616
2020-01-10 02:29:00,M62/2328B,30.0,91.73238,0.009461856889414547
2020-01-10 02:44:00,M62/2328B,25.0,93.34172,0.007748934521503295
2020-01-10 02:59:00,M62/2328B,38.0,96.5604,0.011385767790262173
2020-01-10 03:14:00,M62/2328B,30.0,91.73238,0.009461856889414547
2020-01-10 03:29:00,M62/2328B,44.0,94.95106,0.013406970100933157
2020-01-10 03:44:00,M62/2328B,38.0,96.5604,0.011385767790262173
2020-01-10 03:59:00,M62/2328B,44.0,94.95106,0.013406970100933157
2020-01-10 04:14:00,M62/2328B,51.0,96.5604,0.015280898876404493
2020-01-10 04:29:00,M62/2328B,63.0,99.77908,0.0182674882203697
2020-01-10 04:44:00,M62/2328B,82.0,94.95106,0.02498571700628452
2020-01-10 04:59:00,M62/2328B,98.0,94.95106,0.029860978861169302
2020-01-10 05:14:00,M62/2328B,137.0,94.95106,0.041744429632450966
2020-01-10 05:29:00,M62/2328B,220.0,96.5604,0.06591760299625468
2020-01-10 05:44:00,M62/2328B,303.0,99.77908,0.08785791953606381
2020-01-10 05:59:00,M62/2328B,296.0,99.77908,0.0858281986226894
2020-01-10 06:14:00,M62/2328B,359.0,101.38842,0.10244337435348672
2020-01-10 06:29:00,M62/2328B,510.0,101.38842,0.1455323702514714
2020-01-10 06:44:00,M62/2328B,573.0,101.38842,0.163509898341359
2020-01-10 06:59:00,M62/2328B,652.0,102.99776,0.18314606741573033
2020-01-10 07:14:00,M62/2328B,702.0,99.77908,0.20355201159840525
2020-01-10 07:29:00,M62/2328B,776.0,99.77908,0.22500906125407757
2020-01-10 07:44:00,M62/2328B,804.0,99.77908,0.23312794490757524
2020-01-10 07:59:00,M62/2328B,743.0,101.38842,0.21202068842518282
2020-01-10 08:14:00,M62/2328B,734.0,101.38842,0.20945247012662746
2020-01-10 08:29:00,M62/2328B,734.0,101.38842,0.20945247012662746
2020-01-10 08:44:00,M62/2328B,601.0,101.38842,0.17149991082575353
2020-01-10 08:59:00,M62/2328B,580.0,101.38842,0.16550740146245765
2020-01-10 09:14:00,M62/2328B,610.0,101.38842,0.1740681291243089
2020-01-10 09:29:00,M62/2328B,503.0,101.38842,0.14353486713037278
2020-01-10 09:44:00,M62/2328B,576.0,99.77908,0.16701703515766586
2020-01-10 09:59:00,M62/2328B,477.0,99.77908,0.13831098223994204
2020-01-10 10:14:00,M62/2328B,548.0,99.77908,0.15889815150416822
2020-01-10 10:29:00,M62/2328B,526.0,99.77908,0.1525190286335629
2020-01-10 10:44:00,M62/2328B,507.0,99.77908,0.1470097861544038
2020-01-10 10:59:00,M62/2328B,484.0,101.38842,0.13811307294453362
2020-01-10 11:14:00,M62/2328B,481.0,101.38842,0.1372570001783485
2020-01-10 11:29:00,M62/2328B,488.0,99.77908,0.1415005436752447
2020-01-10 11:44:00,M62/2328B,468.0,101.38842,0.13354735152487962
2020-01-10 11:59:00,M62/2328B,521.0,101.38842,0.14867130372748352
2020-01-10 12:14:00,M62/2328B,519.0,99.77908,0.15048930772018848
2020-01-10 12:29:00,M62/2328B,541.0,101.38842,0.15437845550205104
2020-01-10 12:44:00,M62/2328B,517.0,102.99776,0.1452247191011236
2020-01-10 12:59:00,M62/2328B,556.0,101.38842,0.15865881933297665
2020-01-10 13:14:00,M62/2328B,585.0,101.38842,0.16693418940609953
2020-01-10 13:29:00,M62/2328B,604.0,101.38842,0.17235598359193868
2020-01-10 13:44:00,M62/2328B,619.0,101.38842,0.1766363474228643
2020-01-10 13:59:00,M62/2328B,612.0,101.38842,0.17463884430176568
2020-01-10 14:14:00,M62/2328B,623.0,101.38842,0.17777777777777778
2020-01-10 14:29:00,M62/2328B,631.0,102.99776,0.17724719101123598
2020-01-10 14:44:00,M62/2328B,625.0,102.99776,0.175561797752809
2020-01-10 14:59:00,M62/2328B,617.0,102.99776,0.17331460674157306
2020-01-10 15:14:00,M62/2328B,604.0,102.99776,0.16966292134831462
2020-01-10 15:29:00,M62/2328B,666.0,102.99776,0.18707865168539328
2020-01-10 15:44:00,M62/2328B,651.0,104.6071,0.18005185825410547
2020-01-10 15:59:00,M62/2328B,592.0,104.6071,0.16373379429559207
2020-01-10 16:14:00,M62/2328B,685.0,104.6071,0.18945548833189282
2020-01-10 16:29:00,M62/2328B,677.0,102.99776,0.1901685393258427
2020-01-10 16:44:00,M62/2328B,627.0,101.38842,0.1789192081326913
2020-01-10 16:59:00,M62/2328B,583.0,101.38842,0.16636347422864278
2020-01-10 17:14:00,M62/2328B,571.0,102.99776,0.1603932584269663
2020-01-10 17:29:00,M62/2328B,582.0,102.99776,0.16348314606741576
2020-01-10 17:44:00,M62/2328B,542.0,104.6071,0.14990492653414003
2020-01-10 17:59:00,M62/2328B,489.0,106.21644,0.133197139938713
2020-01-10 18:14:00,M62/2328B,443.0,104.6071,0.122523768366465
2020-01-10 18:29:00,M62/2328B,407.0,106.21644,0.11086142322097378
2020-01-10 18:44:00,M62/2328B,344.0,106.21644,0.0937010554988083
2020-01-10 18:59:00,M62/2328B,311.0,104.6071,0.08601555747623164
2020-01-10 19:14:00,M62/2328B,263.0,104.6071,0.07273984442523769
2020-01-10 19:29:00,M62/2328B,252.0,104.6071,0.06969749351771823
2020-01-10 19:44:00,M62/2328B,206.0,104.6071,0.05697493517718237
2020-01-10 19:59:00,M62/2328B,183.0,106.21644,0.049846782431052096
2020-01-10 20:14:00,M62/2328B,174.0,104.6071,0.048124459809853075
2020-01-10 20:29:00,M62/2328B,152.0,104.6071,0.04203975799481417
2020-01-10 20:44:00,M62/2328B,118.0,102.99776,0.03314606741573034
2020-01-10 20:59:00,M62/2328B,121.0,106.21644,0.03295880149812734
2020-01-10 21:14:00,M62/2328B,103.0,106.21644,0.028055839291794348
2020-01-10 21:29:00,M62/2328B,87.0,106.21644,0.0236976506639428
2020-01-10 21:44:00,M62/2328B,86.0,101.38842,0.024540752630640275
2020-01-10 21:59:00,M62/2328B,81.0,104.6071,0.02240276577355229
2020-01-10 22:14:00,M62/2328B,92.0,102.99776,0.025842696629213485
2020-01-10 22:29:00,M62/2328B,66.0,99.77908,0.019137368611815878
2020-01-10 22:44:00,M62/2328B,59.0,104.6071,0.016318063958513398
2020-01-10 22:59:00,M62/2328B,66.0,101.38842,0.01883360085607277
2020-01-10 23:14:00,M62/2328B,52.0,102.99776,0.014606741573033709
2020-01-10 23:29:00,M62/2328B,54.0,107.82578,0.014489350997819892
2020-01-10 23:44:00,M62/2328B,46.0,101.38842,0.013126449081505263
2020-01-10 23:59:00,M62/2328B,42.0,102.99776,0.011797752808988766
2020-01-11 00:14:00,M62/2328B,57.0,102.99776,0.016011235955056182
2020-01-11 00:29:00,M62/2328B,37.0,98.16974,0.01090440228403021
2020-01-11 00:44:00,M62/2328B,32.0,96.5604,0.009588014981273409
2020-01-11 00:59:00,M62/2328B,33.0,98.16974,0.00972554798305397
2020-01-11 01:14:00,M62/2328B,28.0,96.5604,0.008389513108614233
2020-01-11 01:29:00,M62/2328B,26.0,98.16974,0.007662552956345552
2020-01-11 01:44:00,M62/2328B,20.0,96.5604,0.00599250936329588
2020-01-11 01:59:00,M62/2328B,21.0,91.73238,0.0066232998225901835
2020-01-11 02:14:00,M62/2328B,34.0,94.95106,0.010359931441630168
2020-01-11 02:29:00,M62/2328B,26.0,99.77908,0.0075389633925335275
2020-01-11 02:44:00,M62/2328B,19.0,96.5604,0.005692883895131087
2020-01-11 02:59:00,M62/2328B,25.0,101.38842,0.007133939718209382
2020-01-11 03:14:00,M62/2328B,27.0,94.95106,0.008227004380118074
2020-01-11 03:29:00,M62/2328B,32.0,94.95106,0.009750523709769568
2020-01-11 03:44:00,M62/2328B,27.0,94.95106,0.008227004380118074
2020-01-11 03:59:00,M62/2328B,30.0,93.34172,0.009298721425803952
2020-01-11 04:14:00,M62/2328B,21.0,91.73238,0.0066232998225901835
2020-01-11 04:29:00,M62/2328B,32.0,98.16974,0.00943083440780991
2020-01-11 04:44:00,M62/2328B,45.0,102.99776,0.012640449438202249
2020-01-11 04:59:00,M62/2328B,47.0,96.5604,0.01408239700374532
2020-01-11 05:14:00,M62/2328B,46.0,96.5604,0.013782771535580525
2020-01-11 05:29:00,M62/2328B,86.0,96.5604,0.025767790262172286
2020-01-11 05:44:00,M62/2328B,112.0,106.21644,0.030507320394960843
2020-01-11 05:59:00,M62/2328B,99.0,98.16974,0.02917664394916191
2020-01-11 06:14:00,M62/2328B,133.0,99.77908,0.03856469735411382
2020-01-11 06:29:00,M62/2328B,145.0,101.38842,0.041376850365614413
2020-01-11 06:44:00,M62/2328B,152.0,106.21644,0.041402791964589715
2020-01-11 06:59:00,M62/2328B,157.0,104.6071,0.043422644770959376
2020-01-11 07:14:00,M62/2328B,154.0,102.99776,0.04325842696629214
2020-01-11 07:29:00,M62/2328B,158.0,99.77908,0.045813700616165284
2020-01-11 07:44:00,M62/2328B,179.0,104.6071,0.04950734658599828
2020-01-11 07:59:00,M62/2328B,201.0,102.99776,0.056460674157303374
2020-01-11 08:14:00,M62/2328B,242.0,106.21644,0.06591760299625468
2020-01-11 08:29:00,M62/2328B,273.0,106.21644,0.07436159346271706
2020-01-11 08:44:00,M62/2328B,290.0,107.82578,0.0778131812845883
2020-01-11 08:59:00,M62/2328B,281.0,107.82578,0.07539828945161832
2020-01-11 09:14:00,M62/2328B,316.0,104.6071,0.08739844425237685
2020-01-11 09:29:00,M62/2328B,327.0,106.21644,0.08907048008171603
2020-01-11 09:44:00,M62/2328B,369.0,106.21644,0.10051072522982636
2020-01-11 09:59:00,M62/2328B,381.0,106.21644,0.10377936670071503
2020-01-11 10:14:00,M62/2328B,449.0,104.6071,0.12418323249783926
2020-01-11 10:29:00,M62/2328B,442.0,107.82578,0.11859802113030356
2020-01-11 10:44:00,M62/2328B,449.0,106.21644,0.12230166836908411
2020-01-11 10:59:00,M62/2328B,518.0,107.82578,0.1389904410531612
2020-01-11 11:14:00,M62/2328B,519.0,107.82578,0.1392587623679356
2020-01-11 11:29:00,M62/2328B,569.0,107.82578,0.15267482810665772
2020-01-11 11:44:00,M62/2328B,542.0,107.82578,0.1454301526077478
2020-01-11 11:59:00,M62/2328B,516.0,107.82578,0.1384537984236123
2020-01-11 12:14:00,M62/2328B,568.0,109.43512,0.15016523463317913
2020-01-11 12:29:00,M62/2328B,576.0,109.43512,0.1522802379378718
2020-01-11 12:44:00,M62/2328B,551.0,111.04446,0.14355968083374043
2020-01-11 12:59:00,M62/2328B,555.0,109.43512,0.14672835426305356
2020-01-11 13:14:00,M62/2328B,542.0,111.04446,0.14121478586549424
2020-01-11 13:29:00,M62/2328B,503.0,109.43512,0.13298083278255124
2020-01-11 13:44:00,M62/2328B,473.0,109.43512,0.12504957038995376
2020-01-11 13:59:00,M62/2328B,449.0,109.43512,0.11870456047587577
2020-01-11 14:14:00,M62/2328B,379.0,109.43512,0.10019828155981494
2020-01-11 14:29:00,M62/2328B,390.0,109.43512,0.10310641110376736
2020-01-11 14:44:00,M62/2328B,339.0,111.04446,0.08832437713727408
2020-01-11 14:59:00,M62/2328B,373.0,109.43512,0.09861202908129545
2020-01-11 15:14:00,M62/2328B,385.0,111.04446,0.10030939586386584
2020-01-11 15:29:00,M62/2328B,379.0,109.43512,0.10019828155981494
2020-01-11 15:44:00,M62/2328B,325.0,109.43512,0.08592200925313946
2020-01-11 15:59:00,M62/2328B,321.0,107.82578,0.08613114204259602
2020-01-11 16:14:00,M62/2328B,338.0,109.43512,0.08935888962326505
2020-01-11 16:29:00,M62/2328B,358.0,107.82578,0.0960590306892504
2020-01-11 16:44:00,M62/2328B,336.0,104.6071,0.09292999135695766
2020-01-11 16:59:00,M62/2328B,320.0,106.21644,0.08716377255703099
2020-01-11 17:14:00,M62/2328B,327.0,104.6071,0.0904407951598963
2020-01-11 17:29:00,M62/2328B,303.0,106.21644,0.08253319713993872
2020-01-11 17:44:00,M62/2328B,298.0,104.6071,0.0824200518582541
2020-01-11 17:59:00,M62/2328B,347.0,106.21644,0.09451821586653048
2020-01-11 18:14:00,M62/2328B,303.0,107.82578,0.08130135837665604
2020-01-11 18:29:00,M62/2328B,269.0,106.21644,0.07327204630575417
2020-01-11 18:44:00,M62/2328B,229.0,107.82578,0.061445581083347314
2020-01-11 18:59:00,M62/2328B,217.0,102.99776,0.060955056179775285
2020-01-11 19:14:00,M62/2328B,147.0,101.38842,0.041947565543071164
2020-01-11 19:29:00,M62/2328B,166.0,102.99776,0.046629213483146074
2020-01-11 19:44:00,M62/2328B,147.0,102.99776,0.04129213483146068
2020-01-11 19:59:00,M62/2328B,122.0,102.99776,0.034269662921348316
2020-01-11 20:14:00,M62/2328B,133.0,107.82578,0.03568673486500084
2020-01-11 20:29:00,M62/2328B,128.0,104.6071,0.0354019014693172
2020-01-11 20:44:00,M62/2328B,88.0,104.6071,0.024338807260155578
2020-01-11 20:59:00,M62/2328B,102.0,101.38842,0.029106474050294283
2020-01-11 21:14:00,M62/2328B,103.0,106.21644,0.028055839291794348
2020-01-11 21:29:00,M62/2328B,92.0,102.99776,0.025842696629213485
2020-01-11 21:44:00,M62/2328B,59.0,102.99776,0.01657303370786517
2020-01-11 21:59:00,M62/2328B,65.0,101.38842,0.018548243267344396
2020-01-11 22:14:00,M62/2328B,70.0,102.99776,0.01966292134831461
2020-01-11 22:29:00,M62/2328B,71.0,106.21644,0.01933946203609125
2020-01-11 22:44:00,M62/2328B,60.0,102.99776,0.016853932584269662
2020-01-11 22:59:00,M62/2328B,49.0,102.99776,0.013764044943820226
2020-01-11 23:14:00,M62/2328B,57.0,106.21644,0.015526046986721144
2020-01-11 23:29:00,M62/2328B,43.0,102.99776,0.012078651685393259
2020-01-11 23:44:00,M62/2328B,35.0,104.6071,0.009680207433016423
2020-01-11 23:59:00,M62/2328B,73.0,107.82578,0.0195874559785343
2020-01-12 00:14:00,M62/2328B,46.0,101.38842,0.013126449081505263
2020-01-12 00:29:00,M62/2328B,35.0,104.6071,0.009680207433016423
2020-01-12 00:44:00,M62/2328B,27.0,102.99776,0.007584269662921348
2020-01-12 00:59:00,M62/2328B,31.0,101.38842,0.008846085250579633
2020-01-12 01:14:00,M62/2328B,28.0,102.99776,0.007865168539325843
2020-01-12 01:29:00,M62/2328B,21.0,101.38842,0.00599250936329588
2020-01-12 01:44:00,M62/2328B,21.0,104.6071,0.005808124459809854
2020-01-12 01:59:00,M62/2328B,13.0,94.95106,0.003961150257093887
2020-01-12 02:14:00,M62/2328B,22.0,96.5604,0.006591760299625469
2020-01-12 02:29:00,M62/2328B,20.0,98.16974,0.005894271504881194
2020-01-12 02:44:00,M62/2328B,24.0,96.5604,0.0071910112359550565
2020-01-12 02:59:00,M62/2328B,13.0,96.5604,0.0038951310861423225
2020-01-12 03:14:00,M62/2328B,21.0,96.5604,0.006292134831460674
2020-01-12 03:29:00,M62/2328B,15.0,94.95106,0.004570557988954485
2020-01-12 03:44:00,M62/2328B,21.0,99.77908,0.006089162740123234
2020-01-12 03:59:00,M62/2328B,20.0,104.6071,0.005531547104580812
2020-01-12 04:14:00,M62/2328B,29.0,96.5604,0.008689138576779026
2020-01-12 04:29:00,M62/2328B,22.0,98.16974,0.006483698655369313
2020-01-12 04:44:00,M62/2328B,33.0,99.77908,0.009568684305907939
2020-01-12 04:59:00,M62/2328B,38.0,98.16974,0.011199115859274269
2020-01-12 05:14:00,M62/2328B,38.0,99.77908,0.011018484958318234
2020-01-12 05:29:00,M62/2328B,55.0,101.38842,0.01569466738006064
2020-01-12 05:44:00,M62/2328B,65.0,106.21644,0.017705141300646918
2020-01-12 05:59:00,M62/2328B,65.0,101.38842,0.018548243267344396
2020-01-12 06:14:00,M62/2328B,73.0,101.38842,0.020831103977171396
2020-01-12 06:29:00,M62/2328B,93.0,102.99776,0.02612359550561798
2020-01-12 06:44:00,M62/2328B,87.0,106.21644,0.0236976506639428
2020-01-12 06:59:00,M62/2328B,87.0,102.99776,0.024438202247191013
2020-01-12 07:14:00,M62/2328B,84.0,102.99776,0.023595505617977533
2020-01-12 07:29:00,M62/2328B,99.0,104.6071,0.027381158167675022
2020-01-12 07:44:00,M62/2328B,103.0,99.77908,0.029865893439652055
2020-01-12 07:59:00,M62/2328B,126.0,101.38842,0.035955056179775284
2020-01-12 08:14:00,M62/2328B,147.0,104.6071,0.04065687121866897
2020-01-12 08:29:00,M62/2328B,164.0,104.6071,0.04535868625756267
2020-01-12 08:44:00,M62/2328B,171.0,109.43512,0.04520819563780569
2020-01-12 08:59:00,M62/2328B,194.0,107.82578,0.05205433506624183
2020-01-12 09:14:00,M62/2328B,232.0,104.6071,0.06416594641313743
2020-01-12 09:29:00,M62/2328B,239.0,104.6071,0.06610198789974071
2020-01-12 09:44:00,M62/2328B,283.0,104.6071,0.07827139152981849
2020-01-12 09:59:00,M62/2328B,266.0,106.21644,0.07245488593803201
2020-01-12 10:14:00,M62/2328B,344.0,106.21644,0.0937010554988083
2020-01-12 10:29:00,M62/2328B,355.0,106.21644,0.09669731018045626
2020-01-12 10:44:00,M62/2328B,403.0,104.6071,0.11146067415730337
2020-01-12 10:59:00,M62/2328B,433.0,107.82578,0.11618312929733357
2020-01-12 11:14:00,M62/2328B,409.0,107.82578,0.10974341774274696
2020-01-12 11:29:00,M62/2328B,479.0,107.82578,0.1285259097769579
2020-01-12 11:44:00,M62/2328B,445.0,109.43512,0.11764705882352942
2020-01-12 11:59:00,M62/2328B,486.0,107.82578,0.13040415898037902
2020-01-12 12:14:00,M62/2328B,477.0,109.43512,0.12610707204230007
2020-01-12 12:29:00,M62/2328B,450.0,107.82578,0.12074459164849909
2020-01-12 12:44:00,M62/2328B,438.0,109.43512,0.11579643093192334
2020-01-12 12:59:00,M62/2328B,436.0,109.43512,0.11526768010575018
2020-01-12 13:14:00,M62/2328B,460.0,107.82578,0.12342780479624352
2020-01-12 13:29:00,M62/2328B,417.0,111.04446,0.10864680019540793
2020-01-12 13:44:00,M62/2328B,455.0,107.82578,0.12208619822237131
2020-01-12 13:59:00,M62/2328B,413.0,107.82578,0.11081670300184472
2020-01-12 14:14:00,M62/2328B,358.0,109.43512,0.0946463978849967
2020-01-12 14:29:00,M62/2328B,344.0,109.43512,0.09094514210178455
2020-01-12 14:44:00,M62/2328B,390.0,107.82578,0.10464531276203254
2020-01-12 14:59:00,M62/2328B,415.0,107.82578,0.11135334563139361
2020-01-12 15:14:00,M62/2328B,417.0,109.43512,0.1102445472571051
2020-01-12 15:29:00,M62/2328B,368.0,109.43512,0.09729015201586254
2020-01-12 15:44:00,M62/2328B,375.0,109.43512,0.09914077990746861
2020-01-12 15:59:00,M62/2328B,401.0,107.82578,0.10759684722455141
2020-01-12 16:14:00,M62/2328B,386.0,109.43512,0.10204890945142103
2020-01-12 16:29:00,M62/2328B,425.0,107.82578,0.11403655877913803
2020-01-12 16:44:00,M62/2328B,432.0,106.21644,0.11767109295199182
2020-01-12 16:59:00,M62/2328B,391.0,106.21644,0.10650323459312223
2020-01-12 17:14:00,M62/2328B,390.0,106.21644,0.10623084780388152
2020-01-12 17:29:00,M62/2328B,360.0,106.21644,0.09805924412665987
2020-01-12 17:44:00,M62/2328B,316.0,106.21644,0.0860742254000681
2020-01-12 17:59:00,M62/2328B,323.0,104.6071,0.08933448573898013
2020-01-12 18:14:00,M62/2328B,286.0,106.21644,0.07790262172284644
2020-01-12 18:29:00,M62/2328B,302.0,106.21644,0.082260810350698
2020-01-12 18:44:00,M62/2328B,245.0,107.82578,0.06573872211973839
2020-01-12 18:59:00,M62/2328B,218.0,104.6071,0.06029386343993086
2020-01-12 19:14:00,M62/2328B,214.0,106.21644,0.05829077289751448
2020-01-12 19:29:00,M62/2328B,195.0,104.6071,0.05393258426966292
2020-01-12 19:44:00,M62/2328B,210.0,104.6071,0.058081244598098526
2020-01-12 19:59:00,M62/2328B,160.0,107.82578,0.04293141036391079
2020-01-12 20:14:00,M62/2328B,152.0,106.21644,0.041402791964589715
2020-01-12 20:29:00,M62/2328B,132.0,107.82578,0.0354184135502264
2020-01-12 20:44:00,M62/2328B,140.0,106.21644,0.03813415049370106
2020-01-12 20:59:00,M62/2328B,136.0,106.21644,0.03704460333673817
2020-01-12 21:14:00,M62/2328B,116.0,107.82578,0.031125272513835324
2020-01-12 21:29:00,M62/2328B,97.0,104.6071,0.026828003457216944
2020-01-12 21:44:00,M62/2328B,97.0,107.82578,0.026027167533120916
2020-01-12 21:59:00,M62/2328B,66.0,107.82578,0.0177092067751132
2020-01-12 22:14:00,M62/2328B,56.0,102.99776,0.015730337078651686
2020-01-12 22:29:00,M62/2328B,55.0,111.04446,0.014329913694837975
2020-01-12 22:44:00,M62/2328B,48.0,102.99776,0.01348314606741573
2020-01-12 22:59:00,M62/2328B,50.0,104.6071,0.013828867761452032
2020-01-12 23:14:00,M62/2328B,37.0,107.82578,0.00992788864665437
2020-01-12 23:29:00,M62/2328B,38.0,107.82578,0.010196209961428813
2020-01-12 23:44:00,M62/2328B,34.0,106.21644,0.009261150834184542
2020-01-12 23:59:00,M62/2328B,42.0,104.6071,0.011616248919619708
2020-01-13 00:14:00,M62/2328B,33.0,104.6071,0.009127052722558341
2020-01-13 00:29:00,M62/2328B,18.0,101.38842,0.005136436597110755
2020-01-13 00:44:00,M62/2328B,29.0,102.99776,0.008146067415730337
2020-01-13 00:59:00,M62/2328B,30.0,98.16974,0.008841407257321791
2020-01-13 01:14:00,M62/2328B,26.0,99.77908,0.0075389633925335275
2020-01-13 01:29:00,M62/2328B,22.0,101.38842,0.006277866952024256
2020-01-13 01:44:00,M62/2328B,17.0,98.16974,0.005010130779149014
2020-01-13 01:59:00,M62/2328B,17.0,94.95106,0.005179965720815084
2020-01-13 02:14:00,M62/2328B,18.0,98.16974,0.005304844354393074
2020-01-13 02:29:00,M62/2328B,20.0,98.16974,0.005894271504881194
2020-01-13 02:44:00,M62/2328B,35.0,96.5604,0.010486891385767791
2020-01-13 02:59:00,M62/2328B,29.0,96.5604,0.008689138576779026
2020-01-13 03:14:00,M62/2328B,28.0,98.16974,0.008251980106833671
2020-01-13 03:29:00,M62/2328B,29.0,98.16974,0.00854669368207773
2020-01-13 03:44:00,M62/2328B,57.0,98.16974,0.0167986737889114
2020-01-13 03:59:00,M62/2328B,49.0,101.38842,0.013982521847690388
2020-01-13 04:14:00,M62/2328B,60.0,101.38842,0.017121455323702517
2020-01-13 04:29:00,M62/2328B,84.0,99.77908,0.024356650960492936
2020-01-13 04:44:00,M62/2328B,97.0,101.38842,0.0276796861066524
2020-01-13 04:59:00,M62/2328B,138.0,99.77908,0.04001449800652411
2020-01-13 05:14:00,M62/2328B,195.0,99.77908,0.05654222544400146
2020-01-13 05:29:00,M62/2328B,296.0,99.77908,0.0858281986226894
2020-01-13 05:44:00,M62/2328B,375.0,102.99776,0.1053370786516854
2020-01-13 05:59:00,M62/2328B,369.0,102.99776,0.10365168539325843
2020-01-13 06:14:00,M62/2328B,494.0,99.77908,0.14324030445813704
2020-01-13 06:29:00,M62/2328B,598.0,101.38842,0.1706438380595684
2020-01-13 06:44:00,M62/2328B,720.0,101.38842,0.2054574638844302
2020-01-13 06:59:00,M62/2328B,832.0,99.77908,0.24124682856107288
2020-01-13 07:14:00,M62/2328B,847.0,99.77908,0.24559623051830376
2020-01-13 07:29:00,M62/2328B,877.0,98.16974,0.25846380548904035
2020-01-13 07:44:00,M62/2328B,837.0,98.16974,0.24667526247927798
2020-01-13 07:59:00,M62/2328B,858.0,96.5604,0.2570786516853933
2020-01-13 08:14:00,M62/2328B,756.0,99.77908,0.21920985864443643
2020-01-13 08:29:00,M62/2328B,708.0,94.95106,0.2157303370786517
2020-01-13 08:44:00,M62/2328B,599.0,94.95106,0.1825176156922491
2020-01-13 08:59:00,M62/2328B,602.0,94.95106,0.18343172729004
2020-01-13 09:14:00,M62/2328B,571.0,94.95106,0.17398590744620074
2020-01-13 09:29:00,M62/2328B,513.0,98.16974,0.1511880641002026
2020-01-13 09:44:00,M62/2328B,538.0,99.77908,0.1559985501993476
2020-01-13 09:59:00,M62/2328B,494.0,101.38842,0.14096664883181736
2020-01-13 10:14:00,M62/2328B,529.0,101.38842,0.15095416443731052
2020-01-13 10:29:00,M62/2328B,456.0,101.38842,0.1301230604601391
2020-01-13 10:44:00,M62/2328B,490.0,101.38842,0.13982521847690388
2020-01-13 10:59:00,M62/2328B,465.0,99.77908,0.13483146067415733
2020-01-13 11:14:00,M62/2328B,440.0,99.77908,0.12758245741210586
2020-01-13 11:29:00,M62/2328B,477.0,101.38842,0.136115569823435
2020-01-13 11:44:00,M62/2328B,494.0,99.77908,0.14324030445813704
2020-01-13 11:59:00,M62/2328B,458.0,101.38842,0.13069377563759588
2020-01-13 12:14:00,M62/2328B,470.0,101.38842,0.1341180667023364
2020-01-13 12:29:00,M62/2328B,492.0,99.77908,0.14266038419717292
2020-01-13 12:44:00,M62/2328B,475.0,99.77908,0.13773106197897791
2020-01-13 12:59:00,M62/2328B,520.0,101.38842,0.14838594613875516
2020-01-13 13:14:00,M62/2328B,491.0,99.77908,0.14237042406669084
2020-01-13 13:29:00,M62/2328B,503.0,99.77908,0.14584994563247558
2020-01-13 13:44:00,M62/2328B,500.0,101.38842,0.14267879436418765
2020-01-13 13:59:00,M62/2328B,470.0,99.77908,0.13628126132656762
2020-01-13 14:14:00,M62/2328B,488.0,99.77908,0.1415005436752447
2020-01-13 14:29:00,M62/2328B,503.0,99.77908,0.14584994563247558
2020-01-13 14:44:00,M62/2328B,492.0,101.38842,0.14039593365436065
2020-01-13 14:59:00,M62/2328B,536.0,101.38842,0.15295166755840917
2020-01-13 15:14:00,M62/2328B,510.0,101.38842,0.1455323702514714
2020-01-13 15:29:00,M62/2328B,508.0,99.77908,0.14729974628488585
2020-01-13 15:44:00,M62/2328B,565.0,99.77908,0.1638274737223632
2020-01-13 15:59:00,M62/2328B,566.0,101.38842,0.16151239522026042
2020-01-13 16:14:00,M62/2328B,561.0,99.77908,0.16266763320043498
2020-01-13 16:29:00,M62/2328B,588.0,96.5604,0.1761797752808989
2020-01-13 16:44:00,M62/2328B,564.0,99.77908,0.16353751359188112
2020-01-13 16:59:00,M62/2328B,618.0,98.16974,0.18213298950082887
2020-01-13 17:14:00,M62/2328B,587.0,98.16974,0.17299686866826303
2020-01-13 17:29:00,M62/2328B,641.0,99.77908,0.18586444363899965
2020-01-13 17:44:00,M62/2328B,518.0,99.77908,0.15019934758970646
2020-01-13 17:59:00,M62/2328B,479.0,101.38842,0.13668628500089175
2020-01-13 18:14:00,M62/2328B,411.0,99.77908,0.11917361362812616
2020-01-13 18:29:00,M62/2328B,401.0,96.5604,0.1201498127340824
2020-01-13 18:44:00,M62/2328B,313.0,98.16974,0.09224534905139069
2020-01-13 18:59:00,M62/2328B,269.0,99.77908,0.0779992750996738
2020-01-13 19:14:00,M62/2328B,229.0,102.99776,0.0643258426966292
2020-01-13 19:29:00,M62/2328B,202.0,99.77908,0.05857194635737587
2020-01-13 19:44:00,M62/2328B,175.0,101.38842,0.04993757802746567
2020-01-13 19:59:00,M62/2328B,136.0,101.38842,0.038808632067059035
2020-01-13 20:14:00,M62/2328B,143.0,101.38842,0.04080613518815766
2020-01-13 20:29:00,M62/2328B,102.0,98.16974,0.03006078467489409
2020-01-13 20:44:00,M62/2328B,117.0,102.99776,0.03286516853932585
2020-01-13 20:59:00,M62/2328B,78.0,99.77908,0.022616890177600584
2020-01-13 21:14:00,M62/2328B,79.0,99.77908,0.022906850308082642
2020-01-13 21:29:00,M62/2328B,85.0,104.6071,0.023509075194468453
2020-01-13 21:44:00,M62/2328B,79.0,102.99776,0.022191011235955058
2020-01-13 21:59:00,M62/2328B,68.0,101.38842,0.019404316033529517
2020-01-13 22:14:00,M62/2328B,72.0,101.38842,0.02054574638844302
2020-01-13 22:29:00,M62/2328B,87.0,102.99776,0.024438202247191013
2020-01-13 22:44:00,M62/2328B,62.0,101.38842,0.017692170501159267
2020-01-13 22:59:00,M62/2328B,52.0,101.38842,0.014838594613875515
2020-01-13 23:14:00,M62/2328B,43.0,101.38842,0.012270376315320138
2020-01-13 23:29:00,M62/2328B,54.0,101.38842,0.015409309791332265
2020-01-13 23:44:00,M62/2328B,31.0,96.5604,0.009288389513108616
2020-01-13 23:59:00,M62/2328B,73.0,101.38842,0.020831103977171396
2020-01-14 00:14:00,M62/2328B,39.0,104.6071,0.010786516853932586
2020-01-14 00:29:00,M62/2328B,34.0,99.77908,0.009858644436389997
2020-01-14 00:44:00,M62/2328B,36.0,94.95106,0.010969339173490765
2020-01-14 00:59:00,M62/2328B,26.0,96.5604,0.007790262172284645
2020-01-14 01:14:00,M62/2328B,28.0,88.5137,0.009152196118488254
2020-01-14 01:29:00,M62/2328B,32.0,93.34172,0.009918636187524216
2020-01-14 01:44:00,M62/2328B,29.0,93.34172,0.008988764044943821
2020-01-14 01:59:00,M62/2328B,27.0,94.95106,0.008227004380118074
2020-01-14 02:14:00,M62/2328B,21.0,96.5604,0.006292134831460674
2020-01-14 02:29:00,M62/2328B,24.0,98.16974,0.007073125805857432
2020-01-14 02:44:00,M62/2328B,25.0,90.12304,0.008025682182985555
2020-01-14 02:59:00,M62/2328B,33.0,96.5604,0.009887640449438203
2020-01-14 03:14:00,M62/2328B,29.0,90.12304,0.009309791332263243
2020-01-14 03:29:00,M62/2328B,47.0,94.95106,0.014321081698724054
2020-01-14 03:44:00,M62/2328B,39.0,96.5604,0.011685393258426968
2020-01-14 03:59:00,M62/2328B,49.0,94.95106,0.014930489430584651
2020-01-14 04:14:00,M62/2328B,48.0,98.16974,0.014146251611714865
2020-01-14 04:29:00,M62/2328B,57.0,98.16974,0.0167986737889114
2020-01-14 04:44:00,M62/2328B,72.0,98.16974,0.021219377417572297
2020-01-14 04:59:00,M62/2328B,117.0,98.16974,0.034481488303554984
2020-01-14 05:14:00,M62/2328B,157.0,93.34172,0.04866330879504069
2020-01-14 05:29:00,M62/2328B,259.0,98.16974,0.07633081598821145
2020-01-14 05:44:00,M62/2328B,283.0,101.38842,0.08075619761013021
2020-01-14 05:59:00,M62/2328B,282.0,99.77908,0.08176875679594056
2020-01-14 06:14:00,M62/2328B,389.0,102.99776,0.10926966292134832
2020-01-14 06:29:00,M62/2328B,539.0,102.99776,0.15140449438202247
2020-01-14 06:44:00,M62/2328B,624.0,101.38842,0.17806313536650617
2020-01-14 06:59:00,M62/2328B,778.0,101.38842,0.22200820403067598
2020-01-14 07:14:00,M62/2328B,846.0,99.77908,0.2453062703878217
2020-01-14 07:29:00,M62/2328B,872.0,98.16974,0.25699023761282
2020-01-14 07:44:00,M62/2328B,864.0,96.5604,0.25887640449438204
2020-01-14 07:59:00,M62/2328B,899.0,98.16974,0.26494750414440965
2020-01-14 08:14:00,M62/2328B,805.0,101.38842,0.2297128589263421
2020-01-14 08:29:00,M62/2328B,772.0,101.38842,0.22029605849830572
2020-01-14 08:44:00,M62/2328B,738.0,99.77908,0.21399057629575935
2020-01-14 08:59:00,M62/2328B,678.0,102.99776,0.1904494382022472
2020-01-14 09:14:00,M62/2328B,637.0,99.77908,0.18470460311707143
2020-01-14 09:29:00,M62/2328B,604.0,101.38842,0.17235598359193868
2020-01-14 09:44:00,M62/2328B,566.0,101.38842,0.16151239522026042
2020-01-14 09:59:00,M62/2328B,531.0,98.16974,0.1564929084545957
2020-01-14 10:14:00,M62/2328B,497.0,98.16974,0.1464726468962977
2020-01-14 10:29:00,M62/2328B,501.0,99.77908,0.14527002537151146
2020-01-14 10:44:00,M62/2328B,460.0,101.38842,0.13126449081505262
2020-01-14 10:59:00,M62/2328B,429.0,98.16974,0.1264321237797016
2020-01-14 11:14:00,M62/2328B,404.0,101.38842,0.11528446584626362
2020-01-14 11:29:00,M62/2328B,482.0,99.77908,0.1397607828923523
2020-01-14 11:44:00,M62/2328B,459.0,98.16974,0.1352735310370234
2020-01-14 11:59:00,M62/2328B,482.0,98.16974,0.14205194326763676
2020-01-14 12:14:00,M62/2328B,443.0,101.38842,0.12641341180667023
2020-01-14 12:29:00,M62/2328B,487.0,98.16974,0.14352551114385706
2020-01-14 12:44:00,M62/2328B,487.0,99.77908,0.14121058354476262
2020-01-14 12:59:00,M62/2328B,511.0,99.77908,0.14816962667633202
2020-01-14 13:14:00,M62/2328B,506.0,98.16974,0.1491250690734942
2020-01-14 13:29:00,M62/2328B,530.0,96.5604,0.15880149812734082
2020-01-14 13:44:00,M62/2328B,481.0,98.16974,0.1417572296923927
2020-01-14 13:59:00,M62/2328B,438.0,98.16974,0.12908454595689814
2020-01-14 14:14:00,M62/2328B,512.0,99.77908,0.14845958680681406
2020-01-14 14:29:00,M62/2328B,545.0,96.5604,0.16329588014981275
2020-01-14 14:44:00,M62/2328B,518.0,98.16974,0.1526616319764229
2020-01-14 14:59:00,M62/2328B,591.0,98.16974,0.17417572296923928
2020-01-14 15:14:00,M62/2328B,556.0,99.77908,0.1612178325480247
2020-01-14 15:29:00,M62/2328B,559.0,99.77908,0.16208771293947086
2020-01-14 15:44:00,M62/2328B,529.0,99.77908,0.15338890902500907
2020-01-14 15:59:00,M62/2328B,596.0,101.38842,0.17007312288211165
2020-01-14 16:14:00,M62/2328B,578.0,99.77908,0.16759695541862998
2020-01-14 16:29:00,M62/2328B,619.0,99.77908,0.17948532076839438
2020-01-14 16:44:00,M62/2328B,544.0,101.38842,0.15523452826823614
2020-01-14 16:59:00,M62/2328B,638.0,98.16974,0.1880272610057101
2020-01-14 17:14:00,M62/2328B,598.0,98.16974,0.17623871799594767
2020-01-14 17:29:00,M62/2328B,607.0,98.16974,0.17889114017314423
2020-01-14 17:44:00,M62/2328B,560.0,98.16974,0.16503960213667343
2020-01-14 17:59:00,M62/2328B,441.0,101.38842,0.1258426966292135
2020-01-14 18:14:00,M62/2328B,463.0,101.38842,0.13212056358123775
2020-01-14 18:29:00,M62/2328B,390.0,101.38842,0.11128945960406636
2020-01-14 18:44:00,M62/2328B,337.0,101.38842,0.09616550740146247
2020-01-14 18:59:00,M62/2328B,289.0,104.6071,0.07993085566119275
2020-01-14 19:14:00,M62/2328B,252.0,101.38842,0.07191011235955057
2020-01-14 19:29:00,M62/2328B,242.0,104.6071,0.06693171996542782
2020-01-14 19:44:00,M62/2328B,177.0,101.38842,0.05050829320492243
2020-01-14 19:59:00,M62/2328B,151.0,102.99776,0.042415730337078655
2020-01-14 20:14:00,M62/2328B,140.0,101.38842,0.039950062421972535
2020-01-14 20:29:00,M62/2328B,130.0,104.6071,0.035955056179775284
2020-01-14 20:44:00,M62/2328B,105.0,104.6071,0.029040622299049263
2020-01-14 20:59:00,M62/2328B,108.0,99.77908,0.03131569409206235
2020-01-14 21:14:00,M62/2328B,97.0,104.6071,0.026828003457216944
2020-01-14 21:29:00,M62/2328B,86.0,102.99776,0.024157303370786518
2020-01-14 21:44:00,M62/2328B,70.0,102.99776,0.01966292134831461
2020-01-14 21:59:00,M62/2328B,69.0,101.38842,0.019689673622257892
2020-01-14 22:14:00,M62/2328B,81.0,99.77908,0.023486770569046758
2020-01-14 22:29:00,M62/2328B,66.0,101.38842,0.01883360085607277
2020-01-14 22:44:00,M62/2328B,56.0,104.6071,0.015488331892826276
2020-01-14 22:59:00,M62/2328B,70.0,102.99776,0.01966292134831461
2020-01-14 23:14:00,M62/2328B,47.0,102.99776,0.013202247191011237
2020-01-14 23:29:00,M62/2328B,55.0,101.38842,0.01569466738006064
2020-01-14 23:44:00,M62/2328B,37.0,101.38842,0.010558230782949886
2020-01-14 23:59:00,M62/2328B,93.0,102.99776,0.02612359550561798
2020-01-15 00:14:00,M62/2328B,49.0,102.99776,0.013764044943820226
2020-01-15 00:29:00,M62/2328B,35.0,96.5604,0.010486891385767791
2020-01-15 00:44:00,M62/2328B,32.0,96.5604,0.009588014981273409
2020-01-15 00:59:00,M62/2328B,26.0,94.95106,0.007922300514187774
2020-01-15 01:14:00,M62/2328B,22.0,101.38842,0.006277866952024256
2020-01-15 01:29:00,M62/2328B,23.0,93.34172,0.00712901975978303
2020-01-15 01:44:00,M62/2328B,26.0,90.12304,0.008346709470304976
2020-01-15 01:59:00,M62/2328B,20.0,98.16974,0.005894271504881194
2020-01-15 02:14:00,M62/2328B,35.0,94.95106,0.010664635307560465
2020-01-15 02:29:00,M62/2328B,23.0,90.12304,0.007383627608346711
2020-01-15 02:44:00,M62/2328B,19.0,99.77908,0.005509242479159117
2020-01-15 02:59:00,M62/2328B,25.0,93.34172,0.007748934521503295
2020-01-15 03:14:00,M62/2328B,31.0,98.16974,0.00913612083256585
2020-01-15 03:29:00,M62/2328B,35.0,93.34172,0.010848508330104614
2020-01-15 03:44:00,M62/2328B,56.0,98.16974,0.016503960213667342
2020-01-15 03:59:00,M62/2328B,42.0,94.95106,0.01279756236907256
2020-01-15 04:14:00,M62/2328B,58.0,96.5604,0.017378277153558053
2020-01-15 04:29:00,M62/2328B,58.0,96.5604,0.017378277153558053
2020-01-15 04:44:00,M62/2328B,89.0,96.5604,0.02666666666666667
2020-01-15 04:59:00,M62/2328B,108.0,96.5604,0.032359550561797755
2020-01-15 05:14:00,M62/2328B,142.0,94.95106,0.04326794896210246
2020-01-15 05:29:00,M62/2328B,231.0,101.38842,0.0659176029962547
2020-01-15 05:44:00,M62/2328B,270.0,101.38842,0.07704654895666133
2020-01-15 05:59:00,M62/2328B,308.0,101.38842,0.08789013732833958
2020-01-15 06:14:00,M62/2328B,410.0,101.38842,0.11699661137863386
2020-01-15 06:29:00,M62/2328B,494.0,102.99776,0.13876404494382025
2020-01-15 06:44:00,M62/2328B,656.0,101.38842,0.18719457820581417
2020-01-15 06:59:00,M62/2328B,741.0,102.99776,0.20814606741573036
2020-01-15 07:14:00,M62/2328B,823.0,101.38842,0.23484929552345282
2020-01-15 07:29:00,M62/2328B,816.0,101.38842,0.23285179240235426
2020-01-15 07:44:00,M62/2328B,865.0,99.77908,0.25081551286698084
2020-01-15 07:59:00,M62/2328B,880.0,98.16974,0.25934794621477253
2020-01-15 08:14:00,M62/2328B,730.0,102.99776,0.2050561797752809
2020-01-15 08:29:00,M62/2328B,753.0,102.99776,0.2115168539325843
2020-01-15 08:44:00,M62/2328B,700.0,102.99776,0.19662921348314608
2020-01-15 08:59:00,M62/2328B,651.0,101.38842,0.1857677902621723
2020-01-15 09:14:00,M62/2328B,647.0,102.99776,0.1817415730337079
2020-01-15 09:29:00,M62/2328B,556.0,101.38842,0.15865881933297665
2020-01-15 09:44:00,M62/2328B,608.0,99.77908,0.17629575933309174
2020-01-15 09:59:00,M62/2328B,536.0,101.38842,0.15295166755840917
2020-01-15 10:14:00,M62/2328B,529.0,99.77908,0.15338890902500907
2020-01-15 10:29:00,M62/2328B,463.0,99.77908,0.1342515404131932
2020-01-15 10:44:00,M62/2328B,531.0,99.77908,0.15396882928597322
2020-01-15 10:59:00,M62/2328B,500.0,101.38842,0.14267879436418765
2020-01-15 11:14:00,M62/2328B,504.0,99.77908,0.1461399057629576
2020-01-15 11:29:00,M62/2328B,446.0,99.77908,0.1293222181949982
2020-01-15 11:44:00,M62/2328B,462.0,99.77908,0.13396158028271116
2020-01-15 11:59:00,M62/2328B,456.0,98.16974,0.1343893903112912
2020-01-15 12:14:00,M62/2328B,489.0,99.77908,0.14179050380572672
2020-01-15 12:29:00,M62/2328B,478.0,99.77908,0.13860094237042409
2020-01-15 12:44:00,M62/2328B,462.0,99.77908,0.13396158028271116
2020-01-15 12:59:00,M62/2328B,485.0,101.38842,0.138398430533262
2020-01-15 13:14:00,M62/2328B,559.0,101.38842,0.15951489209916178
2020-01-15 13:29:00,M62/2328B,523.0,101.38842,0.14924201890494027
2020-01-15 13:44:00,M62/2328B,518.0,101.38842,0.1478152309612984
2020-01-15 13:59:00,M62/2328B,493.0,99.77908,0.14295034432765497
2020-01-15 14:14:00,M62/2328B,502.0,101.38842,0.14324950954164437
2020-01-15 14:29:00,M62/2328B,562.0,99.77908,0.16295759333091703
2020-01-15 14:44:00,M62/2328B,535.0,101.38842,0.15266630996968075
2020-01-15 14:59:00,M62/2328B,580.0,101.38842,0.16550740146245765
2020-01-15 15:14:00,M62/2328B,590.0,99.77908,0.17107647698441467
2020-01-15 15:29:00,M62/2328B,539.0,102.99776,0.15140449438202247
2020-01-15 15:44:00,M62/2328B,627.0,101.38842,0.1789192081326913
2020-01-15 15:59:00,M62/2328B,622.0,102.99776,0.1747191011235955
2020-01-15 16:14:00,M62/2328B,619.0,102.99776,0.17387640449438202
2020-01-15 16:29:00,M62/2328B,643.0,102.99776,0.18061797752808992
2020-01-15 16:44:00,M62/2328B,660.0,104.6071,0.1825410544511668
2020-01-15 16:59:00,M62/2328B,611.0,101.38842,0.1743534867130373
2020-01-15 17:14:00,M62/2328B,638.0,99.77908,0.1849945632475535
2020-01-15 17:29:00,M62/2328B,639.0,101.38842,0.18234349919743179
2020-01-15 17:44:00,M62/2328B,586.0,101.38842,0.1672195469948279
2020-01-15 17:59:00,M62/2328B,532.0,104.6071,0.14713915298184962
2020-01-15 18:14:00,M62/2328B,514.0,101.38842,0.14667380060638488
2020-01-15 18:29:00,M62/2328B,418.0,104.6071,0.11560933448573898
2020-01-15 18:44:00,M62/2328B,361.0,102.99776,0.10140449438202248
2020-01-15 18:59:00,M62/2328B,303.0,106.21644,0.08253319713993872
2020-01-15 19:14:00,M62/2328B,256.0,102.99776,0.07191011235955057
2020-01-15 19:29:00,M62/2328B,207.0,102.99776,0.05814606741573034
2020-01-15 19:44:00,M62/2328B,200.0,101.38842,0.05707151774567506
2020-01-15 19:59:00,M62/2328B,165.0,102.99776,0.046348314606741575
2020-01-15 20:14:00,M62/2328B,156.0,98.16974,0.04597531773807331
2020-01-15 20:29:00,M62/2328B,137.0,104.6071,0.03789109766637857
2020-01-15 20:44:00,M62/2328B,134.0,102.99776,0.03764044943820225
2020-01-15 20:59:00,M62/2328B,120.0,101.38842,0.034242910647405034
2020-01-15 21:14:00,M62/2328B,96.0,107.82578,0.02575884621834647
2020-01-15 21:29:00,M62/2328B,105.0,102.99776,0.029494382022471916
2020-01-15 21:44:00,M62/2328B,86.0,104.6071,0.023785652549697493
2020-01-15 21:59:00,M62/2328B,79.0,106.21644,0.021518556350017023
2020-01-15 22:14:00,M62/2328B,93.0,104.6071,0.025721694036300778
2020-01-15 22:29:00,M62/2328B,83.0,101.38842,0.023684679864455147
2020-01-15 22:44:00,M62/2328B,47.0,107.82578,0.012611101794398795
2020-01-15 22:59:00,M62/2328B,67.0,104.6071,0.01853068280034572
2020-01-15 23:14:00,M62/2328B,61.0,102.99776,0.017134831460674158
2020-01-15 23:29:00,M62/2328B,39.0,98.16974,0.011493829434518328
2020-01-15 23:44:00,M62/2328B,44.0,101.38842,0.012555733904048513
2020-01-15 23:59:00,M62/2328B,87.0,102.99776,0.024438202247191013
2020-01-16 00:14:00,M62/2328B,45.0,101.38842,0.012841091492776888
2020-01-16 00:29:00,M62/2328B,35.0,102.99776,0.009831460674157305
2020-01-16 00:44:00,M62/2328B,44.0,99.77908,0.012758245741210586
2020-01-16 00:59:00,M62/2328B,28.0,93.34172,0.00867880666408369
2020-01-16 01:14:00,M62/2328B,33.0,93.34172,0.010228593568384348
2020-01-16 01:29:00,M62/2328B,31.0,96.5604,0.009288389513108616
2020-01-16 01:44:00,M62/2328B,21.0,90.12304,0.006741573033707865
2020-01-16 01:59:00,M62/2328B,16.0,94.95106,0.004875261854884784
2020-01-16 02:14:00,M62/2328B,24.0,94.95106,0.007312892782327177
2020-01-16 02:29:00,M62/2328B,33.0,94.95106,0.010055227575699868
2020-01-16 02:44:00,M62/2328B,34.0,93.34172,0.01053855094924448
2020-01-16 02:59:00,M62/2328B,35.0,96.5604,0.010486891385767791
2020-01-16 03:14:00,M62/2328B,33.0,94.95106,0.010055227575699868
2020-01-16 03:29:00,M62/2328B,32.0,98.16974,0.00943083440780991
2020-01-16 03:44:00,M62/2328B,39.0,98.16974,0.011493829434518328
2020-01-16 03:59:00,M62/2328B,49.0,96.5604,0.014681647940074906
2020-01-16 04:14:00,M62/2328B,51.0,98.16974,0.015030392337447044
2020-01-16 04:29:00,M62/2328B,64.0,101.38842,0.018262885678616017
2020-01-16 04:44:00,M62/2328B,92.0,99.77908,0.026676332004349407
2020-01-16 04:59:00,M62/2328B,113.0,99.77908,0.032765494744472635
2020-01-16 05:14:00,M62/2328B,143.0,96.5604,0.042846441947565546
2020-01-16 05:29:00,M62/2328B,218.0,98.16974,0.064247559403205
2020-01-16 05:44:00,M62/2328B,311.0,99.77908,0.09017760057992028
2020-01-16 05:59:00,M62/2328B,301.0,99.77908,0.08727799927509967
2020-01-16 06:14:00,M62/2328B,400.0,101.38842,0.11414303549135012
2020-01-16 06:29:00,M62/2328B,523.0,102.99776,0.14691011235955057
2020-01-16 06:44:00,M62/2328B,632.0,101.38842,0.1803459960763332
2020-01-16 06:59:00,M62/2328B,745.0,102.99776,0.20926966292134833
2020-01-16 07:14:00,M62/2328B,868.0,99.77908,0.25168539325842704
2020-01-16 07:29:00,M62/2328B,821.0,99.77908,0.23805726712577024
2020-01-16 07:44:00,M62/2328B,796.0,99.77908,0.23080826386371878
2020-01-16 07:59:00,M62/2328B,799.0,99.77908,0.23167814425516495
2020-01-16 08:14:00,M62/2328B,795.0,101.38842,0.22685928303905836
2020-01-16 08:29:00,M62/2328B,779.0,101.38842,0.22229356161940433
2020-01-16 08:44:00,M62/2328B,705.0,102.99776,0.19803370786516855
2020-01-16 08:59:00,M62/2328B,679.0,101.38842,0.19375780274656682
2020-01-16 09:14:00,M62/2328B,679.0,101.38842,0.19375780274656682
2020-01-16 09:29:00,M62/2328B,651.0,99.77908,0.18876404494382026
2020-01-16 09:44:00,M62/2328B,565.0,99.77908,0.1638274737223632
2020-01-16 09:59:00,M62/2328B,474.0,101.38842,0.13525949705724988
2020-01-16 10:14:00,M62/2328B,543.0,99.77908,0.1574483508517579
2020-01-16 10:29:00,M62/2328B,473.0,99.77908,0.1371511417180138
2020-01-16 10:44:00,M62/2328B,531.0,99.77908,0.15396882928597322
2020-01-16 10:59:00,M62/2328B,486.0,99.77908,0.14092062341428055
2020-01-16 11:14:00,M62/2328B,455.0,101.38842,0.12983770287141075
2020-01-16 11:29:00,M62/2328B,459.0,99.77908,0.13309169989126496
2020-01-16 11:44:00,M62/2328B,490.0,99.77908,0.1420804639362088
2020-01-16 11:59:00,M62/2328B,504.0,101.38842,0.14382022471910114
2020-01-16 12:14:00,M62/2328B,510.0,101.38842,0.1455323702514714
2020-01-16 12:29:00,M62/2328B,486.0,99.77908,0.14092062341428055
2020-01-16 12:44:00,M62/2328B,506.0,99.77908,0.14671982602392172
2020-01-16 12:59:00,M62/2328B,544.0,101.38842,0.15523452826823614
2020-01-16 13:14:00,M62/2328B,485.0,101.38842,0.138398430533262
2020-01-16 13:29:00,M62/2328B,553.0,99.77908,0.1603479521565785
2020-01-16 13:44:00,M62/2328B,581.0,101.38842,0.16579275905118604
2020-01-16 13:59:00,M62/2328B,525.0,99.77908,0.15222906850308085
2020-01-16 14:14:00,M62/2328B,574.0,99.77908,0.16643711489670174
2020-01-16 14:29:00,M62/2328B,532.0,99.77908,0.15425878941645527
2020-01-16 14:44:00,M62/2328B,522.0,99.77908,0.15135918811163468
2020-01-16 14:59:00,M62/2328B,575.0,101.38842,0.16408061351881578
2020-01-16 15:14:00,M62/2328B,609.0,101.38842,0.17378277153558055
2020-01-16 15:29:00,M62/2328B,600.0,101.38842,0.17121455323702517
2020-01-16 15:44:00,M62/2328B,617.0,101.38842,0.17606563224540756
2020-01-16 15:59:00,M62/2328B,615.0,101.38842,0.17549491706795078
2020-01-16 16:14:00,M62/2328B,647.0,102.99776,0.1817415730337079
2020-01-16 16:29:00,M62/2328B,635.0,102.99776,0.17837078651685395
2020-01-16 16:44:00,M62/2328B,616.0,99.77908,0.1786154403769482
2020-01-16 16:59:00,M62/2328B,645.0,99.77908,0.1870242841609279
2020-01-16 17:14:00,M62/2328B,574.0,102.99776,0.16123595505617977
2020-01-16 17:29:00,M62/2328B,662.0,99.77908,0.1919536063791229
2020-01-16 17:44:00,M62/2328B,579.0,99.77908,0.167886915549112
2020-01-16 17:59:00,M62/2328B,502.0,102.99776,0.14101123595505619
2020-01-16 18:14:00,M62/2328B,467.0,102.99776,0.13117977528089889
2020-01-16 18:29:00,M62/2328B,452.0,102.99776,0.1269662921348315
2020-01-16 18:44:00,M62/2328B,389.0,101.38842,0.11100410201533799
2020-01-16 18:59:00,M62/2328B,259.0,106.21644,0.07054817841334694
2020-01-16 19:14:00,M62/2328B,282.0,104.6071,0.07799481417458946
2020-01-16 19:29:00,M62/2328B,202.0,106.21644,0.05502213142662581
2020-01-16 19:44:00,M62/2328B,203.0,104.6071,0.05614520311149525
2020-01-16 19:59:00,M62/2328B,176.0,101.38842,0.05022293561619405
2020-01-16 20:14:00,M62/2328B,158.0,101.38842,0.0450864990190833
2020-01-16 20:29:00,M62/2328B,138.0,104.6071,0.03816767502160761
2020-01-16 20:44:00,M62/2328B,148.0,102.99776,0.04157303370786517
2020-01-16 20:59:00,M62/2328B,115.0,107.82578,0.03085695119906088
2020-01-16 21:14:00,M62/2328B,95.0,102.99776,0.02668539325842697
2020-01-16 21:29:00,M62/2328B,117.0,102.99776,0.03286516853932585
2020-01-16 21:44:00,M62/2328B,83.0,102.99776,0.023314606741573037
2020-01-16 21:59:00,M62/2328B,81.0,104.6071,0.02240276577355229
2020-01-16 22:14:00,M62/2328B,89.0,104.6071,0.024615384615384615
2020-01-16 22:29:00,M62/2328B,75.0,102.99776,0.021067415730337078
2020-01-16 22:44:00,M62/2328B,63.0,104.6071,0.017424373379429557
2020-01-16 22:59:00,M62/2328B,45.0,101.38842,0.012841091492776888
2020-01-16 23:14:00,M62/2328B,55.0,106.21644,0.0149812734082397
2020-01-16 23:29:00,M62/2328B,45.0,106.21644,0.012257405515832483
2020-01-16 23:44:00,M62/2328B,35.0,102.99776,0.009831460674157305
2020-01-16 23:59:00,M62/2328B,90.0,104.6071,0.024891961970613656
2020-01-17 00:14:00,M62/2328B,57.0,104.6071,0.015764909248055316
2020-01-17 00:29:00,M62/2328B,33.0,101.38842,0.009416800428036385
2020-01-17 00:44:00,M62/2328B,43.0,98.16974,0.012672683735494567
2020-01-17 00:59:00,M62/2328B,27.0,98.16974,0.007957266531589612
2020-01-17 01:14:00,M62/2328B,35.0,96.5604,0.010486891385767791
2020-01-17 01:29:00,M62/2328B,28.0,94.95106,0.008531708246048373
2020-01-17 01:44:00,M62/2328B,17.0,99.77908,0.004929322218194998
2020-01-17 01:59:00,M62/2328B,31.0,94.95106,0.00944581984383927
2020-01-17 02:14:00,M62/2328B,24.0,94.95106,0.007312892782327177
2020-01-17 02:29:00,M62/2328B,40.0,98.16974,0.011788543009762387
2020-01-17 02:44:00,M62/2328B,30.0,98.16974,0.008841407257321791
2020-01-17 02:59:00,M62/2328B,42.0,93.34172,0.013018209996125534
2020-01-17 03:14:00,M62/2328B,36.0,96.5604,0.010786516853932586
2020-01-17 03:29:00,M62/2328B,32.0,94.95106,0.009750523709769568
2020-01-17 03:44:00,M62/2328B,49.0,98.16974,0.014440965186958926
2020-01-17 03:59:00,M62/2328B,46.0,91.73238,0.014508180563768973
2020-01-17 04:14:00,M62/2328B,57.0,96.5604,0.017078651685393256
2020-01-17 04:29:00,M62/2328B,73.0,96.5604,0.021872659176029964
2020-01-17 04:44:00,M62/2328B,83.0,96.5604,0.024868913857677904
2020-01-17 04:59:00,M62/2328B,120.0,96.5604,0.035955056179775284
2020-01-17 05:14:00,M62/2328B,138.0,94.95106,0.04204913349838126
2020-01-17 05:29:00,M62/2328B,227.0,98.16974,0.06689998158040156
2020-01-17 05:44:00,M62/2328B,286.0,101.38842,0.08161227037631533
2020-01-17 05:59:00,M62/2328B,296.0,99.77908,0.0858281986226894
2020-01-17 06:14:00,M62/2328B,369.0,99.77908,0.10699528814787967
2020-01-17 06:29:00,M62/2328B,455.0,102.99776,0.12780898876404495
2020-01-17 06:44:00,M62/2328B,614.0,102.99776,0.17247191011235957
2020-01-17 06:59:00,M62/2328B,670.0,101.38842,0.19118958444801146
2020-01-17 07:14:00,M62/2328B,742.0,101.38842,0.21173533083645446
2020-01-17 07:29:00,M62/2328B,706.0,101.38842,0.20146245764223294
2020-01-17 07:44:00,M62/2328B,814.0,98.16974,0.23989685024866458
2020-01-17 07:59:00,M62/2328B,716.0,102.99776,0.20112359550561798
2020-01-17 08:14:00,M62/2328B,717.0,102.99776,0.2014044943820225
2020-01-17 08:29:00,M62/2328B,696.0,104.6071,0.1924978392394123
2020-01-17 08:44:00,M62/2328B,612.0,101.38842,0.17463884430176568
2020-01-17 08:59:00,M62/2328B,593.0,101.38842,0.16921705011592653
2020-01-17 09:14:00,M62/2328B,579.0,99.77908,0.167886915549112
2020-01-17 09:29:00,M62/2328B,512.0,98.16974,0.15089335052495856
2020-01-17 09:44:00,M62/2328B,511.0,99.77908,0.14816962667633202
2020-01-17 09:59:00,M62/2328B,479.0,98.16974,0.14116780254190459
2020-01-17 10:14:00,M62/2328B,511.0,99.77908,0.14816962667633202
2020-01-17 10:29:00,M62/2328B,517.0,98.16974,0.15236691840117886
2020-01-17 10:44:00,M62/2328B,473.0,98.16974,0.13939952109044024
2020-01-17 10:59:00,M62/2328B,528.0,99.77908,0.15309894889452702
2020-01-17 11:14:00,M62/2328B,497.0,98.16974,0.1464726468962977
2020-01-17 11:29:00,M62/2328B,513.0,98.16974,0.1511880641002026
2020-01-17 11:44:00,M62/2328B,551.0,98.16974,0.16238717995947688
2020-01-17 11:59:00,M62/2328B,532.0,99.77908,0.15425878941645527
2020-01-17 12:14:00,M62/2328B,532.0,101.38842,0.15181023720349565
2020-01-17 12:29:00,M62/2328B,569.0,99.77908,0.16498731424429144
2020-01-17 12:44:00,M62/2328B,574.0,101.38842,0.16379525593008742
2020-01-17 12:59:00,M62/2328B,619.0,99.77908,0.17948532076839438
2020-01-17 13:14:00,M62/2328B,615.0,99.77908,0.17832548024646613
2020-01-17 13:29:00,M62/2328B,591.0,99.77908,0.17136643711489674
2020-01-17 13:44:00,M62/2328B,692.0,99.77908,0.20065241029358466
2020-01-17 13:59:00,M62/2328B,665.0,101.38842,0.18976279650436956
2020-01-17 14:14:00,M62/2328B,665.0,101.38842,0.18976279650436956
2020-01-17 14:29:00,M62/2328B,645.0,101.38842,0.18405564472980207
2020-01-17 14:44:00,M62/2328B,665.0,101.38842,0.18976279650436956
2020-01-17 14:59:00,M62/2328B,689.0,101.38842,0.19661137863385056
2020-01-17 15:14:00,M62/2328B,659.0,102.99776,0.1851123595505618
2020-01-17 15:29:00,M62/2328B,635.0,102.99776,0.17837078651685395
2020-01-17 15:44:00,M62/2328B,655.0,104.6071,0.1811581676750216
2020-01-17 15:59:00,M62/2328B,647.0,102.99776,0.1817415730337079
2020-01-17 16:14:00,M62/2328B,641.0,98.16974,0.18891140173144225
2020-01-17 16:29:00,M62/2328B,624.0,104.6071,0.17258426966292137
2020-01-17 16:44:00,M62/2328B,637.0,102.99776,0.17893258426966294
2020-01-17 16:59:00,M62/2328B,586.0,101.38842,0.1672195469948279
2020-01-17 17:14:00,M62/2328B,562.0,101.38842,0.1603709648653469
2020-01-17 17:29:00,M62/2328B,599.0,101.38842,0.1709291956482968
2020-01-17 17:44:00,M62/2328B,569.0,102.99776,0.15983146067415732
2020-01-17 17:59:00,M62/2328B,477.0,101.38842,0.136115569823435
2020-01-17 18:14:00,M62/2328B,489.0,104.6071,0.13524632670700085
2020-01-17 18:29:00,M62/2328B,430.0,104.6071,0.11892826274848747
2020-01-17 18:44:00,M62/2328B,370.0,102.99776,0.10393258426966294
2020-01-17 18:59:00,M62/2328B,315.0,104.6071,0.08712186689714779
2020-01-17 19:14:00,M62/2328B,313.0,102.99776,0.08792134831460674
2020-01-17 19:29:00,M62/2328B,267.0,102.99776,0.07500000000000001
2020-01-17 19:44:00,M62/2328B,223.0,106.21644,0.06074225400068097
2020-01-17 19:59:00,M62/2328B,158.0,104.6071,0.043699222126188424
2020-01-17 20:14:00,M62/2328B,173.0,104.6071,0.04784788245462403
2020-01-17 20:29:00,M62/2328B,131.0,99.77908,0.0379847770931497
2020-01-17 20:44:00,M62/2328B,127.0,99.77908,0.03682493657122146
2020-01-17 20:59:00,M62/2328B,110.0,99.77908,0.031895614353026465
2020-01-17 21:14:00,M62/2328B,94.0,94.95106,0.028642163397448107
2020-01-17 21:29:00,M62/2328B,90.0,101.38842,0.025682182985553775
2020-01-17 21:44:00,M62/2328B,113.0,104.6071,0.03125324114088159
2020-01-17 21:59:00,M62/2328B,90.0,104.6071,0.024891961970613656
2020-01-17 22:14:00,M62/2328B,71.0,101.38842,0.020260388799714642
2020-01-17 22:29:00,M62/2328B,73.0,101.38842,0.020831103977171396
2020-01-17 22:44:00,M62/2328B,75.0,102.99776,0.021067415730337078
2020-01-17 22:59:00,M62/2328B,79.0,106.21644,0.021518556350017023
2020-01-17 23:14:00,M62/2328B,57.0,102.99776,0.016011235955056182
2020-01-17 23:29:00,M62/2328B,71.0,101.38842,0.020260388799714642
2020-01-17 23:44:00,M62/2328B,56.0,101.38842,0.015980024968789013
2020-01-17 23:59:00,M62/2328B,48.0,102.99776,0.01348314606741573
2020-01-18 00:14:00,M62/2328B,42.0,101.38842,0.01198501872659176
2020-01-18 00:29:00,M62/2328B,36.0,104.6071,0.009956784788245462
2020-01-18 00:44:00,M62/2328B,42.0,102.99776,0.011797752808988766
2020-01-18 00:59:00,M62/2328B,35.0,99.77908,0.010148604566872057
2020-01-18 01:14:00,M62/2328B,42.0,98.16974,0.012377970160250508
2020-01-18 01:29:00,M62/2328B,28.0,94.95106,0.008531708246048373
2020-01-18 01:44:00,M62/2328B,29.0,98.16974,0.00854669368207773
2020-01-18 01:59:00,M62/2328B,34.0,98.16974,0.010020261558298028
2020-01-18 02:14:00,M62/2328B,22.0,93.34172,0.006819062378922899
2020-01-18 02:29:00,M62/2328B,29.0,102.99776,0.008146067415730337
2020-01-18 02:44:00,M62/2328B,25.0,98.16974,0.007367839381101493
2020-01-18 02:59:00,M62/2328B,36.0,91.73238,0.011354228267297458
2020-01-18 03:14:00,M62/2328B,29.0,98.16974,0.00854669368207773
2020-01-18 03:29:00,M62/2328B,29.0,96.5604,0.008689138576779026
2020-01-18 03:44:00,M62/2328B,27.0,99.77908,0.007828923523015587
2020-01-18 03:59:00,M62/2328B,33.0,98.16974,0.00972554798305397
2020-01-18 04:14:00,M62/2328B,40.0,98.16974,0.011788543009762387
2020-01-18 04:29:00,M62/2328B,34.0,96.5604,0.010187265917602996
2020-01-18 04:44:00,M62/2328B,47.0,99.77908,0.013628126132656763
2020-01-18 04:59:00,M62/2328B,52.0,99.77908,0.015077926785067055
2020-01-18 05:14:00,M62/2328B,58.0,96.5604,0.017378277153558053
2020-01-18 05:29:00,M62/2328B,80.0,101.38842,0.02282860709827002
2020-01-18 05:44:00,M62/2328B,108.0,102.99776,0.030337078651685393
2020-01-18 05:59:00,M62/2328B,99.0,102.99776,0.02780898876404495
2020-01-18 06:14:00,M62/2328B,111.0,99.77908,0.03218557448350852
2020-01-18 06:29:00,M62/2328B,158.0,101.38842,0.0450864990190833
2020-01-18 06:44:00,M62/2328B,164.0,104.6071,0.04535868625756267
2020-01-18 06:59:00,M62/2328B,159.0,104.6071,0.04397579948141746
2020-01-18 07:14:00,M62/2328B,169.0,101.38842,0.04822543249509542
2020-01-18 07:29:00,M62/2328B,201.0,104.6071,0.05559204840103717
2020-01-18 07:44:00,M62/2328B,224.0,101.38842,0.06392009987515605
2020-01-18 07:59:00,M62/2328B,209.0,106.21644,0.05692883895131086
2020-01-18 08:14:00,M62/2328B,246.0,104.6071,0.068038029386344
2020-01-18 08:29:00,M62/2328B,277.0,107.82578,0.07432500419252056
2020-01-18 08:44:00,M62/2328B,326.0,106.21644,0.08879809329247532
2020-01-18 08:59:00,M62/2328B,323.0,104.6071,0.08933448573898013
2020-01-18 09:14:00,M62/2328B,374.0,104.6071,0.1034399308556612
2020-01-18 09:29:00,M62/2328B,347.0,106.21644,0.09451821586653048
2020-01-18 09:44:00,M62/2328B,403.0,106.21644,0.1097718760640109
2020-01-18 09:59:00,M62/2328B,411.0,104.6071,0.1136732929991357
2020-01-18 10:14:00,M62/2328B,441.0,106.21644,0.12012257405515832
2020-01-18 10:29:00,M62/2328B,473.0,106.21644,0.12883895131086143
2020-01-18 10:44:00,M62/2328B,481.0,106.21644,0.1310180456247872
2020-01-18 10:59:00,M62/2328B,480.0,106.21644,0.13074565883554648
2020-01-18 11:14:00,M62/2328B,498.0,107.82578,0.13362401475767235
2020-01-18 11:29:00,M62/2328B,493.0,106.21644,0.13428668709567584
2020-01-18 11:44:00,M62/2328B,516.0,106.21644,0.14055158324821246
2020-01-18 11:59:00,M62/2328B,529.0,106.21644,0.14409261150834185
2020-01-18 12:14:00,M62/2328B,500.0,107.82578,0.13416065738722122
2020-01-18 12:29:00,M62/2328B,506.0,107.82578,0.13577058527586788
2020-01-18 12:44:00,M62/2328B,547.0,106.21644,0.14899557371467484
2020-01-18 12:59:00,M62/2328B,511.0,107.82578,0.13711219184974008
2020-01-18 13:14:00,M62/2328B,449.0,111.04446,0.11698420452695002
2020-01-18 13:29:00,M62/2328B,477.0,109.43512,0.12610707204230007
2020-01-18 13:44:00,M62/2328B,454.0,109.43512,0.12002643754130866
2020-01-18 13:59:00,M62/2328B,448.0,107.82578,0.12020794901895021
2020-01-18 14:14:00,M62/2328B,382.0,109.43512,0.1009914077990747
2020-01-18 14:29:00,M62/2328B,371.0,109.43512,0.09808327825512228
2020-01-18 14:44:00,M62/2328B,368.0,109.43512,0.09729015201586254
2020-01-18 14:59:00,M62/2328B,378.0,107.82578,0.10142545698473923
2020-01-18 15:14:00,M62/2328B,375.0,107.82578,0.10062049304041591
2020-01-18 15:29:00,M62/2328B,359.0,109.43512,0.09491077329808328
2020-01-18 15:44:00,M62/2328B,339.0,107.82578,0.09096092570853598
2020-01-18 15:59:00,M62/2328B,383.0,107.82578,0.10276706355861145
2020-01-18 16:14:00,M62/2328B,359.0,111.04446,0.09353525484448788
2020-01-18 16:29:00,M62/2328B,423.0,107.82578,0.11349991614958914
2020-01-18 16:44:00,M62/2328B,383.0,109.43512,0.10125578321216128
2020-01-18 16:59:00,M62/2328B,388.0,106.21644,0.10568607422540006
2020-01-18 17:14:00,M62/2328B,365.0,106.21644,0.09942117807286346
2020-01-18 17:29:00,M62/2328B,365.0,106.21644,0.09942117807286346
2020-01-18 17:44:00,M62/2328B,334.0,106.21644,0.0909771876064011
2020-01-18 17:59:00,M62/2328B,322.0,106.21644,0.08770854613551243
2020-01-18 18:14:00,M62/2328B,298.0,106.21644,0.0811712631937351
2020-01-18 18:29:00,M62/2328B,301.0,107.82578,0.08076471574710717
2020-01-18 18:44:00,M62/2328B,273.0,107.82578,0.07325171893342279
2020-01-18 18:59:00,M62/2328B,216.0,109.43512,0.05710508922670192
2020-01-18 19:14:00,M62/2328B,198.0,107.82578,0.053127620325339596
2020-01-18 19:29:00,M62/2328B,175.0,106.21644,0.047667688117126315
2020-01-18 19:44:00,M62/2328B,176.0,106.21644,0.04794007490636704
2020-01-18 19:59:00,M62/2328B,140.0,106.21644,0.03813415049370106
2020-01-18 20:14:00,M62/2328B,134.0,109.43512,0.03542630535360212
2020-01-18 20:29:00,M62/2328B,124.0,104.6071,0.03429559204840104
2020-01-18 20:44:00,M62/2328B,120.0,106.21644,0.03268641470888662
2020-01-18 20:59:00,M62/2328B,102.0,102.99776,0.02865168539325843
2020-01-18 21:14:00,M62/2328B,89.0,106.21644,0.024242424242424242
2020-01-18 21:29:00,M62/2328B,78.0,109.43512,0.020621282220753472
2020-01-18 21:44:00,M62/2328B,84.0,104.6071,0.023232497839239415
2020-01-18 21:59:00,M62/2328B,84.0,104.6071,0.023232497839239415
2020-01-18 22:14:00,M62/2328B,54.0,106.21644,0.014708886618998978
2020-01-18 22:29:00,M62/2328B,63.0,107.82578,0.016904242830789874
2020-01-18 22:44:00,M62/2328B,63.0,106.21644,0.017160367722165476
2020-01-18 22:59:00,M62/2328B,67.0,104.6071,0.01853068280034572
2020-01-18 23:14:00,M62/2328B,62.0,107.82578,0.01663592151601543
2020-01-18 23:29:00,M62/2328B,54.0,104.6071,0.014935177182368193
2020-01-18 23:44:00,M62/2328B,60.0,102.99776,0.016853932584269662
2020-01-18 23:59:00,M62/2328B,58.0,104.6071,0.016041486603284357
2020-01-19 00:14:00,M62/2328B,52.0,106.21644,0.014164113040517536
2020-01-19 00:29:00,M62/2328B,42.0,107.82578,0.01126949522052658
2020-01-19 00:44:00,M62/2328B,46.0,106.21644,0.012529792305073204
2020-01-19 00:59:00,M62/2328B,30.0,109.43512,0.007931262392597489
2020-01-19 01:14:00,M62/2328B,35.0,102.99776,0.009831460674157305
2020-01-19 01:29:00,M62/2328B,31.0,111.04446,0.008076860446181404
2020-01-19 01:44:00,M62/2328B,21.0,106.21644,0.005720122574055159
2020-01-19 01:59:00,M62/2328B,24.0,106.21644,0.006537282941777324
2020-01-19 02:14:00,M62/2328B,29.0,98.16974,0.00854669368207773
2020-01-19 02:29:00,M62/2328B,20.0,101.38842,0.005707151774567505
2020-01-19 02:44:00,M62/2328B,18.0,101.38842,0.005136436597110755
2020-01-19 02:59:00,M62/2328B,20.0,102.99776,0.005617977528089888
2020-01-19 03:14:00,M62/2328B,22.0,94.95106,0.006703485050466578
2020-01-19 03:29:00,M62/2328B,25.0,99.77908,0.007249003262051469
2020-01-19 03:44:00,M62/2328B,20.0,99.77908,0.005799202609641175
2020-01-19 03:59:00,M62/2328B,25.0,98.16974,0.007367839381101493
2020-01-19 04:14:00,M62/2328B,19.0,96.5604,0.005692883895131087
2020-01-19 04:29:00,M62/2328B,28.0,98.16974,0.008251980106833671
2020-01-19 04:44:00,M62/2328B,26.0,98.16974,0.007662552956345552
2020-01-19 04:59:00,M62/2328B,33.0,98.16974,0.00972554798305397
2020-01-19 05:14:00,M62/2328B,38.0,101.38842,0.01084358837167826
2020-01-19 05:29:00,M62/2328B,62.0,102.99776,0.017415730337078654
2020-01-19 05:44:00,M62/2328B,69.0,102.99776,0.019382022471910114
2020-01-19 05:59:00,M62/2328B,46.0,99.77908,0.013338166002174703
2020-01-19 06:14:00,M62/2328B,55.0,93.34172,0.017047655947307245
2020-01-19 06:29:00,M62/2328B,92.0,101.38842,0.026252898163010525
2020-01-19 06:44:00,M62/2328B,74.0,104.6071,0.02046672428694901
2020-01-19 06:59:00,M62/2328B,95.0,102.99776,0.02668539325842697
2020-01-19 07:14:00,M62/2328B,84.0,102.99776,0.023595505617977533
2020-01-19 07:29:00,M62/2328B,104.0,101.38842,0.02967718922775103
2020-01-19 07:44:00,M62/2328B,119.0,102.99776,0.03342696629213483
2020-01-19 07:59:00,M62/2328B,99.0,106.21644,0.02696629213483146
2020-01-19 08:14:00,M62/2328B,124.0,104.6071,0.03429559204840104
2020-01-19 08:29:00,M62/2328B,165.0,102.99776,0.046348314606741575
2020-01-19 08:44:00,M62/2328B,184.0,106.21644,0.05011916922029282
2020-01-19 08:59:00,M62/2328B,218.0,106.21644,0.059380320054477354
2020-01-19 09:14:00,M62/2328B,233.0,107.82578,0.06251886634244508
2020-01-19 09:29:00,M62/2328B,257.0,106.21644,0.07000340483486552
2020-01-19 09:44:00,M62/2328B,321.0,106.21644,0.0874361593462717
2020-01-19 09:59:00,M62/2328B,352.0,106.21644,0.09588014981273409
2020-01-19 10:14:00,M62/2328B,419.0,109.43512,0.11077329808327827
2020-01-19 10:29:00,M62/2328B,463.0,109.43512,0.12240581625908792
2020-01-19 10:44:00,M62/2328B,486.0,106.21644,0.13237997957099082
2020-01-19 10:59:00,M62/2328B,450.0,106.21644,0.12257405515832483
2020-01-19 11:14:00,M62/2328B,523.0,106.21644,0.1424582907728975
2020-01-19 11:29:00,M62/2328B,495.0,107.82578,0.132819050813349
2020-01-19 11:44:00,M62/2328B,484.0,107.82578,0.12986751635083013
2020-01-19 11:59:00,M62/2328B,499.0,109.43512,0.1319233311302049
2020-01-19 12:14:00,M62/2328B,491.0,107.82578,0.13174576555425122
2020-01-19 12:29:00,M62/2328B,496.0,107.82578,0.13308737212812344
2020-01-19 12:44:00,M62/2328B,537.0,107.82578,0.14408854603387558
2020-01-19 12:59:00,M62/2328B,476.0,109.43512,0.1258426966292135
2020-01-19 13:14:00,M62/2328B,486.0,109.43512,0.1284864507600793
2020-01-19 13:29:00,M62/2328B,451.0,111.04446,0.11750529229767138
2020-01-19 13:44:00,M62/2328B,437.0,109.43512,0.11553205551883676
2020-01-19 13:59:00,M62/2328B,447.0,107.82578,0.11993962770417577
2020-01-19 14:14:00,M62/2328B,447.0,107.82578,0.11993962770417577
2020-01-19 14:29:00,M62/2328B,362.0,107.82578,0.09713231594834816
2020-01-19 14:44:00,M62/2328B,417.0,107.82578,0.11188998826094249
2020-01-19 14:59:00,M62/2328B,390.0,107.82578,0.10464531276203254
2020-01-19 15:14:00,M62/2328B,420.0,109.43512,0.11103767349636484
2020-01-19 15:29:00,M62/2328B,407.0,106.21644,0.11086142322097378
2020-01-19 15:44:00,M62/2328B,428.0,109.43512,0.1131526768010575
2020-01-19 15:59:00,M62/2328B,432.0,107.82578,0.11591480798255914
2020-01-19 16:14:00,M62/2328B,378.0,107.82578,0.10142545698473923
2020-01-19 16:29:00,M62/2328B,446.0,107.82578,0.11967130638940132
2020-01-19 16:44:00,M62/2328B,547.0,106.21644,0.14899557371467484
2020-01-19 16:59:00,M62/2328B,487.0,106.21644,0.13265236636023153
2020-01-19 17:14:00,M62/2328B,456.0,104.6071,0.12611927398444253
2020-01-19 17:29:00,M62/2328B,386.0,106.21644,0.10514130064691862
2020-01-19 17:44:00,M62/2328B,337.0,104.6071,0.0932065687121867
2020-01-19 17:59:00,M62/2328B,358.0,104.6071,0.09901469317199656
2020-01-19 18:14:00,M62/2328B,310.0,106.21644,0.08443990466462377
2020-01-19 18:29:00,M62/2328B,287.0,106.21644,0.07817500851208717
2020-01-19 18:44:00,M62/2328B,286.0,107.82578,0.07673989602549054
2020-01-19 18:59:00,M62/2328B,258.0,106.21644,0.07027579162410623
2020-01-19 19:14:00,M62/2328B,245.0,106.21644,0.06673476336397685
2020-01-19 19:29:00,M62/2328B,218.0,106.21644,0.059380320054477354
2020-01-19 19:44:00,M62/2328B,189.0,107.82578,0.050712728492369616
2020-01-19 19:59:00,M62/2328B,184.0,104.6071,0.05089023336214348
2020-01-19 20:14:00,M62/2328B,133.0,104.6071,0.036784788245462406
2020-01-19 20:29:00,M62/2328B,172.0,107.82578,0.0461512661412041
2020-01-19 20:44:00,M62/2328B,132.0,104.6071,0.036508210890233365
2020-01-19 20:59:00,M62/2328B,109.0,104.6071,0.03014693171996543
2020-01-19 21:14:00,M62/2328B,112.0,104.6071,0.03097666378565255
2020-01-19 21:29:00,M62/2328B,92.0,107.82578,0.024685560959248704
2020-01-19 21:44:00,M62/2328B,79.0,101.38842,0.02254324950954165
2020-01-19 21:59:00,M62/2328B,75.0,106.21644,0.020429009193054137
2020-01-19 22:14:00,M62/2328B,61.0,107.82578,0.01636760020124099
2020-01-19 22:29:00,M62/2328B,68.0,106.21644,0.018522301668369084
2020-01-19 22:44:00,M62/2328B,50.0,106.21644,0.013619339462036091
2020-01-19 22:59:00,M62/2328B,53.0,102.99776,0.014887640449438204
2020-01-19 23:14:00,M62/2328B,54.0,104.6071,0.014935177182368193
2020-01-19 23:29:00,M62/2328B,48.0,106.21644,0.013074565883554648
2020-01-19 23:44:00,M62/2328B,28.0,101.38842,0.007990012484394507
2020-01-19 23:59:00,M62/2328B,45.0,106.21644,0.012257405515832483
2020-01-20 00:14:00,M62/2328B,39.0,104.6071,0.010786516853932586
2020-01-20 00:29:00,M62/2328B,25.0,101.38842,0.007133939718209382
2020-01-20 00:44:00,M62/2328B,25.0,99.77908,0.007249003262051469
2020-01-20 00:59:00,M62/2328B,17.0,94.95106,0.005179965720815084
2020-01-20 01:14:00,M62/2328B,20.0,96.5604,0.00599250936329588
2020-01-20 01:29:00,M62/2328B,18.0,99.77908,0.005219282348677058
2020-01-20 01:44:00,M62/2328B,16.0,91.73238,0.005046323674354426
2020-01-20 01:59:00,M62/2328B,23.0,91.73238,0.007254090281884487
2020-01-20 02:14:00,M62/2328B,24.0,94.95106,0.007312892782327177
2020-01-20 02:29:00,M62/2328B,23.0,96.5604,0.006891385767790263
2020-01-20 02:44:00,M62/2328B,22.0,93.34172,0.006819062378922899
2020-01-20 02:59:00,M62/2328B,24.0,91.73238,0.007569485511531637
2020-01-20 03:14:00,M62/2328B,34.0,94.95106,0.010359931441630168
2020-01-20 03:29:00,M62/2328B,27.0,99.77908,0.007828923523015587
2020-01-20 03:44:00,M62/2328B,45.0,98.16974,0.013262110885982685
2020-01-20 03:59:00,M62/2328B,55.0,99.77908,0.015947807176513232
2020-01-20 04:14:00,M62/2328B,78.0,96.5604,0.023370786516853936
2020-01-20 04:29:00,M62/2328B,82.0,99.77908,0.023776730699528816
2020-01-20 04:44:00,M62/2328B,125.0,101.38842,0.03566969859104691
2020-01-20 04:59:00,M62/2328B,138.0,98.16974,0.04067047338368024
2020-01-20 05:14:00,M62/2328B,200.0,99.77908,0.05799202609641175
2020-01-20 05:29:00,M62/2328B,288.0,99.77908,0.08350851757883293
2020-01-20 05:44:00,M62/2328B,384.0,99.77908,0.11134469010511056
2020-01-20 05:59:00,M62/2328B,388.0,102.99776,0.10898876404494383
2020-01-20 06:14:00,M62/2328B,480.0,99.77908,0.1391808626313882
2020-01-20 06:29:00,M62/2328B,584.0,99.77908,0.16933671620152232
2020-01-20 06:44:00,M62/2328B,678.0,101.38842,0.19347244515783846
2020-01-20 06:59:00,M62/2328B,788.0,101.38842,0.22486177991795972
2020-01-20 07:14:00,M62/2328B,846.0,98.16974,0.24932768465647448
2020-01-20 07:29:00,M62/2328B,871.0,98.16974,0.256695524037576
2020-01-20 07:44:00,M62/2328B,878.0,98.16974,0.25875851906428443
2020-01-20 07:59:00,M62/2328B,915.0,96.5604,0.27415730337078653
2020-01-20 08:14:00,M62/2328B,849.0,99.77908,0.24617615077926788
2020-01-20 08:29:00,M62/2328B,815.0,99.77908,0.23631750634287788
2020-01-20 08:44:00,M62/2328B,716.0,99.77908,0.20761145342515405
2020-01-20 08:59:00,M62/2328B,713.0,101.38842,0.20345996076333156
2020-01-20 09:14:00,M62/2328B,651.0,99.77908,0.18876404494382026
2020-01-20 09:29:00,M62/2328B,588.0,99.77908,0.17049655672345054
2020-01-20 09:44:00,M62/2328B,616.0,98.16974,0.18154356235034078
2020-01-20 09:59:00,M62/2328B,536.0,99.77908,0.15541862993838348
2020-01-20 10:14:00,M62/2328B,503.0,99.77908,0.14584994563247558
2020-01-20 10:29:00,M62/2328B,546.0,98.16974,0.1609136120832566
2020-01-20 10:44:00,M62/2328B,546.0,98.16974,0.1609136120832566
2020-01-20 10:59:00,M62/2328B,488.0,96.5604,0.14621722846441948
2020-01-20 11:14:00,M62/2328B,537.0,96.5604,0.1608988764044944
2020-01-20 11:29:00,M62/2328B,574.0,98.16974,0.16916559219009025
2020-01-20 11:44:00,M62/2328B,484.0,99.77908,0.14034070315331643
2020-01-20 11:59:00,M62/2328B,514.0,99.77908,0.1490395070677782
2020-01-20 12:14:00,M62/2328B,493.0,99.77908,0.14295034432765497
2020-01-20 12:29:00,M62/2328B,535.0,99.77908,0.15512866980790144
2020-01-20 12:44:00,M62/2328B,530.0,99.77908,0.15367886915549114
2020-01-20 12:59:00,M62/2328B,493.0,98.16974,0.14529379259532144
2020-01-20 13:14:00,M62/2328B,498.0,98.16974,0.1467673604715417
2020-01-20 13:29:00,M62/2328B,488.0,99.77908,0.1415005436752447
2020-01-20 13:44:00,M62/2328B,525.0,99.77908,0.15222906850308085
2020-01-20 13:59:00,M62/2328B,489.0,99.77908,0.14179050380572672
2020-01-20 14:14:00,M62/2328B,576.0,99.77908,0.16701703515766586
2020-01-20 14:29:00,M62/2328B,502.0,101.38842,0.14324950954164437
2020-01-20 14:44:00,M62/2328B,519.0,99.77908,0.15048930772018848
2020-01-20 14:59:00,M62/2328B,562.0,99.77908,0.16295759333091703
2020-01-20 15:14:00,M62/2328B,539.0,101.38842,0.15380774032459427
2020-01-20 15:29:00,M62/2328B,555.0,101.38842,0.15837346174424827
2020-01-20 15:44:00,M62/2328B,594.0,101.38842,0.1695024077046549
2020-01-20 15:59:00,M62/2328B,591.0,101.38842,0.16864633493846978
2020-01-20 16:14:00,M62/2328B,636.0,101.38842,0.18148742643124668
2020-01-20 16:29:00,M62/2328B,549.0,102.99776,0.15421348314606745
2020-01-20 16:44:00,M62/2328B,637.0,101.38842,0.18177278401997507
2020-01-20 16:59:00,M62/2328B,570.0,102.99776,0.1601123595505618
2020-01-20 17:14:00,M62/2328B,596.0,101.38842,0.17007312288211165
2020-01-20 17:29:00,M62/2328B,607.0,101.38842,0.1732120563581238
2020-01-20 17:44:00,M62/2328B,603.0,99.77908,0.17484595868068142
2020-01-20 17:59:00,M62/2328B,519.0,101.38842,0.14810058855002675
2020-01-20 18:14:00,M62/2328B,457.0,102.99776,0.12837078651685394
2020-01-20 18:29:00,M62/2328B,377.0,101.38842,0.10757981095059749
2020-01-20 18:44:00,M62/2328B,359.0,101.38842,0.10244337435348672
2020-01-20 18:59:00,M62/2328B,304.0,102.99776,0.08539325842696631
2020-01-20 19:14:00,M62/2328B,241.0,102.99776,0.06769662921348316
2020-01-20 19:29:00,M62/2328B,199.0,101.38842,0.05678616015694668
2020-01-20 19:44:00,M62/2328B,207.0,101.38842,0.05906902086677369
2020-01-20 19:59:00,M62/2328B,134.0,102.99776,0.03764044943820225
2020-01-20 20:14:00,M62/2328B,160.0,101.38842,0.04565721419654004
2020-01-20 20:29:00,M62/2328B,143.0,102.99776,0.0401685393258427
2020-01-20 20:44:00,M62/2328B,108.0,101.38842,0.03081861958266453
2020-01-20 20:59:00,M62/2328B,109.0,99.77908,0.0316056542225444
2020-01-20 21:14:00,M62/2328B,78.0,104.6071,0.02157303370786517
2020-01-20 21:29:00,M62/2328B,84.0,102.99776,0.023595505617977533
2020-01-20 21:44:00,M62/2328B,65.0,104.6071,0.017977528089887642
2020-01-20 21:59:00,M62/2328B,69.0,99.77908,0.020007249003262055
2020-01-20 22:14:00,M62/2328B,79.0,101.38842,0.02254324950954165
2020-01-20 22:29:00,M62/2328B,65.0,99.77908,0.01884740848133382
2020-01-20 22:44:00,M62/2328B,50.0,102.99776,0.01404494382022472
2020-01-20 22:59:00,M62/2328B,55.0,99.77908,0.015947807176513232
2020-01-20 23:14:00,M62/2328B,44.0,98.16974,0.012967397310738626
2020-01-20 23:29:00,M62/2328B,46.0,102.99776,0.012921348314606743
2020-01-20 23:44:00,M62/2328B,42.0,99.77908,0.012178325480246468
2020-01-20 23:59:00,M62/2328B,82.0,106.21644,0.02233571671773919
2020-01-21 00:14:00,M62/2328B,54.0,101.38842,0.015409309791332265
2020-01-21 00:29:00,M62/2328B,27.0,101.38842,0.007704654895666132
2020-01-21 00:44:00,M62/2328B,29.0,96.5604,0.008689138576779026
2020-01-21 00:59:00,M62/2328B,21.0,96.5604,0.006292134831460674
2020-01-21 01:14:00,M62/2328B,27.0,98.16974,0.007957266531589612
2020-01-21 01:29:00,M62/2328B,20.0,94.95106,0.006094077318605981
2020-01-21 01:44:00,M62/2328B,34.0,91.73238,0.010723437808003153
2020-01-21 01:59:00,M62/2328B,26.0,98.16974,0.007662552956345552
2020-01-21 02:14:00,M62/2328B,25.0,94.95106,0.007617596648257475
2020-01-21 02:29:00,M62/2328B,36.0,96.5604,0.010786516853932586
2020-01-21 02:44:00,M62/2328B,18.0,94.95106,0.0054846695867453825
2020-01-21 02:59:00,M62/2328B,32.0,93.34172,0.009918636187524216
2020-01-21 03:14:00,M62/2328B,41.0,93.34172,0.012708252615265403
2020-01-21 03:29:00,M62/2328B,40.0,93.34172,0.012398295234405271
2020-01-21 03:44:00,M62/2328B,41.0,93.34172,0.012708252615265403
2020-01-21 03:59:00,M62/2328B,36.0,94.95106,0.010969339173490765
2020-01-21 04:14:00,M62/2328B,52.0,94.95106,0.015844601028375548
2020-01-21 04:29:00,M62/2328B,79.0,93.34172,0.02448663308795041
2020-01-21 04:44:00,M62/2328B,73.0,94.95106,0.02224338221291183
2020-01-21 04:59:00,M62/2328B,100.0,98.16974,0.029471357524405974
2020-01-21 05:14:00,M62/2328B,146.0,94.95106,0.04448676442582366
2020-01-21 05:29:00,M62/2328B,242.0,98.16974,0.07132068520906244
2020-01-21 05:44:00,M62/2328B,306.0,99.77908,0.08872779992750998
2020-01-21 05:59:00,M62/2328B,291.0,101.38842,0.08303905831995721
2020-01-21 06:14:00,M62/2328B,363.0,101.38842,0.10358480470840023
2020-01-21 06:29:00,M62/2328B,502.0,99.77908,0.1455599855019935
2020-01-21 06:44:00,M62/2328B,690.0,99.77908,0.20007249003262054
2020-01-21 06:59:00,M62/2328B,705.0,101.38842,0.20117710005350456
2020-01-21 07:14:00,M62/2328B,828.0,98.16974,0.24402284030208143
2020-01-21 07:29:00,M62/2328B,814.0,98.16974,0.23989685024866458
2020-01-21 07:44:00,M62/2328B,897.0,98.16974,0.26435807699392155
2020-01-21 07:59:00,M62/2328B,853.0,99.77908,0.24733599130119613
2020-01-21 08:14:00,M62/2328B,774.0,101.38842,0.22086677367576246
2020-01-21 08:29:00,M62/2328B,801.0,101.38842,0.2285714285714286
2020-01-21 08:44:00,M62/2328B,716.0,98.16974,0.21101491987474674
2020-01-21 08:59:00,M62/2328B,707.0,101.38842,0.20174781523096133
2020-01-21 09:14:00,M62/2328B,596.0,101.38842,0.17007312288211165
2020-01-21 09:29:00,M62/2328B,589.0,99.77908,0.17078651685393262
2020-01-21 09:44:00,M62/2328B,577.0,99.77908,0.1673069952881479
2020-01-21 09:59:00,M62/2328B,532.0,99.77908,0.15425878941645527
2020-01-21 10:14:00,M62/2328B,491.0,98.16974,0.1447043654448333
2020-01-21 10:29:00,M62/2328B,488.0,99.77908,0.1415005436752447
2020-01-21 10:44:00,M62/2328B,513.0,99.77908,0.14874954693729614
2020-01-21 10:59:00,M62/2328B,492.0,98.16974,0.14499907902007736
2020-01-21 11:14:00,M62/2328B,431.0,101.38842,0.12298912074192976
2020-01-21 11:29:00,M62/2328B,451.0,98.16974,0.13291582243507094
2020-01-21 11:44:00,M62/2328B,474.0,98.16974,0.1396942346656843
2020-01-21 11:59:00,M62/2328B,438.0,98.16974,0.12908454595689814
2020-01-21 12:14:00,M62/2328B,452.0,98.16974,0.13321053601031496
2020-01-21 12:29:00,M62/2328B,439.0,98.16974,0.12937925953214222
2020-01-21 12:44:00,M62/2328B,456.0,101.38842,0.1301230604601391
2020-01-21 12:59:00,M62/2328B,447.0,99.77908,0.12961217832548028
2020-01-21 13:14:00,M62/2328B,483.0,99.77908,0.14005074302283438
2020-01-21 13:29:00,M62/2328B,490.0,99.77908,0.1420804639362088
2020-01-21 13:44:00,M62/2328B,525.0,99.77908,0.15222906850308085
2020-01-21 13:59:00,M62/2328B,550.0,99.77908,0.15947807176513232
2020-01-21 14:14:00,M62/2328B,512.0,99.77908,0.14845958680681406
2020-01-21 14:29:00,M62/2328B,520.0,99.77908,0.15077926785067056
2020-01-21 14:44:00,M62/2328B,544.0,99.77908,0.15773831098223995
2020-01-21 14:59:00,M62/2328B,602.0,101.38842,0.1717852684144819
2020-01-21 15:14:00,M62/2328B,606.0,101.38842,0.1729266987693954
2020-01-21 15:29:00,M62/2328B,598.0,101.38842,0.1706438380595684
2020-01-21 15:44:00,M62/2328B,585.0,101.38842,0.16693418940609953
2020-01-21 15:59:00,M62/2328B,616.0,101.38842,0.17578027465667917
2020-01-21 16:14:00,M62/2328B,623.0,102.99776,0.17500000000000002
2020-01-21 16:29:00,M62/2328B,626.0,102.99776,0.17584269662921348
2020-01-21 16:44:00,M62/2328B,619.0,102.99776,0.17387640449438202
2020-01-21 16:59:00,M62/2328B,597.0,99.77908,0.17310619789778908
2020-01-21 17:14:00,M62/2328B,603.0,99.77908,0.17484595868068142
2020-01-21 17:29:00,M62/2328B,653.0,99.77908,0.1893439652047844
2020-01-21 17:44:00,M62/2328B,571.0,101.38842,0.1629391831639023
2020-01-21 17:59:00,M62/2328B,528.0,101.38842,0.15066880684858217
2020-01-21 18:14:00,M62/2328B,444.0,101.38842,0.12669876939539862
2020-01-21 18:29:00,M62/2328B,406.0,101.38842,0.11585518102372037
2020-01-21 18:44:00,M62/2328B,385.0,101.38842,0.10986267166042449
2020-01-21 18:59:00,M62/2328B,287.0,104.6071,0.07937770095073467
2020-01-21 19:14:00,M62/2328B,262.0,102.99776,0.07359550561797754
2020-01-21 19:29:00,M62/2328B,196.0,101.38842,0.05593008739076155
2020-01-21 19:44:00,M62/2328B,178.0,101.38842,0.0507936507936508
2020-01-21 19:59:00,M62/2328B,166.0,101.38842,0.04736935972891029
2020-01-21 20:14:00,M62/2328B,150.0,104.6071,0.0414866032843561
2020-01-21 20:29:00,M62/2328B,135.0,99.77908,0.03914461761507793
2020-01-21 20:44:00,M62/2328B,146.0,102.99776,0.04101123595505618
2020-01-21 20:59:00,M62/2328B,91.0,101.38842,0.02596754057428215
2020-01-21 21:14:00,M62/2328B,115.0,101.38842,0.032816122703763155
2020-01-21 21:29:00,M62/2328B,89.0,102.99776,0.025
2020-01-21 21:44:00,M62/2328B,69.0,104.6071,0.019083837510803805
2020-01-21 21:59:00,M62/2328B,50.0,101.38842,0.014267879436418765
2020-01-21 22:14:00,M62/2328B,95.0,104.6071,0.02627484874675886
2020-01-21 22:29:00,M62/2328B,64.0,101.38842,0.018262885678616017
2020-01-21 22:44:00,M62/2328B,58.0,99.77908,0.01681768756795941
2020-01-21 22:59:00,M62/2328B,54.0,101.38842,0.015409309791332265
2020-01-21 23:14:00,M62/2328B,37.0,98.16974,0.01090440228403021
2020-01-21 23:29:00,M62/2328B,41.0,101.38842,0.011699661137863386
2020-01-21 23:44:00,M62/2328B,55.0,101.38842,0.01569466738006064
2020-01-21 23:59:00,M62/2328B,103.0,101.38842,0.029391831639022654
2020-01-22 00:14:00,M62/2328B,52.0,96.5604,0.01558052434456929
2020-01-22 00:29:00,M62/2328B,33.0,101.38842,0.009416800428036385
2020-01-22 00:44:00,M62/2328B,30.0,99.77908,0.008698803914461763
2020-01-22 00:59:00,M62/2328B,29.0,90.12304,0.009309791332263243
2020-01-22 01:14:00,M62/2328B,26.0,93.34172,0.008058891902363426
2020-01-22 01:29:00,M62/2328B,25.0,94.95106,0.007617596648257475
2020-01-22 01:44:00,M62/2328B,19.0,86.90436,0.006325426550145652
2020-01-22 01:59:00,M62/2328B,31.0,94.95106,0.00944581984383927
2020-01-22 02:14:00,M62/2328B,32.0,99.77908,0.009278724175425879
2020-01-22 02:29:00,M62/2328B,33.0,93.34172,0.010228593568384348
2020-01-22 02:44:00,M62/2328B,30.0,91.73238,0.009461856889414547
2020-01-22 02:59:00,M62/2328B,33.0,94.95106,0.010055227575699868
2020-01-22 03:14:00,M62/2328B,22.0,96.5604,0.006591760299625469
2020-01-22 03:29:00,M62/2328B,39.0,94.95106,0.011883450771281662
2020-01-22 03:44:00,M62/2328B,36.0,94.95106,0.010969339173490765
2020-01-22 03:59:00,M62/2328B,45.0,94.95106,0.013711673966863456
2020-01-22 04:14:00,M62/2328B,51.0,93.34172,0.01580782642386672
2020-01-22 04:29:00,M62/2328B,70.0,94.95106,0.02132927061512093
2020-01-22 04:44:00,M62/2328B,76.0,96.5604,0.022771535580524346
2020-01-22 04:59:00,M62/2328B,106.0,94.95106,0.032298609788611696
2020-01-22 05:14:00,M62/2328B,153.0,94.95106,0.04661969148733575
2020-01-22 05:29:00,M62/2328B,239.0,98.16974,0.07043654448333027
2020-01-22 05:44:00,M62/2328B,275.0,99.77908,0.07973903588256616
2020-01-22 05:59:00,M62/2328B,308.0,101.38842,0.08789013732833958
2020-01-22 06:14:00,M62/2328B,358.0,98.16974,0.10550745993737337
2020-01-22 06:29:00,M62/2328B,532.0,101.38842,0.15181023720349565
2020-01-22 06:44:00,M62/2328B,646.0,99.77908,0.18731424429140997
2020-01-22 06:59:00,M62/2328B,727.0,101.38842,0.20745496700552882
2020-01-22 07:14:00,M62/2328B,783.0,98.16974,0.23076072941609874
2020-01-22 07:29:00,M62/2328B,845.0,96.5604,0.2531835205992509
2020-01-22 07:44:00,M62/2328B,812.0,99.77908,0.2354476259514317
2020-01-22 07:59:00,M62/2328B,785.0,99.77908,0.22761870242841611
2020-01-22 08:14:00,M62/2328B,824.0,98.16974,0.24284398600110516
2020-01-22 08:29:00,M62/2328B,747.0,101.38842,0.21316211878009633
2020-01-22 08:44:00,M62/2328B,706.0,99.77908,0.2047118521203335
2020-01-22 08:59:00,M62/2328B,672.0,102.99776,0.18876404494382026
2020-01-22 09:14:00,M62/2328B,605.0,101.38842,0.17264134118066704
2020-01-22 09:29:00,M62/2328B,597.0,101.38842,0.17035848047084004
2020-01-22 09:44:00,M62/2328B,590.0,99.77908,0.17107647698441467
2020-01-22 09:59:00,M62/2328B,559.0,96.5604,0.16749063670411987
2020-01-22 10:14:00,M62/2328B,529.0,98.16974,0.15590348130410758
2020-01-22 10:29:00,M62/2328B,510.0,98.16974,0.15030392337447043
2020-01-22 10:44:00,M62/2328B,493.0,99.77908,0.14295034432765497
2020-01-22 10:59:00,M62/2328B,474.0,99.77908,0.13744110184849584
2020-01-22 11:14:00,M62/2328B,508.0,96.5604,0.15220973782771538
2020-01-22 11:29:00,M62/2328B,433.0,99.77908,0.12555273649873144
2020-01-22 11:44:00,M62/2328B,499.0,99.77908,0.1446901051105473
2020-01-22 11:59:00,M62/2328B,444.0,99.77908,0.12874229793403408
2020-01-22 12:14:00,M62/2328B,505.0,101.38842,0.14410558230782952
2020-01-22 12:29:00,M62/2328B,467.0,99.77908,0.13541138093512142
2020-01-22 12:44:00,M62/2328B,492.0,99.77908,0.14266038419717292
2020-01-22 12:59:00,M62/2328B,468.0,98.16974,0.13792595321421994
2020-01-22 13:14:00,M62/2328B,523.0,99.77908,0.15164914824211673
2020-01-22 13:29:00,M62/2328B,495.0,99.77908,0.1435302645886191
2020-01-22 13:44:00,M62/2328B,529.0,99.77908,0.15338890902500907
2020-01-22 13:59:00,M62/2328B,487.0,99.77908,0.14121058354476262
2020-01-22 14:14:00,M62/2328B,595.0,99.77908,0.17252627763682496
2020-01-22 14:29:00,M62/2328B,563.0,98.16974,0.1659237428624056
2020-01-22 14:44:00,M62/2328B,560.0,99.77908,0.1623776730699529
2020-01-22 14:59:00,M62/2328B,626.0,101.38842,0.1786338505439629
2020-01-22 15:14:00,M62/2328B,596.0,101.38842,0.17007312288211165
2020-01-22 15:29:00,M62/2328B,614.0,101.38842,0.17520955947922243
2020-01-22 15:44:00,M62/2328B,581.0,101.38842,0.16579275905118604
2020-01-22 15:59:00,M62/2328B,649.0,101.38842,0.18519707508471556
2020-01-22 16:14:00,M62/2328B,638.0,102.99776,0.17921348314606744
2020-01-22 16:29:00,M62/2328B,704.0,101.38842,0.2008917424647762
2020-01-22 16:44:00,M62/2328B,641.0,102.99776,0.1800561797752809
2020-01-22 16:59:00,M62/2328B,629.0,101.38842,0.17948992331014804
2020-01-22 17:14:00,M62/2328B,608.0,99.77908,0.17629575933309174
2020-01-22 17:29:00,M62/2328B,643.0,99.77908,0.18644436389996377
2020-01-22 17:44:00,M62/2328B,610.0,99.77908,0.17687567959405584
2020-01-22 17:59:00,M62/2328B,495.0,101.38842,0.14125200642054578
2020-01-22 18:14:00,M62/2328B,426.0,99.77908,0.12352301558535704
2020-01-22 18:29:00,M62/2328B,460.0,101.38842,0.13126449081505262
2020-01-22 18:44:00,M62/2328B,341.0,101.38842,0.09730693775637597
2020-01-22 18:59:00,M62/2328B,310.0,101.38842,0.08846085250579634
2020-01-22 19:14:00,M62/2328B,264.0,102.99776,0.07415730337078652
2020-01-22 19:29:00,M62/2328B,214.0,99.77908,0.06205146792316057
2020-01-22 19:44:00,M62/2328B,165.0,101.38842,0.04708400214018192
2020-01-22 19:59:00,M62/2328B,161.0,102.99776,0.0452247191011236
2020-01-22 20:14:00,M62/2328B,145.0,102.99776,0.04073033707865169
2020-01-22 20:29:00,M62/2328B,160.0,101.38842,0.04565721419654004
2020-01-22 20:44:00,M62/2328B,137.0,101.38842,0.03909398965578741
2020-01-22 20:59:00,M62/2328B,125.0,99.77908,0.036245016310257346
2020-01-22 21:14:00,M62/2328B,112.0,101.38842,0.031960049937578026
2020-01-22 21:29:00,M62/2328B,99.0,102.99776,0.02780898876404495
2020-01-22 21:44:00,M62/2328B,107.0,101.38842,0.03053326199393615
2020-01-22 21:59:00,M62/2328B,84.0,99.77908,0.024356650960492936
2020-01-22 22:14:00,M62/2328B,98.0,102.99776,0.027528089887640453
2020-01-22 22:29:00,M62/2328B,79.0,99.77908,0.022906850308082642
2020-01-22 22:44:00,M62/2328B,61.0,101.38842,0.017406812912430892
2020-01-22 22:59:00,M62/2328B,53.0,101.38842,0.01512395220260389
2020-01-22 23:14:00,M62/2328B,54.0,98.16974,0.015914533063179224
2020-01-22 23:29:00,M62/2328B,57.0,98.16974,0.0167986737889114
2020-01-22 23:44:00,M62/2328B,52.0,98.16974,0.015325105912691104
2020-01-22 23:59:00,M62/2328B,82.0,101.38842,0.02339932227572677
2020-01-23 00:14:00,M62/2328B,68.0,101.38842,0.019404316033529517
2020-01-23 00:29:00,M62/2328B,42.0,99.77908,0.012178325480246468
2020-01-23 00:44:00,M62/2328B,22.0,93.34172,0.006819062378922899
2020-01-23 00:59:00,M62/2328B,35.0,94.95106,0.010664635307560465
2020-01-23 01:14:00,M62/2328B,27.0,93.34172,0.008368849283223559
2020-01-23 01:29:00,M62/2328B,24.0,94.95106,0.007312892782327177
2020-01-23 01:44:00,M62/2328B,16.0,94.95106,0.004875261854884784
2020-01-23 01:59:00,M62/2328B,25.0,90.12304,0.008025682182985555
2020-01-23 02:14:00,M62/2328B,21.0,94.95106,0.00639878118453628
2020-01-23 02:29:00,M62/2328B,29.0,96.5604,0.008689138576779026
2020-01-23 02:44:00,M62/2328B,29.0,94.95106,0.008836412111978671
2020-01-23 02:59:00,M62/2328B,36.0,90.12304,0.011556982343499196
2020-01-23 03:14:00,M62/2328B,36.0,91.73238,0.011354228267297458
2020-01-23 03:29:00,M62/2328B,36.0,93.34172,0.011158465710964743
2020-01-23 03:44:00,M62/2328B,40.0,93.34172,0.012398295234405271
2020-01-23 03:59:00,M62/2328B,49.0,94.95106,0.014930489430584651
2020-01-23 04:14:00,M62/2328B,44.0,98.16974,0.012967397310738626
2020-01-23 04:29:00,M62/2328B,73.0,94.95106,0.02224338221291183
2020-01-23 04:44:00,M62/2328B,86.0,96.5604,0.025767790262172286
2020-01-23 04:59:00,M62/2328B,107.0,98.16974,0.03153435255111439
2020-01-23 05:14:00,M62/2328B,165.0,96.5604,0.04943820224719101
2020-01-23 05:29:00,M62/2328B,239.0,99.77908,0.06930047118521204
2020-01-23 05:44:00,M62/2328B,281.0,99.77908,0.08147879666545851
2020-01-23 05:59:00,M62/2328B,304.0,99.77908,0.08814787966654587
2020-01-23 06:14:00,M62/2328B,389.0,101.38842,0.11100410201533799
2020-01-23 06:29:00,M62/2328B,503.0,101.38842,0.14353486713037278
2020-01-23 06:44:00,M62/2328B,632.0,102.99776,0.17752808988764046
2020-01-23 06:59:00,M62/2328B,768.0,99.77908,0.2226893802102211
2020-01-23 07:14:00,M62/2328B,817.0,99.77908,0.236897426603842
2020-01-23 07:29:00,M62/2328B,839.0,98.16974,0.24726468962976608
2020-01-23 07:44:00,M62/2328B,841.0,99.77908,0.2438564697354114
2020-01-23 07:59:00,M62/2328B,851.0,99.77908,0.246756071040232
2020-01-23 08:14:00,M62/2328B,754.0,101.38842,0.21515962190119498
2020-01-23 08:29:00,M62/2328B,812.0,101.38842,0.23171036204744075
2020-01-23 08:44:00,M62/2328B,680.0,99.77908,0.19717288872779995
2020-01-23 08:59:00,M62/2328B,668.0,101.38842,0.19061886927055469
2020-01-23 09:14:00,M62/2328B,639.0,101.38842,0.18234349919743179
2020-01-23 09:29:00,M62/2328B,558.0,101.38842,0.15922953451043342
2020-01-23 09:44:00,M62/2328B,561.0,101.38842,0.16008560727661855
2020-01-23 09:59:00,M62/2328B,537.0,99.77908,0.15570859006886556
2020-01-23 10:14:00,M62/2328B,526.0,99.77908,0.1525190286335629
2020-01-23 10:29:00,M62/2328B,520.0,96.5604,0.15580524344569288
2020-01-23 10:44:00,M62/2328B,439.0,98.16974,0.12937925953214222
2020-01-23 10:59:00,M62/2328B,488.0,98.16974,0.14382022471910114
2020-01-23 11:14:00,M62/2328B,489.0,93.34172,0.15156915924060443
2020-01-23 11:29:00,M62/2328B,449.0,93.34172,0.13917086400619916
2020-01-23 11:44:00,M62/2328B,512.0,98.16974,0.15089335052495856
2020-01-23 11:59:00,M62/2328B,482.0,98.16974,0.14205194326763676
2020-01-23 12:14:00,M62/2328B,495.0,99.77908,0.1435302645886191
2020-01-23 12:29:00,M62/2328B,477.0,93.34172,0.14784967067028287
2020-01-23 12:44:00,M62/2328B,475.0,91.73238,0.149812734082397
2020-01-23 12:59:00,M62/2328B,535.0,91.73238,0.1687364478612261
2020-01-23 13:14:00,M62/2328B,482.0,93.34172,0.1493994575745835
2020-01-23 13:29:00,M62/2328B,507.0,94.95106,0.1544848600266616
2020-01-23 13:44:00,M62/2328B,540.0,96.5604,0.16179775280898878
2020-01-23 13:59:00,M62/2328B,549.0,99.77908,0.15918811163465024
2020-01-23 14:14:00,M62/2328B,579.0,99.77908,0.167886915549112
2020-01-23 14:29:00,M62/2328B,553.0,101.38842,0.15780274656679155
2020-01-23 14:44:00,M62/2328B,538.0,99.77908,0.1559985501993476
2020-01-23 14:59:00,M62/2328B,575.0,99.77908,0.16672707502718379
2020-01-23 15:14:00,M62/2328B,623.0,101.38842,0.17777777777777778
2020-01-23 15:29:00,M62/2328B,632.0,102.99776,0.17752808988764046
2020-01-23 15:44:00,M62/2328B,625.0,101.38842,0.17834849295523456
2020-01-23 15:59:00,M62/2328B,643.0,102.99776,0.18061797752808992
2020-01-23 16:14:00,M62/2328B,655.0,101.38842,0.18690922061708581
2020-01-23 16:29:00,M62/2328B,630.0,102.99776,0.17696629213483148
2020-01-23 16:44:00,M62/2328B,621.0,101.38842,0.17720706260032104
2020-01-23 16:59:00,M62/2328B,647.0,99.77908,0.18760420442189202
2020-01-23 17:14:00,M62/2328B,650.0,99.77908,0.1884740848133382
2020-01-23 17:29:00,M62/2328B,649.0,99.77908,0.18818412468285614
2020-01-23 17:44:00,M62/2328B,511.0,101.38842,0.14581772784019978
2020-01-23 17:59:00,M62/2328B,583.0,101.38842,0.16636347422864278
2020-01-23 18:14:00,M62/2328B,506.0,101.38842,0.14439093989655788
2020-01-23 18:29:00,M62/2328B,493.0,101.38842,0.140681291243089
2020-01-23 18:44:00,M62/2328B,443.0,102.99776,0.12443820224719103
2020-01-23 18:59:00,M62/2328B,403.0,99.77908,0.11685393258426968
2020-01-23 19:14:00,M62/2328B,307.0,101.38842,0.08760477973961121
2020-01-23 19:29:00,M62/2328B,246.0,101.38842,0.07019796682718032
2020-01-23 19:44:00,M62/2328B,187.0,101.38842,0.05336186909220617
2020-01-23 19:59:00,M62/2328B,172.0,102.99776,0.048314606741573035
2020-01-23 20:14:00,M62/2328B,195.0,106.21644,0.05311542390194076
2020-01-23 20:29:00,M62/2328B,135.0,106.21644,0.03677221654749745
2020-01-23 20:44:00,M62/2328B,108.0,106.21644,0.029417773237997956
2020-01-23 20:59:00,M62/2328B,133.0,101.38842,0.03795255930087391
2020-01-23 21:14:00,M62/2328B,105.0,98.16974,0.03094492540062627
2020-01-23 21:29:00,M62/2328B,103.0,104.6071,0.028487467588591185
2020-01-23 21:44:00,M62/2328B,77.0,101.38842,0.021972534332084896
2020-01-23 21:59:00,M62/2328B,92.0,101.38842,0.026252898163010525
2020-01-23 22:14:00,M62/2328B,102.0,102.99776,0.02865168539325843
2020-01-23 22:29:00,M62/2328B,85.0,99.77908,0.024646611090974994
2020-01-23 22:44:00,M62/2328B,66.0,101.38842,0.01883360085607277
2020-01-23 22:59:00,M62/2328B,61.0,98.16974,0.017977528089887642
2020-01-23 23:14:00,M62/2328B,83.0,102.99776,0.023314606741573037
2020-01-23 23:29:00,M62/2328B,37.0,101.38842,0.010558230782949886
2020-01-23 23:44:00,M62/2328B,61.0,99.77908,0.017687567959405587
2020-01-23 23:59:00,M62/2328B,83.0,102.99776,0.023314606741573037
2020-01-24 00:14:00,M62/2328B,57.0,102.99776,0.016011235955056182
2020-01-24 00:29:00,M62/2328B,36.0,98.16974,0.010609688708786149
2020-01-24 00:44:00,M62/2328B,25.0,91.73238,0.00788488074117879
2020-01-24 00:59:00,M62/2328B,26.0,88.5137,0.008498467824310522
2020-01-24 01:14:00,M62/2328B,19.0,93.34172,0.005889190236342504
2020-01-24 01:29:00,M62/2328B,14.0,90.12304,0.0044943820224719105
2020-01-24 01:44:00,M62/2328B,29.0,91.73238,0.009146461659767397
2020-01-24 01:59:00,M62/2328B,20.0,98.16974,0.005894271504881194
2020-01-24 02:14:00,M62/2328B,31.0,93.34172,0.009608678806664085
2020-01-24 02:29:00,M62/2328B,36.0,98.16974,0.010609688708786149
2020-01-24 02:44:00,M62/2328B,25.0,94.95106,0.007617596648257475
2020-01-24 02:59:00,M62/2328B,33.0,91.73238,0.010408042578356003
2020-01-24 03:14:00,M62/2328B,31.0,91.73238,0.009777252119061698
2020-01-24 03:29:00,M62/2328B,40.0,94.95106,0.012188154637211962
2020-01-24 03:44:00,M62/2328B,40.0,96.5604,0.01198501872659176
2020-01-24 03:59:00,M62/2328B,51.0,96.5604,0.015280898876404493
2020-01-24 04:14:00,M62/2328B,39.0,94.95106,0.011883450771281662
2020-01-24 04:29:00,M62/2328B,84.0,96.5604,0.025168539325842697
2020-01-24 04:44:00,M62/2328B,91.0,101.38842,0.02596754057428215
2020-01-24 04:59:00,M62/2328B,103.0,96.5604,0.030861423220973787
2020-01-24 05:14:00,M62/2328B,139.0,94.95106,0.04235383736431156
2020-01-24 05:29:00,M62/2328B,236.0,96.5604,0.07071161048689138
2020-01-24 05:44:00,M62/2328B,295.0,99.77908,0.08553823849220733
2020-01-24 05:59:00,M62/2328B,283.0,99.77908,0.08205871692642262
2020-01-24 06:14:00,M62/2328B,356.0,101.38842,0.1015873015873016
2020-01-24 06:29:00,M62/2328B,468.0,102.99776,0.1314606741573034
2020-01-24 06:44:00,M62/2328B,628.0,101.38842,0.17920456572141968
2020-01-24 06:59:00,M62/2328B,672.0,101.38842,0.19176029962546817
2020-01-24 07:14:00,M62/2328B,723.0,101.38842,0.2063135366506153
2020-01-24 07:29:00,M62/2328B,771.0,98.16974,0.22722416651317
2020-01-24 07:44:00,M62/2328B,742.0,99.77908,0.2151504168176876
2020-01-24 07:59:00,M62/2328B,722.0,101.38842,0.20602817906188695
2020-01-24 08:14:00,M62/2328B,724.0,101.38842,0.20659889423934372
2020-01-24 08:29:00,M62/2328B,709.0,102.99776,0.19915730337078655
2020-01-24 08:44:00,M62/2328B,647.0,102.99776,0.1817415730337079
2020-01-24 08:59:00,M62/2328B,612.0,102.99776,0.1719101123595506
2020-01-24 09:14:00,M62/2328B,575.0,102.99776,0.1615168539325843
2020-01-24 09:29:00,M62/2328B,568.0,101.38842,0.16208311039771714
2020-01-24 09:44:00,M62/2328B,477.0,101.38842,0.136115569823435
2020-01-24 09:59:00,M62/2328B,547.0,99.77908,0.15860819137368615
2020-01-24 10:14:00,M62/2328B,519.0,99.77908,0.15048930772018848
2020-01-24 10:29:00,M62/2328B,533.0,101.38842,0.15209559479222404
2020-01-24 10:44:00,M62/2328B,539.0,98.16974,0.15885061705654818
2020-01-24 10:59:00,M62/2328B,508.0,99.77908,0.14729974628488585
2020-01-24 11:14:00,M62/2328B,585.0,99.77908,0.16962667633200437
2020-01-24 11:29:00,M62/2328B,569.0,99.77908,0.16498731424429144
2020-01-24 11:44:00,M62/2328B,537.0,99.77908,0.15570859006886556
2020-01-24 11:59:00,M62/2328B,530.0,99.77908,0.15367886915549114
2020-01-24 12:14:00,M62/2328B,593.0,101.38842,0.16921705011592653
2020-01-24 12:29:00,M62/2328B,582.0,101.38842,0.16607811663991442
2020-01-24 12:44:00,M62/2328B,553.0,102.99776,0.15533707865168542
2020-01-24 12:59:00,M62/2328B,614.0,99.77908,0.17803552011598409
2020-01-24 13:14:00,M62/2328B,630.0,102.99776,0.17696629213483148
2020-01-24 13:29:00,M62/2328B,603.0,102.99776,0.16938202247191012
2020-01-24 13:44:00,M62/2328B,615.0,101.38842,0.17549491706795078
2020-01-24 13:59:00,M62/2328B,655.0,102.99776,0.18398876404494383
2020-01-24 14:14:00,M62/2328B,681.0,101.38842,0.19432851792402356
2020-01-24 14:29:00,M62/2328B,634.0,101.38842,0.1809167112537899
2020-01-24 14:44:00,M62/2328B,618.0,101.38842,0.1763509898341359
2020-01-24 14:59:00,M62/2328B,705.0,101.38842,0.20117710005350456
2020-01-24 15:14:00,M62/2328B,766.0,101.38842,0.21858391296593546
2020-01-24 15:29:00,M62/2328B,708.0,102.99776,0.19887640449438204
2020-01-24 15:44:00,M62/2328B,706.0,101.38842,0.20146245764223294
2020-01-24 15:59:00,M62/2328B,708.0,102.99776,0.19887640449438204
2020-01-24 16:14:00,M62/2328B,724.0,102.99776,0.20337078651685397
2020-01-24 16:29:00,M62/2328B,743.0,102.99776,0.20870786516853934
2020-01-24 16:44:00,M62/2328B,641.0,101.38842,0.18291421437488856
2020-01-24 16:59:00,M62/2328B,647.0,99.77908,0.18760420442189202
2020-01-24 17:14:00,M62/2328B,637.0,99.77908,0.18470460311707143
2020-01-24 17:29:00,M62/2328B,613.0,102.99776,0.17219101123595507
2020-01-24 17:44:00,M62/2328B,567.0,101.38842,0.16179775280898878
2020-01-24 17:59:00,M62/2328B,495.0,101.38842,0.14125200642054578
2020-01-24 18:14:00,M62/2328B,481.0,104.6071,0.13303370786516855
2020-01-24 18:29:00,M62/2328B,447.0,104.6071,0.12363007778738115
2020-01-24 18:44:00,M62/2328B,396.0,104.6071,0.10952463267070009
2020-01-24 18:59:00,M62/2328B,323.0,104.6071,0.08933448573898013
2020-01-24 19:14:00,M62/2328B,245.0,104.6071,0.06776145203111496
2020-01-24 19:29:00,M62/2328B,283.0,102.99776,0.07949438202247192
2020-01-24 19:44:00,M62/2328B,213.0,104.6071,0.058910976663785655
2020-01-24 19:59:00,M62/2328B,206.0,101.38842,0.05878366327804531
2020-01-24 20:14:00,M62/2328B,174.0,102.99776,0.04887640449438203
2020-01-24 20:29:00,M62/2328B,148.0,106.21644,0.04031324480762683
2020-01-24 20:44:00,M62/2328B,120.0,104.6071,0.03318928262748488
2020-01-24 20:59:00,M62/2328B,119.0,104.6071,0.032912705272255836
2020-01-24 21:14:00,M62/2328B,98.0,106.21644,0.02669390534559074
2020-01-24 21:29:00,M62/2328B,98.0,106.21644,0.02669390534559074
2020-01-24 21:44:00,M62/2328B,117.0,104.6071,0.032359550561797755
2020-01-24 21:59:00,M62/2328B,87.0,102.99776,0.024438202247191013
2020-01-24 22:14:00,M62/2328B,93.0,104.6071,0.025721694036300778
2020-01-24 22:29:00,M62/2328B,76.0,102.99776,0.021348314606741577
2020-01-24 22:44:00,M62/2328B,64.0,102.99776,0.017977528089887642
2020-01-24 22:59:00,M62/2328B,62.0,104.6071,0.01714779602420052
2020-01-24 23:14:00,M62/2328B,67.0,102.99776,0.018820224719101126
2020-01-24 23:29:00,M62/2328B,56.0,102.99776,0.015730337078651686
2020-01-24 23:44:00,M62/2328B,42.0,99.77908,0.012178325480246468
2020-01-24 23:59:00,M62/2328B,43.0,98.16974,0.012672683735494567
2020-01-25 00:14:00,M62/2328B,44.0,102.99776,0.012359550561797753
2020-01-25 00:29:00,M62/2328B,44.0,99.77908,0.012758245741210586
2020-01-25 00:44:00,M62/2328B,33.0,101.38842,0.009416800428036385
2020-01-25 00:59:00,M62/2328B,33.0,98.16974,0.00972554798305397
2020-01-25 01:14:00,M62/2328B,34.0,98.16974,0.010020261558298028
2020-01-25 01:29:00,M62/2328B,35.0,98.16974,0.01031497513354209
2020-01-25 01:44:00,M62/2328B,32.0,93.34172,0.009918636187524216
2020-01-25 01:59:00,M62/2328B,30.0,101.38842,0.008560727661851258
2020-01-25 02:14:00,M62/2328B,30.0,98.16974,0.008841407257321791
2020-01-25 02:29:00,M62/2328B,24.0,98.16974,0.007073125805857432
2020-01-25 02:44:00,M62/2328B,28.0,101.38842,0.007990012484394507
2020-01-25 02:59:00,M62/2328B,44.0,99.77908,0.012758245741210586
2020-01-25 03:14:00,M62/2328B,54.0,101.38842,0.015409309791332265
2020-01-25 03:29:00,M62/2328B,38.0,96.5604,0.011385767790262173
2020-01-25 03:44:00,M62/2328B,24.0,99.77908,0.00695904313156941
2020-01-25 03:59:00,M62/2328B,41.0,98.16974,0.012083256585006447
2020-01-25 04:14:00,M62/2328B,30.0,98.16974,0.008841407257321791
2020-01-25 04:29:00,M62/2328B,50.0,94.95106,0.01523519329651495
2020-01-25 04:44:00,M62/2328B,36.0,102.99776,0.010112359550561799
2020-01-25 04:59:00,M62/2328B,45.0,101.38842,0.012841091492776888
2020-01-25 05:14:00,M62/2328B,57.0,96.5604,0.017078651685393256
2020-01-25 05:29:00,M62/2328B,71.0,101.38842,0.020260388799714642
2020-01-25 05:44:00,M62/2328B,101.0,102.99776,0.028370786516853933
2020-01-25 05:59:00,M62/2328B,99.0,104.6071,0.027381158167675022
2020-01-25 06:14:00,M62/2328B,119.0,99.77908,0.03450525552736499
2020-01-25 06:29:00,M62/2328B,132.0,101.38842,0.03766720171214554
2020-01-25 06:44:00,M62/2328B,156.0,104.6071,0.04314606741573034
2020-01-25 06:59:00,M62/2328B,148.0,104.6071,0.04093344857389802
2020-01-25 07:14:00,M62/2328B,175.0,102.99776,0.04915730337078652
2020-01-25 07:29:00,M62/2328B,166.0,101.38842,0.04736935972891029
2020-01-25 07:44:00,M62/2328B,227.0,101.38842,0.0647761726413412
2020-01-25 07:59:00,M62/2328B,232.0,104.6071,0.06416594641313743
2020-01-25 08:14:00,M62/2328B,253.0,106.21644,0.06891385767790263
2020-01-25 08:29:00,M62/2328B,304.0,106.21644,0.08280558392917943
2020-01-25 08:44:00,M62/2328B,333.0,106.21644,0.09070480081716037
2020-01-25 08:59:00,M62/2328B,335.0,107.82578,0.08988764044943821
2020-01-25 09:14:00,M62/2328B,343.0,106.21644,0.09342866870956759
2020-01-25 09:29:00,M62/2328B,428.0,104.6071,0.11837510803802939
2020-01-25 09:44:00,M62/2328B,457.0,107.82578,0.12262284085192018
2020-01-25 09:59:00,M62/2328B,433.0,107.82578,0.11618312929733357
2020-01-25 10:14:00,M62/2328B,509.0,106.21644,0.13864487572352743
2020-01-25 10:29:00,M62/2328B,479.0,106.21644,0.13047327204630577
2020-01-25 10:44:00,M62/2328B,488.0,106.21644,0.13292475314947227
2020-01-25 10:59:00,M62/2328B,522.0,106.21644,0.1421859039836568
2020-01-25 11:14:00,M62/2328B,529.0,107.82578,0.14194197551568005
2020-01-25 11:29:00,M62/2328B,533.0,106.21644,0.14518215866530473
2020-01-25 11:44:00,M62/2328B,532.0,107.82578,0.14274693946000336
2020-01-25 11:59:00,M62/2328B,503.0,107.82578,0.13496562133154452
2020-01-25 12:14:00,M62/2328B,468.0,109.43512,0.12372769332452083
2020-01-25 12:29:00,M62/2328B,521.0,107.82578,0.1397954049974845
2020-01-25 12:44:00,M62/2328B,493.0,107.82578,0.13228240818380013
2020-01-25 12:59:00,M62/2328B,449.0,106.21644,0.12230166836908411
2020-01-25 13:14:00,M62/2328B,445.0,109.43512,0.11764705882352942
2020-01-25 13:29:00,M62/2328B,449.0,109.43512,0.11870456047587577
2020-01-25 13:44:00,M62/2328B,415.0,109.43512,0.10971579643093193
2020-01-25 13:59:00,M62/2328B,415.0,109.43512,0.10971579643093193
2020-01-25 14:14:00,M62/2328B,422.0,107.82578,0.11323159483481471
2020-01-25 14:29:00,M62/2328B,378.0,107.82578,0.10142545698473923
2020-01-25 14:44:00,M62/2328B,392.0,107.82578,0.10518195539158143
2020-01-25 14:59:00,M62/2328B,435.0,107.82578,0.11671977192688246
2020-01-25 15:14:00,M62/2328B,377.0,109.43512,0.09966953073364178
2020-01-25 15:29:00,M62/2328B,430.0,106.21644,0.1171263193735104
2020-01-25 15:44:00,M62/2328B,382.0,109.43512,0.1009914077990747
2020-01-25 15:59:00,M62/2328B,378.0,109.43512,0.09993390614672837
2020-01-25 16:14:00,M62/2328B,372.0,107.82578,0.09981552909609258
2020-01-25 16:29:00,M62/2328B,407.0,111.04446,0.10604136134180102
2020-01-25 16:44:00,M62/2328B,428.0,109.43512,0.1131526768010575
2020-01-25 16:59:00,M62/2328B,381.0,107.82578,0.10223042092906257
2020-01-25 17:14:00,M62/2328B,323.0,106.21644,0.08798093292475316
2020-01-25 17:29:00,M62/2328B,336.0,104.6071,0.09292999135695766
2020-01-25 17:44:00,M62/2328B,328.0,104.6071,0.09071737251512534
2020-01-25 17:59:00,M62/2328B,336.0,106.21644,0.09152196118488254
2020-01-25 18:14:00,M62/2328B,280.0,107.82578,0.07512996813684389
2020-01-25 18:29:00,M62/2328B,264.0,107.82578,0.0708368271004528
2020-01-25 18:44:00,M62/2328B,274.0,106.21644,0.07463398025195778
2020-01-25 18:59:00,M62/2328B,232.0,109.43512,0.061335095836087254
2020-01-25 19:14:00,M62/2328B,179.0,106.21644,0.04875723527408921
2020-01-25 19:29:00,M62/2328B,159.0,109.43512,0.042035690680766694
2020-01-25 19:44:00,M62/2328B,163.0,104.6071,0.04508210890233363
2020-01-25 19:59:00,M62/2328B,157.0,107.82578,0.04212644641958746
2020-01-25 20:14:00,M62/2328B,149.0,107.82578,0.039979875901391924
2020-01-25 20:29:00,M62/2328B,188.0,109.43512,0.0497025776602776
2020-01-25 20:44:00,M62/2328B,185.0,107.82578,0.04963944323327185
2020-01-25 20:59:00,M62/2328B,167.0,111.04446,0.04351082885523531
2020-01-25 21:14:00,M62/2328B,166.0,107.82578,0.04454133825255744
2020-01-25 21:29:00,M62/2328B,122.0,109.43512,0.03225380039656312
2020-01-25 21:44:00,M62/2328B,108.0,104.6071,0.029870354364736385
2020-01-25 21:59:00,M62/2328B,84.0,109.43512,0.02220753469927297
2020-01-25 22:14:00,M62/2328B,72.0,106.21644,0.019611848825331974
2020-01-25 22:29:00,M62/2328B,95.0,104.6071,0.02627484874675886
2020-01-25 22:44:00,M62/2328B,67.0,104.6071,0.01853068280034572
2020-01-25 22:59:00,M62/2328B,63.0,107.82578,0.016904242830789874
2020-01-25 23:14:00,M62/2328B,63.0,106.21644,0.017160367722165476
2020-01-25 23:29:00,M62/2328B,73.0,107.82578,0.0195874559785343
2020-01-25 23:44:00,M62/2328B,63.0,104.6071,0.017424373379429557
2020-01-25 23:59:00,M62/2328B,49.0,104.6071,0.01355229040622299
2020-01-26 00:14:00,M62/2328B,38.0,107.82578,0.010196209961428813
2020-01-26 00:29:00,M62/2328B,41.0,107.82578,0.01100117390575214
2020-01-26 00:44:00,M62/2328B,28.0,107.82578,0.007512996813684388
2020-01-26 00:59:00,M62/2328B,34.0,102.99776,0.009550561797752809
2020-01-26 01:14:00,M62/2328B,30.0,102.99776,0.008426966292134831
2020-01-26 01:29:00,M62/2328B,31.0,109.43512,0.008195637805684072
2020-01-26 01:44:00,M62/2328B,27.0,98.16974,0.007957266531589612
2020-01-26 01:59:00,M62/2328B,24.0,99.77908,0.00695904313156941
2020-01-26 02:14:00,M62/2328B,23.0,111.04446,0.00599250936329588
2020-01-26 02:29:00,M62/2328B,25.0,99.77908,0.007249003262051469
2020-01-26 02:44:00,M62/2328B,25.0,101.38842,0.007133939718209382
2020-01-26 02:59:00,M62/2328B,17.0,102.99776,0.0047752808988764045
2020-01-26 03:14:00,M62/2328B,22.0,98.16974,0.006483698655369313
2020-01-26 03:29:00,M62/2328B,23.0,98.16974,0.006778412230613372
2020-01-26 03:44:00,M62/2328B,19.0,101.38842,0.00542179418583913
2020-01-26 03:59:00,M62/2328B,27.0,101.38842,0.007704654895666132
2020-01-26 04:14:00,M62/2328B,21.0,94.95106,0.00639878118453628
2020-01-26 04:29:00,M62/2328B,26.0,101.38842,0.007419297306937757
2020-01-26 04:44:00,M62/2328B,35.0,96.5604,0.010486891385767791
2020-01-26 04:59:00,M62/2328B,39.0,98.16974,0.011493829434518328
2020-01-26 05:14:00,M62/2328B,48.0,101.38842,0.013697164258962013
2020-01-26 05:29:00,M62/2328B,48.0,104.6071,0.013275713050993952
2020-01-26 05:44:00,M62/2328B,89.0,101.38842,0.0253968253968254
2020-01-26 05:59:00,M62/2328B,58.0,102.99776,0.016292134831460674
2020-01-26 06:14:00,M62/2328B,77.0,101.38842,0.021972534332084896
2020-01-26 06:29:00,M62/2328B,78.0,104.6071,0.02157303370786517
2020-01-26 06:44:00,M62/2328B,70.0,104.6071,0.019360414866032846
2020-01-26 06:59:00,M62/2328B,69.0,102.99776,0.019382022471910114
2020-01-26 07:14:00,M62/2328B,78.0,104.6071,0.02157303370786517
2020-01-26 07:29:00,M62/2328B,101.0,102.99776,0.028370786516853933
2020-01-26 07:44:00,M62/2328B,119.0,104.6071,0.032912705272255836
2020-01-26 07:59:00,M62/2328B,117.0,106.21644,0.03186925434116446
2020-01-26 08:14:00,M62/2328B,138.0,104.6071,0.03816767502160761
2020-01-26 08:29:00,M62/2328B,146.0,107.82578,0.0391749119570686
2020-01-26 08:44:00,M62/2328B,212.0,102.99776,0.05955056179775282
2020-01-26 08:59:00,M62/2328B,265.0,106.21644,0.07218249914879128
2020-01-26 09:14:00,M62/2328B,285.0,107.82578,0.0764715747107161
2020-01-26 09:29:00,M62/2328B,298.0,106.21644,0.0811712631937351
2020-01-26 09:44:00,M62/2328B,330.0,106.21644,0.0898876404494382
2020-01-26 09:59:00,M62/2328B,396.0,107.82578,0.10625524065067919
2020-01-26 10:14:00,M62/2328B,396.0,107.82578,0.10625524065067919
2020-01-26 10:29:00,M62/2328B,431.0,109.43512,0.11394580304031726
2020-01-26 10:44:00,M62/2328B,492.0,109.43512,0.13007270323859882
2020-01-26 10:59:00,M62/2328B,488.0,107.82578,0.1309408016099279
2020-01-26 11:14:00,M62/2328B,490.0,106.21644,0.1334695267279537
2020-01-26 11:29:00,M62/2328B,470.0,107.82578,0.12611101794398794
2020-01-26 11:44:00,M62/2328B,550.0,106.21644,0.149812734082397
2020-01-26 11:59:00,M62/2328B,491.0,104.6071,0.13579948141745896
2020-01-26 12:14:00,M62/2328B,481.0,106.21644,0.1310180456247872
2020-01-26 12:29:00,M62/2328B,492.0,104.6071,0.136076058772688
2020-01-26 12:44:00,M62/2328B,494.0,104.6071,0.13662921348314605
2020-01-26 12:59:00,M62/2328B,414.0,106.21644,0.11276813074565885
2020-01-26 13:14:00,M62/2328B,441.0,107.82578,0.1183296998155291
2020-01-26 13:29:00,M62/2328B,433.0,107.82578,0.11618312929733357
2020-01-26 13:44:00,M62/2328B,463.0,106.21644,0.1261150834184542
2020-01-26 13:59:00,M62/2328B,463.0,106.21644,0.1261150834184542
2020-01-26 14:14:00,M62/2328B,470.0,104.6071,0.1299913569576491
2020-01-26 14:29:00,M62/2328B,399.0,106.21644,0.10868232890704801
2020-01-26 14:44:00,M62/2328B,399.0,106.21644,0.10868232890704801
2020-01-26 14:59:00,M62/2328B,431.0,107.82578,0.11564648666778468
2020-01-26 15:14:00,M62/2328B,394.0,107.82578,0.10571859802113032
2020-01-26 15:29:00,M62/2328B,397.0,106.21644,0.10813755532856656
2020-01-26 15:44:00,M62/2328B,431.0,106.21644,0.11739870616275111
2020-01-26 15:59:00,M62/2328B,403.0,106.21644,0.1097718760640109
2020-01-26 16:14:00,M62/2328B,434.0,104.6071,0.12003457216940365
2020-01-26 16:29:00,M62/2328B,421.0,104.6071,0.11643906655142611
2020-01-26 16:44:00,M62/2328B,457.0,104.6071,0.12639585133967157
2020-01-26 16:59:00,M62/2328B,407.0,104.6071,0.11256698357821954
2020-01-26 17:14:00,M62/2328B,400.0,104.6071,0.11063094209161625
2020-01-26 17:29:00,M62/2328B,347.0,102.99776,0.09747191011235956
2020-01-26 17:44:00,M62/2328B,342.0,102.99776,0.09606741573033709
2020-01-26 17:59:00,M62/2328B,329.0,102.99776,0.09241573033707866
2020-01-26 18:14:00,M62/2328B,293.0,104.6071,0.0810371650821089
2020-01-26 18:29:00,M62/2328B,303.0,104.6071,0.0838029386343993
2020-01-26 18:44:00,M62/2328B,273.0,104.6071,0.07550561797752808
2020-01-26 18:59:00,M62/2328B,249.0,106.21644,0.06782431052093973
2020-01-26 19:14:00,M62/2328B,209.0,104.6071,0.05780466724286949
2020-01-26 19:29:00,M62/2328B,206.0,106.21644,0.056111678583588696
2020-01-26 19:44:00,M62/2328B,217.0,104.6071,0.060017286084701825
2020-01-26 19:59:00,M62/2328B,174.0,106.21644,0.0473953013278856
2020-01-26 20:14:00,M62/2328B,164.0,106.21644,0.04467143343547838
2020-01-26 20:29:00,M62/2328B,169.0,106.21644,0.04603336738168198
2020-01-26 20:44:00,M62/2328B,139.0,104.6071,0.03844425237683664
2020-01-26 20:59:00,M62/2328B,119.0,104.6071,0.032912705272255836
2020-01-26 21:14:00,M62/2328B,104.0,106.21644,0.028328226081035073
2020-01-26 21:29:00,M62/2328B,104.0,102.99776,0.029213483146067417
2020-01-26 21:44:00,M62/2328B,97.0,102.99776,0.027247191011235957
2020-01-26 21:59:00,M62/2328B,78.0,104.6071,0.02157303370786517
2020-01-26 22:14:00,M62/2328B,71.0,101.38842,0.020260388799714642
2020-01-26 22:29:00,M62/2328B,62.0,102.99776,0.017415730337078654
2020-01-26 22:44:00,M62/2328B,43.0,101.38842,0.012270376315320138
2020-01-26 22:59:00,M62/2328B,58.0,101.38842,0.016550740146245767
2020-01-26 23:14:00,M62/2328B,56.0,104.6071,0.015488331892826276
2020-01-26 23:29:00,M62/2328B,35.0,102.99776,0.009831460674157305
2020-01-26 23:44:00,M62/2328B,41.0,109.43512,0.010839391936549902
2020-01-26 23:59:00,M62/2328B,29.0,106.21644,0.007899216887980934
2020-01-27 00:14:00,M62/2328B,40.0,102.99776,0.011235955056179777
2020-01-27 00:29:00,M62/2328B,20.0,98.16974,0.005894271504881194
2020-01-27 00:44:00,M62/2328B,19.0,96.5604,0.005692883895131087
2020-01-27 00:59:00,M62/2328B,18.0,94.95106,0.0054846695867453825
2020-01-27 01:14:00,M62/2328B,28.0,96.5604,0.008389513108614233
2020-01-27 01:29:00,M62/2328B,26.0,101.38842,0.007419297306937757
2020-01-27 01:44:00,M62/2328B,17.0,102.99776,0.0047752808988764045
2020-01-27 01:59:00,M62/2328B,14.0,96.5604,0.004194756554307117
2020-01-27 02:14:00,M62/2328B,14.0,102.99776,0.003932584269662922
2020-01-27 02:29:00,M62/2328B,21.0,96.5604,0.006292134831460674
2020-01-27 02:44:00,M62/2328B,26.0,96.5604,0.007790262172284645
2020-01-27 02:59:00,M62/2328B,25.0,99.77908,0.007249003262051469
2020-01-27 03:14:00,M62/2328B,30.0,94.95106,0.00914111597790897
2020-01-27 03:29:00,M62/2328B,32.0,98.16974,0.00943083440780991
2020-01-27 03:44:00,M62/2328B,54.0,99.77908,0.015657847046031174
2020-01-27 03:59:00,M62/2328B,57.0,98.16974,0.0167986737889114
2020-01-27 04:14:00,M62/2328B,57.0,98.16974,0.0167986737889114
2020-01-27 04:29:00,M62/2328B,84.0,102.99776,0.023595505617977533
2020-01-27 04:44:00,M62/2328B,112.0,99.77908,0.03247553461399058
2020-01-27 04:59:00,M62/2328B,157.0,96.5604,0.04704119850187266
2020-01-27 05:14:00,M62/2328B,205.0,98.16974,0.06041628292503223
2020-01-27 05:29:00,M62/2328B,332.0,99.77908,0.09626676332004351
2020-01-27 05:44:00,M62/2328B,342.0,101.38842,0.09759229534510434
2020-01-27 05:59:00,M62/2328B,380.0,101.38842,0.1084358837167826
2020-01-27 06:14:00,M62/2328B,455.0,102.99776,0.12780898876404495
2020-01-27 06:29:00,M62/2328B,579.0,98.16974,0.17063916006631055
2020-01-27 06:44:00,M62/2328B,750.0,99.77908,0.21747009786154406
2020-01-27 06:59:00,M62/2328B,819.0,98.16974,0.2413704181248849
2020-01-27 07:14:00,M62/2328B,898.0,96.5604,0.26906367041198503
2020-01-27 07:29:00,M62/2328B,879.0,96.5604,0.2633707865168539
2020-01-27 07:44:00,M62/2328B,851.0,96.5604,0.25498127340823973
2020-01-27 07:59:00,M62/2328B,864.0,98.16974,0.2546325290108676
2020-01-27 08:14:00,M62/2328B,856.0,98.16974,0.25227482040891513
2020-01-27 08:29:00,M62/2328B,846.0,101.38842,0.24141252006420547
2020-01-27 08:44:00,M62/2328B,807.0,98.16974,0.2378338552219562
2020-01-27 08:59:00,M62/2328B,739.0,98.16974,0.21779333210536012
2020-01-27 09:14:00,M62/2328B,672.0,101.38842,0.19176029962546817
2020-01-27 09:29:00,M62/2328B,635.0,99.77908,0.1841246828561073
2020-01-27 09:44:00,M62/2328B,548.0,101.38842,0.15637595862314965
2020-01-27 09:59:00,M62/2328B,524.0,99.77908,0.1519391083725988
2020-01-27 10:14:00,M62/2328B,569.0,99.77908,0.16498731424429144
2020-01-27 10:29:00,M62/2328B,515.0,99.77908,0.14932946719826026
2020-01-27 10:44:00,M62/2328B,486.0,99.77908,0.14092062341428055
2020-01-27 10:59:00,M62/2328B,449.0,98.16974,0.1323263952845828
2020-01-27 11:14:00,M62/2328B,492.0,99.77908,0.14266038419717292
2020-01-27 11:29:00,M62/2328B,475.0,99.77908,0.13773106197897791
2020-01-27 11:44:00,M62/2328B,431.0,98.16974,0.12702155093018974
2020-01-27 11:59:00,M62/2328B,445.0,101.38842,0.126984126984127
2020-01-27 12:14:00,M62/2328B,492.0,99.77908,0.14266038419717292
2020-01-27 12:29:00,M62/2328B,492.0,99.77908,0.14266038419717292
2020-01-27 12:44:00,M62/2328B,468.0,101.38842,0.13354735152487962
2020-01-27 12:59:00,M62/2328B,489.0,101.38842,0.1395398608881755
2020-01-27 13:14:00,M62/2328B,545.0,101.38842,0.15551988585696452
2020-01-27 13:29:00,M62/2328B,501.0,101.38842,0.142964151952916
2020-01-27 13:44:00,M62/2328B,550.0,98.16974,0.16209246638423283
2020-01-27 13:59:00,M62/2328B,507.0,99.77908,0.1470097861544038
2020-01-27 14:14:00,M62/2328B,533.0,101.38842,0.15209559479222404
2020-01-27 14:29:00,M62/2328B,508.0,101.38842,0.14496165507401465
2020-01-27 14:44:00,M62/2328B,528.0,101.38842,0.15066880684858217
2020-01-27 14:59:00,M62/2328B,526.0,102.99776,0.14775280898876406
2020-01-27 15:14:00,M62/2328B,513.0,102.99776,0.14410112359550561
2020-01-27 15:29:00,M62/2328B,543.0,102.99776,0.15252808988764047
2020-01-27 15:44:00,M62/2328B,558.0,102.99776,0.15674157303370786
2020-01-27 15:59:00,M62/2328B,548.0,102.99776,0.15393258426966294
2020-01-27 16:14:00,M62/2328B,576.0,102.99776,0.16179775280898878
2020-01-27 16:29:00,M62/2328B,554.0,102.99776,0.1556179775280899
2020-01-27 16:44:00,M62/2328B,632.0,101.38842,0.1803459960763332
2020-01-27 16:59:00,M62/2328B,569.0,101.38842,0.16236846798644552
2020-01-27 17:14:00,M62/2328B,589.0,101.38842,0.16807561976101304
2020-01-27 17:29:00,M62/2328B,624.0,98.16974,0.18390127095229325
2020-01-27 17:44:00,M62/2328B,546.0,101.38842,0.1558052434456929
2020-01-27 17:59:00,M62/2328B,502.0,101.38842,0.14324950954164437
2020-01-27 18:14:00,M62/2328B,460.0,101.38842,0.13126449081505262
2020-01-27 18:29:00,M62/2328B,437.0,102.99776,0.12275280898876406
2020-01-27 18:44:00,M62/2328B,390.0,101.38842,0.11128945960406636
2020-01-27 18:59:00,M62/2328B,309.0,104.6071,0.08546240276577355
2020-01-27 19:14:00,M62/2328B,233.0,102.99776,0.0654494382022472
2020-01-27 19:29:00,M62/2328B,203.0,102.99776,0.057022471910112366
2020-01-27 19:44:00,M62/2328B,196.0,98.16974,0.0577638607478357
2020-01-27 19:59:00,M62/2328B,151.0,102.99776,0.042415730337078655
2020-01-27 20:14:00,M62/2328B,115.0,99.77908,0.03334541500543676
2020-01-27 20:29:00,M62/2328B,129.0,102.99776,0.036235955056179776
2020-01-27 20:44:00,M62/2328B,123.0,102.99776,0.034550561797752816
2020-01-27 20:59:00,M62/2328B,108.0,102.99776,0.030337078651685393
2020-01-27 21:14:00,M62/2328B,90.0,102.99776,0.025280898876404497
2020-01-27 21:29:00,M62/2328B,100.0,104.6071,0.027657735522904063
2020-01-27 21:44:00,M62/2328B,67.0,102.99776,0.018820224719101126
2020-01-27 21:59:00,M62/2328B,68.0,102.99776,0.019101123595505618
2020-01-27 22:14:00,M62/2328B,94.0,104.6071,0.02599827139152982
2020-01-27 22:29:00,M62/2328B,66.0,106.21644,0.017977528089887642
2020-01-27 22:44:00,M62/2328B,66.0,102.99776,0.01853932584269663
2020-01-27 22:59:00,M62/2328B,59.0,102.99776,0.01657303370786517
2020-01-27 23:14:00,M62/2328B,73.0,101.38842,0.020831103977171396
2020-01-27 23:29:00,M62/2328B,39.0,98.16974,0.011493829434518328
2020-01-27 23:44:00,M62/2328B,40.0,96.5604,0.01198501872659176
2020-01-27 23:59:00,M62/2328B,78.0,101.38842,0.02225789192081327
2020-01-28 00:14:00,M62/2328B,49.0,101.38842,0.013982521847690388
2020-01-28 00:29:00,M62/2328B,39.0,101.38842,0.011128945960406636
2020-01-28 00:44:00,M62/2328B,26.0,101.38842,0.007419297306937757
2020-01-28 00:59:00,M62/2328B,21.0,93.34172,0.006509104998062767
2020-01-28 01:14:00,M62/2328B,21.0,93.34172,0.006509104998062767
2020-01-28 01:29:00,M62/2328B,36.0,94.95106,0.010969339173490765
2020-01-28 01:44:00,M62/2328B,14.0,94.95106,0.004265854123024187
2020-01-28 01:59:00,M62/2328B,24.0,90.12304,0.007704654895666132
2020-01-28 02:14:00,M62/2328B,32.0,93.34172,0.009918636187524216
2020-01-28 02:29:00,M62/2328B,25.0,98.16974,0.007367839381101493
2020-01-28 02:44:00,M62/2328B,22.0,91.73238,0.006938695052237335
2020-01-28 02:59:00,M62/2328B,31.0,91.73238,0.009777252119061698
2020-01-28 03:14:00,M62/2328B,29.0,93.34172,0.008988764044943821
2020-01-28 03:29:00,M62/2328B,37.0,91.73238,0.01166962349694461
2020-01-28 03:44:00,M62/2328B,37.0,98.16974,0.01090440228403021
2020-01-28 03:59:00,M62/2328B,46.0,98.16974,0.013556824461226745
2020-01-28 04:14:00,M62/2328B,63.0,96.5604,0.01887640449438202
2020-01-28 04:29:00,M62/2328B,72.0,96.5604,0.02157303370786517
2020-01-28 04:44:00,M62/2328B,90.0,98.16974,0.02652422177196537
2020-01-28 04:59:00,M62/2328B,107.0,94.95106,0.03260331365454199
2020-01-28 05:14:00,M62/2328B,145.0,96.5604,0.04344569288389513
2020-01-28 05:29:00,M62/2328B,225.0,98.16974,0.06631055442991343
2020-01-28 05:44:00,M62/2328B,282.0,99.77908,0.08176875679594056
2020-01-28 05:59:00,M62/2328B,303.0,99.77908,0.08785791953606381
2020-01-28 06:14:00,M62/2328B,436.0,101.38842,0.12441590868557163
2020-01-28 06:29:00,M62/2328B,547.0,102.99776,0.15365168539325844
2020-01-28 06:44:00,M62/2328B,686.0,99.77908,0.1989126495106923
2020-01-28 06:59:00,M62/2328B,789.0,101.38842,0.22514713750668808
2020-01-28 07:14:00,M62/2328B,838.0,98.16974,0.24696997605452203
2020-01-28 07:29:00,M62/2328B,817.0,98.16974,0.24078099097439676
2020-01-28 07:44:00,M62/2328B,795.0,98.16974,0.23429729231902746
2020-01-28 07:59:00,M62/2328B,837.0,99.77908,0.2426966292134832
2020-01-28 08:14:00,M62/2328B,790.0,101.38842,0.22543249509541646
2020-01-28 08:29:00,M62/2328B,742.0,102.99776,0.20842696629213484
2020-01-28 08:44:00,M62/2328B,726.0,99.77908,0.21051105472997467
2020-01-28 08:59:00,M62/2328B,630.0,101.38842,0.17977528089887643
2020-01-28 09:14:00,M62/2328B,626.0,101.38842,0.1786338505439629
2020-01-28 09:29:00,M62/2328B,600.0,101.38842,0.17121455323702517
2020-01-28 09:44:00,M62/2328B,542.0,99.77908,0.15715839072127583
2020-01-28 09:59:00,M62/2328B,475.0,101.38842,0.13554485464597826
2020-01-28 10:14:00,M62/2328B,411.0,98.16974,0.12112727942530854
2020-01-28 10:29:00,M62/2328B,494.0,98.16974,0.14558850617056548
2020-01-28 10:44:00,M62/2328B,445.0,98.16974,0.13114754098360656
2020-01-28 10:59:00,M62/2328B,435.0,99.77908,0.12613265675969557
2020-01-28 11:14:00,M62/2328B,408.0,98.16974,0.12024313869957635
2020-01-28 11:29:00,M62/2328B,439.0,99.77908,0.12729249728162378
2020-01-28 11:44:00,M62/2328B,455.0,98.16974,0.13409467673604716
2020-01-28 11:59:00,M62/2328B,383.0,99.77908,0.11105472997462851
2020-01-28 12:14:00,M62/2328B,458.0,98.16974,0.13497881746177934
2020-01-28 12:29:00,M62/2328B,448.0,96.5604,0.13423220973782773
2020-01-28 12:44:00,M62/2328B,459.0,99.77908,0.13309169989126496
2020-01-28 12:59:00,M62/2328B,471.0,98.16974,0.1388100939399521
2020-01-28 13:14:00,M62/2328B,508.0,99.77908,0.14729974628488585
2020-01-28 13:29:00,M62/2328B,492.0,99.77908,0.14266038419717292
2020-01-28 13:44:00,M62/2328B,470.0,98.16974,0.13851538036470806
2020-01-28 13:59:00,M62/2328B,496.0,98.16974,0.1461779333210536
2020-01-28 14:14:00,M62/2328B,521.0,101.38842,0.14867130372748352
2020-01-28 14:29:00,M62/2328B,553.0,99.77908,0.1603479521565785
2020-01-28 14:44:00,M62/2328B,558.0,99.77908,0.16179775280898878
2020-01-28 14:59:00,M62/2328B,550.0,101.38842,0.1569466738006064
2020-01-28 15:14:00,M62/2328B,576.0,99.77908,0.16701703515766586
2020-01-28 15:29:00,M62/2328B,566.0,101.38842,0.16151239522026042
2020-01-28 15:44:00,M62/2328B,610.0,101.38842,0.1740681291243089
2020-01-28 15:59:00,M62/2328B,638.0,101.38842,0.18205814160870343
2020-01-28 16:14:00,M62/2328B,606.0,102.99776,0.1702247191011236
2020-01-28 16:29:00,M62/2328B,675.0,101.38842,0.19261637239165333
2020-01-28 16:44:00,M62/2328B,706.0,102.99776,0.19831460674157306
2020-01-28 16:59:00,M62/2328B,617.0,101.38842,0.17606563224540756
2020-01-28 17:14:00,M62/2328B,631.0,99.77908,0.1829648423341791
2020-01-28 17:29:00,M62/2328B,682.0,99.77908,0.19775280898876407
2020-01-28 17:44:00,M62/2328B,631.0,99.77908,0.1829648423341791
2020-01-28 17:59:00,M62/2328B,593.0,99.77908,0.17194635737586086
2020-01-28 18:14:00,M62/2328B,555.0,102.99776,0.15589887640449437
2020-01-28 18:29:00,M62/2328B,500.0,101.38842,0.14267879436418765
2020-01-28 18:44:00,M62/2328B,388.0,104.6071,0.10731201382886778
2020-01-28 18:59:00,M62/2328B,321.0,104.6071,0.08878133102852205
2020-01-28 19:14:00,M62/2328B,242.0,102.99776,0.06797752808988763
2020-01-28 19:29:00,M62/2328B,218.0,102.99776,0.061235955056179785
2020-01-28 19:44:00,M62/2328B,167.0,99.77908,0.04842334179050382
2020-01-28 19:59:00,M62/2328B,169.0,102.99776,0.04747191011235956
2020-01-28 20:14:00,M62/2328B,130.0,101.38842,0.03709648653468879
2020-01-28 20:29:00,M62/2328B,159.0,101.38842,0.04537185660781167
2020-01-28 20:44:00,M62/2328B,119.0,104.6071,0.032912705272255836
2020-01-28 20:59:00,M62/2328B,109.0,102.99776,0.030617977528089892
2020-01-28 21:14:00,M62/2328B,96.0,101.38842,0.027394328517924026
2020-01-28 21:29:00,M62/2328B,94.0,99.77908,0.027256252265313526
2020-01-28 21:44:00,M62/2328B,89.0,102.99776,0.025
2020-01-28 21:59:00,M62/2328B,54.0,98.16974,0.015914533063179224
2020-01-28 22:14:00,M62/2328B,101.0,102.99776,0.028370786516853933
2020-01-28 22:29:00,M62/2328B,70.0,102.99776,0.01966292134831461
2020-01-28 22:44:00,M62/2328B,77.0,109.43512,0.020356906807666886
2020-01-28 22:59:00,M62/2328B,200.0,111.04446,0.05210877707213809
2020-01-28 23:14:00,M62/2328B,163.0,106.21644,0.04439904664623766
2020-01-28 23:29:00,M62/2328B,89.0,107.82578,0.023880597014925377
2020-01-28 23:44:00,M62/2328B,78.0,98.16974,0.022987658869036656
2020-01-28 23:59:00,M62/2328B,83.0,90.12304,0.026645264847512038
2020-01-29 00:14:00,M62/2328B,49.0,96.5604,0.014681647940074906
2020-01-29 00:29:00,M62/2328B,36.0,96.5604,0.010786516853932586
2020-01-29 00:44:00,M62/2328B,25.0,96.5604,0.00749063670411985
2020-01-29 00:59:00,M62/2328B,27.0,93.34172,0.008368849283223559
2020-01-29 01:14:00,M62/2328B,26.0,90.12304,0.008346709470304976
2020-01-29 01:29:00,M62/2328B,31.0,91.73238,0.009777252119061698
2020-01-29 01:44:00,M62/2328B,32.0,94.95106,0.009750523709769568
2020-01-29 01:59:00,M62/2328B,23.0,86.90436,0.007657095297544736
2020-01-29 02:14:00,M62/2328B,18.0,93.34172,0.0055792328554823715
2020-01-29 02:29:00,M62/2328B,30.0,90.12304,0.009630818619582666
2020-01-29 02:44:00,M62/2328B,29.0,96.5604,0.008689138576779026
2020-01-29 02:59:00,M62/2328B,35.0,93.34172,0.010848508330104614
2020-01-29 03:14:00,M62/2328B,30.0,93.34172,0.009298721425803952
2020-01-29 03:29:00,M62/2328B,37.0,96.5604,0.011086142322097379
2020-01-29 03:44:00,M62/2328B,28.0,94.95106,0.008531708246048373
2020-01-29 03:59:00,M62/2328B,62.0,94.95106,0.01889163968767854
2020-01-29 04:14:00,M62/2328B,55.0,99.77908,0.015947807176513232
2020-01-29 04:29:00,M62/2328B,72.0,96.5604,0.02157303370786517
2020-01-29 04:44:00,M62/2328B,94.0,96.5604,0.02816479400749064
2020-01-29 04:59:00,M62/2328B,107.0,96.5604,0.032059925093632965
2020-01-29 05:14:00,M62/2328B,145.0,96.5604,0.04344569288389513
2020-01-29 05:29:00,M62/2328B,263.0,96.5604,0.07880149812734083
2020-01-29 05:44:00,M62/2328B,256.0,98.16974,0.07544667526247928
2020-01-29 05:59:00,M62/2328B,337.0,98.16974,0.09931847485724811
2020-01-29 06:14:00,M62/2328B,388.0,99.77908,0.11250453062703879
2020-01-29 06:29:00,M62/2328B,489.0,99.77908,0.14179050380572672
2020-01-29 06:44:00,M62/2328B,665.0,99.77908,0.19282348677056907
2020-01-29 06:59:00,M62/2328B,745.0,99.77908,0.2160202972091338
2020-01-29 07:14:00,M62/2328B,830.0,99.77908,0.24066690830010876
2020-01-29 07:29:00,M62/2328B,798.0,99.77908,0.2313881841246829
2020-01-29 07:44:00,M62/2328B,797.0,98.16974,0.2348867194695156
2020-01-29 07:59:00,M62/2328B,875.0,99.77908,0.2537151141718014
2020-01-29 08:14:00,M62/2328B,760.0,101.38842,0.2168717674335652
2020-01-29 08:29:00,M62/2328B,796.0,99.77908,0.23080826386371878
2020-01-29 08:44:00,M62/2328B,700.0,99.77908,0.20297209133744112
2020-01-29 08:59:00,M62/2328B,641.0,101.38842,0.18291421437488856
2020-01-29 09:14:00,M62/2328B,638.0,99.77908,0.1849945632475535
2020-01-29 09:29:00,M62/2328B,665.0,99.77908,0.19282348677056907
2020-01-29 09:44:00,M62/2328B,573.0,101.38842,0.163509898341359
2020-01-29 09:59:00,M62/2328B,580.0,98.16974,0.17093387364155463
2020-01-29 10:14:00,M62/2328B,532.0,99.77908,0.15425878941645527
2020-01-29 10:29:00,M62/2328B,530.0,98.16974,0.15619819487935163
2020-01-29 10:44:00,M62/2328B,439.0,99.77908,0.12729249728162378
2020-01-29 10:59:00,M62/2328B,457.0,98.16974,0.1346841038865353
2020-01-29 11:14:00,M62/2328B,498.0,99.77908,0.14440014498006526
2020-01-29 11:29:00,M62/2328B,461.0,99.77908,0.13367162015222908
2020-01-29 11:44:00,M62/2328B,473.0,98.16974,0.13939952109044024
2020-01-29 11:59:00,M62/2328B,481.0,99.77908,0.13947082276187026
2020-01-29 12:14:00,M62/2328B,457.0,99.77908,0.13251177963030086
2020-01-29 12:29:00,M62/2328B,504.0,99.77908,0.1461399057629576
2020-01-29 12:44:00,M62/2328B,519.0,99.77908,0.15048930772018848
2020-01-29 12:59:00,M62/2328B,523.0,99.77908,0.15164914824211673
2020-01-29 13:14:00,M62/2328B,512.0,99.77908,0.14845958680681406
2020-01-29 13:29:00,M62/2328B,514.0,101.38842,0.14667380060638488
2020-01-29 13:44:00,M62/2328B,550.0,99.77908,0.15947807176513232
2020-01-29 13:59:00,M62/2328B,504.0,99.77908,0.1461399057629576
2020-01-29 14:14:00,M62/2328B,585.0,101.38842,0.16693418940609953
2020-01-29 14:29:00,M62/2328B,540.0,101.38842,0.15409309791332265
2020-01-29 14:44:00,M62/2328B,544.0,99.77908,0.15773831098223995
2020-01-29 14:59:00,M62/2328B,593.0,102.99776,0.1665730337078652
2020-01-29 15:14:00,M62/2328B,577.0,102.99776,0.16207865168539326
2020-01-29 15:29:00,M62/2328B,630.0,102.99776,0.17696629213483148
2020-01-29 15:44:00,M62/2328B,619.0,101.38842,0.1766363474228643
2020-01-29 15:59:00,M62/2328B,659.0,102.99776,0.1851123595505618
2020-01-29 16:14:00,M62/2328B,656.0,102.99776,0.18426966292134833
2020-01-29 16:29:00,M62/2328B,623.0,104.6071,0.1723076923076923
2020-01-29 16:44:00,M62/2328B,673.0,101.38842,0.19204565721419656
2020-01-29 16:59:00,M62/2328B,584.0,102.99776,0.16404494382022472
2020-01-29 17:14:00,M62/2328B,650.0,99.77908,0.1884740848133382
2020-01-29 17:29:00,M62/2328B,664.0,99.77908,0.19253352664008702
2020-01-29 17:44:00,M62/2328B,616.0,101.38842,0.17578027465667917
2020-01-29 17:59:00,M62/2328B,489.0,104.6071,0.13524632670700085
2020-01-29 18:14:00,M62/2328B,476.0,101.38842,0.13583021223470662
2020-01-29 18:29:00,M62/2328B,466.0,101.38842,0.13297663634742288
2020-01-29 18:44:00,M62/2328B,389.0,96.5604,0.11655430711610487
2020-01-29 18:59:00,M62/2328B,325.0,102.99776,0.09129213483146069
2020-01-29 19:14:00,M62/2328B,245.0,104.6071,0.06776145203111496
2020-01-29 19:29:00,M62/2328B,235.0,102.99776,0.06601123595505619
2020-01-29 19:44:00,M62/2328B,176.0,101.38842,0.05022293561619405
2020-01-29 19:59:00,M62/2328B,171.0,101.38842,0.04879614767255217
2020-01-29 20:14:00,M62/2328B,137.0,102.99776,0.038483146067415736
2020-01-29 20:29:00,M62/2328B,143.0,102.99776,0.0401685393258427
2020-01-29 20:44:00,M62/2328B,124.0,101.38842,0.035384341002318534
2020-01-29 20:59:00,M62/2328B,129.0,101.38842,0.03681112894596041
2020-01-29 21:14:00,M62/2328B,102.0,99.77908,0.029575933309169994
2020-01-29 21:29:00,M62/2328B,107.0,99.77908,0.031025733961580284
2020-01-29 21:44:00,M62/2328B,89.0,101.38842,0.0253968253968254
2020-01-29 21:59:00,M62/2328B,69.0,102.99776,0.019382022471910114
2020-01-29 22:14:00,M62/2328B,104.0,102.99776,0.029213483146067417
2020-01-29 22:29:00,M62/2328B,98.0,99.77908,0.02841609278724176
2020-01-29 22:44:00,M62/2328B,60.0,99.77908,0.017397607828923526
2020-01-29 22:59:00,M62/2328B,70.0,102.99776,0.01966292134831461
2020-01-29 23:14:00,M62/2328B,50.0,104.6071,0.013828867761452032
2020-01-29 23:29:00,M62/2328B,46.0,101.38842,0.013126449081505263
2020-01-29 23:44:00,M62/2328B,44.0,94.95106,0.013406970100933157
2020-01-29 23:59:00,M62/2328B,79.0,99.77908,0.022906850308082642
2020-01-30 00:14:00,M62/2328B,49.0,102.99776,0.013764044943820226
2020-01-30 00:29:00,M62/2328B,31.0,93.34172,0.009608678806664085
2020-01-30 00:44:00,M62/2328B,34.0,98.16974,0.010020261558298028
2020-01-30 00:59:00,M62/2328B,35.0,91.73238,0.011038833037650306
2020-01-30 01:14:00,M62/2328B,21.0,94.95106,0.00639878118453628
2020-01-30 01:29:00,M62/2328B,18.0,93.34172,0.0055792328554823715
2020-01-30 01:44:00,M62/2328B,34.0,93.34172,0.01053855094924448
2020-01-30 01:59:00,M62/2328B,27.0,91.73238,0.008515671200473092
2020-01-30 02:14:00,M62/2328B,26.0,91.73238,0.008200275970825942
2020-01-30 02:29:00,M62/2328B,30.0,98.16974,0.008841407257321791
2020-01-30 02:44:00,M62/2328B,23.0,86.90436,0.007657095297544736
2020-01-30 02:59:00,M62/2328B,33.0,93.34172,0.010228593568384348
2020-01-30 03:14:00,M62/2328B,42.0,91.73238,0.013246599645180367
2020-01-30 03:29:00,M62/2328B,32.0,96.5604,0.009588014981273409
2020-01-30 03:44:00,M62/2328B,33.0,96.5604,0.009887640449438203
2020-01-30 03:59:00,M62/2328B,47.0,99.77908,0.013628126132656763
2020-01-30 04:14:00,M62/2328B,48.0,94.95106,0.014625785564654353
2020-01-30 04:29:00,M62/2328B,92.0,96.5604,0.02756554307116105
2020-01-30 04:44:00,M62/2328B,92.0,99.77908,0.026676332004349407
2020-01-30 04:59:00,M62/2328B,114.0,96.5604,0.03415730337078651
2020-01-30 05:14:00,M62/2328B,160.0,94.95106,0.04875261854884785
2020-01-30 05:29:00,M62/2328B,268.0,96.5604,0.0802996254681648
2020-01-30 05:44:00,M62/2328B,293.0,99.77908,0.08495831823124322
2020-01-30 05:59:00,M62/2328B,286.0,102.99776,0.0803370786516854
2020-01-30 06:14:00,M62/2328B,378.0,101.38842,0.10786516853932585
2020-01-30 06:29:00,M62/2328B,522.0,102.99776,0.1466292134831461
2020-01-30 06:44:00,M62/2328B,621.0,101.38842,0.17720706260032104
2020-01-30 06:59:00,M62/2328B,779.0,102.99776,0.21882022471910115
2020-01-30 07:14:00,M62/2328B,810.0,99.77908,0.23486770569046758
2020-01-30 07:29:00,M62/2328B,860.0,98.16974,0.25345367470989133
2020-01-30 07:44:00,M62/2328B,806.0,99.77908,0.23370786516853936
2020-01-30 07:59:00,M62/2328B,823.0,101.38842,0.23484929552345282
2020-01-30 08:14:00,M62/2328B,641.0,104.6071,0.17728608470181506
2020-01-30 08:29:00,M62/2328B,834.0,102.99776,0.23426966292134835
2020-01-30 08:44:00,M62/2328B,803.0,101.38842,0.22914214374888536
2020-01-30 08:59:00,M62/2328B,680.0,101.38842,0.1940431603352952
2020-01-30 09:14:00,M62/2328B,597.0,101.38842,0.17035848047084004
2020-01-30 09:29:00,M62/2328B,570.0,101.38842,0.1626538255751739
2020-01-30 09:44:00,M62/2328B,553.0,101.38842,0.15780274656679155
2020-01-30 09:59:00,M62/2328B,530.0,101.38842,0.15123952202603888
2020-01-30 10:14:00,M62/2328B,485.0,99.77908,0.1406306632837985
2020-01-30 10:29:00,M62/2328B,524.0,98.16974,0.15442991342788728
2020-01-30 10:44:00,M62/2328B,497.0,99.77908,0.14411018484958318
2020-01-30 10:59:00,M62/2328B,511.0,99.77908,0.14816962667633202
2020-01-30 11:14:00,M62/2328B,465.0,99.77908,0.13483146067415733
2020-01-30 11:29:00,M62/2328B,456.0,99.77908,0.1322218194998188
2020-01-30 11:44:00,M62/2328B,460.0,99.77908,0.13338166002174703
2020-01-30 11:59:00,M62/2328B,459.0,98.16974,0.1352735310370234
2020-01-30 12:14:00,M62/2328B,498.0,99.77908,0.14440014498006526
2020-01-30 12:29:00,M62/2328B,490.0,99.77908,0.1420804639362088
2020-01-30 12:44:00,M62/2328B,511.0,99.77908,0.14816962667633202
2020-01-30 12:59:00,M62/2328B,549.0,99.77908,0.15918811163465024
2020-01-30 13:14:00,M62/2328B,520.0,101.38842,0.14838594613875516
2020-01-30 13:29:00,M62/2328B,543.0,99.77908,0.1574483508517579
2020-01-30 13:44:00,M62/2328B,542.0,101.38842,0.1546638130907794
2020-01-30 13:59:00,M62/2328B,550.0,99.77908,0.15947807176513232
2020-01-30 14:14:00,M62/2328B,582.0,101.38842,0.16607811663991442
2020-01-30 14:29:00,M62/2328B,589.0,99.77908,0.17078651685393262
2020-01-30 14:44:00,M62/2328B,536.0,101.38842,0.15295166755840917
2020-01-30 14:59:00,M62/2328B,653.0,99.77908,0.1893439652047844
2020-01-30 15:14:00,M62/2328B,637.0,101.38842,0.18177278401997507
2020-01-30 15:29:00,M62/2328B,645.0,102.99776,0.18117977528089887
2020-01-30 15:44:00,M62/2328B,637.0,101.38842,0.18177278401997507
2020-01-30 15:59:00,M62/2328B,656.0,101.38842,0.18719457820581417
2020-01-30 16:14:00,M62/2328B,620.0,102.99776,0.17415730337078653
2020-01-30 16:29:00,M62/2328B,632.0,102.99776,0.17752808988764046
2020-01-30 16:44:00,M62/2328B,666.0,101.38842,0.19004815409309794
2020-01-30 16:59:00,M62/2328B,651.0,101.38842,0.1857677902621723
2020-01-30 17:14:00,M62/2328B,577.0,99.77908,0.1673069952881479
2020-01-30 17:29:00,M62/2328B,666.0,101.38842,0.19004815409309794
2020-01-30 17:44:00,M62/2328B,610.0,101.38842,0.1740681291243089
2020-01-30 17:59:00,M62/2328B,507.0,102.99776,0.1424157303370787
2020-01-30 18:14:00,M62/2328B,480.0,99.77908,0.1391808626313882
2020-01-30 18:29:00,M62/2328B,459.0,99.77908,0.13309169989126496
2020-01-30 18:44:00,M62/2328B,390.0,101.38842,0.11128945960406636
2020-01-30 18:59:00,M62/2328B,358.0,101.38842,0.10215801676475836
2020-01-30 19:14:00,M62/2328B,281.0,101.38842,0.08018548243267345
2020-01-30 19:29:00,M62/2328B,214.0,102.99776,0.0601123595505618
2020-01-30 19:44:00,M62/2328B,244.0,101.38842,0.06962725164972357
2020-01-30 19:59:00,M62/2328B,161.0,102.99776,0.0452247191011236
2020-01-30 20:14:00,M62/2328B,170.0,102.99776,0.04775280898876405
2020-01-30 20:29:00,M62/2328B,155.0,101.38842,0.04423042625289817
2020-01-30 20:44:00,M62/2328B,116.0,99.77908,0.03363537513591882
2020-01-30 20:59:00,M62/2328B,115.0,104.6071,0.031806395851339674
2020-01-30 21:14:00,M62/2328B,123.0,102.99776,0.034550561797752816
2020-01-30 21:29:00,M62/2328B,102.0,104.6071,0.028210890233362144
2020-01-30 21:44:00,M62/2328B,79.0,102.99776,0.022191011235955058
2020-01-30 21:59:00,M62/2328B,84.0,101.38842,0.02397003745318352
2020-01-30 22:14:00,M62/2328B,107.0,101.38842,0.03053326199393615
2020-01-30 22:29:00,M62/2328B,81.0,98.16974,0.023871799594768834
2020-01-30 22:44:00,M62/2328B,76.0,99.77908,0.022036969916636468
2020-01-30 22:59:00,M62/2328B,58.0,109.43512,0.015333773959021814
2020-01-30 23:14:00,M62/2328B,47.0,101.38842,0.013411806670233638
2020-01-30 23:29:00,M62/2328B,42.0,102.99776,0.011797752808988766
2020-01-30 23:44:00,M62/2328B,45.0,101.38842,0.012841091492776888
2020-01-30 23:59:00,M62/2328B,91.0,106.21644,0.024787197820905688
2020-01-31 00:14:00,M62/2328B,50.0,99.77908,0.014498006524102937
2020-01-31 00:29:00,M62/2328B,48.0,101.38842,0.013697164258962013
2020-01-31 00:44:00,M62/2328B,30.0,94.95106,0.00914111597790897
2020-01-31 00:59:00,M62/2328B,27.0,94.95106,0.008227004380118074
2020-01-31 01:14:00,M62/2328B,29.0,90.12304,0.009309791332263243
2020-01-31 01:29:00,M62/2328B,35.0,96.5604,0.010486891385767791
2020-01-31 01:44:00,M62/2328B,34.0,93.34172,0.01053855094924448
2020-01-31 01:59:00,M62/2328B,40.0,96.5604,0.01198501872659176
2020-01-31 02:14:00,M62/2328B,25.0,94.95106,0.007617596648257475
2020-01-31 02:29:00,M62/2328B,32.0,99.77908,0.009278724175425879
2020-01-31 02:44:00,M62/2328B,23.0,98.16974,0.006778412230613372
2020-01-31 02:59:00,M62/2328B,39.0,93.34172,0.012088337853545138
2020-01-31 03:14:00,M62/2328B,30.0,99.77908,0.008698803914461763
2020-01-31 03:29:00,M62/2328B,52.0,99.77908,0.015077926785067055
2020-01-31 03:44:00,M62/2328B,41.0,96.5604,0.012284644194756555
2020-01-31 03:59:00,M62/2328B,55.0,96.5604,0.01647940074906367
2020-01-31 04:14:00,M62/2328B,59.0,99.77908,0.017107647698441468
2020-01-31 04:29:00,M62/2328B,80.0,99.77908,0.0231968104385647
2020-01-31 04:44:00,M62/2328B,80.0,98.16974,0.023577086019524775
2020-01-31 04:59:00,M62/2328B,118.0,96.5604,0.03535580524344569
2020-01-31 05:14:00,M62/2328B,137.0,96.5604,0.04104868913857678
2020-01-31 05:29:00,M62/2328B,250.0,99.77908,0.07249003262051469
2020-01-31 05:44:00,M62/2328B,273.0,99.77908,0.07915911562160205
2020-01-31 05:59:00,M62/2328B,266.0,99.77908,0.07712939470822763
2020-01-31 06:14:00,M62/2328B,339.0,101.38842,0.09673622257891923
2020-01-31 06:29:00,M62/2328B,477.0,101.38842,0.136115569823435
2020-01-31 06:44:00,M62/2328B,585.0,101.38842,0.16693418940609953
2020-01-31 06:59:00,M62/2328B,656.0,102.99776,0.18426966292134833
2020-01-31 07:14:00,M62/2328B,752.0,99.77908,0.2180500181225082
2020-01-31 07:29:00,M62/2328B,725.0,101.38842,0.20688425182807207
2020-01-31 07:44:00,M62/2328B,723.0,99.77908,0.20964117433852847
2020-01-31 07:59:00,M62/2328B,749.0,101.38842,0.2137328339575531
2020-01-31 08:14:00,M62/2328B,706.0,102.99776,0.19831460674157306
2020-01-31 08:29:00,M62/2328B,717.0,101.38842,0.20460139111824507
2020-01-31 08:44:00,M62/2328B,544.0,101.38842,0.15523452826823614
2020-01-31 08:59:00,M62/2328B,645.0,99.77908,0.1870242841609279
2020-01-31 09:14:00,M62/2328B,552.0,102.99776,0.1550561797752809
2020-01-31 09:29:00,M62/2328B,585.0,99.77908,0.16962667633200437
2020-01-31 09:44:00,M62/2328B,526.0,101.38842,0.1500980916711254
2020-01-31 09:59:00,M62/2328B,528.0,102.99776,0.14831460674157304
2020-01-31 10:14:00,M62/2328B,549.0,101.38842,0.15666131621187804
2020-01-31 10:29:00,M62/2328B,543.0,99.77908,0.1574483508517579
2020-01-31 10:44:00,M62/2328B,563.0,98.16974,0.1659237428624056
2020-01-31 10:59:00,M62/2328B,521.0,99.77908,0.1510692279811526
2020-01-31 11:14:00,M62/2328B,559.0,99.77908,0.16208771293947086
2020-01-31 11:29:00,M62/2328B,525.0,101.38842,0.14981273408239704
2020-01-31 11:44:00,M62/2328B,517.0,101.38842,0.14752987337257
2020-01-31 11:59:00,M62/2328B,499.0,101.38842,0.14239343677545926
2020-01-31 12:14:00,M62/2328B,532.0,101.38842,0.15181023720349565
2020-01-31 12:29:00,M62/2328B,626.0,101.38842,0.1786338505439629
2020-01-31 12:44:00,M62/2328B,578.0,102.99776,0.16235955056179777
2020-01-31 12:59:00,M62/2328B,607.0,101.38842,0.1732120563581238
2020-01-31 13:14:00,M62/2328B,594.0,101.38842,0.1695024077046549
2020-01-31 13:29:00,M62/2328B,613.0,102.99776,0.17219101123595507
2020-01-31 13:44:00,M62/2328B,644.0,101.38842,0.18377028714107366
2020-01-31 13:59:00,M62/2328B,617.0,99.77908,0.17890540050743026
2020-01-31 14:14:00,M62/2328B,756.0,99.77908,0.21920985864443643
2020-01-31 14:29:00,M62/2328B,686.0,101.38842,0.19575530586766546
2020-01-31 14:44:00,M62/2328B,655.0,101.38842,0.18690922061708581
2020-01-31 14:59:00,M62/2328B,699.0,102.99776,0.1963483146067416
2020-01-31 15:14:00,M62/2328B,617.0,102.99776,0.17331460674157306
2020-01-31 15:29:00,M62/2328B,653.0,102.99776,0.18342696629213487
2020-01-31 15:44:00,M62/2328B,677.0,104.6071,0.18724286949006053
2020-01-31 15:59:00,M62/2328B,664.0,102.99776,0.1865168539325843
2020-01-31 16:14:00,M62/2328B,651.0,104.6071,0.18005185825410547
2020-01-31 16:29:00,M62/2328B,673.0,104.6071,0.18613656006914434
2020-01-31 16:44:00,M62/2328B,696.0,104.6071,0.1924978392394123
2020-01-31 16:59:00,M62/2328B,625.0,104.6071,0.1728608470181504
2020-01-31 17:14:00,M62/2328B,575.0,102.99776,0.1615168539325843
2020-01-31 17:29:00,M62/2328B,628.0,101.38842,0.17920456572141968
2020-01-31 17:44:00,M62/2328B,652.0,91.73238,0.20563768972994284
2020-01-31 17:59:00,M62/2328B,551.0,101.38842,0.15723203138933478
2020-01-31 18:14:00,M62/2328B,481.0,102.99776,0.13511235955056183
2020-01-31 18:29:00,M62/2328B,408.0,102.99776,0.11460674157303372
2020-01-31 18:44:00,M62/2328B,360.0,104.6071,0.09956784788245462
2020-01-31 18:59:00,M62/2328B,315.0,107.82578,0.08452121415394936
2020-01-31 19:14:00,M62/2328B,306.0,106.21644,0.08335035750766087
2020-01-31 19:29:00,M62/2328B,294.0,104.6071,0.08131374243733794
2020-01-31 19:44:00,M62/2328B,217.0,104.6071,0.060017286084701825
2020-01-31 19:59:00,M62/2328B,224.0,104.6071,0.0619533275713051
2020-01-31 20:14:00,M62/2328B,172.0,106.21644,0.04685052774940415
2020-01-31 20:29:00,M62/2328B,151.0,101.38842,0.04308899589798467
2020-01-31 20:44:00,M62/2328B,133.0,102.99776,0.03735955056179775
2020-01-31 20:59:00,M62/2328B,127.0,102.99776,0.03567415730337079
2020-01-31 21:14:00,M62/2328B,95.0,102.99776,0.02668539325842697
2020-01-31 21:29:00,M62/2328B,94.0,104.6071,0.02599827139152982
2020-01-31 21:44:00,M62/2328B,106.0,102.99776,0.02977528089887641
2020-01-31 21:59:00,M62/2328B,68.0,102.99776,0.019101123595505618
2020-01-31 22:14:00,M62/2328B,161.0,109.43512,0.04256444150693986
2020-01-31 22:29:00,M62/2328B,186.0,107.82578,0.04990776454804629
2020-01-31 22:44:00,M62/2328B,135.0,107.82578,0.03622337749454973
2020-01-31 22:59:00,M62/2328B,127.0,106.21644,0.03459312223357167
2020-01-31 23:14:00,M62/2328B,88.0,104.6071,0.024338807260155578
2020-01-31 23:29:00,M62/2328B,70.0,102.99776,0.01966292134831461
2020-01-31 23:44:00,M62/2328B,65.0,104.6071,0.017977528089887642
2020-01-31 23:59:00,M62/2328B,95.0,106.21644,0.025876744977868574
