timestamp,intersection_id,volume,avg_speed_kph,occupancy
2020-01-01 00:14:00,M60/9462B,89.0,117.48182,0.01606824490532825
2020-01-01 00:29:00,M60/9462B,131.0,112.6538,0.02466462697105201
2020-01-01 00:44:00,M60/9462B,170.0,114.26313999999999,0.031556720885444464
2020-01-01 00:59:00,M60/9462B,199.0,112.6538,0.03746763944457519
2020-01-01 01:14:00,M60/9462B,190.0,111.04446,0.03629157414702863
2020-01-01 01:29:00,M60/9462B,168.0,111.04446,0.03208939187737268
2020-01-01 01:44:00,M60/9462B,128.0,111.04446,0.024449060477998233
2020-01-01 01:59:00,M60/9462B,138.0,114.26313999999999,0.02561663224818433
2020-01-01 02:14:00,M60/9462B,114.0,109.43512,0.022095164260102725
2020-01-01 02:29:00,M60/9462B,91.0,114.26313999999999,0.01689212706220851
2020-01-01 02:44:00,M60/9462B,78.0,112.6538,0.014685808425511884
2020-01-01 02:59:00,M60/9462B,68.0,111.04446,0.012988563378936563
2020-01-01 03:14:00,M60/9462B,68.0,111.04446,0.012988563378936563
2020-01-01 03:29:00,M60/9462B,65.0,112.6538,0.012238173687926571
2020-01-01 03:44:00,M60/9462B,59.0,112.6538,0.01110849611673335
2020-01-01 03:59:00,M60/9462B,68.0,109.43512,0.013179571663920923
2020-01-01 04:14:00,M60/9462B,64.0,109.43512,0.01240430274251381
2020-01-01 04:29:00,M60/9462B,72.0,109.43512,0.013954840585328036
2020-01-01 04:44:00,M60/9462B,75.0,111.04446,0.014325621373827091
2020-01-01 04:59:00,M60/9462B,69.0,109.43512,0.013373388894272701
2020-01-01 05:14:00,M60/9462B,72.0,107.82578,0.014163121788094129
2020-01-01 05:29:00,M60/9462B,82.0,109.43512,0.01589301288884582
2020-01-01 05:44:00,M60/9462B,79.0,106.21644,0.01577554790075383
2020-01-01 05:59:00,M60/9462B,65.0,107.82578,0.012786151614251642
2020-01-01 06:14:00,M60/9462B,72.0,111.04446,0.013752596518874007
2020-01-01 06:29:00,M60/9462B,76.0,112.6538,0.014309249235114143
2020-01-01 06:44:00,M60/9462B,82.0,111.04446,0.015662679368717618
2020-01-01 06:59:00,M60/9462B,88.0,111.04446,0.016808729078623786
2020-01-01 07:14:00,M60/9462B,108.0,111.04446,0.02062889477831101
2020-01-01 07:29:00,M60/9462B,76.0,109.43512,0.014730109506735149
2020-01-01 07:44:00,M60/9462B,104.0,111.04446,0.019864861638373567
2020-01-01 07:59:00,M60/9462B,117.0,112.6538,0.02202871263826783
2020-01-01 08:14:00,M60/9462B,137.0,111.04446,0.026168135042857484
2020-01-01 08:29:00,M60/9462B,152.0,112.6538,0.028618498470228286
2020-01-01 08:44:00,M60/9462B,139.0,114.26313999999999,0.02580226001809871
2020-01-01 08:59:00,M60/9462B,106.0,111.04446,0.020246878208342287
2020-01-01 09:14:00,M60/9462B,109.0,112.6538,0.02052247587667687
2020-01-01 09:29:00,M60/9462B,111.0,112.6538,0.020899035067074606
2020-01-01 09:44:00,M60/9462B,142.0,112.6538,0.026735702518239587
2020-01-01 09:59:00,M60/9462B,143.0,112.6538,0.02692398211343846
2020-01-01 10:14:00,M60/9462B,174.0,112.6538,0.032760649564603436
2020-01-01 10:29:00,M60/9462B,171.0,112.6538,0.03219581077900682
2020-01-01 10:44:00,M60/9462B,216.0,114.26313999999999,0.04009559830150591
2020-01-01 10:59:00,M60/9462B,271.0,112.6538,0.05102377029889386
2020-01-01 11:14:00,M60/9462B,283.0,114.26313999999999,0.052532658885769315
2020-01-01 11:29:00,M60/9462B,329.0,112.6538,0.061943986820428336
2020-01-01 11:44:00,M60/9462B,343.0,112.6538,0.06457990115321252
2020-01-01 11:59:00,M60/9462B,338.0,114.26313999999999,0.06274218623106018
2020-01-01 12:14:00,M60/9462B,396.0,114.26313999999999,0.07350859688609417
2020-01-01 12:29:00,M60/9462B,428.0,114.26313999999999,0.07944868552335431
2020-01-01 12:44:00,M60/9462B,417.0,114.26313999999999,0.07740678005429613
2020-01-01 12:59:00,M60/9462B,447.0,115.87248,0.08182317408017574
2020-01-01 13:14:00,M60/9462B,430.0,114.26313999999999,0.07981994106318306
2020-01-01 13:29:00,M60/9462B,490.0,114.26313999999999,0.09095760725804582
2020-01-01 13:44:00,M60/9462B,457.0,114.26313999999999,0.0848318908508713
2020-01-01 13:59:00,M60/9462B,457.0,114.26313999999999,0.0848318908508713
2020-01-01 14:14:00,M60/9462B,458.0,114.26313999999999,0.08501751862078569
2020-01-01 14:29:00,M60/9462B,459.0,115.87248,0.08401976935749589
2020-01-01 14:44:00,M60/9462B,434.0,112.6538,0.08171334431630972
2020-01-01 14:59:00,M60/9462B,409.0,114.26313999999999,0.0759217578949811
2020-01-01 15:14:00,M60/9462B,467.0,112.6538,0.08792657095787244
2020-01-01 15:29:00,M60/9462B,491.0,114.26313999999999,0.09114323502796019
2020-01-01 15:44:00,M60/9462B,416.0,115.87248,0.076148636280432
2020-01-01 15:59:00,M60/9462B,425.0,112.6538,0.08001882795951988
2020-01-01 16:14:00,M60/9462B,456.0,112.6538,0.08585549541068487
2020-01-01 16:29:00,M60/9462B,462.0,112.6538,0.08698517298187809
2020-01-01 16:44:00,M60/9462B,472.0,111.04446,0.0901559105126185
2020-01-01 16:59:00,M60/9462B,405.0,111.04446,0.0773583554186663
2020-01-01 17:14:00,M60/9462B,387.0,111.04446,0.07392020628894778
2020-01-01 17:29:00,M60/9462B,420.0,111.04446,0.0802234796934317
2020-01-01 17:44:00,M60/9462B,458.0,101.38842,0.09581339400120291
2020-01-01 17:59:00,M60/9462B,427.0,104.6071,0.0865796476999113
2020-01-01 18:14:00,M60/9462B,482.0,109.43512,0.09341990502955715
2020-01-01 18:29:00,M60/9462B,482.0,111.04446,0.09206599336246211
2020-01-01 18:44:00,M60/9462B,460.0,109.43512,0.08915592596181801
2020-01-01 18:59:00,M60/9462B,440.0,112.6538,0.08284302188750295
2020-01-01 19:14:00,M60/9462B,383.0,111.04446,0.07315617314901035
2020-01-01 19:29:00,M60/9462B,340.0,112.6538,0.06401506236761591
2020-01-01 19:44:00,M60/9462B,329.0,112.6538,0.061943986820428336
2020-01-01 19:59:00,M60/9462B,287.0,112.6538,0.05403624382207579
2020-01-01 20:14:00,M60/9462B,257.0,112.6538,0.04838785596610967
2020-01-01 20:29:00,M60/9462B,311.0,112.6538,0.05855495410684867
2020-01-01 20:44:00,M60/9462B,319.0,111.04446,0.06093164291001123
2020-01-01 20:59:00,M60/9462B,231.0,112.6538,0.043492586490939046
2020-01-01 21:14:00,M60/9462B,211.0,111.04446,0.04030274813170021
2020-01-01 21:29:00,M60/9462B,209.0,111.04446,0.03992073156173149
2020-01-01 21:44:00,M60/9462B,188.0,114.26313999999999,0.03489802074390329
2020-01-01 21:59:00,M60/9462B,161.0,109.43512,0.031204574086636305
2020-01-01 22:14:00,M60/9462B,186.0,114.26313999999999,0.034526765204074536
2020-01-01 22:29:00,M60/9462B,211.0,114.26313999999999,0.03916745945193401
2020-01-01 22:44:00,M60/9462B,185.0,114.26313999999999,0.03434113743416015
2020-01-01 22:59:00,M60/9462B,138.0,111.04446,0.026359143327841845
2020-01-01 23:14:00,M60/9462B,158.0,112.6538,0.029748176041421513
2020-01-01 23:29:00,M60/9462B,148.0,115.87248,0.027091341753615234
2020-01-01 23:44:00,M60/9462B,138.0,112.6538,0.025982584137444104
2020-01-01 23:59:00,M60/9462B,88.0,112.6538,0.01656860437750059
2020-01-02 00:14:00,M60/9462B,98.0,114.26313999999999,0.018191521451609165
2020-01-02 00:29:00,M60/9462B,91.0,112.6538,0.0171334431630972
2020-01-02 00:44:00,M60/9462B,76.0,114.26313999999999,0.01410771051349282
2020-01-02 00:59:00,M60/9462B,68.0,112.6538,0.012803012473523182
2020-01-02 01:14:00,M60/9462B,49.0,111.04446,0.0093594059642337
2020-01-02 01:29:00,M60/9462B,38.0,107.82578,0.007474980943716345
2020-01-02 01:44:00,M60/9462B,28.0,106.21644,0.005591333433178572
2020-01-02 01:59:00,M60/9462B,26.0,109.43512,0.005039247989146236
2020-01-02 02:14:00,M60/9462B,27.0,112.6538,0.005083549070369499
2020-01-02 02:29:00,M60/9462B,31.0,106.21644,0.006190404872447706
2020-01-02 02:44:00,M60/9462B,30.0,109.43512,0.0058145169105533485
2020-01-02 02:59:00,M60/9462B,21.0,112.6538,0.003953871499176277
2020-01-02 03:14:00,M60/9462B,30.0,102.99776,0.006177924217462933
2020-01-02 03:29:00,M60/9462B,28.0,102.99776,0.005766062602965404
2020-01-02 03:44:00,M60/9462B,26.0,102.99776,0.005354200988467874
2020-01-02 03:59:00,M60/9462B,22.0,111.04446,0.0042021822696559465
2020-01-02 04:14:00,M60/9462B,48.0,109.43512,0.009303227056885358
2020-01-02 04:29:00,M60/9462B,57.0,101.38842,0.01192437436259512
2020-01-02 04:44:00,M60/9462B,58.0,101.38842,0.01213357391281609
2020-01-02 04:59:00,M60/9462B,70.0,104.6071,0.014193384868837918
2020-01-02 05:14:00,M60/9462B,75.0,104.6071,0.015207198073754912
2020-01-02 05:29:00,M60/9462B,117.0,107.82578,0.023015072905652956
2020-01-02 05:44:00,M60/9462B,143.0,109.43512,0.027715863940304297
2020-01-02 05:59:00,M60/9462B,166.0,111.04446,0.03170737530740396
2020-01-02 06:14:00,M60/9462B,204.0,111.04446,0.038965690136809686
2020-01-02 06:29:00,M60/9462B,286.0,111.04446,0.054628369505527304
2020-01-02 06:44:00,M60/9462B,336.0,109.43512,0.06512258939819751
2020-01-02 06:59:00,M60/9462B,422.0,112.6538,0.07945398917392328
2020-01-02 07:14:00,M60/9462B,477.0,111.04446,0.0911109519375403
2020-01-02 07:29:00,M60/9462B,582.0,111.04446,0.11116682186089823
2020-01-02 07:44:00,M60/9462B,635.0,109.43512,0.12307394127337921
2020-01-02 07:59:00,M60/9462B,613.0,109.43512,0.1188099622056401
2020-01-02 08:14:00,M60/9462B,626.0,109.43512,0.12132958620021321
2020-01-02 08:29:00,M60/9462B,625.0,112.6538,0.11767474699929395
2020-01-02 08:44:00,M60/9462B,611.0,112.6538,0.11503883266650977
2020-01-02 08:59:00,M60/9462B,465.0,114.26313999999999,0.08631691301018632
2020-01-02 09:14:00,M60/9462B,435.0,112.6538,0.08190162391150858
2020-01-02 09:29:00,M60/9462B,393.0,112.6538,0.07399388091315603
2020-01-02 09:44:00,M60/9462B,416.0,109.43512,0.08062796782633977
2020-01-02 09:59:00,M60/9462B,395.0,111.04446,0.07544827256882268
2020-01-02 10:14:00,M60/9462B,421.0,109.43512,0.08159705397809866
2020-01-02 10:29:00,M60/9462B,446.0,109.43512,0.08644248473689312
2020-01-02 10:44:00,M60/9462B,456.0,109.43512,0.0883806570404109
2020-01-02 10:59:00,M60/9462B,472.0,111.04446,0.0901559105126185
2020-01-02 11:14:00,M60/9462B,477.0,107.82578,0.0938306818461236
2020-01-02 11:29:00,M60/9462B,503.0,109.43512,0.09749006686694447
2020-01-02 11:44:00,M60/9462B,496.0,111.04446,0.09474010935224315
2020-01-02 11:59:00,M60/9462B,513.0,109.43512,0.09942823917046226
2020-01-02 12:14:00,M60/9462B,464.0,109.43512,0.08993119488322512
2020-01-02 12:29:00,M60/9462B,526.0,109.43512,0.10194786316503537
2020-01-02 12:44:00,M60/9462B,518.0,111.04446,0.09894229162189912
2020-01-02 12:59:00,M60/9462B,504.0,109.43512,0.09768388409729625
2020-01-02 13:14:00,M60/9462B,539.0,109.43512,0.1044674871596085
2020-01-02 13:29:00,M60/9462B,559.0,111.04446,0.10677363130625792
2020-01-02 13:44:00,M60/9462B,559.0,111.04446,0.10677363130625792
2020-01-02 13:59:00,M60/9462B,538.0,109.43512,0.10427366992925673
2020-01-02 14:14:00,M60/9462B,606.0,111.04446,0.1157510207005229
2020-01-02 14:29:00,M60/9462B,602.0,111.04446,0.11498698756058545
2020-01-02 14:44:00,M60/9462B,605.0,111.04446,0.11556001241553854
2020-01-02 14:59:00,M60/9462B,633.0,109.43512,0.12268630681267564
2020-01-02 15:14:00,M60/9462B,685.0,109.43512,0.1327648027909681
2020-01-02 15:29:00,M60/9462B,726.0,111.04446,0.13867201489864625
2020-01-02 15:44:00,M60/9462B,755.0,109.43512,0.14633200891559262
2020-01-02 15:59:00,M60/9462B,758.0,109.43512,0.14691346060664795
2020-01-02 16:14:00,M60/9462B,828.0,107.82578,0.16287590056308246
2020-01-02 16:29:00,M60/9462B,867.0,107.82578,0.17054759153163346
2020-01-02 16:44:00,M60/9462B,815.0,107.82578,0.16031867024023214
2020-01-02 16:59:00,M60/9462B,830.0,107.82578,0.16326932061275173
2020-01-02 17:14:00,M60/9462B,774.0,109.43512,0.1500145362922764
2020-01-02 17:29:00,M60/9462B,809.0,109.43512,0.15679813935458864
2020-01-02 17:44:00,M60/9462B,681.0,114.26313999999999,0.12641251131169226
2020-01-02 17:59:00,M60/9462B,653.0,112.6538,0.12294657566486232
2020-01-02 18:14:00,M60/9462B,622.0,111.04446,0.11880715326027268
2020-01-02 18:29:00,M60/9462B,610.0,111.04446,0.11651505384046035
2020-01-02 18:44:00,M60/9462B,439.0,112.6538,0.08265474229230407
2020-01-02 18:59:00,M60/9462B,432.0,111.04446,0.08251557911324404
2020-01-02 19:14:00,M60/9462B,398.0,112.6538,0.07493527888915039
2020-01-02 19:29:00,M60/9462B,365.0,109.43512,0.07074328907839908
2020-01-02 19:44:00,M60/9462B,367.0,109.43512,0.07113092353910264
2020-01-02 19:59:00,M60/9462B,321.0,111.04446,0.06131365947997995
2020-01-02 20:14:00,M60/9462B,323.0,111.04446,0.061695676049948675
2020-01-02 20:29:00,M60/9462B,322.0,111.04446,0.061504667764964306
2020-01-02 20:44:00,M60/9462B,296.0,111.04446,0.056538452355370916
2020-01-02 20:59:00,M60/9462B,238.0,112.6538,0.044810543657331135
2020-01-02 21:14:00,M60/9462B,223.0,112.6538,0.04198634972934809
2020-01-02 21:29:00,M60/9462B,236.0,112.6538,0.0444339844669334
2020-01-02 21:44:00,M60/9462B,204.0,114.26313999999999,0.03786806506253336
2020-01-02 21:59:00,M60/9462B,180.0,112.6538,0.033890327135796657
2020-01-02 22:14:00,M60/9462B,217.0,112.6538,0.04085667215815486
2020-01-02 22:29:00,M60/9462B,227.0,111.04446,0.04335888069145
2020-01-02 22:44:00,M60/9462B,171.0,111.04446,0.03266241673232577
2020-01-02 22:59:00,M60/9462B,181.0,112.6538,0.03407860673099553
2020-01-02 23:14:00,M60/9462B,165.0,112.6538,0.031066133207813602
2020-01-02 23:29:00,M60/9462B,143.0,111.04446,0.027314184752763652
2020-01-02 23:44:00,M60/9462B,128.0,112.6538,0.0240997881854554
2020-01-02 23:59:00,M60/9462B,122.0,107.82578,0.02399862302982616
2020-01-03 00:14:00,M60/9462B,105.0,111.04446,0.020055869923357925
2020-01-03 00:29:00,M60/9462B,78.0,111.04446,0.014898646228780173
2020-01-03 00:44:00,M60/9462B,70.0,109.43512,0.01356720612462448
2020-01-03 00:59:00,M60/9462B,64.0,111.04446,0.012224530238999116
2020-01-03 01:14:00,M60/9462B,55.0,112.6538,0.010355377735937869
2020-01-03 01:29:00,M60/9462B,62.0,111.04446,0.011842513669030394
2020-01-03 01:44:00,M60/9462B,47.0,111.04446,0.008977389394264977
2020-01-03 01:59:00,M60/9462B,51.0,111.04446,0.009741422534202421
2020-01-03 02:14:00,M60/9462B,38.0,104.6071,0.007704980357369154
2020-01-03 02:29:00,M60/9462B,35.0,106.21644,0.006989166791473217
2020-01-03 02:44:00,M60/9462B,35.0,99.77908,0.007440080778019877
2020-01-03 02:59:00,M60/9462B,37.0,106.21644,0.007388547750985972
2020-01-03 03:14:00,M60/9462B,45.0,99.77908,0.009565818143168413
2020-01-03 03:29:00,M60/9462B,32.0,99.77908,0.0068023595684753154
2020-01-03 03:44:00,M60/9462B,41.0,98.16974,0.0088584006265698
2020-01-03 03:59:00,M60/9462B,37.0,98.16974,0.007994166419099577
2020-01-03 04:14:00,M60/9462B,51.0,102.99776,0.010502471169686986
2020-01-03 04:29:00,M60/9462B,58.0,104.6071,0.011760233177037132
2020-01-03 04:44:00,M60/9462B,87.0,106.21644,0.01737307173880485
2020-01-03 04:59:00,M60/9462B,73.0,102.99776,0.015032948929159802
2020-01-03 05:14:00,M60/9462B,116.0,104.6071,0.023520466354074263
2020-01-03 05:29:00,M60/9462B,137.0,102.99776,0.028212520593080725
2020-01-03 05:44:00,M60/9462B,173.0,111.04446,0.033044433302294486
2020-01-03 05:59:00,M60/9462B,145.0,107.82578,0.0285229536010229
2020-01-03 06:14:00,M60/9462B,207.0,109.43512,0.040120166682818106
2020-01-03 06:29:00,M60/9462B,281.0,111.04446,0.0536733280806055
2020-01-03 06:44:00,M60/9462B,377.0,112.6538,0.0709814073899741
2020-01-03 06:59:00,M60/9462B,421.0,112.6538,0.0792657095787244
2020-01-03 07:14:00,M60/9462B,499.0,111.04446,0.09531313420719624
2020-01-03 07:29:00,M60/9462B,592.0,111.04446,0.11307690471074183
2020-01-03 07:44:00,M60/9462B,615.0,112.6538,0.11579195104730526
2020-01-03 07:59:00,M60/9462B,647.0,111.04446,0.1235823603848817
2020-01-03 08:14:00,M60/9462B,634.0,109.43512,0.12288012404302744
2020-01-03 08:29:00,M60/9462B,682.0,111.04446,0.13026765035933435
2020-01-03 08:44:00,M60/9462B,645.0,112.6538,0.12144033890327136
2020-01-03 08:59:00,M60/9462B,551.0,112.6538,0.10374205695457754
2020-01-03 09:14:00,M60/9462B,463.0,111.04446,0.08843683594775924
2020-01-03 09:29:00,M60/9462B,460.0,111.04446,0.08786381109280615
2020-01-03 09:44:00,M60/9462B,425.0,109.43512,0.08237232289950577
2020-01-03 09:59:00,M60/9462B,467.0,109.43512,0.09051264657428047
2020-01-03 10:14:00,M60/9462B,433.0,109.43512,0.08392286074232
2020-01-03 10:29:00,M60/9462B,459.0,107.82578,0.09028990139910006
2020-01-03 10:44:00,M60/9462B,478.0,107.82578,0.09402739187095822
2020-01-03 10:59:00,M60/9462B,504.0,109.43512,0.09768388409729625
2020-01-03 11:14:00,M60/9462B,551.0,107.82578,0.10838722368388701
2020-01-03 11:29:00,M60/9462B,504.0,109.43512,0.09768388409729625
2020-01-03 11:44:00,M60/9462B,541.0,107.82578,0.1064201234355406
2020-01-03 11:59:00,M60/9462B,541.0,109.43512,0.10485512162031206
2020-01-03 12:14:00,M60/9462B,565.0,107.82578,0.11114116403157197
2020-01-03 12:29:00,M60/9462B,563.0,109.43512,0.10911910068805118
2020-01-03 12:44:00,M60/9462B,558.0,111.04446,0.10658262302127357
2020-01-03 12:59:00,M60/9462B,551.0,111.04446,0.10524556502638302
2020-01-03 13:14:00,M60/9462B,597.0,112.6538,0.1124029183337256
2020-01-03 13:29:00,M60/9462B,614.0,109.43512,0.11900377943599187
2020-01-03 13:44:00,M60/9462B,629.0,111.04446,0.1201442112551632
2020-01-03 13:59:00,M60/9462B,598.0,111.04446,0.114222954420648
2020-01-03 14:14:00,M60/9462B,609.0,109.43512,0.11803469328423297
2020-01-03 14:29:00,M60/9462B,673.0,111.04446,0.1285485757944751
2020-01-03 14:44:00,M60/9462B,681.0,111.04446,0.13007664207435
2020-01-03 14:59:00,M60/9462B,659.0,111.04446,0.12587445980469403
2020-01-03 15:14:00,M60/9462B,636.0,112.6538,0.11974582254648153
2020-01-03 15:29:00,M60/9462B,734.0,112.6538,0.1381972228759708
2020-01-03 15:44:00,M60/9462B,786.0,111.04446,0.1501325119977079
2020-01-03 15:59:00,M60/9462B,800.0,109.43512,0.15505378428142264
2020-01-03 16:14:00,M60/9462B,831.0,109.43512,0.16106211842232776
2020-01-03 16:29:00,M60/9462B,875.0,107.82578,0.17212127173031058
2020-01-03 16:44:00,M60/9462B,850.0,107.82578,0.16720352110944456
2020-01-03 16:59:00,M60/9462B,779.0,109.43512,0.1509836224440353
2020-01-03 17:14:00,M60/9462B,713.0,111.04446,0.13618890719384955
2020-01-03 17:29:00,M60/9462B,781.0,111.04446,0.1491774705727861
2020-01-03 17:44:00,M60/9462B,687.0,111.04446,0.13122269178425613
2020-01-03 17:59:00,M60/9462B,680.0,111.04446,0.12988563378936563
2020-01-03 18:14:00,M60/9462B,522.0,112.6538,0.09828194869381031
2020-01-03 18:29:00,M60/9462B,552.0,112.6538,0.10393033654977642
2020-01-03 18:44:00,M60/9462B,467.0,112.6538,0.08792657095787244
2020-01-03 18:59:00,M60/9462B,438.0,114.26313999999999,0.0813049632224981
2020-01-03 19:14:00,M60/9462B,421.0,112.6538,0.0792657095787244
2020-01-03 19:29:00,M60/9462B,412.0,112.6538,0.07757119322193458
2020-01-03 19:44:00,M60/9462B,336.0,112.6538,0.06326194398682043
2020-01-03 19:59:00,M60/9462B,334.0,112.6538,0.0628853847964227
2020-01-03 20:14:00,M60/9462B,316.0,111.04446,0.06035861805505814
2020-01-03 20:29:00,M60/9462B,338.0,111.04446,0.06456080032471409
2020-01-03 20:44:00,M60/9462B,313.0,112.6538,0.058931513297246406
2020-01-03 20:59:00,M60/9462B,248.0,112.6538,0.04669333960931984
2020-01-03 21:14:00,M60/9462B,240.0,112.6538,0.04518710284772888
2020-01-03 21:29:00,M60/9462B,253.0,112.6538,0.04763473758531419
2020-01-03 21:44:00,M60/9462B,209.0,111.04446,0.03992073156173149
2020-01-03 21:59:00,M60/9462B,220.0,112.6538,0.041421510943751474
2020-01-03 22:14:00,M60/9462B,225.0,111.04446,0.04297686412148127
2020-01-03 22:29:00,M60/9462B,222.0,112.6538,0.04179807013414921
2020-01-03 22:44:00,M60/9462B,205.0,112.6538,0.03859731701576842
2020-01-03 22:59:00,M60/9462B,201.0,112.6538,0.03784419863497294
2020-01-03 23:14:00,M60/9462B,193.0,114.26313999999999,0.03582615959347519
2020-01-03 23:29:00,M60/9462B,211.0,112.6538,0.03972699458696164
2020-01-03 23:44:00,M60/9462B,170.0,114.26313999999999,0.031556720885444464
2020-01-03 23:59:00,M60/9462B,160.0,112.6538,0.03012473523181925
2020-01-04 00:14:00,M60/9462B,134.0,112.6538,0.025229465756648625
2020-01-04 00:29:00,M60/9462B,154.0,111.04446,0.029415275887591626
2020-01-04 00:44:00,M60/9462B,138.0,111.04446,0.026359143327841845
2020-01-04 00:59:00,M60/9462B,103.0,109.43512,0.019963174726233164
2020-01-04 01:14:00,M60/9462B,77.0,107.82578,0.01514667191226733
2020-01-04 01:29:00,M60/9462B,85.0,111.04446,0.016235704223670704
2020-01-04 01:44:00,M60/9462B,56.0,111.04446,0.010696463959124228
2020-01-04 01:59:00,M60/9462B,80.0,109.43512,0.015505378428142265
2020-01-04 02:14:00,M60/9462B,67.0,104.6071,0.01358509694588772
2020-01-04 02:29:00,M60/9462B,65.0,112.6538,0.012238173687926571
2020-01-04 02:44:00,M60/9462B,47.0,106.21644,0.009385452548549748
2020-01-04 02:59:00,M60/9462B,33.0,109.43512,0.006395968601608683
2020-01-04 03:14:00,M60/9462B,37.0,101.38842,0.007740383358175781
2020-01-04 03:29:00,M60/9462B,47.0,106.21644,0.009385452548549748
2020-01-04 03:44:00,M60/9462B,35.0,104.6071,0.007096692434418959
2020-01-04 03:59:00,M60/9462B,41.0,101.38842,0.008577181559059649
2020-01-04 04:14:00,M60/9462B,46.0,107.82578,0.00904866114239347
2020-01-04 04:29:00,M60/9462B,54.0,106.21644,0.010783285906844391
2020-01-04 04:44:00,M60/9462B,60.0,101.38842,0.012551973013258022
2020-01-04 04:59:00,M60/9462B,73.0,104.6071,0.014801672791788113
2020-01-04 05:14:00,M60/9462B,69.0,104.6071,0.013990622227854518
2020-01-04 05:29:00,M60/9462B,87.0,109.43512,0.016862099040604712
2020-01-04 05:44:00,M60/9462B,96.0,109.43512,0.018606454113770717
2020-01-04 05:59:00,M60/9462B,102.0,109.43512,0.019769357495881386
2020-01-04 06:14:00,M60/9462B,83.0,109.43512,0.0160868301191976
2020-01-04 06:29:00,M60/9462B,114.0,112.6538,0.021463873852671216
2020-01-04 06:44:00,M60/9462B,135.0,112.6538,0.025417745351847494
2020-01-04 06:59:00,M60/9462B,136.0,111.04446,0.025977126757873125
2020-01-04 07:14:00,M60/9462B,152.0,112.6538,0.028618498470228286
2020-01-04 07:29:00,M60/9462B,192.0,112.6538,0.036149682278183104
2020-01-04 07:44:00,M60/9462B,191.0,111.04446,0.03648258243201299
2020-01-04 07:59:00,M60/9462B,225.0,114.26313999999999,0.04176624823073532
2020-01-04 08:14:00,M60/9462B,215.0,111.04446,0.04106678127163766
2020-01-04 08:29:00,M60/9462B,269.0,112.6538,0.05064721110849612
2020-01-04 08:44:00,M60/9462B,278.0,112.6538,0.05234172746528595
2020-01-04 08:59:00,M60/9462B,288.0,112.6538,0.054224523417274656
2020-01-04 09:14:00,M60/9462B,269.0,115.87248,0.04924034413326012
2020-01-04 09:29:00,M60/9462B,304.0,112.6538,0.05723699694045657
2020-01-04 09:44:00,M60/9462B,380.0,111.04446,0.07258314829405726
2020-01-04 09:59:00,M60/9462B,334.0,112.6538,0.0628853847964227
2020-01-04 10:14:00,M60/9462B,424.0,112.6538,0.07983054836432102
2020-01-04 10:29:00,M60/9462B,424.0,112.6538,0.07983054836432102
2020-01-04 10:44:00,M60/9462B,455.0,111.04446,0.08690876966788434
2020-01-04 10:59:00,M60/9462B,482.0,112.6538,0.0907507648858555
2020-01-04 11:14:00,M60/9462B,455.0,114.26313999999999,0.08446063531104255
2020-01-04 11:29:00,M60/9462B,506.0,111.04446,0.09665019220208677
2020-01-04 11:44:00,M60/9462B,523.0,111.04446,0.0998973330468209
2020-01-04 11:59:00,M60/9462B,500.0,112.6538,0.09413979759943517
2020-01-04 12:14:00,M60/9462B,544.0,112.6538,0.10242409978818545
2020-01-04 12:29:00,M60/9462B,559.0,112.6538,0.10524829371616852
2020-01-04 12:44:00,M60/9462B,557.0,111.04446,0.10639161473628919
2020-01-04 12:59:00,M60/9462B,605.0,112.6538,0.11390915509531654
2020-01-04 13:14:00,M60/9462B,578.0,112.6538,0.10882560602494705
2020-01-04 13:29:00,M60/9462B,580.0,111.04446,0.1107848052909295
2020-01-04 13:44:00,M60/9462B,540.0,112.6538,0.10167098140738998
2020-01-04 13:59:00,M60/9462B,542.0,107.82578,0.10661683346037523
2020-01-04 14:14:00,M60/9462B,582.0,107.82578,0.11448523445376085
2020-01-04 14:29:00,M60/9462B,541.0,109.43512,0.10485512162031206
2020-01-04 14:44:00,M60/9462B,547.0,111.04446,0.10448153188644557
2020-01-04 14:59:00,M60/9462B,514.0,112.6538,0.09677571193221934
2020-01-04 15:14:00,M60/9462B,514.0,112.6538,0.09677571193221934
2020-01-04 15:29:00,M60/9462B,575.0,111.04446,0.10982976386600769
2020-01-04 15:44:00,M60/9462B,515.0,114.26313999999999,0.0955983015059053
2020-01-04 15:59:00,M60/9462B,531.0,111.04446,0.1014253993266958
2020-01-04 16:14:00,M60/9462B,580.0,111.04446,0.1107848052909295
2020-01-04 16:29:00,M60/9462B,572.0,111.04446,0.10925673901105461
2020-01-04 16:44:00,M60/9462B,546.0,111.04446,0.10429052360146122
2020-01-04 16:59:00,M60/9462B,477.0,112.6538,0.08980936690986113
2020-01-04 17:14:00,M60/9462B,615.0,111.04446,0.11747009526538214
2020-01-04 17:29:00,M60/9462B,614.0,111.04446,0.1172790869803978
2020-01-04 17:44:00,M60/9462B,455.0,112.6538,0.08566721581548599
2020-01-04 17:59:00,M60/9462B,413.0,112.6538,0.07775947281713344
2020-01-04 18:14:00,M60/9462B,406.0,111.04446,0.07754936370365065
2020-01-04 18:29:00,M60/9462B,394.0,112.6538,0.07418216050835491
2020-01-04 18:44:00,M60/9462B,371.0,112.6538,0.06985172981878089
2020-01-04 18:59:00,M60/9462B,324.0,112.6538,0.06100258884443399
2020-01-04 19:14:00,M60/9462B,320.0,111.04446,0.06112265119499559
2020-01-04 19:29:00,M60/9462B,336.0,112.6538,0.06326194398682043
2020-01-04 19:44:00,M60/9462B,315.0,112.6538,0.05930807248764416
2020-01-04 19:59:00,M60/9462B,293.0,112.6538,0.055165921393269
2020-01-04 20:14:00,M60/9462B,338.0,112.6538,0.06363850317721817
2020-01-04 20:29:00,M60/9462B,344.0,111.04446,0.06570685003462025
2020-01-04 20:44:00,M60/9462B,304.0,111.04446,0.058066518635245805
2020-01-04 20:59:00,M60/9462B,281.0,112.6538,0.05290656625088256
2020-01-04 21:14:00,M60/9462B,284.0,112.6538,0.053471405036479173
2020-01-04 21:29:00,M60/9462B,262.0,112.6538,0.04932925394210402
2020-01-04 21:44:00,M60/9462B,278.0,114.26313999999999,0.05160452003619742
2020-01-04 21:59:00,M60/9462B,189.0,112.6538,0.03558484349258649
2020-01-04 22:14:00,M60/9462B,236.0,112.6538,0.0444339844669334
2020-01-04 22:29:00,M60/9462B,211.0,112.6538,0.03972699458696164
2020-01-04 22:44:00,M60/9462B,213.0,112.6538,0.04010355377735938
2020-01-04 22:59:00,M60/9462B,217.0,112.6538,0.04085667215815486
2020-01-04 23:14:00,M60/9462B,191.0,114.26313999999999,0.03545490405364643
2020-01-04 23:29:00,M60/9462B,195.0,114.26313999999999,0.03619741513330395
2020-01-04 23:44:00,M60/9462B,207.0,114.26313999999999,0.038424948372276495
2020-01-04 23:59:00,M60/9462B,208.0,114.26313999999999,0.03861057614219088
2020-01-05 00:14:00,M60/9462B,183.0,117.48182,0.03303920019859629
2020-01-05 00:29:00,M60/9462B,160.0,112.6538,0.03012473523181925
2020-01-05 00:44:00,M60/9462B,119.0,114.26313999999999,0.022089704619811128
2020-01-05 00:59:00,M60/9462B,103.0,112.6538,0.019392798305483645
2020-01-05 01:14:00,M60/9462B,100.0,114.26313999999999,0.01856277699143792
2020-01-05 01:29:00,M60/9462B,77.0,112.6538,0.014497528830313015
2020-01-05 01:44:00,M60/9462B,82.0,111.04446,0.015662679368717618
2020-01-05 01:59:00,M60/9462B,78.0,111.04446,0.014898646228780173
2020-01-05 02:14:00,M60/9462B,63.0,112.6538,0.01186161449752883
2020-01-05 02:29:00,M60/9462B,66.0,109.43512,0.012791937203217366
2020-01-05 02:44:00,M60/9462B,51.0,114.26313999999999,0.00946701626563334
2020-01-05 02:59:00,M60/9462B,47.0,106.21644,0.009385452548549748
2020-01-05 03:14:00,M60/9462B,36.0,107.82578,0.0070815608940470644
2020-01-05 03:29:00,M60/9462B,35.0,104.6071,0.007096692434418959
2020-01-05 03:44:00,M60/9462B,31.0,106.21644,0.006190404872447706
2020-01-05 03:59:00,M60/9462B,43.0,111.04446,0.008213356254327531
2020-01-05 04:14:00,M60/9462B,47.0,106.21644,0.009385452548549748
2020-01-05 04:29:00,M60/9462B,60.0,102.99776,0.012355848434925865
2020-01-05 04:44:00,M60/9462B,51.0,107.82578,0.010032211266566674
2020-01-05 04:59:00,M60/9462B,52.0,107.82578,0.010228921291401315
2020-01-05 05:14:00,M60/9462B,72.0,107.82578,0.014163121788094129
2020-01-05 05:29:00,M60/9462B,76.0,109.43512,0.014730109506735149
2020-01-05 05:44:00,M60/9462B,86.0,107.82578,0.016917062135779096
2020-01-05 05:59:00,M60/9462B,76.0,111.04446,0.014516629658811451
2020-01-05 06:14:00,M60/9462B,90.0,114.26313999999999,0.01670649929229413
2020-01-05 06:29:00,M60/9462B,101.0,111.04446,0.01929183678342048
2020-01-05 06:44:00,M60/9462B,107.0,111.04446,0.02043788649332665
2020-01-05 06:59:00,M60/9462B,115.0,109.43512,0.022288981490454503
2020-01-05 07:14:00,M60/9462B,122.0,109.43512,0.02364570210291695
2020-01-05 07:29:00,M60/9462B,160.0,111.04446,0.030561325597497795
2020-01-05 07:44:00,M60/9462B,139.0,111.04446,0.026550151612826207
2020-01-05 07:59:00,M60/9462B,152.0,111.04446,0.029033259317622902
2020-01-05 08:14:00,M60/9462B,177.0,112.6538,0.03332548835020005
2020-01-05 08:29:00,M60/9462B,177.0,112.6538,0.03332548835020005
2020-01-05 08:44:00,M60/9462B,222.0,111.04446,0.04240383926652819
2020-01-05 08:59:00,M60/9462B,180.0,114.26313999999999,0.03341299858458826
2020-01-05 09:14:00,M60/9462B,201.0,114.26313999999999,0.037311181752790225
2020-01-05 09:29:00,M60/9462B,227.0,114.26313999999999,0.042137503770564085
2020-01-05 09:44:00,M60/9462B,256.0,114.26313999999999,0.04752070909808108
2020-01-05 09:59:00,M60/9462B,321.0,107.82578,0.06314391797191965
2020-01-05 10:14:00,M60/9462B,300.0,112.6538,0.056483878559661096
2020-01-05 10:29:00,M60/9462B,327.0,114.26313999999999,0.060700280762002005
2020-01-05 10:44:00,M60/9462B,362.0,112.6538,0.06815721346199106
2020-01-05 10:59:00,M60/9462B,394.0,111.04446,0.07525726428383832
2020-01-05 11:14:00,M60/9462B,431.0,114.26313999999999,0.08000556883309744
2020-01-05 11:29:00,M60/9462B,446.0,111.04446,0.08518969510302511
2020-01-05 11:44:00,M60/9462B,427.0,112.6538,0.08039538714991763
2020-01-05 11:59:00,M60/9462B,455.0,112.6538,0.08566721581548599
2020-01-05 12:14:00,M60/9462B,474.0,112.6538,0.08924452812426453
2020-01-05 12:29:00,M60/9462B,562.0,111.04446,0.107346656161211
2020-01-05 12:44:00,M60/9462B,546.0,112.6538,0.10280065897858319
2020-01-05 12:59:00,M60/9462B,555.0,112.6538,0.10449517533537304
2020-01-05 13:14:00,M60/9462B,549.0,112.6538,0.1033654977641798
2020-01-05 13:29:00,M60/9462B,590.0,112.6538,0.11108496116733349
2020-01-05 13:44:00,M60/9462B,555.0,111.04446,0.10600959816632047
2020-01-05 13:59:00,M60/9462B,555.0,112.6538,0.10449517533537304
2020-01-05 14:14:00,M60/9462B,541.0,111.04446,0.10333548217653941
2020-01-05 14:29:00,M60/9462B,553.0,112.6538,0.1041186161449753
2020-01-05 14:44:00,M60/9462B,536.0,111.04446,0.1023804407516176
2020-01-05 14:59:00,M60/9462B,587.0,112.6538,0.11052012238173688
2020-01-05 15:14:00,M60/9462B,550.0,112.6538,0.10355377735937868
2020-01-05 15:29:00,M60/9462B,540.0,112.6538,0.10167098140738998
2020-01-05 15:44:00,M60/9462B,498.0,114.26313999999999,0.09244262941736085
2020-01-05 15:59:00,M60/9462B,536.0,112.6538,0.1009178630265945
2020-01-05 16:14:00,M60/9462B,532.0,111.04446,0.10161640761168016
2020-01-05 16:29:00,M60/9462B,596.0,109.43512,0.11551506928965986
2020-01-05 16:44:00,M60/9462B,516.0,111.04446,0.09856027505193038
2020-01-05 16:59:00,M60/9462B,513.0,111.04446,0.09798725019697731
2020-01-05 17:14:00,M60/9462B,553.0,109.43512,0.10718092838453339
2020-01-05 17:29:00,M60/9462B,497.0,111.04446,0.09493111763722753
2020-01-05 17:44:00,M60/9462B,470.0,111.04446,0.08977389394264977
2020-01-05 17:59:00,M60/9462B,397.0,112.6538,0.07474699929395151
2020-01-05 18:14:00,M60/9462B,433.0,111.04446,0.0827065873982284
2020-01-05 18:29:00,M60/9462B,398.0,112.6538,0.07493527888915039
2020-01-05 18:44:00,M60/9462B,453.0,112.6538,0.08529065662508825
2020-01-05 18:59:00,M60/9462B,430.0,111.04446,0.08213356254327532
2020-01-05 19:14:00,M60/9462B,386.0,112.6538,0.07267592374676395
2020-01-05 19:29:00,M60/9462B,379.0,111.04446,0.0723921400090729
2020-01-05 19:44:00,M60/9462B,320.0,111.04446,0.06112265119499559
2020-01-05 19:59:00,M60/9462B,295.0,111.04446,0.05634744407038656
2020-01-05 20:14:00,M60/9462B,309.0,111.04446,0.059021560060167615
2020-01-05 20:29:00,M60/9462B,306.0,114.26313999999999,0.05680209759380004
2020-01-05 20:44:00,M60/9462B,300.0,112.6538,0.056483878559661096
2020-01-05 20:59:00,M60/9462B,274.0,114.26313999999999,0.0508620089565399
2020-01-05 21:14:00,M60/9462B,279.0,112.6538,0.05253000706048482
2020-01-05 21:29:00,M60/9462B,269.0,112.6538,0.05064721110849612
2020-01-05 21:44:00,M60/9462B,239.0,114.26313999999999,0.04436503700953663
2020-01-05 21:59:00,M60/9462B,196.0,111.04446,0.0374376238569348
2020-01-05 22:14:00,M60/9462B,193.0,112.6538,0.03633796187338197
2020-01-05 22:29:00,M60/9462B,191.0,111.04446,0.03648258243201299
2020-01-05 22:44:00,M60/9462B,174.0,112.6538,0.032760649564603436
2020-01-05 22:59:00,M60/9462B,144.0,112.6538,0.027112261708637328
2020-01-05 23:14:00,M60/9462B,144.0,114.26313999999999,0.026730398867670604
2020-01-05 23:29:00,M60/9462B,145.0,115.87248,0.026542192934285194
2020-01-05 23:44:00,M60/9462B,153.0,112.6538,0.028806778065427162
2020-01-05 23:59:00,M60/9462B,135.0,114.26313999999999,0.025059748938441193
2020-01-06 00:14:00,M60/9462B,124.0,111.04446,0.02368502733806079
2020-01-06 00:29:00,M60/9462B,102.0,111.04446,0.019482845068404843
2020-01-06 00:44:00,M60/9462B,69.0,112.6538,0.012991292068722052
2020-01-06 00:59:00,M60/9462B,84.0,109.43512,0.016280647349549378
2020-01-06 01:14:00,M60/9462B,57.0,112.6538,0.010731936926335608
2020-01-06 01:29:00,M60/9462B,53.0,112.6538,0.009978818545540127
2020-01-06 01:44:00,M60/9462B,46.0,109.43512,0.008915592596181802
2020-01-06 01:59:00,M60/9462B,49.0,115.87248,0.008969430715723961
2020-01-06 02:14:00,M60/9462B,32.0,112.6538,0.00602494704636385
2020-01-06 02:29:00,M60/9462B,47.0,109.43512,0.00910940982653358
2020-01-06 02:44:00,M60/9462B,35.0,111.04446,0.006685289974452642
2020-01-06 02:59:00,M60/9462B,26.0,107.82578,0.005114460645700657
2020-01-06 03:14:00,M60/9462B,23.0,104.6071,0.0046635407426181726
2020-01-06 03:29:00,M60/9462B,31.0,99.77908,0.006589785831960461
2020-01-06 03:44:00,M60/9462B,44.0,104.6071,0.008921556203269548
2020-01-06 03:59:00,M60/9462B,48.0,104.6071,0.009732606767203144
2020-01-06 04:14:00,M60/9462B,58.0,109.43512,0.01124139936040314
2020-01-06 04:29:00,M60/9462B,78.0,102.99776,0.016062602965403627
2020-01-06 04:44:00,M60/9462B,87.0,107.82578,0.017113772160613737
2020-01-06 04:59:00,M60/9462B,99.0,106.21644,0.019769357495881386
2020-01-06 05:14:00,M60/9462B,124.0,104.6071,0.025142567481941457
2020-01-06 05:29:00,M60/9462B,176.0,107.82578,0.034620964370896755
2020-01-06 05:44:00,M60/9462B,239.0,109.43512,0.04632231805407501
2020-01-06 05:59:00,M60/9462B,274.0,111.04446,0.05233627008571497
2020-01-06 06:14:00,M60/9462B,361.0,112.6538,0.06796893386679219
2020-01-06 06:29:00,M60/9462B,448.0,112.6538,0.08434925864909391
2020-01-06 06:44:00,M60/9462B,596.0,111.04446,0.11384093785067928
2020-01-06 06:59:00,M60/9462B,638.0,112.6538,0.12012238173687927
2020-01-06 07:14:00,M60/9462B,797.0,111.04446,0.1522336031325359
2020-01-06 07:29:00,M60/9462B,926.0,109.43512,0.1794747553057467
2020-01-06 07:44:00,M60/9462B,1039.0,109.43512,0.20137610233549766
2020-01-06 07:59:00,M60/9462B,994.0,107.82578,0.19552976468563282
2020-01-06 08:14:00,M60/9462B,995.0,107.82578,0.19572647471046747
2020-01-06 08:29:00,M60/9462B,943.0,109.43512,0.18276964822172692
2020-01-06 08:44:00,M60/9462B,897.0,107.82578,0.17644889227667268
2020-01-06 08:59:00,M60/9462B,751.0,107.82578,0.14772922865081511
2020-01-06 09:14:00,M60/9462B,696.0,109.43512,0.1348967923248377
2020-01-06 09:29:00,M60/9462B,623.0,111.04446,0.11899816154525703
2020-01-06 09:44:00,M60/9462B,553.0,109.43512,0.10718092838453339
2020-01-06 09:59:00,M60/9462B,534.0,109.43512,0.1034984010078496
2020-01-06 10:14:00,M60/9462B,425.0,106.21644,0.08486845389646049
2020-01-06 10:29:00,M60/9462B,451.0,102.99776,0.09287479406919276
2020-01-06 10:44:00,M60/9462B,463.0,107.82578,0.09107674149843863
2020-01-06 10:59:00,M60/9462B,440.0,107.82578,0.08655241092724189
2020-01-06 11:14:00,M60/9462B,463.0,107.82578,0.09107674149843863
2020-01-06 11:29:00,M60/9462B,466.0,109.43512,0.0903188293439287
2020-01-06 11:44:00,M60/9462B,449.0,107.82578,0.08832280115075365
2020-01-06 11:59:00,M60/9462B,440.0,107.82578,0.08655241092724189
2020-01-06 12:14:00,M60/9462B,506.0,107.82578,0.09953527256632819
2020-01-06 12:29:00,M60/9462B,501.0,109.43512,0.09710243240624092
2020-01-06 12:44:00,M60/9462B,513.0,107.82578,0.10091224274017066
2020-01-06 12:59:00,M60/9462B,482.0,107.82578,0.09481423197029679
2020-01-06 13:14:00,M60/9462B,542.0,107.82578,0.10661683346037523
2020-01-06 13:29:00,M60/9462B,554.0,109.43512,0.10737474561488518
2020-01-06 13:44:00,M60/9462B,581.0,107.82578,0.11428852442892622
2020-01-06 13:59:00,M60/9462B,549.0,107.82578,0.10799380363421772
2020-01-06 14:14:00,M60/9462B,598.0,107.82578,0.1176325948511151
2020-01-06 14:29:00,M60/9462B,635.0,107.82578,0.12491086576999681
2020-01-06 14:44:00,M60/9462B,614.0,109.43512,0.11900377943599187
2020-01-06 14:59:00,M60/9462B,685.0,104.6071,0.13889240907362818
2020-01-06 15:14:00,M60/9462B,719.0,101.38842,0.1504144766088753
2020-01-06 15:29:00,M60/9462B,877.0,101.38842,0.1834680055437881
2020-01-06 15:44:00,M60/9462B,890.0,104.6071,0.18045875047522494
2020-01-06 15:59:00,M60/9462B,834.0,102.99776,0.17174629324546956
2020-01-06 16:14:00,M60/9462B,774.0,38.62416,0.42504118616144976
2020-01-06 16:29:00,M60/9462B,898.0,27.35878,0.6961914914235877
2020-01-06 16:44:00,M60/9462B,988.0,99.77908,0.2100228516766754
2020-01-06 16:59:00,M60/9462B,830.0,102.99776,0.17092257001647446
2020-01-06 17:14:00,M60/9462B,773.0,101.38842,0.16171125232080752
2020-01-06 17:29:00,M60/9462B,895.0,101.38842,0.18723359744776552
2020-01-06 17:44:00,M60/9462B,927.0,102.99776,0.19089785831960465
2020-01-06 17:59:00,M60/9462B,779.0,109.43512,0.1509836224440353
2020-01-06 18:14:00,M60/9462B,801.0,106.21644,0.15995207428485847
2020-01-06 18:29:00,M60/9462B,788.0,109.43512,0.1527279775172013
2020-01-06 18:44:00,M60/9462B,658.0,111.04446,0.1256834515197097
2020-01-06 18:59:00,M60/9462B,493.0,111.04446,0.09416708449729008
2020-01-06 19:14:00,M60/9462B,486.0,111.04446,0.09283002650239955
2020-01-06 19:29:00,M60/9462B,449.0,111.04446,0.08576271995797818
2020-01-06 19:44:00,M60/9462B,351.0,112.6538,0.06608613791480349
2020-01-06 19:59:00,M60/9462B,311.0,111.04446,0.05940357663013634
2020-01-06 20:14:00,M60/9462B,331.0,112.6538,0.062320546010826074
2020-01-06 20:29:00,M60/9462B,363.0,111.04446,0.06933600744932313
2020-01-06 20:44:00,M60/9462B,302.0,109.43512,0.058532803566237045
2020-01-06 20:59:00,M60/9462B,244.0,109.43512,0.0472914042058339
2020-01-06 21:14:00,M60/9462B,250.0,109.43512,0.04845430758794458
2020-01-06 21:29:00,M60/9462B,243.0,109.43512,0.04709758697548212
2020-01-06 21:44:00,M60/9462B,201.0,111.04446,0.0383926652818566
2020-01-06 21:59:00,M60/9462B,190.0,111.04446,0.03629157414702863
2020-01-06 22:14:00,M60/9462B,192.0,112.6538,0.036149682278183104
2020-01-06 22:29:00,M60/9462B,216.0,111.04446,0.04125778955662202
2020-01-06 22:44:00,M60/9462B,161.0,107.82578,0.03167031399837714
2020-01-06 22:59:00,M60/9462B,132.0,112.6538,0.024852906566250884
2020-01-06 23:14:00,M60/9462B,170.0,109.43512,0.03294892915980231
2020-01-06 23:29:00,M60/9462B,147.0,112.6538,0.027677100494233935
2020-01-06 23:44:00,M60/9462B,140.0,109.43512,0.02713441224924896
2020-01-06 23:59:00,M60/9462B,106.0,111.04446,0.020246878208342287
2020-01-07 00:14:00,M60/9462B,99.0,106.21644,0.019769357495881386
2020-01-07 00:29:00,M60/9462B,82.0,106.21644,0.016374619340022965
2020-01-07 00:44:00,M60/9462B,59.0,102.99776,0.012149917627677103
2020-01-07 00:59:00,M60/9462B,49.0,96.5604,0.010763316858868752
2020-01-07 01:14:00,M60/9462B,55.0,98.16974,0.011883220352715588
2020-01-07 01:29:00,M60/9462B,47.0,98.16974,0.010154751937775137
2020-01-07 01:44:00,M60/9462B,38.0,99.77908,0.008077801987564437
2020-01-07 01:59:00,M60/9462B,42.0,106.21644,0.00838700014976786
2020-01-07 02:14:00,M60/9462B,36.0,98.16974,0.00777810786723202
2020-01-07 02:29:00,M60/9462B,30.0,104.6071,0.0060828792295019645
2020-01-07 02:44:00,M60/9462B,29.0,101.38842,0.006066786956408045
2020-01-07 02:59:00,M60/9462B,23.0,104.6071,0.0046635407426181726
2020-01-07 03:14:00,M60/9462B,36.0,96.5604,0.007907742998352554
2020-01-07 03:29:00,M60/9462B,43.0,99.77908,0.009140670670138705
2020-01-07 03:44:00,M60/9462B,53.0,101.38842,0.011087576161711254
2020-01-07 03:58:00,M60/9462B,42.0,98.16974,0.009074459178437357
2020-01-07 04:14:00,M60/9462B,50.0,109.43512,0.009690861517588915
2020-01-07 04:29:00,M60/9462B,60.0,102.99776,0.012355848434925865
2020-01-07 04:44:00,M60/9462B,82.0,102.99776,0.016886326194398685
2020-01-07 04:59:00,M60/9462B,72.0,104.6071,0.014598910150804714
2020-01-07 05:14:00,M60/9462B,119.0,107.82578,0.023408492955322237
2020-01-07 05:29:00,M60/9462B,130.0,107.82578,0.025572303228503283
2020-01-07 05:44:00,M60/9462B,216.0,111.04446,0.04125778955662202
2020-01-07 05:59:00,M60/9462B,268.0,111.04446,0.0511902203758088
2020-01-07 06:14:00,M60/9462B,371.0,111.04446,0.07086407372919801
2020-01-07 06:29:00,M60/9462B,406.0,111.04446,0.07754936370365065
2020-01-07 06:44:00,M60/9462B,589.0,112.6538,0.11089668157213461
2020-01-07 06:59:00,M60/9462B,662.0,111.04446,0.12644748465964714
2020-01-07 07:14:00,M60/9462B,776.0,109.43512,0.15040217075297996
2020-01-07 07:29:00,M60/9462B,925.0,109.43512,0.17928093807539494
2020-01-07 07:44:00,M60/9462B,966.0,109.43512,0.18722744451981785
2020-01-07 07:59:00,M60/9462B,956.0,109.43512,0.18528927221630004
2020-01-07 08:14:00,M60/9462B,940.0,107.82578,0.1849074233445622
2020-01-07 08:29:00,M60/9462B,950.0,107.82578,0.18687452359290863
2020-01-07 08:44:00,M60/9462B,841.0,109.43512,0.16300029072584554
2020-01-07 08:59:00,M60/9462B,840.0,107.82578,0.16523642086109816
2020-01-07 09:14:00,M60/9462B,737.0,109.43512,0.1428432987692606
2020-01-07 09:29:00,M60/9462B,736.0,107.82578,0.14477857827829552
2020-01-07 09:44:00,M60/9462B,616.0,109.43512,0.11939141389669541
2020-01-07 09:59:00,M60/9462B,581.0,107.82578,0.11428852442892622
2020-01-07 10:14:00,M60/9462B,521.0,107.82578,0.10248592293884778
2020-01-07 10:29:00,M60/9462B,515.0,107.82578,0.10130566278983993
2020-01-07 10:44:00,M60/9462B,483.0,107.82578,0.09501094199513144
2020-01-07 10:59:00,M60/9462B,510.0,107.82578,0.10032211266566674
2020-01-07 11:14:00,M60/9462B,476.0,106.21644,0.09505266836403575
2020-01-07 11:29:00,M60/9462B,467.0,107.82578,0.09186358159777719
2020-01-07 11:44:00,M60/9462B,518.0,106.21644,0.1034396685138036
2020-01-07 11:59:00,M60/9462B,508.0,107.82578,0.09992869261599745
2020-01-07 12:14:00,M60/9462B,516.0,106.21644,0.10304028755429086
2020-01-07 12:29:00,M60/9462B,524.0,107.82578,0.1030760530133517
2020-01-07 12:44:00,M60/9462B,549.0,107.82578,0.10799380363421772
2020-01-07 12:59:00,M60/9462B,549.0,107.82578,0.10799380363421772
2020-01-07 13:14:00,M60/9462B,505.0,107.82578,0.09933856254149354
2020-01-07 13:29:00,M60/9462B,583.0,107.82578,0.1146819444785955
2020-01-07 13:44:00,M60/9462B,549.0,107.82578,0.10799380363421772
2020-01-07 13:59:00,M60/9462B,538.0,106.21644,0.10743347810893115
2020-01-07 14:14:00,M60/9462B,569.0,106.21644,0.11362388298137886
2020-01-07 14:29:00,M60/9462B,651.0,107.82578,0.12805822616735107
2020-01-07 14:44:00,M60/9462B,694.0,106.21644,0.13858519295092606
2020-01-07 14:59:00,M60/9462B,713.0,107.82578,0.1402542477070988
2020-01-07 15:09:00,M60/9462B,755.0,107.82578,0.1485160687501537
2020-01-07 15:29:00,M60/9462B,962.0,107.82578,0.18923504389092433
2020-01-07 15:44:00,M60/9462B,914.0,107.82578,0.17979296269886155
2020-01-07 15:59:00,M60/9462B,998.0,106.21644,0.19929109879686485
2020-01-07 16:14:00,M60/9462B,1047.0,102.99776,0.21560955518945635
2020-01-07 16:29:00,M60/9462B,1030.0,104.6071,0.2088455202129008
2020-01-07 16:44:00,M60/9462B,978.0,104.6071,0.19830186288176402
2020-01-07 16:59:00,M60/9462B,951.0,104.6071,0.1928272715752123
2020-01-07 17:14:00,M60/9462B,972.0,106.21644,0.19409914632319905
2020-01-07 17:29:00,M60/9462B,950.0,106.21644,0.18970595576855873
2020-01-07 17:44:00,M60/9462B,828.0,107.82578,0.16287590056308246
2020-01-07 17:59:00,M60/9462B,901.0,107.82578,0.17723573237601123
2020-01-07 18:14:00,M60/9462B,823.0,107.82578,0.16189235043890926
2020-01-07 18:29:00,M60/9462B,839.0,109.43512,0.16261265626514199
2020-01-07 18:44:00,M60/9462B,645.0,112.6538,0.12144033890327136
2020-01-07 18:59:00,M60/9462B,653.0,109.43512,0.12656265141971124
2020-01-07 19:14:00,M60/9462B,473.0,111.04446,0.09034691879760286
2020-01-07 19:29:00,M60/9462B,461.0,114.26313999999999,0.08557440193052883
2020-01-07 19:44:00,M60/9462B,403.0,112.6538,0.07587667686514474
2020-01-07 19:59:00,M60/9462B,318.0,112.6538,0.059872911273240764
2020-01-07 20:14:00,M60/9462B,304.0,109.43512,0.058920438026940594
2020-01-07 20:29:00,M60/9462B,310.0,112.6538,0.0583666745116498
2020-01-07 20:44:00,M60/9462B,275.0,112.6538,0.05177688867968934
2020-01-07 20:59:00,M60/9462B,231.0,111.04446,0.044122913831387445
2020-01-07 21:14:00,M60/9462B,242.0,112.6538,0.04556366203812662
2020-01-07 21:29:00,M60/9462B,233.0,112.6538,0.04386914568133679
2020-01-07 21:44:00,M60/9462B,237.0,112.6538,0.044622264062132266
2020-01-07 21:59:00,M60/9462B,207.0,111.04446,0.03953871499176277
2020-01-07 22:14:00,M60/9462B,230.0,114.26313999999999,0.04269438708030721
2020-01-07 22:29:00,M60/9462B,258.0,112.6538,0.04857613556130855
2020-01-07 22:44:00,M60/9462B,208.0,111.04446,0.039729723276747134
2020-01-07 22:59:00,M60/9462B,177.0,114.26313999999999,0.032856115274845124
2020-01-07 23:14:00,M60/9462B,204.0,112.6538,0.03840903742056955
2020-01-07 23:29:00,M60/9462B,189.0,112.6538,0.03558484349258649
2020-01-07 23:44:00,M60/9462B,128.0,109.43512,0.02480860548502762
2020-01-07 23:59:00,M60/9462B,110.0,111.04446,0.02101091134827973
2020-01-08 00:14:00,M60/9462B,99.0,111.04446,0.01890982021345176
2020-01-08 00:29:00,M60/9462B,94.0,107.82578,0.01849074233445622
2020-01-08 00:44:00,M60/9462B,70.0,104.6071,0.014193384868837918
2020-01-08 00:59:00,M60/9462B,44.0,106.21644,0.008786381109280615
2020-01-08 01:14:00,M60/9462B,53.0,102.99776,0.010914332784184515
2020-01-08 01:29:00,M60/9462B,50.0,101.38842,0.010459977511048353
2020-01-08 01:44:00,M60/9462B,37.0,101.38842,0.007740383358175781
2020-01-08 01:59:00,M60/9462B,38.0,102.99776,0.00782537067545305
2020-01-08 02:14:00,M60/9462B,36.0,104.6071,0.007299455075402357
2020-01-08 02:29:00,M60/9462B,35.0,102.99776,0.007207578253706755
2020-01-08 02:44:00,M60/9462B,32.0,99.77908,0.0068023595684753154
2020-01-08 02:59:00,M60/9462B,26.0,107.82578,0.005114460645700657
2020-01-08 03:14:00,M60/9462B,40.0,101.38842,0.008367982008838683
2020-01-08 03:29:00,M60/9462B,29.0,99.77908,0.006164638358930755
2020-01-08 03:44:00,M60/9462B,38.0,96.5604,0.008347062053816585
2020-01-08 03:59:00,M60/9462B,50.0,98.16974,0.010802927593377807
2020-01-08 04:14:00,M60/9462B,56.0,104.6071,0.011354707895070334
2020-01-08 04:29:00,M60/9462B,78.0,101.38842,0.01631756491723543
2020-01-08 04:44:00,M60/9462B,72.0,106.21644,0.01437771454245919
2020-01-08 04:59:00,M60/9462B,84.0,104.6071,0.0170320618426055
2020-01-08 05:14:00,M60/9462B,132.0,104.6071,0.026764668609808646
2020-01-08 05:29:00,M60/9462B,149.0,104.6071,0.030211633506526423
2020-01-08 05:44:00,M60/9462B,240.0,109.43512,0.04651613528442679
2020-01-08 05:59:00,M60/9462B,267.0,111.04446,0.05099921209082445
2020-01-08 06:14:00,M60/9462B,289.0,111.04446,0.055201394360480396
2020-01-08 06:29:00,M60/9462B,425.0,111.04446,0.08117852111835351
2020-01-08 06:44:00,M60/9462B,539.0,111.04446,0.10295346560657069
2020-01-08 06:59:00,M60/9462B,642.0,111.04446,0.1226273189599599
2020-01-08 07:14:00,M60/9462B,808.0,111.04446,0.15433469426736385
2020-01-08 07:29:00,M60/9462B,913.0,109.43512,0.17695513131117357
2020-01-08 07:44:00,M60/9462B,987.0,107.82578,0.19415279451179035
2020-01-08 07:59:00,M60/9462B,1039.0,109.43512,0.20137610233549766
2020-01-08 08:14:00,M60/9462B,997.0,109.43512,0.19323577866072295
2020-01-08 08:29:00,M60/9462B,986.0,109.43512,0.19110378912685339
2020-01-08 08:44:00,M60/9462B,947.0,111.04446,0.18088484588019005
2020-01-08 08:59:00,M60/9462B,840.0,111.04446,0.1604469593868634
2020-01-08 09:14:00,M60/9462B,717.0,111.04446,0.136952940333787
2020-01-08 09:29:00,M60/9462B,732.0,109.43512,0.1418742126175017
2020-01-08 09:44:00,M60/9462B,666.0,109.43512,0.12908227541428433
2020-01-08 09:59:00,M60/9462B,562.0,109.43512,0.1089252834576994
2020-01-08 10:14:00,M60/9462B,532.0,107.82578,0.10464973321202882
2020-01-08 10:29:00,M60/9462B,497.0,109.43512,0.0963271634848338
2020-01-08 10:44:00,M60/9462B,490.0,107.82578,0.09638791216897391
2020-01-08 10:59:00,M60/9462B,485.0,109.43512,0.09400135672061247
2020-01-08 11:14:00,M60/9462B,485.0,109.43512,0.09400135672061247
2020-01-08 11:29:00,M60/9462B,538.0,109.43512,0.10427366992925673
2020-01-08 11:44:00,M60/9462B,507.0,109.43512,0.0982653357883516
2020-01-08 11:59:00,M60/9462B,523.0,109.43512,0.10136641147398005
2020-01-08 12:14:00,M60/9462B,481.0,109.43512,0.09322608779920535
2020-01-08 12:29:00,M60/9462B,540.0,109.43512,0.10466130438996028
2020-01-08 12:44:00,M60/9462B,586.0,111.04446,0.11193085500083567
2020-01-08 12:59:00,M60/9462B,591.0,109.43512,0.11454598313790097
2020-01-08 13:14:00,M60/9462B,558.0,107.82578,0.10976419385772948
2020-01-08 13:29:00,M60/9462B,565.0,109.43512,0.10950673514875474
2020-01-08 13:44:00,M60/9462B,595.0,109.43512,0.11532125205930809
2020-01-08 13:59:00,M60/9462B,562.0,107.82578,0.11055103395706804
2020-01-08 14:14:00,M60/9462B,651.0,107.82578,0.12805822616735107
2020-01-08 14:29:00,M60/9462B,607.0,109.43512,0.11764705882352942
2020-01-08 14:44:00,M60/9462B,680.0,109.43512,0.13179571663920925
2020-01-08 14:59:00,M60/9462B,660.0,109.43512,0.12791937203217366
2020-01-08 15:14:00,M60/9462B,790.0,107.82578,0.1554009196193661
2020-01-08 15:29:00,M60/9462B,889.0,109.43512,0.1723035177827309
2020-01-08 15:44:00,M60/9462B,914.0,109.43512,0.17714894854152538
2020-01-08 15:59:00,M60/9462B,1021.0,107.82578,0.20084093535616812
2020-01-08 16:14:00,M60/9462B,1050.0,106.21644,0.2096750037441965
2020-01-08 16:29:00,M60/9462B,1052.0,104.6071,0.21330629831453557
2020-01-08 16:44:00,M60/9462B,957.0,104.6071,0.1940438474211127
2020-01-08 16:59:00,M60/9462B,976.0,106.21644,0.19489790824222455
2020-01-08 17:14:00,M60/9462B,895.0,104.6071,0.18147256368014192
2020-01-08 17:29:00,M60/9462B,871.0,107.82578,0.17133443163097203
2020-01-08 17:44:00,M60/9462B,879.0,106.21644,0.17552793170585593
2020-01-08 17:59:00,M60/9462B,922.0,107.82578,0.18136664289753868
2020-01-08 18:14:00,M60/9462B,822.0,109.43512,0.15931776334916176
2020-01-08 18:29:00,M60/9462B,727.0,111.04446,0.13886302318363059
2020-01-08 18:44:00,M60/9462B,709.0,111.04446,0.1354248740539121
2020-01-08 18:59:00,M60/9462B,588.0,111.04446,0.11231287157080438
2020-01-08 19:14:00,M60/9462B,470.0,111.04446,0.08977389394264977
2020-01-08 19:29:00,M60/9462B,482.0,114.26313999999999,0.08947258509873078
2020-01-08 19:44:00,M60/9462B,400.0,112.6538,0.07531183807954814
2020-01-08 19:59:00,M60/9462B,368.0,112.6538,0.06928689103318428
2020-01-08 20:14:00,M60/9462B,322.0,112.6538,0.06062602965403624
2020-01-08 20:29:00,M60/9462B,373.0,112.6538,0.07022828900917863
2020-01-08 20:44:00,M60/9462B,293.0,111.04446,0.05596542750041784
2020-01-08 20:59:00,M60/9462B,247.0,111.04446,0.04717904639113722
2020-01-08 21:14:00,M60/9462B,256.0,111.04446,0.048898120955996466
2020-01-08 21:29:00,M60/9462B,289.0,111.04446,0.055201394360480396
2020-01-08 21:44:00,M60/9462B,233.0,111.04446,0.04450493040135617
2020-01-08 21:59:00,M60/9462B,163.0,111.04446,0.031134350452450877
2020-01-08 22:14:00,M60/9462B,225.0,109.43512,0.04360887682915012
2020-01-08 22:29:00,M60/9462B,226.0,107.82578,0.04445646561262879
2020-01-08 22:44:00,M60/9462B,160.0,104.6071,0.03244202255734381
2020-01-08 22:59:00,M60/9462B,178.0,107.82578,0.035014384420566036
2020-01-08 23:14:00,M60/9462B,183.0,107.82578,0.03599793454473924
2020-01-08 23:29:00,M60/9462B,132.0,104.6071,0.026764668609808646
2020-01-08 23:44:00,M60/9462B,106.0,106.21644,0.021167190854176027
2020-01-08 23:59:00,M60/9462B,91.0,102.99776,0.018739703459637564
2020-01-09 00:14:00,M60/9462B,102.0,99.77908,0.021682521124515068
2020-01-09 00:29:00,M60/9462B,92.0,101.38842,0.01924635862032897
2020-01-09 00:44:00,M60/9462B,59.0,107.82578,0.011605891465243798
2020-01-09 00:59:00,M60/9462B,52.0,102.99776,0.010708401976935749
2020-01-09 01:14:00,M60/9462B,69.0,102.99776,0.014209225700164745
2020-01-09 01:29:00,M60/9462B,48.0,101.38842,0.010041578410606418
2020-01-09 01:44:00,M60/9462B,51.0,99.77908,0.010841260562257534
2020-01-09 01:59:00,M60/9462B,27.0,99.77908,0.005739490885901048
2020-01-09 02:14:00,M60/9462B,39.0,102.99776,0.008031301482701814
2020-01-09 02:29:00,M60/9462B,38.0,98.16974,0.008210224970967132
2020-01-09 02:44:00,M60/9462B,28.0,96.5604,0.006150466776496431
2020-01-09 02:59:00,M60/9462B,34.0,101.38842,0.0071127847075128795
2020-01-09 03:14:00,M60/9462B,29.0,99.77908,0.006164638358930755
2020-01-09 03:29:00,M60/9462B,33.0,101.38842,0.006903585157291912
2020-01-09 03:44:00,M60/9462B,39.0,99.77908,0.008290375724079292
2020-01-09 03:59:00,M60/9462B,46.0,98.16974,0.00993869338590758
2020-01-09 04:14:00,M60/9462B,51.0,101.38842,0.01066917706126932
2020-01-09 04:29:00,M60/9462B,54.0,101.38842,0.01129677571193222
2020-01-09 04:44:00,M60/9462B,92.0,106.21644,0.01837152413758674
2020-01-09 04:59:00,M60/9462B,81.0,104.6071,0.016423773919655302
2020-01-09 05:14:00,M60/9462B,102.0,102.99776,0.021004942339373972
2020-01-09 05:29:00,M60/9462B,131.0,106.21644,0.026159452848085466
2020-01-09 05:44:00,M60/9462B,208.0,109.43512,0.040313983913169885
2020-01-09 05:59:00,M60/9462B,246.0,109.43512,0.04767903866653746
2020-01-09 06:14:00,M60/9462B,335.0,111.04446,0.063987775469761
2020-01-09 06:29:00,M60/9462B,423.0,112.6538,0.07964226876912214
2020-01-09 06:44:00,M60/9462B,592.0,111.04446,0.11307690471074183
2020-01-09 06:59:00,M60/9462B,652.0,112.6538,0.12275829606966346
2020-01-09 07:14:00,M60/9462B,797.0,111.04446,0.1522336031325359
2020-01-09 07:29:00,M60/9462B,958.0,109.43512,0.1856769066770036
2020-01-09 07:44:00,M60/9462B,1001.0,109.43512,0.19401104758213006
2020-01-09 07:59:00,M60/9462B,1003.0,107.82578,0.1973001549091446
2020-01-09 08:14:00,M60/9462B,958.0,109.43512,0.1856769066770036
2020-01-09 08:29:00,M60/9462B,986.0,107.82578,0.1939560844869557
2020-01-09 08:44:00,M60/9462B,1014.0,107.82578,0.19946396518232562
2020-01-09 08:59:00,M60/9462B,892.0,107.82578,0.17546534215249945
2020-01-09 09:14:00,M60/9462B,766.0,109.43512,0.14846399844946218
2020-01-09 09:29:00,M60/9462B,786.0,107.82578,0.15461407952002756
2020-01-09 09:44:00,M60/9462B,728.0,107.82578,0.1432048980796184
2020-01-09 09:59:00,M60/9462B,624.0,106.21644,0.12460685936797962
2020-01-09 10:14:00,M60/9462B,528.0,106.21644,0.10543657331136738
2020-01-09 10:29:00,M60/9462B,494.0,109.43512,0.09574571179377847
2020-01-09 10:44:00,M60/9462B,508.0,107.82578,0.09992869261599745
2020-01-09 10:59:00,M60/9462B,549.0,106.21644,0.10963007338625132
2020-01-09 11:14:00,M60/9462B,486.0,106.21644,0.09704957316159953
2020-01-09 11:29:00,M60/9462B,519.0,107.82578,0.1020925028891785
2020-01-09 11:44:00,M60/9462B,547.0,107.82578,0.10760038358454845
2020-01-09 11:59:00,M60/9462B,528.0,107.82578,0.10386289311269026
2020-01-09 12:14:00,M60/9462B,527.0,107.82578,0.10366618308785563
2020-01-09 12:29:00,M60/9462B,528.0,107.82578,0.10386289311269026
2020-01-09 12:44:00,M60/9462B,581.0,107.82578,0.11428852442892622
2020-01-09 12:59:00,M60/9462B,569.0,109.43512,0.11028200407016184
2020-01-09 13:14:00,M60/9462B,567.0,107.82578,0.11153458408124126
2020-01-09 13:29:00,M60/9462B,605.0,107.82578,0.1190095650249576
2020-01-09 13:44:00,M60/9462B,577.0,109.43512,0.11183254191297606
2020-01-09 13:59:00,M60/9462B,580.0,107.82578,0.1140918144040916
2020-01-09 14:14:00,M60/9462B,628.0,107.82578,0.12353389559615433
2020-01-09 14:29:00,M60/9462B,657.0,109.43512,0.12733792034111835
2020-01-09 14:44:00,M60/9462B,719.0,109.43512,0.1393545886229286
2020-01-09 14:59:00,M60/9462B,736.0,107.82578,0.14477857827829552
2020-01-09 15:14:00,M60/9462B,881.0,107.82578,0.1733015318793184
2020-01-09 15:29:00,M60/9462B,999.0,107.82578,0.19651331480980602
2020-01-09 15:44:00,M60/9462B,1007.0,106.21644,0.20108831311467226
2020-01-09 15:59:00,M60/9462B,1034.0,106.21644,0.20647995606809444
2020-01-09 16:14:00,M60/9462B,1016.0,106.21644,0.20288552743247965
2020-01-09 16:29:00,M60/9462B,1073.0,104.6071,0.21756431377518692
2020-01-09 16:44:00,M60/9462B,1127.0,104.6071,0.22851349638829047
2020-01-09 16:59:00,M60/9462B,930.0,106.21644,0.18571214617343118
2020-01-09 17:14:00,M60/9462B,918.0,107.82578,0.18057980279820013
2020-01-09 17:29:00,M60/9462B,861.0,107.82578,0.1693673313826256
2020-01-09 17:44:00,M60/9462B,898.0,107.82578,0.1766456023015073
2020-01-09 17:59:00,M60/9462B,876.0,107.82578,0.1723179817551452
2020-01-09 18:14:00,M60/9462B,802.0,111.04446,0.1531886445574577
2020-01-09 18:29:00,M60/9462B,836.0,109.43512,0.16203120457408665
2020-01-09 18:44:00,M60/9462B,654.0,111.04446,0.12491941837977223
2020-01-09 18:59:00,M60/9462B,575.0,112.6538,0.10826076723935045
2020-01-09 19:14:00,M60/9462B,477.0,112.6538,0.08980936690986113
2020-01-09 19:29:00,M60/9462B,483.0,112.6538,0.09093904448105437
2020-01-09 19:44:00,M60/9462B,409.0,114.26313999999999,0.0759217578949811
2020-01-09 19:59:00,M60/9462B,360.0,112.6538,0.06778065427159331
2020-01-09 20:14:00,M60/9462B,349.0,111.04446,0.06666189145954207
2020-01-09 20:29:00,M60/9462B,414.0,111.04446,0.07907742998352554
2020-01-09 20:44:00,M60/9462B,335.0,112.6538,0.06307366439162156
2020-01-09 20:59:00,M60/9462B,259.0,114.26313999999999,0.048077592407824214
2020-01-09 21:14:00,M60/9462B,268.0,112.6538,0.05045893151329725
2020-01-09 21:29:00,M60/9462B,271.0,111.04446,0.05176324523076189
2020-01-09 21:44:00,M60/9462B,223.0,111.04446,0.042594847551512556
2020-01-09 21:59:00,M60/9462B,198.0,112.6538,0.037279359849376324
2020-01-09 22:14:00,M60/9462B,233.0,111.04446,0.04450493040135617
2020-01-09 22:29:00,M60/9462B,237.0,111.04446,0.04526896354129361
2020-01-09 22:44:00,M60/9462B,260.0,107.82578,0.05114460645700657
2020-01-09 22:59:00,M60/9462B,183.0,114.26313999999999,0.033969881894331394
2020-01-09 23:14:00,M60/9462B,182.0,111.04446,0.03476350786715374
2020-01-09 23:29:00,M60/9462B,175.0,112.6538,0.032948929159802305
2020-01-09 23:44:00,M60/9462B,140.0,111.04446,0.02674115989781057
2020-01-09 23:59:00,M60/9462B,108.0,109.43512,0.020932260877992055
2020-01-10 00:14:00,M60/9462B,86.0,109.43512,0.016668281810252934
2020-01-10 00:29:00,M60/9462B,88.0,106.21644,0.01757276221856123
2020-01-10 00:44:00,M60/9462B,53.0,109.43512,0.01027231320864425
2020-01-10 00:59:00,M60/9462B,57.0,109.43512,0.011047582130051362
2020-01-10 01:14:00,M60/9462B,68.0,106.21644,0.013578952623433678
2020-01-10 01:29:00,M60/9462B,70.0,107.82578,0.013769701738424848
2020-01-10 01:44:00,M60/9462B,56.0,106.21644,0.011182666866357145
2020-01-10 01:59:00,M60/9462B,32.0,102.99776,0.006589785831960461
2020-01-10 02:14:00,M60/9462B,54.0,101.38842,0.01129677571193222
2020-01-10 02:29:00,M60/9462B,47.0,104.6071,0.009529844126219744
2020-01-10 02:44:00,M60/9462B,32.0,106.21644,0.006390095352204085
2020-01-10 02:59:00,M60/9462B,37.0,104.6071,0.0075022177163857565
2020-01-10 03:14:00,M60/9462B,37.0,102.99776,0.007619439868204284
2020-01-10 03:29:00,M60/9462B,46.0,102.99776,0.009472817133443164
2020-01-10 03:44:00,M60/9462B,39.0,104.6071,0.007907742998352554
2020-01-10 03:59:00,M60/9462B,44.0,101.38842,0.00920478020972255
2020-01-10 04:14:00,M60/9462B,58.0,104.6071,0.011760233177037132
2020-01-10 04:29:00,M60/9462B,78.0,101.38842,0.01631756491723543
2020-01-10 04:44:00,M60/9462B,82.0,102.99776,0.016886326194398685
2020-01-10 04:59:00,M60/9462B,90.0,106.21644,0.017972143178073986
2020-01-10 05:14:00,M60/9462B,125.0,107.82578,0.02458875310433008
2020-01-10 05:29:00,M60/9462B,141.0,106.21644,0.028156357645649246
2020-01-10 05:44:00,M60/9462B,223.0,111.04446,0.042594847551512556
2020-01-10 05:59:00,M60/9462B,248.0,111.04446,0.04737005467612158
2020-01-10 06:14:00,M60/9462B,289.0,111.04446,0.055201394360480396
2020-01-10 06:29:00,M60/9462B,426.0,111.04446,0.08136952940333787
2020-01-10 06:44:00,M60/9462B,563.0,112.6538,0.106001412096964
2020-01-10 06:59:00,M60/9462B,622.0,111.04446,0.11880715326027268
2020-01-10 07:14:00,M60/9462B,689.0,111.04446,0.1316047083542249
2020-01-10 07:29:00,M60/9462B,915.0,109.43512,0.17734276577187713
2020-01-10 07:44:00,M60/9462B,985.0,107.82578,0.19375937446212105
2020-01-10 07:59:00,M60/9462B,964.0,109.43512,0.1868398100591143
2020-01-10 08:14:00,M60/9462B,933.0,107.82578,0.18353045317071973
2020-01-10 08:29:00,M60/9462B,1013.0,109.43512,0.1963368543463514
2020-01-10 08:44:00,M60/9462B,853.0,111.04446,0.1629300670916601
2020-01-10 08:59:00,M60/9462B,705.0,111.04446,0.13466084091397465
2020-01-10 09:14:00,M60/9462B,672.0,111.04446,0.12835756750949073
2020-01-10 09:29:00,M60/9462B,658.0,111.04446,0.1256834515197097
2020-01-10 09:44:00,M60/9462B,659.0,107.82578,0.1296319063660282
2020-01-10 09:59:00,M60/9462B,552.0,109.43512,0.10698711115418161
2020-01-10 10:14:00,M60/9462B,510.0,109.43512,0.09884678747940692
2020-01-10 10:29:00,M60/9462B,559.0,107.82578,0.10996090388256413
2020-01-10 10:44:00,M60/9462B,528.0,107.82578,0.10386289311269026
2020-01-10 10:59:00,M60/9462B,526.0,107.82578,0.10346947306302098
2020-01-10 11:14:00,M60/9462B,579.0,107.82578,0.11389510437925694
2020-01-10 11:29:00,M60/9462B,548.0,109.43512,0.10621184223277451
2020-01-10 11:44:00,M60/9462B,622.0,107.82578,0.1223536354471465
2020-01-10 11:59:00,M60/9462B,627.0,107.82578,0.12333718557131969
2020-01-10 12:14:00,M60/9462B,583.0,109.43512,0.11299544529508673
2020-01-10 12:29:00,M60/9462B,619.0,109.43512,0.11997286558775076
2020-01-10 12:44:00,M60/9462B,630.0,109.43512,0.12210485512162032
2020-01-10 12:59:00,M60/9462B,691.0,109.43512,0.13392770617307878
2020-01-10 13:14:00,M60/9462B,682.0,111.04446,0.13026765035933435
2020-01-10 13:29:00,M60/9462B,703.0,111.04446,0.13427882434400593
2020-01-10 13:44:00,M60/9462B,720.0,109.43512,0.13954840585328038
2020-01-10 13:59:00,M60/9462B,723.0,111.04446,0.13809899004369314
2020-01-10 14:14:00,M60/9462B,758.0,109.43512,0.14691346060664795
2020-01-10 14:29:00,M60/9462B,809.0,109.43512,0.15679813935458864
2020-01-10 14:44:00,M60/9462B,844.0,109.43512,0.16358174241690088
2020-01-10 14:59:00,M60/9462B,832.0,111.04446,0.15891889310698853
2020-01-10 15:14:00,M60/9462B,956.0,109.43512,0.18528927221630004
2020-01-10 15:29:00,M60/9462B,1035.0,107.82578,0.2035948757038531
2020-01-10 15:44:00,M60/9462B,988.0,109.43512,0.19149142358755694
2020-01-10 15:59:00,M60/9462B,1004.0,109.43512,0.1945924992731854
2020-01-10 16:14:00,M60/9462B,1010.0,107.82578,0.19867712508298707
2020-01-10 16:29:00,M60/9462B,933.0,107.82578,0.18353045317071973
2020-01-10 16:44:00,M60/9462B,952.0,104.6071,0.1930300342161957
2020-01-10 16:59:00,M60/9462B,1000.0,104.6071,0.20276264098339883
2020-01-10 17:14:00,M60/9462B,946.0,106.21644,0.18890719384953325
2020-01-10 17:29:00,M60/9462B,888.0,109.43512,0.17210970055237912
2020-01-10 17:44:00,M60/9462B,840.0,109.43512,0.16280647349549376
2020-01-10 17:59:00,M60/9462B,776.0,109.43512,0.15040217075297996
2020-01-10 18:14:00,M60/9462B,788.0,107.82578,0.15500749956969684
2020-01-10 18:29:00,M60/9462B,692.0,111.04446,0.13217773320917794
2020-01-10 18:44:00,M60/9462B,560.0,112.6538,0.10543657331136738
2020-01-10 18:59:00,M60/9462B,551.0,112.6538,0.10374205695457754
2020-01-10 19:14:00,M60/9462B,513.0,112.6538,0.09658743233702047
2020-01-10 19:29:00,M60/9462B,483.0,112.6538,0.09093904448105437
2020-01-10 19:44:00,M60/9462B,416.0,112.6538,0.07832431160273005
2020-01-10 19:59:00,M60/9462B,350.0,112.6538,0.06589785831960461
2020-01-10 20:14:00,M60/9462B,383.0,112.6538,0.07211108496116733
2020-01-10 20:29:00,M60/9462B,364.0,112.6538,0.0685337726523888
2020-01-10 20:44:00,M60/9462B,338.0,112.6538,0.06363850317721817
2020-01-10 20:59:00,M60/9462B,279.0,111.04446,0.053291311510636784
2020-01-10 21:14:00,M60/9462B,263.0,112.6538,0.04951753353730289
2020-01-10 21:29:00,M60/9462B,234.0,112.6538,0.04405742527653566
2020-01-10 21:44:00,M60/9462B,197.0,114.26313999999999,0.0365686706731327
2020-01-10 21:59:00,M60/9462B,247.0,114.26313999999999,0.04585005916885167
2020-01-10 22:14:00,M60/9462B,245.0,111.04446,0.0467970298211685
2020-01-10 22:29:00,M60/9462B,228.0,112.6538,0.04292774770534243
2020-01-10 22:44:00,M60/9462B,209.0,111.04446,0.03992073156173149
2020-01-10 22:59:00,M60/9462B,193.0,112.6538,0.03633796187338197
2020-01-10 23:14:00,M60/9462B,188.0,112.6538,0.03539656389738762
2020-01-10 23:29:00,M60/9462B,199.0,114.26313999999999,0.036939926212961466
2020-01-10 23:44:00,M60/9462B,198.0,112.6538,0.037279359849376324
2020-01-10 23:59:00,M60/9462B,161.0,114.26313999999999,0.029886070956215052
2020-01-11 00:14:00,M60/9462B,137.0,111.04446,0.026168135042857484
2020-01-11 00:29:00,M60/9462B,134.0,112.6538,0.025229465756648625
2020-01-11 00:44:00,M60/9462B,96.0,109.43512,0.018606454113770717
2020-01-11 00:59:00,M60/9462B,106.0,111.04446,0.020246878208342287
2020-01-11 01:14:00,M60/9462B,85.0,111.04446,0.016235704223670704
2020-01-11 01:29:00,M60/9462B,72.0,109.43512,0.013954840585328036
2020-01-11 01:44:00,M60/9462B,70.0,112.6538,0.013179571663920923
2020-01-11 01:59:00,M60/9462B,63.0,112.6538,0.01186161449752883
2020-01-11 02:14:00,M60/9462B,59.0,107.82578,0.011605891465243798
2020-01-11 02:29:00,M60/9462B,46.0,102.99776,0.009472817133443164
2020-01-11 02:44:00,M60/9462B,41.0,109.43512,0.00794650644442291
2020-01-11 02:59:00,M60/9462B,48.0,106.21644,0.009585143028306126
2020-01-11 03:14:00,M60/9462B,36.0,102.99776,0.00741350906095552
2020-01-11 03:29:00,M60/9462B,42.0,106.21644,0.00838700014976786
2020-01-11 03:44:00,M60/9462B,48.0,101.38842,0.010041578410606418
2020-01-11 03:59:00,M60/9462B,41.0,104.6071,0.008313268280319351
2020-01-11 04:14:00,M60/9462B,47.0,104.6071,0.009529844126219744
2020-01-11 04:29:00,M60/9462B,49.0,104.6071,0.009935369408186541
2020-01-11 04:44:00,M60/9462B,62.0,104.6071,0.012571283740970728
2020-01-11 04:59:00,M60/9462B,79.0,102.99776,0.016268533772652388
2020-01-11 05:14:00,M60/9462B,85.0,106.21644,0.0169736907792921
2020-01-11 05:29:00,M60/9462B,85.0,107.82578,0.016720352110944456
2020-01-11 05:44:00,M60/9462B,104.0,109.43512,0.020156991956584942
2020-01-11 05:59:00,M60/9462B,108.0,109.43512,0.020932260877992055
2020-01-11 06:14:00,M60/9462B,98.0,109.43512,0.018994088574474273
2020-01-11 06:29:00,M60/9462B,131.0,107.82578,0.025769013253337924
2020-01-11 06:44:00,M60/9462B,194.0,112.6538,0.03652624146858084
2020-01-11 06:59:00,M60/9462B,169.0,114.26313999999999,0.03137109311553009
2020-01-11 07:14:00,M60/9462B,185.0,111.04446,0.03533653272210682
2020-01-11 07:29:00,M60/9462B,249.0,114.26313999999999,0.046221314708680426
2020-01-11 07:44:00,M60/9462B,238.0,111.04446,0.045459971826277965
2020-01-11 07:59:00,M60/9462B,242.0,112.6538,0.04556366203812662
2020-01-11 08:14:00,M60/9462B,265.0,114.26313999999999,0.04919135902731049
2020-01-11 08:29:00,M60/9462B,354.0,114.26313999999999,0.06571223054969025
2020-01-11 08:44:00,M60/9462B,350.0,111.04446,0.06685289974452642
2020-01-11 08:59:00,M60/9462B,321.0,112.6538,0.06043775005883737
2020-01-11 09:14:00,M60/9462B,387.0,114.26313999999999,0.07183794695686475
2020-01-11 09:29:00,M60/9462B,420.0,114.26313999999999,0.07796366336403927
2020-01-11 09:44:00,M60/9462B,433.0,114.26313999999999,0.0803768243729262
2020-01-11 09:59:00,M60/9462B,450.0,114.26313999999999,0.08353249646147064
2020-01-11 10:14:00,M60/9462B,482.0,114.26313999999999,0.08947258509873078
2020-01-11 10:29:00,M60/9462B,520.0,114.26313999999999,0.0965264403554772
2020-01-11 10:44:00,M60/9462B,524.0,112.6538,0.09865850788420805
2020-01-11 10:59:00,M60/9462B,543.0,114.26313999999999,0.10079587906350791
2020-01-11 11:14:00,M60/9462B,520.0,112.6538,0.09790538950341257
2020-01-11 11:29:00,M60/9462B,546.0,112.6538,0.10280065897858319
2020-01-11 11:44:00,M60/9462B,549.0,112.6538,0.1033654977641798
2020-01-11 11:59:00,M60/9462B,581.0,111.04446,0.11097581357591386
2020-01-11 12:14:00,M60/9462B,586.0,114.26313999999999,0.1087778731698262
2020-01-11 12:29:00,M60/9462B,632.0,112.6538,0.11899270416568605
2020-01-11 12:44:00,M60/9462B,617.0,114.26313999999999,0.11453233403717197
2020-01-11 12:59:00,M60/9462B,652.0,112.6538,0.12275829606966346
2020-01-11 13:14:00,M60/9462B,619.0,114.26313999999999,0.11490358957700074
2020-01-11 13:29:00,M60/9462B,654.0,112.6538,0.1231348552600612
2020-01-11 13:44:00,M60/9462B,605.0,112.6538,0.11390915509531654
2020-01-11 13:59:00,M60/9462B,617.0,111.04446,0.11785211183535087
2020-01-11 14:14:00,M60/9462B,684.0,111.04446,0.13064966692930308
2020-01-11 14:29:00,M60/9462B,632.0,112.6538,0.11899270416568605
2020-01-11 14:44:00,M60/9462B,625.0,112.6538,0.11767474699929395
2020-01-11 14:59:00,M60/9462B,612.0,111.04446,0.11689707041042906
2020-01-11 15:14:00,M60/9462B,559.0,112.6538,0.10524829371616852
2020-01-11 15:29:00,M60/9462B,538.0,112.6538,0.10129442221699224
2020-01-11 15:44:00,M60/9462B,578.0,112.6538,0.10882560602494705
2020-01-11 15:59:00,M60/9462B,558.0,112.6538,0.10506001412096964
2020-01-11 16:14:00,M60/9462B,570.0,112.6538,0.10731936926335608
2020-01-11 16:29:00,M60/9462B,616.0,107.82578,0.12117337529813864
2020-01-11 16:44:00,M60/9462B,547.0,109.43512,0.10601802500242273
2020-01-11 16:59:00,M60/9462B,535.0,109.43512,0.10369221823820138
2020-01-11 17:14:00,M60/9462B,547.0,106.21644,0.10923069242673855
2020-01-11 17:29:00,M60/9462B,525.0,111.04446,0.10027934961678964
2020-01-11 17:44:00,M60/9462B,596.0,109.43512,0.11551506928965986
2020-01-11 17:59:00,M60/9462B,585.0,109.43512,0.11338307975579029
2020-01-11 18:14:00,M60/9462B,541.0,104.6071,0.10969458877201875
2020-01-11 18:29:00,M60/9462B,509.0,101.38842,0.10648257106247222
2020-01-11 18:44:00,M60/9462B,478.0,94.95106,0.10677686873481698
2020-01-11 18:59:00,M60/9462B,440.0,98.16974,0.0950657628217247
2020-01-11 19:14:00,M60/9462B,365.0,101.38842,0.07635783583065298
2020-01-11 19:29:00,M60/9462B,358.0,101.38842,0.0748934389791062
2020-01-11 19:44:00,M60/9462B,316.0,102.99776,0.06507413509060955
2020-01-11 19:59:00,M60/9462B,272.0,101.38842,0.056902277660103036
2020-01-11 20:14:00,M60/9462B,246.0,106.21644,0.0491238580200689
2020-01-11 20:29:00,M60/9462B,296.0,101.38842,0.061923066865406245
2020-01-11 20:44:00,M60/9462B,277.0,102.99776,0.057042833607907746
2020-01-11 20:59:00,M60/9462B,249.0,101.38842,0.05209068800502079
2020-01-11 21:14:00,M60/9462B,204.0,104.6071,0.041363578760613355
2020-01-11 21:29:00,M60/9462B,244.0,102.99776,0.050247116968698526
2020-01-11 21:44:00,M60/9462B,221.0,106.21644,0.04413159602615945
2020-01-11 21:59:00,M60/9462B,222.0,107.82578,0.043669625513290226
2020-01-11 22:14:00,M60/9462B,192.0,109.43512,0.03721290822754143
2020-01-11 22:29:00,M60/9462B,221.0,107.82578,0.04347291548845558
2020-01-11 22:44:00,M60/9462B,211.0,106.21644,0.04213469122859568
2020-01-11 22:59:00,M60/9462B,191.0,106.21644,0.03814088163346812
2020-01-11 23:14:00,M60/9462B,191.0,109.43512,0.037019090997189655
2020-01-11 23:29:00,M60/9462B,174.0,107.82578,0.034227544321227474
2020-01-11 23:44:00,M60/9462B,186.0,107.82578,0.03658806461924316
2020-01-11 23:59:00,M60/9462B,172.0,109.43512,0.03333656362050587
2020-01-12 00:14:00,M60/9462B,148.0,109.43512,0.028684950092063184
2020-01-12 00:29:00,M60/9462B,160.0,111.04446,0.030561325597497795
2020-01-12 00:44:00,M60/9462B,145.0,109.43512,0.028103498401007853
2020-01-12 00:59:00,M60/9462B,133.0,111.04446,0.02540410190292004
2020-01-12 01:14:00,M60/9462B,115.0,111.04446,0.021965952773201538
2020-01-12 01:29:00,M60/9462B,109.0,109.43512,0.021126078108343833
2020-01-12 01:44:00,M60/9462B,91.0,111.04446,0.01738175393357687
2020-01-12 01:59:00,M60/9462B,66.0,111.04446,0.01260654680896784
2020-01-12 02:14:00,M60/9462B,46.0,106.21644,0.00918576206879337
2020-01-12 02:29:00,M60/9462B,61.0,112.6538,0.01148505530713109
2020-01-12 02:44:00,M60/9462B,60.0,106.21644,0.011981428785382657
2020-01-12 02:59:00,M60/9462B,36.0,106.21644,0.007188857271229595
2020-01-12 03:14:00,M60/9462B,37.0,111.04446,0.0070673065444213645
2020-01-12 03:29:00,M60/9462B,45.0,90.12304,0.010590727229936456
2020-01-12 03:44:00,M60/9462B,42.0,94.95106,0.009382067964147098
2020-01-12 03:59:00,M60/9462B,46.0,109.43512,0.008915592596181802
2020-01-12 04:14:00,M60/9462B,53.0,106.21644,0.010583595427088014
2020-01-12 04:29:00,M60/9462B,71.0,102.99776,0.014621087314662273
2020-01-12 04:44:00,M60/9462B,68.0,106.21644,0.013578952623433678
2020-01-12 04:59:00,M60/9462B,47.0,106.21644,0.009385452548549748
2020-01-12 05:14:00,M60/9462B,66.0,107.82578,0.012982861639086282
2020-01-12 05:29:00,M60/9462B,73.0,107.82578,0.01435983181292877
2020-01-12 05:44:00,M60/9462B,87.0,111.04446,0.016617720793639424
2020-01-12 05:59:00,M60/9462B,74.0,109.43512,0.014342475046031592
2020-01-12 06:14:00,M60/9462B,76.0,111.04446,0.014516629658811451
2020-01-12 06:29:00,M60/9462B,99.0,109.43512,0.01918790580482605
2020-01-12 06:44:00,M60/9462B,118.0,111.04446,0.022538977628154624
2020-01-12 06:59:00,M60/9462B,95.0,112.6538,0.017886561543892683
2020-01-12 07:14:00,M60/9462B,155.0,111.04446,0.02960628417257599
2020-01-12 07:29:00,M60/9462B,153.0,111.04446,0.029224267602607264
2020-01-12 07:44:00,M60/9462B,148.0,107.82578,0.029113083675526816
2020-01-12 07:59:00,M60/9462B,131.0,107.82578,0.025769013253337924
2020-01-12 08:14:00,M60/9462B,177.0,104.6071,0.03588898745406159
2020-01-12 08:29:00,M60/9462B,188.0,104.6071,0.038119376504878975
2020-01-12 08:44:00,M60/9462B,209.0,102.99776,0.04303953871499176
2020-01-12 08:59:00,M60/9462B,218.0,106.21644,0.04353252458689032
2020-01-12 09:14:00,M60/9462B,263.0,107.82578,0.05173473653151049
2020-01-12 09:29:00,M60/9462B,233.0,107.82578,0.04583343578647127
2020-01-12 09:44:00,M60/9462B,279.0,111.04446,0.053291311510636784
2020-01-12 09:59:00,M60/9462B,306.0,111.04446,0.05844853520521453
2020-01-12 10:14:00,M60/9462B,339.0,111.04446,0.06475180860969845
2020-01-12 10:29:00,M60/9462B,331.0,111.04446,0.06322374232982357
2020-01-12 10:44:00,M60/9462B,394.0,111.04446,0.07525726428383832
2020-01-12 10:59:00,M60/9462B,415.0,111.04446,0.0792684382685099
2020-01-12 11:14:00,M60/9462B,406.0,112.6538,0.07644151565074135
2020-01-12 11:29:00,M60/9462B,437.0,112.6538,0.08227818310190634
2020-01-12 11:44:00,M60/9462B,475.0,111.04446,0.09072893536757157
2020-01-12 11:59:00,M60/9462B,460.0,112.6538,0.08660861379148035
2020-01-12 12:14:00,M60/9462B,539.0,112.6538,0.10148270181219111
2020-01-12 12:29:00,M60/9462B,499.0,111.04446,0.09531313420719624
2020-01-12 12:44:00,M60/9462B,531.0,111.04446,0.1014253993266958
2020-01-12 12:59:00,M60/9462B,467.0,111.04446,0.08920086908769669
2020-01-12 13:14:00,M60/9462B,473.0,112.6538,0.08905624852906566
2020-01-12 13:29:00,M60/9462B,496.0,112.6538,0.09338667921863968
2020-01-12 13:44:00,M60/9462B,476.0,112.6538,0.08962108731466227
2020-01-12 13:59:00,M60/9462B,478.0,112.6538,0.08999764650506002
2020-01-12 14:14:00,M60/9462B,609.0,107.82578,0.11979640512429617
2020-01-12 14:29:00,M60/9462B,564.0,109.43512,0.10931291791840296
2020-01-12 14:44:00,M60/9462B,552.0,111.04446,0.10543657331136738
2020-01-12 14:59:00,M60/9462B,505.0,112.6538,0.09508119557542952
2020-01-12 15:14:00,M60/9462B,491.0,111.04446,0.09378506792732134
2020-01-12 15:29:00,M60/9462B,567.0,112.6538,0.10675453047775947
2020-01-12 15:44:00,M60/9462B,592.0,109.43512,0.11473980036825274
2020-01-12 15:59:00,M60/9462B,558.0,111.04446,0.10658262302127357
2020-01-12 16:14:00,M60/9462B,508.0,112.6538,0.09564603436102613
2020-01-12 16:29:00,M60/9462B,557.0,109.43512,0.10795619730594051
2020-01-12 16:44:00,M60/9462B,570.0,109.43512,0.11047582130051363
2020-01-12 16:59:00,M60/9462B,554.0,111.04446,0.10581858988133612
2020-01-12 17:14:00,M60/9462B,489.0,111.04446,0.09340305135735263
2020-01-12 17:29:00,M60/9462B,522.0,111.04446,0.09970632476183657
2020-01-12 17:44:00,M60/9462B,445.0,112.6538,0.08378441986349729
2020-01-12 17:59:00,M60/9462B,434.0,111.04446,0.08289759568321277
2020-01-12 18:14:00,M60/9462B,429.0,112.6538,0.08077194634031537
2020-01-12 18:29:00,M60/9462B,389.0,112.6538,0.07324076253236056
2020-01-12 18:44:00,M60/9462B,409.0,112.6538,0.07700635443633796
2020-01-12 18:59:00,M60/9462B,376.0,112.6538,0.07079312779477524
2020-01-12 19:14:00,M60/9462B,354.0,112.6538,0.0666509767004001
2020-01-12 19:29:00,M60/9462B,412.0,112.6538,0.07757119322193458
2020-01-12 19:44:00,M60/9462B,356.0,111.04446,0.06799894945443259
2020-01-12 19:59:00,M60/9462B,355.0,111.04446,0.06780794116944823
2020-01-12 20:14:00,M60/9462B,325.0,112.6538,0.06119086843963286
2020-01-12 20:29:00,M60/9462B,335.0,112.6538,0.06307366439162156
2020-01-12 20:44:00,M60/9462B,269.0,112.6538,0.05064721110849612
2020-01-12 20:59:00,M60/9462B,237.0,112.6538,0.044622264062132266
2020-01-12 21:14:00,M60/9462B,271.0,112.6538,0.05102377029889386
2020-01-12 21:29:00,M60/9462B,248.0,112.6538,0.04669333960931984
2020-01-12 21:44:00,M60/9462B,268.0,112.6538,0.05045893151329725
2020-01-12 21:59:00,M60/9462B,249.0,111.04446,0.047561062961105946
2020-01-12 22:14:00,M60/9462B,200.0,114.26313999999999,0.03712555398287584
2020-01-12 22:29:00,M60/9462B,211.0,111.04446,0.04030274813170021
2020-01-12 22:44:00,M60/9462B,209.0,111.04446,0.03992073156173149
2020-01-12 22:59:00,M60/9462B,185.0,114.26313999999999,0.03434113743416015
2020-01-12 23:14:00,M60/9462B,163.0,112.6538,0.030689574017415865
2020-01-12 23:29:00,M60/9462B,169.0,114.26313999999999,0.03137109311553009
2020-01-12 23:44:00,M60/9462B,163.0,115.87248,0.029837085850265427
2020-01-12 23:59:00,M60/9462B,119.0,111.04446,0.022729985913138982
2020-01-13 00:14:00,M60/9462B,104.0,111.04446,0.019864861638373567
2020-01-13 00:29:00,M60/9462B,93.0,111.04446,0.017763770503545592
2020-01-13 00:44:00,M60/9462B,70.0,107.82578,0.013769701738424848
2020-01-13 00:59:00,M60/9462B,70.0,112.6538,0.013179571663920923
2020-01-13 01:14:00,M60/9462B,61.0,109.43512,0.011822851051458475
2020-01-13 01:29:00,M60/9462B,53.0,112.6538,0.009978818545540127
2020-01-13 01:44:00,M60/9462B,46.0,107.82578,0.00904866114239347
2020-01-13 01:59:00,M60/9462B,31.0,102.99776,0.006383855024711697
2020-01-13 02:14:00,M60/9462B,36.0,106.21644,0.007188857271229595
2020-01-13 02:29:00,M60/9462B,29.0,106.21644,0.005791023912934951
2020-01-13 02:44:00,M60/9462B,45.0,106.21644,0.008986071589036993
2020-01-13 02:59:00,M60/9462B,34.0,106.21644,0.006789476311716839
2020-01-13 03:14:00,M60/9462B,34.0,104.6071,0.0068939297934355595
2020-01-13 03:29:00,M60/9462B,28.0,101.38842,0.005857587406187077
2020-01-13 03:44:00,M60/9462B,40.0,102.99776,0.008237232289950578
2020-01-13 03:59:00,M60/9462B,50.0,104.6071,0.010138132049169942
2020-01-13 04:14:00,M60/9462B,42.0,102.99776,0.008649093904448107
2020-01-13 04:29:00,M60/9462B,78.0,104.6071,0.015815485996705108
2020-01-13 04:44:00,M60/9462B,92.0,102.99776,0.01894563426688633
2020-01-13 04:59:00,M60/9462B,111.0,104.6071,0.02250665314915727
2020-01-13 05:14:00,M60/9462B,114.0,104.6071,0.023114941072107466
2020-01-13 05:29:00,M60/9462B,167.0,107.82578,0.03285057414738499
2020-01-13 05:44:00,M60/9462B,231.0,109.43512,0.044771780211260784
2020-01-13 05:59:00,M60/9462B,303.0,109.43512,0.05872662079658882
2020-01-13 06:14:00,M60/9462B,383.0,109.43512,0.07423199922473109
2020-01-13 06:29:00,M60/9462B,470.0,111.04446,0.08977389394264977
2020-01-13 06:44:00,M60/9462B,589.0,111.04446,0.11250387985578876
2020-01-13 06:59:00,M60/9462B,625.0,111.04446,0.11938017811522576
2020-01-13 07:14:00,M60/9462B,778.0,111.04446,0.14860444571783302
2020-01-13 07:29:00,M60/9462B,873.0,109.43512,0.16920244209710245
2020-01-13 07:44:00,M60/9462B,947.0,109.43512,0.18354491714313403
2020-01-13 07:59:00,M60/9462B,909.0,111.04446,0.17362653105078435
2020-01-13 08:14:00,M60/9462B,880.0,111.04446,0.16808729078623785
2020-01-13 08:29:00,M60/9462B,1040.0,109.43512,0.2015699195658494
2020-01-13 08:44:00,M60/9462B,880.0,111.04446,0.16808729078623785
2020-01-13 08:59:00,M60/9462B,675.0,112.6538,0.12708872675923746
2020-01-13 09:14:00,M60/9462B,670.0,112.6538,0.1261473287832431
2020-01-13 09:29:00,M60/9462B,659.0,109.43512,0.12772555480182188
2020-01-13 09:44:00,M60/9462B,650.0,109.43512,0.12598119972865587
2020-01-13 09:59:00,M60/9462B,567.0,109.43512,0.10989436960945828
2020-01-13 10:14:00,M60/9462B,547.0,109.43512,0.10601802500242273
2020-01-13 10:29:00,M60/9462B,502.0,109.43512,0.0972962496365927
2020-01-13 10:44:00,M60/9462B,559.0,106.21644,0.11162697818381509
2020-01-13 10:59:00,M60/9462B,507.0,107.82578,0.09973198259116281
2020-01-13 11:14:00,M60/9462B,493.0,109.43512,0.09555189456342669
2020-01-13 11:29:00,M60/9462B,501.0,107.82578,0.09855172244215497
2020-01-13 11:44:00,M60/9462B,521.0,107.82578,0.10248592293884778
2020-01-13 11:59:00,M60/9462B,543.0,107.82578,0.10681354348520988
2020-01-13 12:14:00,M60/9462B,548.0,109.43512,0.10621184223277451
2020-01-13 12:29:00,M60/9462B,564.0,107.82578,0.11094445400673734
2020-01-13 12:44:00,M60/9462B,578.0,107.82578,0.11369839435442229
2020-01-13 12:59:00,M60/9462B,596.0,107.82578,0.11723917480144583
2020-01-13 13:14:00,M60/9462B,573.0,109.43512,0.11105727299156896
2020-01-13 13:29:00,M60/9462B,593.0,107.82578,0.11664904472694192
2020-01-13 13:44:00,M60/9462B,625.0,107.82578,0.12294376552165041
2020-01-13 13:59:00,M60/9462B,524.0,109.43512,0.10156022870433183
2020-01-13 14:14:00,M60/9462B,655.0,106.21644,0.13079726424042734
2020-01-13 14:29:00,M60/9462B,676.0,107.82578,0.13297597678821707
2020-01-13 14:44:00,M60/9462B,654.0,107.82578,0.128648356241855
2020-01-13 14:59:00,M60/9462B,722.0,107.82578,0.14202463793061054
2020-01-13 15:14:00,M60/9462B,769.0,106.21644,0.15356197893265439
2020-01-13 15:29:00,M60/9462B,841.0,104.6071,0.1705233810670384
2020-01-13 15:44:00,M60/9462B,946.0,106.21644,0.18890719384953325
2020-01-13 15:59:00,M60/9462B,950.0,106.21644,0.18970595576855873
2020-01-13 16:14:00,M60/9462B,952.0,102.99776,0.19604612850082373
2020-01-13 16:29:00,M60/9462B,932.0,101.38842,0.19497398080594128
2020-01-13 16:44:00,M60/9462B,930.0,101.38842,0.19455558170549936
2020-01-13 16:59:00,M60/9462B,939.0,102.99776,0.19336902800658978
2020-01-13 17:14:00,M60/9462B,851.0,106.21644,0.16993659827267737
2020-01-13 17:29:00,M60/9462B,735.0,101.38842,0.15376166941241076
2020-01-13 17:44:00,M60/9462B,755.0,91.73238,0.1745715194080754
2020-01-13 17:59:00,M60/9462B,780.0,94.95106,0.17423840504844612
2020-01-13 18:14:00,M60/9462B,724.0,96.5604,0.15903349807797915
2020-01-13 18:29:00,M60/9462B,746.0,99.77908,0.1585800074400808
2020-01-13 18:44:00,M60/9462B,736.0,104.6071,0.14923330376378152
2020-01-13 18:59:00,M60/9462B,562.0,109.43512,0.1089252834576994
2020-01-13 19:14:00,M60/9462B,453.0,109.43512,0.08779920534935556
2020-01-13 19:29:00,M60/9462B,494.0,109.43512,0.09574571179377847
2020-01-13 19:44:00,M60/9462B,370.0,112.6538,0.06966345022358202
2020-01-13 19:59:00,M60/9462B,334.0,109.43512,0.06473495493749394
2020-01-13 20:14:00,M60/9462B,313.0,111.04446,0.05978559320010506
2020-01-13 20:29:00,M60/9462B,347.0,111.04446,0.06627987488957335
2020-01-13 20:44:00,M60/9462B,328.0,111.04446,0.06265071747487047
2020-01-13 20:59:00,M60/9462B,273.0,112.6538,0.051400329489291595
2020-01-13 21:14:00,M60/9462B,246.0,112.6538,0.0463167804189221
2020-01-13 21:29:00,M60/9462B,294.0,112.6538,0.05535420098846787
2020-01-13 21:44:00,M60/9462B,201.0,114.26313999999999,0.037311181752790225
2020-01-13 21:59:00,M60/9462B,176.0,112.6538,0.03313720875500118
2020-01-13 22:14:00,M60/9462B,187.0,109.43512,0.03624382207578254
2020-01-13 22:29:00,M60/9462B,224.0,114.26313999999999,0.04158062046082094
2020-01-13 22:44:00,M60/9462B,183.0,112.6538,0.03445516592139327
2020-01-13 22:59:00,M60/9462B,163.0,112.6538,0.030689574017415865
2020-01-13 23:14:00,M60/9462B,150.0,112.6538,0.028241939279830548
2020-01-13 23:29:00,M60/9462B,145.0,111.04446,0.027696201322732376
2020-01-13 23:44:00,M60/9462B,134.0,112.6538,0.025229465756648625
2020-01-13 23:59:00,M60/9462B,125.0,109.43512,0.02422715379397229
2020-01-14 00:14:00,M60/9462B,98.0,107.82578,0.019277582433794783
2020-01-14 00:29:00,M60/9462B,100.0,107.82578,0.019671002483464064
2020-01-14 00:44:00,M60/9462B,78.0,107.82578,0.01534338193710197
2020-01-14 00:59:00,M60/9462B,68.0,109.43512,0.013179571663920923
2020-01-14 01:14:00,M60/9462B,43.0,106.21644,0.008586690629524238
2020-01-14 01:29:00,M60/9462B,38.0,101.38842,0.007949582908396747
2020-01-14 01:44:00,M60/9462B,42.0,106.21644,0.00838700014976786
2020-01-14 01:59:00,M60/9462B,42.0,104.6071,0.00851603092130275
2020-01-14 02:14:00,M60/9462B,40.0,98.16974,0.008642342074702245
2020-01-14 02:29:00,M60/9462B,25.0,101.38842,0.005229988755524177
2020-01-14 02:44:00,M60/9462B,44.0,102.99776,0.009060955518945634
2020-01-14 02:59:00,M60/9462B,24.0,106.21644,0.004792571514153063
2020-01-14 03:14:00,M60/9462B,41.0,104.6071,0.008313268280319351
2020-01-14 03:29:00,M60/9462B,32.0,104.6071,0.006488404511468762
2020-01-14 03:44:00,M60/9462B,40.0,99.77908,0.008502949460594144
2020-01-14 03:59:00,M60/9462B,42.0,99.77908,0.008928096933623852
2020-01-14 04:14:00,M60/9462B,41.0,101.38842,0.008577181559059649
2020-01-14 04:29:00,M60/9462B,69.0,101.38842,0.014434768965246725
2020-01-14 04:44:00,M60/9462B,75.0,102.99776,0.01544481054365733
2020-01-14 04:59:00,M60/9462B,88.0,104.6071,0.017843112406539095
2020-01-14 05:14:00,M60/9462B,113.0,102.99776,0.023270181219110384
2020-01-14 05:29:00,M60/9462B,147.0,104.6071,0.029806108224559622
2020-01-14 05:44:00,M60/9462B,214.0,109.43512,0.041476887295280554
2020-01-14 05:59:00,M60/9462B,237.0,109.43512,0.04593468359337146
2020-01-14 06:14:00,M60/9462B,354.0,111.04446,0.06761693288446387
2020-01-14 06:29:00,M60/9462B,434.0,111.04446,0.08289759568321277
2020-01-14 06:44:00,M60/9462B,551.0,112.6538,0.10374205695457754
2020-01-14 06:59:00,M60/9462B,635.0,111.04446,0.12129026096506935
2020-01-14 07:14:00,M60/9462B,771.0,111.04446,0.14726738772294248
2020-01-14 07:29:00,M60/9462B,929.0,109.43512,0.18005620699680203
2020-01-14 07:44:00,M60/9462B,1019.0,109.43512,0.1974997577284621
2020-01-14 07:59:00,M60/9462B,912.0,107.82578,0.17939954264919228
2020-01-14 08:14:00,M60/9462B,988.0,107.82578,0.194349504536625
2020-01-14 08:29:00,M60/9462B,937.0,109.43512,0.18160674483961625
2020-01-14 08:44:00,M60/9462B,953.0,111.04446,0.18203089559009622
2020-01-14 08:59:00,M60/9462B,746.0,111.04446,0.14249218059833346
2020-01-14 09:14:00,M60/9462B,791.0,109.43512,0.15330942920825663
2020-01-14 09:29:00,M60/9462B,743.0,109.43512,0.14400620215137128
2020-01-14 09:44:00,M60/9462B,699.0,106.21644,0.13958364534970796
2020-01-14 09:59:00,M60/9462B,649.0,106.21644,0.12959912136188909
2020-01-14 10:14:00,M60/9462B,562.0,107.82578,0.11055103395706804
2020-01-14 10:29:00,M60/9462B,516.0,106.21644,0.10304028755429086
2020-01-14 10:44:00,M60/9462B,515.0,106.21644,0.10284059707453447
2020-01-14 10:59:00,M60/9462B,505.0,104.6071,0.1023951336966164
2020-01-14 11:14:00,M60/9462B,487.0,106.21644,0.09724926364135589
2020-01-14 11:29:00,M60/9462B,474.0,106.21644,0.09465328740452299
2020-01-14 11:44:00,M60/9462B,531.0,106.21644,0.10603564475063652
2020-01-14 11:59:00,M60/9462B,543.0,106.21644,0.10843193050771305
2020-01-14 12:14:00,M60/9462B,522.0,104.6071,0.10584209859333418
2020-01-14 12:29:00,M60/9462B,582.0,104.6071,0.11800785705233811
2020-01-14 12:44:00,M60/9462B,546.0,101.38842,0.114222954420648
2020-01-14 12:59:00,M60/9462B,498.0,101.38842,0.10418137601004158
2020-01-14 13:14:00,M60/9462B,565.0,99.77908,0.12010416113089228
2020-01-14 13:29:00,M60/9462B,615.0,96.5604,0.13509060955518945
2020-01-14 13:44:00,M60/9462B,613.0,101.38842,0.1282393242854528
2020-01-14 13:59:00,M60/9462B,553.0,104.6071,0.11212774046381956
2020-01-14 14:14:00,M60/9462B,605.0,102.99776,0.12458813838550248
2020-01-14 14:29:00,M60/9462B,365.0,106.21644,0.07288702511107782
2020-01-14 14:44:00,M60/9462B,608.0,104.6071,0.12327968571790647
2020-01-14 14:59:00,M60/9462B,621.0,102.99776,0.1278830313014827
2020-01-14 15:14:00,M60/9462B,853.0,102.99776,0.17565897858319604
2020-01-14 15:29:00,M60/9462B,954.0,101.38842,0.19957637091080258
2020-01-14 15:44:00,M60/9462B,955.0,104.6071,0.19363832213914586
2020-01-14 15:59:00,M60/9462B,1078.0,104.6071,0.21857812698010393
2020-01-14 16:14:00,M60/9462B,1109.0,102.99776,0.22837726523887977
2020-01-14 16:29:00,M60/9462B,1048.0,101.38842,0.21924112863157347
2020-01-14 16:44:00,M60/9462B,901.0,99.77908,0.1915289365998831
2020-01-14 16:59:00,M60/9462B,862.0,101.38842,0.1803300122904736
2020-01-14 17:14:00,M60/9462B,893.0,102.99776,0.18389621087314661
2020-01-14 17:29:00,M60/9462B,912.0,101.38842,0.19078998980152193
2020-01-14 17:44:00,M60/9462B,938.0,106.21644,0.1873096700114822
2020-01-14 17:59:00,M60/9462B,922.0,106.21644,0.18411462233538017
2020-01-14 18:14:00,M60/9462B,933.0,106.21644,0.1863112176127003
2020-01-14 18:29:00,M60/9462B,825.0,107.82578,0.16228577048857853
2020-01-14 18:44:00,M60/9462B,774.0,109.43512,0.1500145362922764
2020-01-14 18:59:00,M60/9462B,563.0,111.04446,0.10753766444619535
2020-01-14 19:14:00,M60/9462B,498.0,111.04446,0.09512212592221189
2020-01-14 19:29:00,M60/9462B,535.0,111.04446,0.10218943246663324
2020-01-14 19:44:00,M60/9462B,358.0,112.6538,0.06740409508119558
2020-01-14 19:59:00,M60/9462B,334.0,111.04446,0.06379676718477664
2020-01-14 20:14:00,M60/9462B,335.0,112.6538,0.06307366439162156
2020-01-14 20:29:00,M60/9462B,311.0,114.26313999999999,0.057730236443371934
2020-01-14 20:44:00,M60/9462B,302.0,111.04446,0.05768450206527708
2020-01-14 20:59:00,M60/9462B,264.0,114.26313999999999,0.049005731257396115
2020-01-14 21:14:00,M60/9462B,271.0,112.6538,0.05102377029889386
2020-01-14 21:29:00,M60/9462B,262.0,112.6538,0.04932925394210402
2020-01-14 21:44:00,M60/9462B,245.0,114.26313999999999,0.04547880362902291
2020-01-14 21:59:00,M60/9462B,214.0,112.6538,0.040291833372558254
2020-01-14 22:14:00,M60/9462B,207.0,111.04446,0.03953871499176277
2020-01-14 22:29:00,M60/9462B,213.0,112.6538,0.04010355377735938
2020-01-14 22:44:00,M60/9462B,177.0,111.04446,0.033808466442231934
2020-01-14 22:59:00,M60/9462B,167.0,112.6538,0.03144269239821135
2020-01-14 23:14:00,M60/9462B,156.0,115.87248,0.028555738605162
2020-01-14 23:29:00,M60/9462B,140.0,112.6538,0.026359143327841845
2020-01-14 23:44:00,M60/9462B,137.0,109.43512,0.026552960558193627
2020-01-14 23:59:00,M60/9462B,108.0,106.21644,0.021566571813688783
2020-01-15 00:14:00,M60/9462B,95.0,109.43512,0.01841263688341894
2020-01-15 00:29:00,M60/9462B,81.0,111.04446,0.015471671083733258
2020-01-15 00:44:00,M60/9462B,59.0,106.21644,0.011781738305626278
2020-01-15 00:59:00,M60/9462B,45.0,106.21644,0.008986071589036993
2020-01-15 01:14:00,M60/9462B,39.0,114.26313999999999,0.00723948302666079
2020-01-15 01:29:00,M60/9462B,49.0,102.99776,0.010090609555189457
2020-01-15 01:44:00,M60/9462B,32.0,102.99776,0.006589785831960461
2020-01-15 01:59:00,M60/9462B,23.0,101.38842,0.004811589655082243
2020-01-15 02:14:00,M60/9462B,41.0,102.99776,0.008443163097199342
2020-01-15 02:29:00,M60/9462B,30.0,107.82578,0.0059013007450392195
2020-01-15 02:44:00,M60/9462B,35.0,98.16974,0.007562049315364464
2020-01-15 02:59:00,M60/9462B,28.0,101.38842,0.005857587406187077
2020-01-15 03:14:00,M60/9462B,36.0,98.16974,0.00777810786723202
2020-01-15 03:29:00,M60/9462B,37.0,104.6071,0.0075022177163857565
2020-01-15 03:44:00,M60/9462B,35.0,98.16974,0.007562049315364464
2020-01-15 03:59:00,M60/9462B,40.0,101.38842,0.008367982008838683
2020-01-15 04:14:00,M60/9462B,46.0,101.38842,0.009623179310164485
2020-01-15 04:29:00,M60/9462B,70.0,102.99776,0.01441515650741351
2020-01-15 04:44:00,M60/9462B,83.0,102.99776,0.01709225700164745
2020-01-15 04:59:00,M60/9462B,91.0,106.21644,0.018171833657830365
2020-01-15 05:14:00,M60/9462B,119.0,104.6071,0.02412875427702446
2020-01-15 05:29:00,M60/9462B,145.0,106.21644,0.028955119564674756
2020-01-15 05:44:00,M60/9462B,222.0,109.43512,0.04302742513809478
2020-01-15 05:59:00,M60/9462B,250.0,112.6538,0.04706989879971758
2020-01-15 06:14:00,M60/9462B,302.0,111.04446,0.05768450206527708
2020-01-15 06:29:00,M60/9462B,478.0,111.04446,0.09130196022252467
2020-01-15 06:44:00,M60/9462B,559.0,111.04446,0.10677363130625792
2020-01-15 06:59:00,M60/9462B,591.0,111.04446,0.11288589642575747
2020-01-15 07:14:00,M60/9462B,798.0,111.04446,0.15242461141752026
2020-01-15 07:29:00,M60/9462B,841.0,111.04446,0.1606379676718478
2020-01-15 07:44:00,M60/9462B,934.0,109.43512,0.18102529314856095
2020-01-15 07:59:00,M60/9462B,871.0,106.21644,0.17393040786780492
2020-01-15 08:14:00,M60/9462B,839.0,104.6071,0.17011785578507163
2020-01-15 08:29:00,M60/9462B,902.0,104.6071,0.18289190216702575
2020-01-15 08:44:00,M60/9462B,1078.0,101.38842,0.22551711513820247
2020-01-15 08:59:00,M60/9462B,1055.0,99.77908,0.22426529202317055
2020-01-15 09:14:00,M60/9462B,971.0,101.38842,0.20313276326455898
2020-01-15 09:29:00,M60/9462B,872.0,106.21644,0.17413009834756127
2020-01-15 09:44:00,M60/9462B,782.0,107.82578,0.153827239420689
2020-01-15 09:59:00,M60/9462B,738.0,106.21644,0.14737157406020668
2020-01-15 10:14:00,M60/9462B,706.0,106.21644,0.1409814787080026
2020-01-15 10:29:00,M60/9462B,625.0,107.82578,0.12294376552165041
2020-01-15 10:44:00,M60/9462B,558.0,106.21644,0.11142728770405871
2020-01-15 10:59:00,M60/9462B,517.0,107.82578,0.10169908283950922
2020-01-15 11:14:00,M60/9462B,527.0,107.82578,0.10366618308785563
2020-01-15 11:29:00,M60/9462B,523.0,109.43512,0.10136641147398005
2020-01-15 11:44:00,M60/9462B,537.0,107.82578,0.10563328333620203
2020-01-15 11:59:00,M60/9462B,521.0,109.43512,0.10097877701327648
2020-01-15 12:14:00,M60/9462B,544.0,107.82578,0.1070102535100445
2020-01-15 12:29:00,M60/9462B,547.0,109.43512,0.10601802500242273
2020-01-15 12:44:00,M60/9462B,621.0,109.43512,0.12036050004845432
2020-01-15 12:59:00,M60/9462B,577.0,111.04446,0.11021178043597642
2020-01-15 13:14:00,M60/9462B,568.0,109.43512,0.11008818683981006
2020-01-15 13:29:00,M60/9462B,581.0,109.43512,0.11260781083438319
2020-01-15 13:44:00,M60/9462B,580.0,109.43512,0.11241399360403141
2020-01-15 13:59:00,M60/9462B,593.0,109.43512,0.11493361759860451
2020-01-15 14:14:00,M60/9462B,631.0,109.43512,0.1222986723519721
2020-01-15 14:29:00,M60/9462B,762.0,109.43512,0.14768872952805506
2020-01-15 14:44:00,M60/9462B,793.0,109.43512,0.1536970636689602
2020-01-15 14:59:00,M60/9462B,802.0,109.43512,0.1554414187421262
2020-01-15 15:14:00,M60/9462B,878.0,106.21644,0.17532824122609952
2020-01-15 15:29:00,M60/9462B,922.0,107.82578,0.18136664289753868
2020-01-15 15:44:00,M60/9462B,1020.0,107.82578,0.20064422533133347
2020-01-15 15:59:00,M60/9462B,1011.0,107.82578,0.19887383510782172
2020-01-15 16:14:00,M60/9462B,1103.0,109.43512,0.21378040507801147
2020-01-15 16:29:00,M60/9462B,1094.0,106.21644,0.2184613848534771
2020-01-15 16:44:00,M60/9462B,968.0,106.21644,0.19330038440417352
2020-01-15 16:59:00,M60/9462B,945.0,106.21644,0.18870750336977685
2020-01-15 17:14:00,M60/9462B,896.0,107.82578,0.17625218225183803
2020-01-15 17:29:00,M60/9462B,875.0,107.82578,0.17212127173031058
2020-01-15 17:44:00,M60/9462B,870.0,107.82578,0.17113772160613738
2020-01-15 17:59:00,M60/9462B,790.0,109.43512,0.15311561197790485
2020-01-15 18:14:00,M60/9462B,823.0,109.43512,0.15951158057951353
2020-01-15 18:29:00,M60/9462B,911.0,109.43512,0.17656749685047002
2020-01-15 18:44:00,M60/9462B,844.0,107.82578,0.1660232609604367
2020-01-15 18:59:00,M60/9462B,665.0,111.04446,0.1270205095146002
2020-01-15 19:14:00,M60/9462B,695.0,109.43512,0.13470297509448592
2020-01-15 19:29:00,M60/9462B,641.0,109.43512,0.12423684465548987
2020-01-15 19:44:00,M60/9462B,436.0,112.6538,0.08208990350670747
2020-01-15 19:59:00,M60/9462B,389.0,111.04446,0.07430222285891651
2020-01-15 20:14:00,M60/9462B,382.0,112.6538,0.07192280536596847
2020-01-15 20:29:00,M60/9462B,391.0,109.43512,0.07578253706754531
2020-01-15 20:44:00,M60/9462B,335.0,112.6538,0.06307366439162156
2020-01-15 20:59:00,M60/9462B,294.0,112.6538,0.05535420098846787
2020-01-15 21:14:00,M60/9462B,242.0,112.6538,0.04556366203812662
2020-01-15 21:29:00,M60/9462B,273.0,111.04446,0.05214526180073061
2020-01-15 21:44:00,M60/9462B,256.0,112.6538,0.0481995763709108
2020-01-15 21:59:00,M60/9462B,208.0,112.6538,0.03916215580136503
2020-01-15 22:14:00,M60/9462B,196.0,114.26313999999999,0.03638304290321833
2020-01-15 22:29:00,M60/9462B,268.0,114.26313999999999,0.049748242337053626
2020-01-15 22:44:00,M60/9462B,210.0,114.26313999999999,0.03898183168201964
2020-01-15 22:59:00,M60/9462B,186.0,112.6538,0.035020004706989884
2020-01-15 23:14:00,M60/9462B,152.0,114.26313999999999,0.02821542102698564
2020-01-15 23:29:00,M60/9462B,139.0,112.6538,0.026170863732642977
2020-01-15 23:44:00,M60/9462B,131.0,109.43512,0.025390057176082958
2020-01-15 23:59:00,M60/9462B,120.0,114.26313999999999,0.022275332389725507
2020-01-16 00:14:00,M60/9462B,102.0,109.43512,0.019769357495881386
2020-01-16 00:29:00,M60/9462B,90.0,111.04446,0.01719074564859251
2020-01-16 00:44:00,M60/9462B,63.0,109.43512,0.012210485512162032
2020-01-16 00:59:00,M60/9462B,60.0,109.43512,0.011629033821106697
2020-01-16 01:14:00,M60/9462B,50.0,109.43512,0.009690861517588915
2020-01-16 01:29:00,M60/9462B,43.0,106.21644,0.008586690629524238
2020-01-16 01:44:00,M60/9462B,34.0,104.6071,0.0068939297934355595
2020-01-16 01:59:00,M60/9462B,39.0,102.99776,0.008031301482701814
2020-01-16 02:14:00,M60/9462B,40.0,106.21644,0.007987619190255105
2020-01-16 02:29:00,M60/9462B,28.0,98.16974,0.006049639452291571
2020-01-16 02:44:00,M60/9462B,24.0,101.38842,0.005020789205303209
2020-01-16 02:59:00,M60/9462B,25.0,104.6071,0.005069066024584971
2020-01-16 03:14:00,M60/9462B,27.0,107.82578,0.005311170670535298
2020-01-16 03:29:00,M60/9462B,36.0,102.99776,0.00741350906095552
2020-01-16 03:44:00,M60/9462B,36.0,102.99776,0.00741350906095552
2020-01-16 03:59:00,M60/9462B,40.0,101.38842,0.008367982008838683
2020-01-16 04:14:00,M60/9462B,44.0,99.77908,0.00935324440665356
2020-01-16 04:29:00,M60/9462B,74.0,102.99776,0.015238879736408568
2020-01-16 04:44:00,M60/9462B,90.0,104.6071,0.018248637688505893
2020-01-16 04:59:00,M60/9462B,87.0,102.99776,0.017915980230642507
2020-01-16 05:14:00,M60/9462B,116.0,104.6071,0.023520466354074263
2020-01-16 05:29:00,M60/9462B,163.0,107.82578,0.032063734048046424
2020-01-16 05:44:00,M60/9462B,231.0,107.82578,0.04544001573680199
2020-01-16 05:59:00,M60/9462B,227.0,109.43512,0.04399651128985367
2020-01-16 06:14:00,M60/9462B,342.0,109.43512,0.06628549278030817
2020-01-16 06:29:00,M60/9462B,448.0,112.6538,0.08434925864909391
2020-01-16 06:44:00,M60/9462B,581.0,111.04446,0.11097581357591386
2020-01-16 06:59:00,M60/9462B,664.0,112.6538,0.12501765121204989
2020-01-16 07:14:00,M60/9462B,759.0,112.6538,0.14290421275594256
2020-01-16 07:29:00,M60/9462B,929.0,109.43512,0.18005620699680203
2020-01-16 07:44:00,M60/9462B,1037.0,109.43512,0.2009884678747941
2020-01-16 07:59:00,M60/9462B,1022.0,107.82578,0.20103764538100274
2020-01-16 08:14:00,M60/9462B,1024.0,107.82578,0.20143106543067202
2020-01-16 08:29:00,M60/9462B,981.0,109.43512,0.1901347029750945
2020-01-16 08:44:00,M60/9462B,866.0,111.04446,0.1654131747964568
2020-01-16 08:59:00,M60/9462B,753.0,111.04446,0.143829238593224
2020-01-16 09:14:00,M60/9462B,732.0,111.04446,0.1398180646085524
2020-01-16 09:29:00,M60/9462B,703.0,109.43512,0.13625351293730015
2020-01-16 09:44:00,M60/9462B,672.0,109.43512,0.13024517879639502
2020-01-16 09:59:00,M60/9462B,630.0,109.43512,0.12210485512162032
2020-01-16 10:14:00,M60/9462B,526.0,107.82578,0.10346947306302098
2020-01-16 10:29:00,M60/9462B,529.0,107.82578,0.10405960313752491
2020-01-16 10:44:00,M60/9462B,568.0,107.82578,0.1117312941060759
2020-01-16 10:59:00,M60/9462B,547.0,107.82578,0.10760038358454845
2020-01-16 11:14:00,M60/9462B,480.0,107.82578,0.09442081192062751
2020-01-16 11:29:00,M60/9462B,518.0,109.43512,0.10039732532222115
2020-01-16 11:44:00,M60/9462B,544.0,107.82578,0.1070102535100445
2020-01-16 11:59:00,M60/9462B,549.0,106.21644,0.10963007338625132
2020-01-16 12:14:00,M60/9462B,535.0,106.21644,0.10683440666966203
2020-01-16 12:29:00,M60/9462B,556.0,107.82578,0.10937077380806022
2020-01-16 12:44:00,M60/9462B,590.0,109.43512,0.1143521659075492
2020-01-16 12:59:00,M60/9462B,577.0,106.21644,0.11522140681942988
2020-01-16 13:14:00,M60/9462B,601.0,107.82578,0.11822272492561904
2020-01-16 13:29:00,M60/9462B,615.0,106.21644,0.12280964505017222
2020-01-16 13:44:00,M60/9462B,638.0,106.21644,0.12740252608456892
2020-01-16 13:59:00,M60/9462B,608.0,109.43512,0.11784087605388119
2020-01-16 14:14:00,M60/9462B,668.0,107.82578,0.13140229658953995
2020-01-16 14:29:00,M60/9462B,667.0,107.82578,0.13120558656470532
2020-01-16 14:44:00,M60/9462B,726.0,106.21644,0.14497528830313014
2020-01-16 14:59:00,M60/9462B,824.0,107.82578,0.1620890604637439
2020-01-16 15:14:00,M60/9462B,863.0,109.43512,0.16726426979358466
2020-01-16 15:29:00,M60/9462B,943.0,106.21644,0.1883081224102641
2020-01-16 15:44:00,M60/9462B,959.0,106.21644,0.1915031700863661
2020-01-16 15:59:00,M60/9462B,1100.0,104.6071,0.2230389050817387
2020-01-16 16:14:00,M60/9462B,811.0,106.21644,0.16194897908242226
2020-01-16 16:29:00,M60/9462B,1022.0,107.82578,0.20103764538100274
2020-01-16 16:44:00,M60/9462B,1030.0,101.38842,0.21547553672759606
2020-01-16 16:59:00,M60/9462B,896.0,102.99776,0.18451400329489293
2020-01-16 17:14:00,M60/9462B,769.0,104.6071,0.15592447091623368
2020-01-16 17:29:00,M60/9462B,852.0,104.6071,0.17275377011785578
2020-01-16 17:44:00,M60/9462B,958.0,104.6071,0.19424661006209604
2020-01-16 17:59:00,M60/9462B,984.0,104.6071,0.19951843872766442
2020-01-16 18:14:00,M60/9462B,890.0,106.21644,0.17772452698317606
2020-01-16 18:29:00,M60/9462B,697.0,109.43512,0.13509060955518948
2020-01-16 18:44:00,M60/9462B,622.0,111.04446,0.11880715326027268
2020-01-16 18:59:00,M60/9462B,750.0,109.43512,0.14536292276383372
2020-01-16 19:14:00,M60/9462B,666.0,111.04446,0.12721151779958456
2020-01-16 19:29:00,M60/9462B,508.0,112.6538,0.09564603436102613
2020-01-16 19:44:00,M60/9462B,446.0,112.6538,0.08397269945869618
2020-01-16 19:59:00,M60/9462B,403.0,112.6538,0.07587667686514474
2020-01-16 20:14:00,M60/9462B,403.0,112.6538,0.07587667686514474
2020-01-16 20:29:00,M60/9462B,372.0,112.6538,0.07004000941397977
2020-01-16 20:44:00,M60/9462B,308.0,111.04446,0.05883055177518325
2020-01-16 20:59:00,M60/9462B,237.0,112.6538,0.044622264062132266
2020-01-16 21:14:00,M60/9462B,289.0,112.6538,0.054412803012473525
2020-01-16 21:29:00,M60/9462B,250.0,112.6538,0.04706989879971758
2020-01-16 21:44:00,M60/9462B,241.0,112.6538,0.04537538244292775
2020-01-16 21:59:00,M60/9462B,231.0,112.6538,0.043492586490939046
2020-01-16 22:14:00,M60/9462B,247.0,112.6538,0.04650506001412097
2020-01-16 22:29:00,M60/9462B,232.0,112.6538,0.043680866086137915
2020-01-16 22:44:00,M60/9462B,217.0,111.04446,0.041448797841606384
2020-01-16 22:59:00,M60/9462B,180.0,114.26313999999999,0.03341299858458826
2020-01-16 23:14:00,M60/9462B,172.0,111.04446,0.032853425017310124
2020-01-16 23:29:00,M60/9462B,167.0,111.04446,0.03189838359238832
2020-01-16 23:44:00,M60/9462B,145.0,112.6538,0.027300541303836197
2020-01-16 23:59:00,M60/9462B,113.0,109.43512,0.021901347029750946
2020-01-17 00:14:00,M60/9462B,85.0,112.6538,0.016003765591903977
2020-01-17 00:29:00,M60/9462B,74.0,107.82578,0.014556541837763408
2020-01-17 00:44:00,M60/9462B,81.0,107.82578,0.015933512011605894
2020-01-17 00:59:00,M60/9462B,71.0,109.43512,0.013761023354976257
2020-01-17 01:14:00,M60/9462B,53.0,107.82578,0.010425631316235955
2020-01-17 01:29:00,M60/9462B,40.0,106.21644,0.007987619190255105
2020-01-17 01:44:00,M60/9462B,38.0,104.6071,0.007704980357369154
2020-01-17 01:59:00,M60/9462B,23.0,102.99776,0.004736408566721582
2020-01-17 02:14:00,M60/9462B,36.0,106.21644,0.007188857271229595
2020-01-17 02:29:00,M60/9462B,31.0,106.21644,0.006190404872447706
2020-01-17 02:44:00,M60/9462B,35.0,101.38842,0.0073219842577338465
2020-01-17 02:59:00,M60/9462B,24.0,101.38842,0.005020789205303209
2020-01-17 03:14:00,M60/9462B,39.0,101.38842,0.008158782458617715
2020-01-17 03:29:00,M60/9462B,48.0,106.21644,0.009585143028306126
2020-01-17 03:44:00,M60/9462B,38.0,101.38842,0.007949582908396747
2020-01-17 03:59:00,M60/9462B,33.0,98.16974,0.0071299322116293515
2020-01-17 04:14:00,M60/9462B,54.0,99.77908,0.011478981771802095
2020-01-17 04:29:00,M60/9462B,58.0,98.16974,0.012531396008318254
2020-01-17 04:44:00,M60/9462B,72.0,104.6071,0.014598910150804714
2020-01-17 04:59:00,M60/9462B,120.0,107.82578,0.023605202980156878
2020-01-17 05:14:00,M60/9462B,112.0,104.6071,0.02270941579014067
2020-01-17 05:29:00,M60/9462B,168.0,106.21644,0.03354800059907144
2020-01-17 05:44:00,M60/9462B,235.0,109.43512,0.0455470491326679
2020-01-17 05:59:00,M60/9462B,266.0,111.04446,0.05080820380584008
2020-01-17 06:14:00,M60/9462B,300.0,109.43512,0.05814516910553348
2020-01-17 06:29:00,M60/9462B,440.0,102.99776,0.09060955518945635
2020-01-17 06:44:00,M60/9462B,528.0,104.6071,0.10705867443923459
2020-01-17 06:59:00,M60/9462B,559.0,107.82578,0.10996090388256413
2020-01-17 07:14:00,M60/9462B,712.0,106.21644,0.14217962158654085
2020-01-17 07:29:00,M60/9462B,881.0,104.6071,0.17863388670637437
2020-01-17 07:44:00,M60/9462B,914.0,106.21644,0.18251709849732914
2020-01-17 07:59:00,M60/9462B,912.0,106.21644,0.1821177175378164
2020-01-17 08:14:00,M60/9462B,917.0,106.21644,0.18311616993659827
2020-01-17 08:29:00,M60/9462B,930.0,106.21644,0.18571214617343118
2020-01-17 08:44:00,M60/9462B,848.0,107.82578,0.16681010105977528
2020-01-17 08:59:00,M60/9462B,725.0,101.38842,0.1516696739102011
2020-01-17 09:14:00,M60/9462B,650.0,106.21644,0.12979881184164546
2020-01-17 09:29:00,M60/9462B,655.0,107.82578,0.12884506626668965
2020-01-17 09:44:00,M60/9462B,674.0,106.21644,0.1345913833557985
2020-01-17 09:59:00,M60/9462B,627.0,107.82578,0.12333718557131969
2020-01-17 10:14:00,M60/9462B,534.0,107.82578,0.10504315326169811
2020-01-17 10:29:00,M60/9462B,530.0,104.6071,0.10746419972120137
2020-01-17 10:44:00,M60/9462B,541.0,106.21644,0.1080325495482003
2020-01-17 10:59:00,M60/9462B,543.0,107.82578,0.10681354348520988
2020-01-17 11:14:00,M60/9462B,548.0,106.21644,0.10943038290649493
2020-01-17 11:29:00,M60/9462B,590.0,106.21644,0.11781738305626278
2020-01-17 11:44:00,M60/9462B,583.0,107.82578,0.1146819444785955
2020-01-17 11:59:00,M60/9462B,596.0,106.21644,0.11901552593480105
2020-01-17 12:14:00,M60/9462B,579.0,106.21644,0.11562078777894265
2020-01-17 12:29:00,M60/9462B,573.0,106.21644,0.11442264490040438
2020-01-17 12:44:00,M60/9462B,712.0,107.82578,0.14005753768226414
2020-01-17 12:59:00,M60/9462B,680.0,109.43512,0.13179571663920925
2020-01-17 13:14:00,M60/9462B,695.0,107.82578,0.13671346726007527
2020-01-17 13:29:00,M60/9462B,729.0,107.82578,0.14340160810445304
2020-01-17 13:44:00,M60/9462B,759.0,107.82578,0.14930290884949224
2020-01-17 13:59:00,M60/9462B,791.0,107.82578,0.15559762964420076
2020-01-17 14:14:00,M60/9462B,833.0,107.82578,0.1638594506872557
2020-01-17 14:29:00,M60/9462B,927.0,107.82578,0.1823501930217119
2020-01-17 14:44:00,M60/9462B,901.0,106.21644,0.17992112226049625
2020-01-17 14:59:00,M60/9462B,926.0,107.82578,0.18215348299687725
2020-01-17 15:14:00,M60/9462B,979.0,107.82578,0.19257911431311323
2020-01-17 15:29:00,M60/9462B,1002.0,107.82578,0.19710344488430995
2020-01-17 15:44:00,M60/9462B,1013.0,107.82578,0.19926725515749097
2020-01-17 15:59:00,M60/9462B,1033.0,107.82578,0.2032014556541838
2020-01-17 16:14:00,M60/9462B,975.0,106.21644,0.19469821776246818
2020-01-17 16:29:00,M60/9462B,1007.0,106.21644,0.20108831311467226
2020-01-17 16:44:00,M60/9462B,974.0,106.21644,0.19449852728271178
2020-01-17 16:59:00,M60/9462B,945.0,104.6071,0.1916106957293119
2020-01-17 17:14:00,M60/9462B,922.0,106.21644,0.18411462233538017
2020-01-17 17:29:00,M60/9462B,875.0,106.21644,0.1747291697868304
2020-01-17 17:44:00,M60/9462B,881.0,107.82578,0.1733015318793184
2020-01-17 17:59:00,M60/9462B,789.0,107.82578,0.1552042095945315
2020-01-17 18:14:00,M60/9462B,798.0,107.82578,0.15697459981804324
2020-01-17 18:29:00,M60/9462B,786.0,109.43512,0.15234034305649774
2020-01-17 18:44:00,M60/9462B,758.0,109.43512,0.14691346060664795
2020-01-17 18:59:00,M60/9462B,636.0,109.43512,0.12326775850373099
2020-01-17 19:14:00,M60/9462B,531.0,109.43512,0.10291694931679428
2020-01-17 19:29:00,M60/9462B,521.0,111.04446,0.09951531647685219
2020-01-17 19:44:00,M60/9462B,466.0,112.6538,0.08773829136267358
2020-01-17 19:59:00,M60/9462B,354.0,111.04446,0.06761693288446387
2020-01-17 20:14:00,M60/9462B,335.0,112.6538,0.06307366439162156
2020-01-17 20:29:00,M60/9462B,342.0,109.43512,0.06628549278030817
2020-01-17 20:44:00,M60/9462B,276.0,106.21644,0.05511457241276022
2020-01-17 20:59:00,M60/9462B,246.0,112.6538,0.0463167804189221
2020-01-17 21:14:00,M60/9462B,277.0,109.43512,0.05368737280744259
2020-01-17 21:29:00,M60/9462B,250.0,111.04446,0.0477520712460903
2020-01-17 21:44:00,M60/9462B,237.0,114.26313999999999,0.04399378146970788
2020-01-17 21:59:00,M60/9462B,248.0,112.6538,0.04669333960931984
2020-01-17 22:14:00,M60/9462B,240.0,111.04446,0.04584198839624669
2020-01-17 22:29:00,M60/9462B,233.0,111.04446,0.04450493040135617
2020-01-17 22:44:00,M60/9462B,195.0,109.43512,0.03779435991859677
2020-01-17 22:59:00,M60/9462B,170.0,111.04446,0.03247140844734141
2020-01-17 23:14:00,M60/9462B,217.0,111.04446,0.041448797841606384
2020-01-17 23:29:00,M60/9462B,200.0,112.6538,0.03765591903977407
2020-01-17 23:44:00,M60/9462B,199.0,112.6538,0.03746763944457519
2020-01-17 23:59:00,M60/9462B,161.0,111.04446,0.030752333882482153
2020-01-18 00:14:00,M60/9462B,147.0,114.26313999999999,0.027287282177413746
2020-01-18 00:29:00,M60/9462B,133.0,111.04446,0.02540410190292004
2020-01-18 00:44:00,M60/9462B,100.0,112.6538,0.018827959519887034
2020-01-18 00:59:00,M60/9462B,93.0,109.43512,0.018025002422715382
2020-01-18 01:14:00,M60/9462B,92.0,112.6538,0.01732172275829607
2020-01-18 01:29:00,M60/9462B,76.0,109.43512,0.014730109506735149
2020-01-18 01:44:00,M60/9462B,63.0,107.82578,0.01239273156458236
2020-01-18 01:59:00,M60/9462B,57.0,109.43512,0.011047582130051362
2020-01-18 02:14:00,M60/9462B,59.0,107.82578,0.011605891465243798
2020-01-18 02:29:00,M60/9462B,39.0,102.99776,0.008031301482701814
2020-01-18 02:44:00,M60/9462B,54.0,104.6071,0.010949182613103535
2020-01-18 02:59:00,M60/9462B,27.0,106.21644,0.005391642953422196
2020-01-18 03:14:00,M60/9462B,44.0,107.82578,0.008655241092724189
2020-01-18 03:29:00,M60/9462B,44.0,109.43512,0.008527958135478245
2020-01-18 03:44:00,M60/9462B,40.0,101.38842,0.008367982008838683
2020-01-18 03:59:00,M60/9462B,45.0,101.38842,0.009413979759943517
2020-01-18 04:14:00,M60/9462B,53.0,101.38842,0.011087576161711254
2020-01-18 04:29:00,M60/9462B,47.0,102.99776,0.009678747940691929
2020-01-18 04:44:00,M60/9462B,54.0,104.6071,0.010949182613103535
2020-01-18 04:59:00,M60/9462B,70.0,106.21644,0.013978333582946433
2020-01-18 05:14:00,M60/9462B,64.0,104.6071,0.012976809022937524
2020-01-18 05:29:00,M60/9462B,82.0,107.82578,0.016130222036440534
2020-01-18 05:44:00,M60/9462B,99.0,107.82578,0.019474292458629423
2020-01-18 05:59:00,M60/9462B,88.0,112.6538,0.01656860437750059
2020-01-18 06:14:00,M60/9462B,116.0,111.04446,0.0221569610581859
2020-01-18 06:29:00,M60/9462B,142.0,109.43512,0.027522046709952515
2020-01-18 06:44:00,M60/9462B,148.0,115.87248,0.027091341753615234
2020-01-18 06:59:00,M60/9462B,169.0,111.04446,0.032280400162357045
2020-01-18 07:14:00,M60/9462B,176.0,112.6538,0.03313720875500118
2020-01-18 07:29:00,M60/9462B,219.0,112.6538,0.041233231348552606
2020-01-18 07:44:00,M60/9462B,235.0,112.6538,0.04424570487173453
2020-01-18 07:59:00,M60/9462B,250.0,112.6538,0.04706989879971758
2020-01-18 08:14:00,M60/9462B,275.0,112.6538,0.05177688867968934
2020-01-18 08:29:00,M60/9462B,368.0,111.04446,0.07029104887424492
2020-01-18 08:44:00,M60/9462B,378.0,112.6538,0.07116968698517298
2020-01-18 08:59:00,M60/9462B,335.0,112.6538,0.06307366439162156
2020-01-18 09:14:00,M60/9462B,377.0,112.6538,0.0709814073899741
2020-01-18 09:29:00,M60/9462B,407.0,111.04446,0.07774037198863501
2020-01-18 09:44:00,M60/9462B,411.0,109.43512,0.07965888167458088
2020-01-18 09:59:00,M60/9462B,438.0,111.04446,0.0836616288231502
2020-01-18 10:14:00,M60/9462B,503.0,111.04446,0.09607716734713369
2020-01-18 10:29:00,M60/9462B,503.0,111.04446,0.09607716734713369
2020-01-18 10:44:00,M60/9462B,534.0,111.04446,0.1019984241816489
2020-01-18 10:59:00,M60/9462B,602.0,109.43512,0.11667797267177053
2020-01-18 11:14:00,M60/9462B,579.0,109.43512,0.11222017637367963
2020-01-18 11:29:00,M60/9462B,551.0,109.43512,0.10679329392382983
2020-01-18 11:44:00,M60/9462B,597.0,111.04446,0.11403194613566364
2020-01-18 11:59:00,M60/9462B,597.0,112.6538,0.1124029183337256
2020-01-18 12:14:00,M60/9462B,620.0,112.6538,0.1167333490232996
2020-01-18 12:29:00,M60/9462B,624.0,112.6538,0.11748646740409507
2020-01-18 12:44:00,M60/9462B,653.0,111.04446,0.12472841009478787
2020-01-18 12:59:00,M60/9462B,641.0,109.43512,0.12423684465548987
2020-01-18 13:14:00,M60/9462B,663.0,109.43512,0.12850082372322902
2020-01-18 13:29:00,M60/9462B,681.0,107.82578,0.13395952691239027
2020-01-18 13:44:00,M60/9462B,724.0,106.21644,0.1445759073436174
2020-01-18 13:59:00,M60/9462B,747.0,107.82578,0.14694238855147657
2020-01-18 14:14:00,M60/9462B,715.0,107.82578,0.14064766775676807
2020-01-18 14:29:00,M60/9462B,698.0,107.82578,0.13730359733457917
2020-01-18 14:44:00,M60/9462B,562.0,104.6071,0.11395260423267013
2020-01-18 14:59:00,M60/9462B,587.0,111.04446,0.11212186328582002
2020-01-18 15:14:00,M60/9462B,620.0,111.04446,0.11842513669030395
2020-01-18 15:29:00,M60/9462B,572.0,111.04446,0.10925673901105461
2020-01-18 15:44:00,M60/9462B,560.0,112.6538,0.10543657331136738
2020-01-18 15:59:00,M60/9462B,610.0,111.04446,0.11651505384046035
2020-01-18 16:14:00,M60/9462B,580.0,111.04446,0.1107848052909295
2020-01-18 16:29:00,M60/9462B,588.0,111.04446,0.11231287157080438
2020-01-18 16:44:00,M60/9462B,543.0,111.04446,0.10371749874650812
2020-01-18 16:59:00,M60/9462B,566.0,111.04446,0.10811068930114845
2020-01-18 17:14:00,M60/9462B,589.0,106.21644,0.11761769257650642
2020-01-18 17:29:00,M60/9462B,662.0,104.6071,0.13422886833101003
2020-01-18 17:44:00,M60/9462B,535.0,111.04446,0.10218943246663324
2020-01-18 17:59:00,M60/9462B,493.0,112.6538,0.09282184043304306
2020-01-18 18:14:00,M60/9462B,540.0,111.04446,0.10314447389155505
2020-01-18 18:29:00,M60/9462B,475.0,111.04446,0.09072893536757157
2020-01-18 18:44:00,M60/9462B,448.0,111.04446,0.08557171167299382
2020-01-18 18:59:00,M60/9462B,402.0,111.04446,0.0767853305637132
2020-01-18 19:14:00,M60/9462B,380.0,111.04446,0.07258314829405726
2020-01-18 19:29:00,M60/9462B,381.0,111.04446,0.07277415657904163
2020-01-18 19:44:00,M60/9462B,328.0,112.6538,0.06175570722522947
2020-01-18 19:59:00,M60/9462B,316.0,109.43512,0.06124624479116195
2020-01-18 20:14:00,M60/9462B,297.0,111.04446,0.056729460640355285
2020-01-18 20:29:00,M60/9462B,292.0,111.04446,0.055774419215433475
2020-01-18 20:44:00,M60/9462B,285.0,111.04446,0.05443736122054295
2020-01-18 20:59:00,M60/9462B,243.0,109.43512,0.04709758697548212
2020-01-18 21:14:00,M60/9462B,253.0,112.6538,0.04763473758531419
2020-01-18 21:29:00,M60/9462B,275.0,111.04446,0.052527278370699336
2020-01-18 21:44:00,M60/9462B,278.0,109.43512,0.05388119003779437
2020-01-18 21:59:00,M60/9462B,217.0,112.6538,0.04085667215815486
2020-01-18 22:14:00,M60/9462B,224.0,112.6538,0.04217462932454696
2020-01-18 22:29:00,M60/9462B,200.0,109.43512,0.03876344607035566
2020-01-18 22:44:00,M60/9462B,197.0,112.6538,0.037091080254177455
2020-01-18 22:59:00,M60/9462B,183.0,109.43512,0.03546855315437542
2020-01-18 23:14:00,M60/9462B,190.0,111.04446,0.03629157414702863
2020-01-18 23:29:00,M60/9462B,198.0,112.6538,0.037279359849376324
2020-01-18 23:44:00,M60/9462B,204.0,111.04446,0.038965690136809686
2020-01-18 23:59:00,M60/9462B,167.0,112.6538,0.03144269239821135
2020-01-19 00:14:00,M60/9462B,145.0,107.82578,0.0285229536010229
2020-01-19 00:29:00,M60/9462B,127.0,112.6538,0.023911508590256533
2020-01-19 00:44:00,M60/9462B,138.0,112.6538,0.025982584137444104
2020-01-19 00:59:00,M60/9462B,135.0,111.04446,0.025786118472888763
2020-01-19 01:14:00,M60/9462B,122.0,109.43512,0.02364570210291695
2020-01-19 01:29:00,M60/9462B,105.0,114.26313999999999,0.01949091584100982
2020-01-19 01:44:00,M60/9462B,102.0,111.04446,0.019482845068404843
2020-01-19 01:59:00,M60/9462B,91.0,111.04446,0.01738175393357687
2020-01-19 02:14:00,M60/9462B,80.0,111.04446,0.015280662798748897
2020-01-19 02:29:00,M60/9462B,70.0,107.82578,0.013769701738424848
2020-01-19 02:44:00,M60/9462B,57.0,112.6538,0.010731936926335608
2020-01-19 02:59:00,M60/9462B,57.0,101.38842,0.01192437436259512
2020-01-19 03:14:00,M60/9462B,34.0,99.77908,0.007227507041505023
2020-01-19 03:29:00,M60/9462B,39.0,104.6071,0.007907742998352554
2020-01-19 03:44:00,M60/9462B,46.0,98.16974,0.00993869338590758
2020-01-19 03:59:00,M60/9462B,30.0,96.5604,0.006589785831960461
2020-01-19 04:14:00,M60/9462B,51.0,102.99776,0.010502471169686986
2020-01-19 04:29:00,M60/9462B,64.0,102.99776,0.013179571663920923
2020-01-19 04:44:00,M60/9462B,54.0,102.99776,0.011120263591433277
2020-01-19 04:59:00,M60/9462B,62.0,106.21644,0.012380809744895412
2020-01-19 05:14:00,M60/9462B,57.0,106.21644,0.011382357346113524
2020-01-19 05:29:00,M60/9462B,91.0,104.6071,0.018451400329489293
2020-01-19 05:44:00,M60/9462B,50.0,109.43512,0.009690861517588915
2020-01-19 05:59:00,M60/9462B,113.0,107.82578,0.022228232806314394
2020-01-19 06:14:00,M60/9462B,75.0,107.82578,0.014753251862598049
2020-01-19 06:29:00,M60/9462B,103.0,109.43512,0.019963174726233164
2020-01-19 06:44:00,M60/9462B,102.0,111.04446,0.019482845068404843
2020-01-19 06:59:00,M60/9462B,95.0,111.04446,0.018145787073514316
2020-01-19 07:14:00,M60/9462B,133.0,109.43512,0.025777691636786514
2020-01-19 07:29:00,M60/9462B,157.0,112.6538,0.029559896446222644
2020-01-19 07:44:00,M60/9462B,144.0,111.04446,0.027505193037748014
2020-01-19 07:59:00,M60/9462B,186.0,109.43512,0.036050004845430764
2020-01-19 08:14:00,M60/9462B,191.0,111.04446,0.03648258243201299
2020-01-19 08:29:00,M60/9462B,204.0,112.6538,0.03840903742056955
2020-01-19 08:44:00,M60/9462B,221.0,111.04446,0.042212830981543825
2020-01-19 08:59:00,M60/9462B,226.0,111.04446,0.043167872406465635
2020-01-19 09:14:00,M60/9462B,238.0,112.6538,0.044810543657331135
2020-01-19 09:29:00,M60/9462B,252.0,111.04446,0.048134087816059025
2020-01-19 09:44:00,M60/9462B,290.0,111.04446,0.05539240264546475
2020-01-19 09:59:00,M60/9462B,318.0,111.04446,0.060740634625026865
2020-01-19 10:14:00,M60/9462B,291.0,111.04446,0.05558341093044911
2020-01-19 10:29:00,M60/9462B,403.0,109.43512,0.07810834383176665
2020-01-19 10:44:00,M60/9462B,412.0,111.04446,0.07869541341355682
2020-01-19 10:59:00,M60/9462B,452.0,111.04446,0.08633574481293127
2020-01-19 11:14:00,M60/9462B,445.0,111.04446,0.08499868681804074
2020-01-19 11:29:00,M60/9462B,477.0,112.6538,0.08980936690986113
2020-01-19 11:44:00,M60/9462B,521.0,111.04446,0.09951531647685219
2020-01-19 11:59:00,M60/9462B,504.0,111.04446,0.09626817563211805
2020-01-19 12:14:00,M60/9462B,510.0,112.6538,0.09602259355142387
2020-01-19 12:29:00,M60/9462B,553.0,112.6538,0.1041186161449753
2020-01-19 12:44:00,M60/9462B,606.0,112.6538,0.1140974346905154
2020-01-19 12:59:00,M60/9462B,592.0,111.04446,0.11307690471074183
2020-01-19 13:14:00,M60/9462B,571.0,111.04446,0.10906573072607025
2020-01-19 13:29:00,M60/9462B,600.0,112.6538,0.11296775711932219
2020-01-19 13:44:00,M60/9462B,592.0,111.04446,0.11307690471074183
2020-01-19 13:59:00,M60/9462B,586.0,112.6538,0.110331842786538
2020-01-19 14:14:00,M60/9462B,597.0,111.04446,0.11403194613566364
2020-01-19 14:29:00,M60/9462B,589.0,112.6538,0.11089668157213461
2020-01-19 14:44:00,M60/9462B,590.0,112.6538,0.11108496116733349
2020-01-19 14:59:00,M60/9462B,570.0,112.6538,0.10731936926335608
2020-01-19 15:14:00,M60/9462B,551.0,114.26313999999999,0.10228090122282295
2020-01-19 15:29:00,M60/9462B,597.0,112.6538,0.1124029183337256
2020-01-19 15:44:00,M60/9462B,599.0,112.6538,0.11277947752412333
2020-01-19 15:59:00,M60/9462B,641.0,111.04446,0.12243631067497554
2020-01-19 16:14:00,M60/9462B,631.0,114.26313999999999,0.11713112281597328
2020-01-19 16:29:00,M60/9462B,615.0,112.6538,0.11579195104730526
2020-01-19 16:44:00,M60/9462B,672.0,107.82578,0.13218913668887852
2020-01-19 16:59:00,M60/9462B,603.0,107.82578,0.11861614497528832
2020-01-19 17:14:00,M60/9462B,602.0,109.43512,0.11667797267177053
2020-01-19 17:29:00,M60/9462B,537.0,107.82578,0.10563328333620203
2020-01-19 17:44:00,M60/9462B,444.0,107.82578,0.08733925102658045
2020-01-19 17:59:00,M60/9462B,387.0,107.82578,0.07612677961100593
2020-01-19 18:14:00,M60/9462B,412.0,109.43512,0.07985269890493266
2020-01-19 18:29:00,M60/9462B,424.0,111.04446,0.08098751283336915
2020-01-19 18:44:00,M60/9462B,413.0,111.04446,0.07888642169854118
2020-01-19 18:59:00,M60/9462B,385.0,111.04446,0.07353818971897907
2020-01-19 19:14:00,M60/9462B,408.0,111.04446,0.07793138027361937
2020-01-19 19:29:00,M60/9462B,389.0,111.04446,0.07430222285891651
2020-01-19 19:44:00,M60/9462B,375.0,111.04446,0.07162810686913545
2020-01-19 19:59:00,M60/9462B,329.0,111.04446,0.06284172575985485
2020-01-19 20:14:00,M60/9462B,334.0,111.04446,0.06379676718477664
2020-01-19 20:29:00,M60/9462B,392.0,112.6538,0.07380560131795717
2020-01-19 20:44:00,M60/9462B,320.0,111.04446,0.06112265119499559
2020-01-19 20:59:00,M60/9462B,278.0,107.82578,0.05468538690403011
2020-01-19 21:14:00,M60/9462B,237.0,107.82578,0.04662027588580983
2020-01-19 21:29:00,M60/9462B,240.0,109.43512,0.04651613528442679
2020-01-19 21:44:00,M60/9462B,210.0,107.82578,0.04130910521527454
2020-01-19 21:59:00,M60/9462B,172.0,106.21644,0.03434676251809695
2020-01-19 22:14:00,M60/9462B,217.0,111.04446,0.041448797841606384
2020-01-19 22:29:00,M60/9462B,210.0,112.6538,0.03953871499176277
2020-01-19 22:44:00,M60/9462B,192.0,106.21644,0.0383405721132245
2020-01-19 22:59:00,M60/9462B,174.0,107.82578,0.034227544321227474
2020-01-19 23:14:00,M60/9462B,142.0,111.04446,0.02712317646777929
2020-01-19 23:29:00,M60/9462B,167.0,109.43512,0.03236747746874697
2020-01-19 23:44:00,M60/9462B,140.0,107.82578,0.027539403476849696
2020-01-19 23:59:00,M60/9462B,126.0,109.43512,0.024420971024324063
2020-01-20 00:14:00,M60/9462B,78.0,111.04446,0.014898646228780173
2020-01-20 00:29:00,M60/9462B,95.0,112.6538,0.017886561543892683
2020-01-20 00:44:00,M60/9462B,80.0,111.04446,0.015280662798748897
2020-01-20 00:59:00,M60/9462B,54.0,111.04446,0.010314447389155506
2020-01-20 01:14:00,M60/9462B,61.0,109.43512,0.011822851051458475
2020-01-20 01:29:00,M60/9462B,63.0,109.43512,0.012210485512162032
2020-01-20 01:44:00,M60/9462B,54.0,109.43512,0.010466130438996028
2020-01-20 01:59:00,M60/9462B,35.0,111.04446,0.006685289974452642
2020-01-20 02:14:00,M60/9462B,33.0,109.43512,0.006395968601608683
2020-01-20 02:29:00,M60/9462B,22.0,102.99776,0.004530477759472817
2020-01-20 02:44:00,M60/9462B,30.0,102.99776,0.006177924217462933
2020-01-20 02:59:00,M60/9462B,33.0,102.99776,0.006795716639209226
2020-01-20 03:14:00,M60/9462B,35.0,106.21644,0.006989166791473217
2020-01-20 03:29:00,M60/9462B,24.0,102.99776,0.0049423393739703465
2020-01-20 03:44:00,M60/9462B,37.0,101.38842,0.007740383358175781
2020-01-20 03:59:00,M60/9462B,32.0,104.6071,0.006488404511468762
2020-01-20 04:14:00,M60/9462B,60.0,102.99776,0.012355848434925865
2020-01-20 04:29:00,M60/9462B,66.0,102.99776,0.013591433278418451
2020-01-20 04:44:00,M60/9462B,80.0,106.21644,0.01597523838051021
2020-01-20 04:59:00,M60/9462B,87.0,107.82578,0.017113772160613737
2020-01-20 05:14:00,M60/9462B,114.0,109.43512,0.022095164260102725
2020-01-20 05:29:00,M60/9462B,167.0,109.43512,0.03236747746874697
2020-01-20 05:44:00,M60/9462B,223.0,107.82578,0.04386633553812486
2020-01-20 05:59:00,M60/9462B,259.0,111.04446,0.04947114581094956
2020-01-20 06:14:00,M60/9462B,347.0,111.04446,0.06627987488957335
2020-01-20 06:29:00,M60/9462B,467.0,111.04446,0.08920086908769669
2020-01-20 06:44:00,M60/9462B,540.0,111.04446,0.10314447389155505
2020-01-20 06:59:00,M60/9462B,639.0,111.04446,0.1220542941050068
2020-01-20 07:14:00,M60/9462B,748.0,111.04446,0.14287419716830219
2020-01-20 07:29:00,M60/9462B,879.0,109.43512,0.17036534547921311
2020-01-20 07:44:00,M60/9462B,829.0,109.43512,0.1606744839616242
2020-01-20 07:59:00,M60/9462B,889.0,109.43512,0.1723035177827309
2020-01-20 08:14:00,M60/9462B,1044.0,106.21644,0.20847686086565823
2020-01-20 08:29:00,M60/9462B,1018.0,106.21644,0.20328490839199242
2020-01-20 08:44:00,M60/9462B,975.0,109.43512,0.18897179959298385
2020-01-20 08:59:00,M60/9462B,756.0,111.04446,0.14440226344817708
2020-01-20 09:14:00,M60/9462B,741.0,111.04446,0.14153713917341165
2020-01-20 09:29:00,M60/9462B,685.0,107.82578,0.13474636701172885
2020-01-20 09:44:00,M60/9462B,618.0,109.43512,0.11977904835739898
2020-01-20 09:59:00,M60/9462B,538.0,107.82578,0.10582999336103667
2020-01-20 10:14:00,M60/9462B,529.0,107.82578,0.10405960313752491
2020-01-20 10:29:00,M60/9462B,515.0,107.82578,0.10130566278983993
2020-01-20 10:44:00,M60/9462B,511.0,107.82578,0.10051882269050137
2020-01-20 10:59:00,M60/9462B,472.0,107.82578,0.09284713172195039
2020-01-20 11:14:00,M60/9462B,519.0,107.82578,0.1020925028891785
2020-01-20 11:29:00,M60/9462B,486.0,91.73238,0.11237318997658892
2020-01-20 11:44:00,M60/9462B,559.0,106.21644,0.11162697818381509
2020-01-20 11:59:00,M60/9462B,527.0,106.21644,0.10523688283161099
2020-01-20 12:14:00,M60/9462B,518.0,109.43512,0.10039732532222115
2020-01-20 12:29:00,M60/9462B,564.0,107.82578,0.11094445400673734
2020-01-20 12:44:00,M60/9462B,538.0,106.21644,0.10743347810893115
2020-01-20 12:59:00,M60/9462B,546.0,107.82578,0.1074036735597138
2020-01-20 13:14:00,M60/9462B,574.0,106.21644,0.11462233538016076
2020-01-20 13:29:00,M60/9462B,600.0,107.82578,0.11802601490078439
2020-01-20 13:44:00,M60/9462B,618.0,109.43512,0.11977904835739898
2020-01-20 13:59:00,M60/9462B,600.0,107.82578,0.11802601490078439
2020-01-20 14:14:00,M60/9462B,601.0,107.82578,0.11822272492561904
2020-01-20 14:29:00,M60/9462B,648.0,107.82578,0.12746809609284715
2020-01-20 14:44:00,M60/9462B,693.0,107.82578,0.13632004721040597
2020-01-20 14:59:00,M60/9462B,713.0,109.43512,0.13819168524081793
2020-01-20 15:14:00,M60/9462B,710.0,109.43512,0.1376102335497626
2020-01-20 15:29:00,M60/9462B,864.0,107.82578,0.16995746145712953
2020-01-20 15:44:00,M60/9462B,919.0,107.82578,0.18077651282303478
2020-01-20 15:59:00,M60/9462B,1035.0,106.21644,0.20667964654785084
2020-01-20 16:14:00,M60/9462B,1000.0,107.82578,0.19671002483464065
2020-01-20 16:29:00,M60/9462B,1049.0,106.21644,0.2094753132644401
2020-01-20 16:44:00,M60/9462B,1001.0,104.6071,0.20296540362438223
2020-01-20 16:59:00,M60/9462B,884.0,106.21644,0.1765263841046378
2020-01-20 17:14:00,M60/9462B,916.0,106.21644,0.18291647945684192
2020-01-20 17:29:00,M60/9462B,826.0,107.82578,0.16248248051341319
2020-01-20 17:44:00,M60/9462B,872.0,106.21644,0.17413009834756127
2020-01-20 17:59:00,M60/9462B,915.0,107.82578,0.17998967272369618
2020-01-20 18:14:00,M60/9462B,841.0,106.21644,0.1679396934751136
2020-01-20 18:29:00,M60/9462B,798.0,109.43512,0.15466614982071908
2020-01-20 18:44:00,M60/9462B,595.0,111.04446,0.11364992956569492
2020-01-20 18:59:00,M60/9462B,500.0,111.04446,0.0955041424921806
2020-01-20 19:14:00,M60/9462B,472.0,111.04446,0.0901559105126185
2020-01-20 19:29:00,M60/9462B,473.0,112.6538,0.08905624852906566
2020-01-20 19:44:00,M60/9462B,423.0,111.04446,0.0807965045483848
2020-01-20 19:59:00,M60/9462B,344.0,112.6538,0.0647681807484114
2020-01-20 20:14:00,M60/9462B,372.0,111.04446,0.07105508201418237
2020-01-20 20:29:00,M60/9462B,390.0,111.04446,0.07449323114390087
2020-01-20 20:44:00,M60/9462B,310.0,111.04446,0.05921256834515198
2020-01-20 20:59:00,M60/9462B,246.0,112.6538,0.0463167804189221
2020-01-20 21:14:00,M60/9462B,246.0,112.6538,0.0463167804189221
2020-01-20 21:29:00,M60/9462B,218.0,111.04446,0.041639806126590746
2020-01-20 21:44:00,M60/9462B,204.0,112.6538,0.03840903742056955
2020-01-20 21:59:00,M60/9462B,186.0,111.04446,0.035527541007091185
2020-01-20 22:14:00,M60/9462B,178.0,109.43512,0.03449946700261654
2020-01-20 22:29:00,M60/9462B,249.0,111.04446,0.047561062961105946
2020-01-20 22:44:00,M60/9462B,144.0,109.43512,0.02790968117065607
2020-01-20 22:59:00,M60/9462B,161.0,111.04446,0.030752333882482153
2020-01-20 23:14:00,M60/9462B,161.0,111.04446,0.030752333882482153
2020-01-20 23:29:00,M60/9462B,158.0,111.04446,0.03017930902752907
2020-01-20 23:44:00,M60/9462B,147.0,109.43512,0.02849113286171141
2020-01-20 23:59:00,M60/9462B,118.0,107.82578,0.023211782930487597
2020-01-21 00:14:00,M60/9462B,73.0,106.21644,0.014577405022215566
2020-01-21 00:29:00,M60/9462B,78.0,104.6071,0.015815485996705108
2020-01-21 00:44:00,M60/9462B,73.0,111.04446,0.013943604803858369
2020-01-21 00:59:00,M60/9462B,68.0,115.87248,0.01244737323814754
2020-01-21 01:14:00,M60/9462B,56.0,109.43512,0.010853764899699584
2020-01-21 01:29:00,M60/9462B,56.0,109.43512,0.010853764899699584
2020-01-21 01:44:00,M60/9462B,45.0,106.21644,0.008986071589036993
2020-01-21 01:59:00,M60/9462B,50.0,102.99776,0.010296540362438222
2020-01-21 02:14:00,M60/9462B,43.0,104.6071,0.008718793562286149
2020-01-21 02:29:00,M60/9462B,34.0,102.99776,0.007001647446457991
2020-01-21 02:44:00,M60/9462B,21.0,104.6071,0.004258015460651375
2020-01-21 02:59:00,M60/9462B,22.0,102.99776,0.004530477759472817
2020-01-21 03:14:00,M60/9462B,41.0,106.21644,0.008187309670011482
2020-01-21 03:29:00,M60/9462B,34.0,101.38842,0.0071127847075128795
2020-01-21 03:44:00,M60/9462B,39.0,99.77908,0.008290375724079292
2020-01-21 03:59:00,M60/9462B,42.0,98.16974,0.009074459178437357
2020-01-21 04:14:00,M60/9462B,52.0,104.6071,0.01054365733113674
2020-01-21 04:29:00,M60/9462B,55.0,104.6071,0.011151945254086934
2020-01-21 04:44:00,M60/9462B,77.0,101.38842,0.01610836536701446
2020-01-21 04:59:00,M60/9462B,91.0,102.99776,0.018739703459637564
2020-01-21 05:14:00,M60/9462B,102.0,104.6071,0.020681789380306678
2020-01-21 05:29:00,M60/9462B,127.0,104.6071,0.02575085540489165
2020-01-21 05:44:00,M60/9462B,231.0,106.21644,0.04612850082372323
2020-01-21 05:59:00,M60/9462B,275.0,109.43512,0.053299738346739026
2020-01-21 06:14:00,M60/9462B,323.0,112.6538,0.06081430924923511
2020-01-21 06:29:00,M60/9462B,483.0,111.04446,0.09225700164744646
2020-01-21 06:44:00,M60/9462B,575.0,112.6538,0.10826076723935045
2020-01-21 06:59:00,M60/9462B,645.0,111.04446,0.12320034381491299
2020-01-21 07:14:00,M60/9462B,796.0,111.04446,0.15204259484755153
2020-01-21 07:29:00,M60/9462B,885.0,107.82578,0.17408837197865698
2020-01-21 07:44:00,M60/9462B,1009.0,107.82578,0.19848041505815242
2020-01-21 07:59:00,M60/9462B,1045.0,107.82578,0.2055619759521995
2020-01-21 08:14:00,M60/9462B,1014.0,107.82578,0.19946396518232562
2020-01-21 08:29:00,M60/9462B,994.0,107.82578,0.19552976468563282
2020-01-21 08:44:00,M60/9462B,917.0,107.82578,0.18038309277336548
2020-01-21 08:59:00,M60/9462B,782.0,109.43512,0.15156507413509063
2020-01-21 09:14:00,M60/9462B,690.0,109.43512,0.13373388894272703
2020-01-21 09:29:00,M60/9462B,696.0,109.43512,0.1348967923248377
2020-01-21 09:44:00,M60/9462B,665.0,107.82578,0.13081216651503602
2020-01-21 09:59:00,M60/9462B,601.0,109.43512,0.11648415544141874
2020-01-21 10:14:00,M60/9462B,573.0,106.21644,0.11442264490040438
2020-01-21 10:29:00,M60/9462B,486.0,107.82578,0.09560107206963535
2020-01-21 10:44:00,M60/9462B,513.0,107.82578,0.10091224274017066
2020-01-21 10:59:00,M60/9462B,472.0,107.82578,0.09284713172195039
2020-01-21 11:14:00,M60/9462B,470.0,107.82578,0.0924537116722811
2020-01-21 11:29:00,M60/9462B,516.0,107.82578,0.10150237281467457
2020-01-21 11:44:00,M60/9462B,557.0,106.21644,0.11122759722430232
2020-01-21 11:59:00,M60/9462B,562.0,106.21644,0.11222604962308422
2020-01-21 12:14:00,M60/9462B,562.0,104.6071,0.11395260423267013
2020-01-21 12:29:00,M60/9462B,566.0,102.99776,0.11655683690280066
2020-01-21 12:44:00,M60/9462B,557.0,106.21644,0.11122759722430232
2020-01-21 12:59:00,M60/9462B,548.0,107.82578,0.10779709360938307
2020-01-21 13:14:00,M60/9462B,556.0,107.82578,0.10937077380806022
2020-01-21 13:29:00,M60/9462B,605.0,107.82578,0.1190095650249576
2020-01-21 13:44:00,M60/9462B,575.0,107.82578,0.11310826427991838
2020-01-21 13:59:00,M60/9462B,568.0,107.82578,0.1117312941060759
2020-01-21 14:14:00,M60/9462B,619.0,107.82578,0.12176350537264256
2020-01-21 14:29:00,M60/9462B,728.0,104.6071,0.14761120263591435
2020-01-21 14:44:00,M60/9462B,755.0,102.99776,0.15547775947281714
2020-01-21 14:59:00,M60/9462B,768.0,107.82578,0.151073299073004
2020-01-21 15:14:00,M60/9462B,816.0,107.82578,0.1605153802650668
2020-01-21 15:29:00,M60/9462B,937.0,107.82578,0.1843172932700583
2020-01-21 15:44:00,M60/9462B,942.0,107.82578,0.1853008433942315
2020-01-21 15:59:00,M60/9462B,917.0,106.21644,0.18311616993659827
2020-01-21 16:14:00,M60/9462B,1008.0,106.21644,0.20128800359442864
2020-01-21 16:29:00,M60/9462B,1001.0,104.6071,0.20296540362438223
2020-01-21 16:44:00,M60/9462B,962.0,104.6071,0.19505766062602967
2020-01-21 16:59:00,M60/9462B,919.0,104.6071,0.1863388670637435
2020-01-21 17:14:00,M60/9462B,867.0,104.6071,0.1757952097326068
2020-01-21 17:29:00,M60/9462B,882.0,106.21644,0.17612700314512506
2020-01-21 17:44:00,M60/9462B,822.0,107.82578,0.1616956404140746
2020-01-21 17:59:00,M60/9462B,722.0,111.04446,0.1379079817587088
2020-01-21 18:14:00,M60/9462B,914.0,109.43512,0.17714894854152538
2020-01-21 18:29:00,M60/9462B,875.0,107.82578,0.17212127173031058
2020-01-21 18:44:00,M60/9462B,856.0,104.6071,0.17356482068178938
2020-01-21 18:59:00,M60/9462B,777.0,107.82578,0.1528436892965158
2020-01-21 19:14:00,M60/9462B,603.0,109.43512,0.11687178990212231
2020-01-21 19:29:00,M60/9462B,535.0,111.04446,0.10218943246663324
2020-01-21 19:44:00,M60/9462B,427.0,112.6538,0.08039538714991763
2020-01-21 19:59:00,M60/9462B,338.0,112.6538,0.06363850317721817
2020-01-21 20:14:00,M60/9462B,357.0,111.04446,0.06818995773941695
2020-01-21 20:29:00,M60/9462B,392.0,112.6538,0.07380560131795717
2020-01-21 20:44:00,M60/9462B,306.0,114.26313999999999,0.05680209759380004
2020-01-21 20:59:00,M60/9462B,262.0,111.04446,0.05004417066590264
2020-01-21 21:14:00,M60/9462B,265.0,112.6538,0.04989409272770064
2020-01-21 21:29:00,M60/9462B,273.0,112.6538,0.051400329489291595
2020-01-21 21:44:00,M60/9462B,226.0,112.6538,0.042551188514944695
2020-01-21 21:59:00,M60/9462B,218.0,112.6538,0.04104495175335374
2020-01-21 22:14:00,M60/9462B,219.0,112.6538,0.041233231348552606
2020-01-21 22:29:00,M60/9462B,237.0,114.26313999999999,0.04399378146970788
2020-01-21 22:44:00,M60/9462B,201.0,111.04446,0.0383926652818566
2020-01-21 22:59:00,M60/9462B,182.0,109.43512,0.03527473592402365
2020-01-21 23:14:00,M60/9462B,215.0,112.6538,0.04048011296775712
2020-01-21 23:29:00,M60/9462B,174.0,111.04446,0.03323544158727885
2020-01-21 23:44:00,M60/9462B,110.0,111.04446,0.02101091134827973
2020-01-21 23:59:00,M60/9462B,130.0,111.04446,0.024831077047966957
2020-01-22 00:14:00,M60/9462B,79.0,109.43512,0.015311561197790487
2020-01-22 00:29:00,M60/9462B,97.0,109.43512,0.018800271344122495
2020-01-22 00:44:00,M60/9462B,69.0,109.43512,0.013373388894272701
2020-01-22 00:59:00,M60/9462B,51.0,104.6071,0.010340894690153339
2020-01-22 01:14:00,M60/9462B,43.0,104.6071,0.008718793562286149
2020-01-22 01:29:00,M60/9462B,54.0,102.99776,0.011120263591433277
2020-01-22 01:44:00,M60/9462B,27.0,102.99776,0.005560131795716639
2020-01-22 01:59:00,M60/9462B,42.0,101.38842,0.008786381109280615
2020-01-22 02:14:00,M60/9462B,29.0,104.6071,0.005880116588518566
2020-01-22 02:29:00,M60/9462B,37.0,107.82578,0.007278270918881704
2020-01-22 02:44:00,M60/9462B,20.0,104.6071,0.004055252819667976
2020-01-22 02:59:00,M60/9462B,34.0,106.21644,0.006789476311716839
2020-01-22 03:14:00,M60/9462B,34.0,102.99776,0.007001647446457991
2020-01-22 03:29:00,M60/9462B,24.0,101.38842,0.005020789205303209
2020-01-22 03:44:00,M60/9462B,44.0,101.38842,0.00920478020972255
2020-01-22 03:59:00,M60/9462B,44.0,99.77908,0.00935324440665356
2020-01-22 04:14:00,M60/9462B,56.0,104.6071,0.011354707895070334
2020-01-22 04:29:00,M60/9462B,64.0,99.77908,0.013604719136950631
2020-01-22 04:44:00,M60/9462B,77.0,106.21644,0.015376166941241077
2020-01-22 04:59:00,M60/9462B,74.0,102.99776,0.015238879736408568
2020-01-22 05:14:00,M60/9462B,102.0,104.6071,0.020681789380306678
2020-01-22 05:29:00,M60/9462B,144.0,106.21644,0.02875542908491838
2020-01-22 05:44:00,M60/9462B,239.0,107.82578,0.04701369593547911
2020-01-22 05:59:00,M60/9462B,226.0,111.04446,0.043167872406465635
2020-01-22 06:14:00,M60/9462B,360.0,111.04446,0.06876298259437004
2020-01-22 06:29:00,M60/9462B,436.0,111.04446,0.08327961225318149
2020-01-22 06:44:00,M60/9462B,528.0,111.04446,0.10085237447174272
2020-01-22 06:59:00,M60/9462B,648.0,112.6538,0.12200517768886798
2020-01-22 07:14:00,M60/9462B,776.0,109.43512,0.15040217075297996
2020-01-22 07:29:00,M60/9462B,867.0,109.43512,0.16803953871499178
2020-01-22 07:44:00,M60/9462B,990.0,107.82578,0.19474292458629425
2020-01-22 07:59:00,M60/9462B,1041.0,107.82578,0.20477513585286092
2020-01-22 08:14:00,M60/9462B,991.0,107.82578,0.1949396346111289
2020-01-22 08:29:00,M60/9462B,981.0,106.21644,0.19589636064100643
2020-01-22 08:44:00,M60/9462B,844.0,109.43512,0.16358174241690088
2020-01-22 08:59:00,M60/9462B,841.0,107.82578,0.1654331308859328
2020-01-22 09:14:00,M60/9462B,716.0,107.82578,0.14084437778160272
2020-01-22 09:29:00,M60/9462B,698.0,106.21644,0.1393839548699516
2020-01-22 09:44:00,M60/9462B,707.0,104.6071,0.14335318717526296
2020-01-22 09:59:00,M60/9462B,574.0,106.21644,0.11462233538016076
2020-01-22 10:14:00,M60/9462B,568.0,106.21644,0.11342419250162249
2020-01-22 10:29:00,M60/9462B,542.0,107.82578,0.10661683346037523
2020-01-22 10:44:00,M60/9462B,542.0,107.82578,0.10661683346037523
2020-01-22 10:59:00,M60/9462B,517.0,107.82578,0.10169908283950922
2020-01-22 11:14:00,M60/9462B,472.0,107.82578,0.09284713172195039
2020-01-22 11:29:00,M60/9462B,549.0,107.82578,0.10799380363421772
2020-01-22 11:44:00,M60/9462B,532.0,107.82578,0.10464973321202882
2020-01-22 11:59:00,M60/9462B,523.0,107.82578,0.10287934298851706
2020-01-22 12:14:00,M60/9462B,549.0,107.82578,0.10799380363421772
2020-01-22 12:29:00,M60/9462B,549.0,107.82578,0.10799380363421772
2020-01-22 12:44:00,M60/9462B,593.0,107.82578,0.11664904472694192
2020-01-22 12:59:00,M60/9462B,550.0,109.43512,0.10659947669347805
2020-01-22 13:14:00,M60/9462B,564.0,107.82578,0.11094445400673734
2020-01-22 13:29:00,M60/9462B,651.0,109.43512,0.12617501695900765
2020-01-22 13:44:00,M60/9462B,620.0,107.82578,0.1219602153974772
2020-01-22 13:59:00,M60/9462B,612.0,107.82578,0.12038653519880008
2020-01-22 14:14:00,M60/9462B,594.0,109.43512,0.11512743482895631
2020-01-22 14:29:00,M60/9462B,689.0,109.43512,0.13354007171237525
2020-01-22 14:44:00,M60/9462B,671.0,107.82578,0.1319924266640439
2020-01-22 14:59:00,M60/9462B,759.0,107.82578,0.14930290884949224
2020-01-22 15:14:00,M60/9462B,837.0,107.82578,0.16464629078659423
2020-01-22 15:29:00,M60/9462B,994.0,107.82578,0.19552976468563282
2020-01-22 15:44:00,M60/9462B,1032.0,107.82578,0.20300474562934914
2020-01-22 15:59:00,M60/9462B,1050.0,106.21644,0.2096750037441965
2020-01-22 16:14:00,M60/9462B,1029.0,107.82578,0.20241461555484525
2020-01-22 16:29:00,M60/9462B,1033.0,107.82578,0.2032014556541838
2020-01-22 16:44:00,M60/9462B,947.0,106.21644,0.1891068843292896
2020-01-22 16:59:00,M60/9462B,909.0,106.21644,0.18151864609854726
2020-01-22 17:14:00,M60/9462B,916.0,106.21644,0.18291647945684192
2020-01-22 17:29:00,M60/9462B,874.0,106.21644,0.17452947930707405
2020-01-22 17:44:00,M60/9462B,865.0,106.21644,0.17273226498926664
2020-01-22 17:59:00,M60/9462B,897.0,106.21644,0.17912236034147072
2020-01-22 18:14:00,M60/9462B,877.0,104.6071,0.17782283614244077
2020-01-22 18:29:00,M60/9462B,884.0,106.21644,0.1765263841046378
2020-01-22 18:44:00,M60/9462B,887.0,104.6071,0.17985046255227474
2020-01-22 18:59:00,M60/9462B,729.0,107.82578,0.14340160810445304
2020-01-22 19:14:00,M60/9462B,632.0,109.43512,0.1224924895823239
2020-01-22 19:29:00,M60/9462B,543.0,111.04446,0.10371749874650812
2020-01-22 19:44:00,M60/9462B,471.0,111.04446,0.08996490222763412
2020-01-22 19:59:00,M60/9462B,352.0,112.6538,0.06627441751000236
2020-01-22 20:14:00,M60/9462B,371.0,114.26313999999999,0.06886790263823468
2020-01-22 20:29:00,M60/9462B,396.0,109.43512,0.0767516232193042
2020-01-22 20:44:00,M60/9462B,343.0,111.04446,0.0655158417496359
2020-01-22 20:59:00,M60/9462B,293.0,111.04446,0.05596542750041784
2020-01-22 21:14:00,M60/9462B,287.0,111.04446,0.05481937779051167
2020-01-22 21:29:00,M60/9462B,231.0,111.04446,0.044122913831387445
2020-01-22 21:44:00,M60/9462B,242.0,112.6538,0.04556366203812662
2020-01-22 21:59:00,M60/9462B,200.0,109.43512,0.03876344607035566
2020-01-22 22:14:00,M60/9462B,244.0,111.04446,0.046606021536184136
2020-01-22 22:29:00,M60/9462B,227.0,112.6538,0.042739468110143564
2020-01-22 22:44:00,M60/9462B,202.0,111.04446,0.03858367356684096
2020-01-22 22:59:00,M60/9462B,235.0,112.6538,0.04424570487173453
2020-01-22 23:14:00,M60/9462B,177.0,112.6538,0.03332548835020005
2020-01-22 23:29:00,M60/9462B,192.0,111.04446,0.03667359071699735
2020-01-22 23:44:00,M60/9462B,115.0,111.04446,0.021965952773201538
2020-01-22 23:59:00,M60/9462B,119.0,109.43512,0.023064250411861616
2020-01-23 00:14:00,M60/9462B,134.0,109.43512,0.02597150886713829
2020-01-23 00:29:00,M60/9462B,83.0,107.82578,0.016326932061275175
2020-01-23 00:44:00,M60/9462B,66.0,104.6071,0.013382334304904323
2020-01-23 00:59:00,M60/9462B,63.0,106.21644,0.01258050022465179
2020-01-23 01:14:00,M60/9462B,66.0,109.43512,0.012791937203217366
2020-01-23 01:29:00,M60/9462B,62.0,106.21644,0.012380809744895412
2020-01-23 01:44:00,M60/9462B,37.0,99.77908,0.007865228251049584
2020-01-23 01:59:00,M60/9462B,36.0,99.77908,0.00765265451453473
2020-01-23 02:14:00,M60/9462B,43.0,102.99776,0.00885502471169687
2020-01-23 02:29:00,M60/9462B,33.0,102.99776,0.006795716639209226
2020-01-23 02:44:00,M60/9462B,27.0,96.5604,0.005930807248764415
2020-01-23 02:59:00,M60/9462B,26.0,104.6071,0.00527182866556837
2020-01-23 03:14:00,M60/9462B,36.0,101.38842,0.0075311838079548145
2020-01-23 03:29:00,M60/9462B,33.0,102.99776,0.006795716639209226
2020-01-23 03:44:00,M60/9462B,39.0,98.16974,0.008426283522834688
2020-01-23 03:59:00,M60/9462B,42.0,101.38842,0.008786381109280615
2020-01-23 04:14:00,M60/9462B,49.0,106.21644,0.009784833508062503
2020-01-23 04:29:00,M60/9462B,77.0,102.99776,0.01585667215815486
2020-01-23 04:44:00,M60/9462B,81.0,101.38842,0.01694516356789833
2020-01-23 04:59:00,M60/9462B,96.0,104.6071,0.01946521353440629
2020-01-23 05:14:00,M60/9462B,130.0,102.99776,0.026771004942339378
2020-01-23 05:29:00,M60/9462B,128.0,106.21644,0.02556038140881634
2020-01-23 05:44:00,M60/9462B,231.0,107.82578,0.04544001573680199
2020-01-23 05:59:00,M60/9462B,251.0,109.43512,0.04864812481829635
2020-01-23 06:14:00,M60/9462B,350.0,112.6538,0.06589785831960461
2020-01-23 06:29:00,M60/9462B,434.0,111.04446,0.08289759568321277
2020-01-23 06:44:00,M60/9462B,521.0,111.04446,0.09951531647685219
2020-01-23 06:59:00,M60/9462B,635.0,111.04446,0.12129026096506935
2020-01-23 07:14:00,M60/9462B,782.0,111.04446,0.14936847885777046
2020-01-23 07:29:00,M60/9462B,926.0,111.04446,0.17687367189551848
2020-01-23 07:44:00,M60/9462B,995.0,109.43512,0.1928481442000194
2020-01-23 07:59:00,M60/9462B,1018.0,106.21644,0.20328490839199242
2020-01-23 08:14:00,M60/9462B,959.0,109.43512,0.18587072390735537
2020-01-23 08:29:00,M60/9462B,933.0,109.43512,0.18083147591820914
2020-01-23 08:44:00,M60/9462B,857.0,109.43512,0.166101366411474
2020-01-23 08:59:00,M60/9462B,779.0,111.04446,0.14879545400281738
2020-01-23 09:14:00,M60/9462B,722.0,109.43512,0.13993604031398393
2020-01-23 09:29:00,M60/9462B,733.0,109.43512,0.14206802984785347
2020-01-23 09:44:00,M60/9462B,706.0,107.82578,0.1388772775332563
2020-01-23 09:59:00,M60/9462B,632.0,107.82578,0.12432073569549289
2020-01-23 10:14:00,M60/9462B,584.0,106.21644,0.11661924017772453
2020-01-23 10:29:00,M60/9462B,565.0,107.82578,0.11114116403157197
2020-01-23 10:44:00,M60/9462B,518.0,107.82578,0.10189579286434386
2020-01-23 10:59:00,M60/9462B,542.0,107.82578,0.10661683346037523
2020-01-23 11:14:00,M60/9462B,507.0,107.82578,0.09973198259116281
2020-01-23 11:29:00,M60/9462B,564.0,106.21644,0.11262543058259698
2020-01-23 11:44:00,M60/9462B,532.0,107.82578,0.10464973321202882
2020-01-23 11:59:00,M60/9462B,590.0,107.82578,0.11605891465243798
2020-01-23 12:14:00,M60/9462B,560.0,106.21644,0.11182666866357147
2020-01-23 12:29:00,M60/9462B,609.0,107.82578,0.11979640512429617
2020-01-23 12:44:00,M60/9462B,588.0,106.21644,0.11741800209675005
2020-01-23 12:59:00,M60/9462B,619.0,107.82578,0.12176350537264256
2020-01-23 13:14:00,M60/9462B,598.0,107.82578,0.1176325948511151
2020-01-23 13:29:00,M60/9462B,668.0,109.43512,0.12946990987498788
2020-01-23 13:44:00,M60/9462B,611.0,109.43512,0.11842232774493654
2020-01-23 13:59:00,M60/9462B,633.0,107.82578,0.12451744572032754
2020-01-23 14:14:00,M60/9462B,682.0,107.82578,0.13415623693722492
2020-01-23 14:29:00,M60/9462B,713.0,109.43512,0.13819168524081793
2020-01-23 14:44:00,M60/9462B,803.0,109.43512,0.15563523597247797
2020-01-23 14:59:00,M60/9462B,826.0,107.82578,0.16248248051341319
2020-01-23 15:14:00,M60/9462B,863.0,107.82578,0.1697607514322949
2020-01-23 15:29:00,M60/9462B,975.0,109.43512,0.18897179959298385
2020-01-23 15:44:00,M60/9462B,987.0,109.43512,0.1912976063572052
2020-01-23 15:59:00,M60/9462B,1024.0,106.21644,0.2044830512705307
2020-01-23 16:14:00,M60/9462B,1097.0,107.82578,0.2157908972436008
2020-01-23 16:29:00,M60/9462B,985.0,109.43512,0.1909099718965016
2020-01-23 16:44:00,M60/9462B,942.0,106.21644,0.18810843193050772
2020-01-23 16:59:00,M60/9462B,952.0,102.99776,0.19604612850082373
2020-01-23 17:14:00,M60/9462B,936.0,104.6071,0.18978583196046128
2020-01-23 17:29:00,M60/9462B,855.0,107.82578,0.16818707123361776
2020-01-23 17:44:00,M60/9462B,821.0,107.82578,0.16149893038923996
2020-01-23 17:59:00,M60/9462B,820.0,107.82578,0.16130222036440534
2020-01-23 18:14:00,M60/9462B,757.0,102.99776,0.1558896210873147
2020-01-23 18:29:00,M60/9462B,416.0,14.48406,0.609189090243456
2020-01-23 18:44:00,M60/9462B,189.0,6.43736,0.6227347611202636
2020-01-23 18:59:00,M60/9462B,253.0,6.43736,0.8336079077429984
2020-01-23 19:14:00,M60/9462B,545.0,12.87472,0.8978583196046128
2020-01-23 19:29:00,M60/9462B,424.0,17.70274,0.5080125805002247
2020-01-23 19:44:00,M60/9462B,355.0,111.04446,0.06780794116944823
2020-01-23 19:59:00,M60/9462B,315.0,112.6538,0.05930807248764416
2020-01-23 20:14:00,M60/9462B,361.0,112.6538,0.06796893386679219
2020-01-23 20:29:00,M60/9462B,386.0,112.6538,0.07267592374676395
2020-01-23 20:44:00,M60/9462B,304.0,114.26313999999999,0.05643084205397128
2020-01-23 20:59:00,M60/9462B,283.0,111.04446,0.054055344650574225
2020-01-23 21:14:00,M60/9462B,273.0,114.26313999999999,0.05067638118662553
2020-01-23 21:29:00,M60/9462B,320.0,112.6538,0.0602494704636385
2020-01-23 21:44:00,M60/9462B,230.0,114.26313999999999,0.04269438708030721
2020-01-23 21:59:00,M60/9462B,195.0,111.04446,0.037246615571950435
2020-01-23 22:14:00,M60/9462B,186.0,114.26313999999999,0.034526765204074536
2020-01-23 22:29:00,M60/9462B,216.0,112.6538,0.04066839256295599
2020-01-23 22:44:00,M60/9462B,179.0,111.04446,0.03419048301220066
2020-01-23 22:59:00,M60/9462B,172.0,109.43512,0.03333656362050587
2020-01-23 23:14:00,M60/9462B,176.0,112.6538,0.03313720875500118
2020-01-23 23:29:00,M60/9462B,165.0,112.6538,0.031066133207813602
2020-01-23 23:44:00,M60/9462B,160.0,111.04446,0.030561325597497795
2020-01-23 23:59:00,M60/9462B,152.0,111.04446,0.029033259317622902
2020-01-24 00:14:00,M60/9462B,116.0,109.43512,0.02248279872080628
2020-01-24 00:29:00,M60/9462B,82.0,111.04446,0.015662679368717618
2020-01-24 00:44:00,M60/9462B,74.0,109.43512,0.014342475046031592
2020-01-24 00:59:00,M60/9462B,67.0,109.43512,0.012985754433569145
2020-01-24 01:14:00,M60/9462B,77.0,112.6538,0.014497528830313015
2020-01-24 01:29:00,M60/9462B,52.0,109.43512,0.010078495978292471
2020-01-24 01:44:00,M60/9462B,34.0,106.21644,0.006789476311716839
2020-01-24 01:59:00,M60/9462B,48.0,106.21644,0.009585143028306126
2020-01-24 02:14:00,M60/9462B,42.0,99.77908,0.008928096933623852
2020-01-24 02:29:00,M60/9462B,39.0,106.21644,0.007787928710498726
2020-01-24 02:44:00,M60/9462B,39.0,104.6071,0.007907742998352554
2020-01-24 02:59:00,M60/9462B,27.0,104.6071,0.0054745913065517675
2020-01-24 03:14:00,M60/9462B,41.0,104.6071,0.008313268280319351
2020-01-24 03:29:00,M60/9462B,28.0,99.77908,0.005952064622415902
2020-01-24 03:44:00,M60/9462B,51.0,99.77908,0.010841260562257534
2020-01-24 03:59:00,M60/9462B,58.0,102.99776,0.011943986820428337
2020-01-24 04:14:00,M60/9462B,44.0,101.38842,0.00920478020972255
2020-01-24 04:29:00,M60/9462B,74.0,107.82578,0.014556541837763408
2020-01-24 04:44:00,M60/9462B,86.0,104.6071,0.017437587124572298
2020-01-24 04:59:00,M60/9462B,103.0,102.99776,0.021210873146622736
2020-01-24 05:14:00,M60/9462B,126.0,107.82578,0.02478546312916472
2020-01-24 05:29:00,M60/9462B,152.0,106.21644,0.030352952922969398
2020-01-24 05:44:00,M60/9462B,235.0,107.82578,0.04622685583614055
2020-01-24 05:59:00,M60/9462B,241.0,109.43512,0.04670995251477857
2020-01-24 06:14:00,M60/9462B,333.0,109.43512,0.06454113770714216
2020-01-24 06:29:00,M60/9462B,444.0,111.04446,0.08480767853305637
2020-01-24 06:44:00,M60/9462B,546.0,111.04446,0.10429052360146122
2020-01-24 06:59:00,M60/9462B,611.0,109.43512,0.11842232774493654
2020-01-24 07:14:00,M60/9462B,720.0,111.04446,0.13752596518874008
2020-01-24 07:29:00,M60/9462B,870.0,109.43512,0.1686209904060471
2020-01-24 07:44:00,M60/9462B,990.0,107.82578,0.19474292458629425
2020-01-24 07:59:00,M60/9462B,926.0,109.43512,0.1794747553057467
2020-01-24 08:14:00,M60/9462B,945.0,107.82578,0.18589097346873543
2020-01-24 08:29:00,M60/9462B,953.0,109.43512,0.1847078205252447
2020-01-24 08:44:00,M60/9462B,843.0,111.04446,0.1610199842418165
2020-01-24 08:59:00,M60/9462B,792.0,109.43512,0.1535032464386084
2020-01-24 09:14:00,M60/9462B,717.0,109.43512,0.13896695416222501
2020-01-24 09:29:00,M60/9462B,626.0,109.43512,0.12132958620021321
2020-01-24 09:44:00,M60/9462B,579.0,109.43512,0.11222017637367963
2020-01-24 09:59:00,M60/9462B,587.0,109.43512,0.11377071421649386
2020-01-24 10:14:00,M60/9462B,594.0,107.82578,0.11684575475177654
2020-01-24 10:29:00,M60/9462B,556.0,109.43512,0.10776238007558873
2020-01-24 10:44:00,M60/9462B,579.0,106.21644,0.11562078777894265
2020-01-24 10:59:00,M60/9462B,568.0,106.21644,0.11342419250162249
2020-01-24 11:14:00,M60/9462B,594.0,107.82578,0.11684575475177654
2020-01-24 11:29:00,M60/9462B,546.0,106.21644,0.10903100194698219
2020-01-24 11:44:00,M60/9462B,561.0,106.21644,0.11202635914332786
2020-01-24 11:59:00,M60/9462B,561.0,107.82578,0.1103543239322334
2020-01-24 12:14:00,M60/9462B,607.0,109.43512,0.11764705882352942
2020-01-24 12:29:00,M60/9462B,676.0,109.43512,0.1310204477178021
2020-01-24 12:44:00,M60/9462B,680.0,107.82578,0.13376281688755565
2020-01-24 12:59:00,M60/9462B,706.0,107.82578,0.1388772775332563
2020-01-24 13:14:00,M60/9462B,713.0,109.43512,0.13819168524081793
2020-01-24 13:29:00,M60/9462B,694.0,111.04446,0.1325597497791467
2020-01-24 13:44:00,M60/9462B,723.0,107.82578,0.1422213479554452
2020-01-24 13:59:00,M60/9462B,736.0,106.21644,0.14697219310069393
2020-01-24 14:14:00,M60/9462B,779.0,106.21644,0.15555888373021814
2020-01-24 14:29:00,M60/9462B,934.0,107.82578,0.18372716319555438
2020-01-24 14:44:00,M60/9462B,928.0,106.21644,0.18531276521391843
2020-01-24 14:59:00,M60/9462B,868.0,107.82578,0.17074430155646808
2020-01-24 15:14:00,M60/9462B,993.0,107.82578,0.19533305466079817
2020-01-24 15:29:00,M60/9462B,1080.0,106.21644,0.21566571813688784
2020-01-24 15:44:00,M60/9462B,1091.0,104.6071,0.22121404131288813
2020-01-24 15:59:00,M60/9462B,1014.0,107.82578,0.19946396518232562
2020-01-24 16:14:00,M60/9462B,994.0,109.43512,0.1926543269696676
2020-01-24 16:29:00,M60/9462B,1001.0,106.21644,0.19989017023613398
2020-01-24 16:44:00,M60/9462B,966.0,106.21644,0.19290100344466077
2020-01-24 16:59:00,M60/9462B,883.0,106.21644,0.17632669362488143
2020-01-24 17:14:00,M60/9462B,892.0,107.82578,0.17546534215249945
2020-01-24 17:29:00,M60/9462B,934.0,106.21644,0.1865109080924567
2020-01-24 17:44:00,M60/9462B,938.0,107.82578,0.18451400329489295
2020-01-24 17:59:00,M60/9462B,810.0,107.82578,0.15933512011605894
2020-01-24 18:14:00,M60/9462B,764.0,107.82578,0.15028645897366547
2020-01-24 18:29:00,M60/9462B,736.0,109.43512,0.14264948153890883
2020-01-24 18:44:00,M60/9462B,595.0,109.43512,0.11532125205930809
2020-01-24 18:59:00,M60/9462B,539.0,111.04446,0.10295346560657069
2020-01-24 19:14:00,M60/9462B,563.0,109.43512,0.10911910068805118
2020-01-24 19:29:00,M60/9462B,532.0,111.04446,0.10161640761168016
2020-01-24 19:44:00,M60/9462B,455.0,109.43512,0.08818683981005912
2020-01-24 19:59:00,M60/9462B,382.0,111.04446,0.07296516486402597
2020-01-24 20:14:00,M60/9462B,402.0,112.6538,0.07568839726994588
2020-01-24 20:29:00,M60/9462B,383.0,111.04446,0.07315617314901035
2020-01-24 20:44:00,M60/9462B,337.0,111.04446,0.06436979203972973
2020-01-24 20:59:00,M60/9462B,278.0,109.43512,0.05388119003779437
2020-01-24 21:14:00,M60/9462B,264.0,111.04446,0.05042618723587136
2020-01-24 21:29:00,M60/9462B,285.0,111.04446,0.05443736122054295
2020-01-24 21:44:00,M60/9462B,229.0,112.6538,0.0431160273005413
2020-01-24 21:59:00,M60/9462B,206.0,112.6538,0.03878559661096729
2020-01-24 22:14:00,M60/9462B,198.0,111.04446,0.03781964042690352
2020-01-24 22:29:00,M60/9462B,236.0,111.04446,0.04507795525630925
2020-01-24 22:44:00,M60/9462B,235.0,109.43512,0.0455470491326679
2020-01-24 22:59:00,M60/9462B,193.0,115.87248,0.035328574043565805
2020-01-24 23:14:00,M60/9462B,202.0,114.26313999999999,0.0374968095227046
2020-01-24 23:29:00,M60/9462B,186.0,111.04446,0.035527541007091185
2020-01-24 23:44:00,M60/9462B,183.0,111.04446,0.0349545161521381
2020-01-24 23:59:00,M60/9462B,135.0,111.04446,0.025786118472888763
2020-01-25 00:14:00,M60/9462B,149.0,112.6538,0.02805365968463168
2020-01-25 00:29:00,M60/9462B,129.0,109.43512,0.0250024227153794
2020-01-25 00:44:00,M60/9462B,128.0,112.6538,0.0240997881854554
2020-01-25 00:59:00,M60/9462B,116.0,111.04446,0.0221569610581859
2020-01-25 01:14:00,M60/9462B,67.0,106.21644,0.013379262143677299
2020-01-25 01:29:00,M60/9462B,96.0,109.43512,0.018606454113770717
2020-01-25 01:44:00,M60/9462B,62.0,107.82578,0.01219602153974772
2020-01-25 01:59:00,M60/9462B,70.0,107.82578,0.013769701738424848
2020-01-25 02:14:00,M60/9462B,53.0,107.82578,0.010425631316235955
2020-01-25 02:29:00,M60/9462B,57.0,107.82578,0.011212471415574517
2020-01-25 02:44:00,M60/9462B,49.0,107.82578,0.009638791216897391
2020-01-25 02:59:00,M60/9462B,41.0,104.6071,0.008313268280319351
2020-01-25 03:14:00,M60/9462B,44.0,107.82578,0.008655241092724189
2020-01-25 03:29:00,M60/9462B,43.0,104.6071,0.008718793562286149
2020-01-25 03:44:00,M60/9462B,56.0,102.99776,0.011532125205930808
2020-01-25 03:59:00,M60/9462B,47.0,104.6071,0.009529844126219744
2020-01-25 04:14:00,M60/9462B,55.0,102.99776,0.011326194398682043
2020-01-25 04:29:00,M60/9462B,51.0,102.99776,0.010502471169686986
2020-01-25 04:44:00,M60/9462B,67.0,101.38842,0.014016369864804793
2020-01-25 04:59:00,M60/9462B,67.0,104.6071,0.01358509694588772
2020-01-25 05:14:00,M60/9462B,73.0,102.99776,0.015032948929159802
2020-01-25 05:29:00,M60/9462B,90.0,106.21644,0.017972143178073986
2020-01-25 05:44:00,M60/9462B,118.0,107.82578,0.023211782930487597
2020-01-25 05:59:00,M60/9462B,108.0,107.82578,0.02124468268214119
2020-01-25 06:14:00,M60/9462B,107.0,111.04446,0.02043788649332665
2020-01-25 06:29:00,M60/9462B,145.0,111.04446,0.027696201322732376
2020-01-25 06:44:00,M60/9462B,160.0,111.04446,0.030561325597497795
2020-01-25 06:59:00,M60/9462B,173.0,111.04446,0.033044433302294486
2020-01-25 07:14:00,M60/9462B,203.0,109.43512,0.039344897761410993
2020-01-25 07:29:00,M60/9462B,214.0,111.04446,0.0408757729866533
2020-01-25 07:44:00,M60/9462B,286.0,111.04446,0.054628369505527304
2020-01-25 07:59:00,M60/9462B,279.0,112.6538,0.05253000706048482
2020-01-25 08:14:00,M60/9462B,336.0,112.6538,0.06326194398682043
2020-01-25 08:29:00,M60/9462B,387.0,114.26313999999999,0.07183794695686475
2020-01-25 08:44:00,M60/9462B,394.0,112.6538,0.07418216050835491
2020-01-25 08:59:00,M60/9462B,357.0,114.26313999999999,0.06626911385943338
2020-01-25 09:14:00,M60/9462B,407.0,112.6538,0.07662979524594021
2020-01-25 09:29:00,M60/9462B,419.0,112.6538,0.07888915038832667
2020-01-25 09:44:00,M60/9462B,413.0,111.04446,0.07888642169854118
2020-01-25 09:59:00,M60/9462B,514.0,112.6538,0.09677571193221934
2020-01-25 10:14:00,M60/9462B,493.0,111.04446,0.09416708449729008
2020-01-25 10:29:00,M60/9462B,545.0,111.04446,0.10409951531647686
2020-01-25 10:44:00,M60/9462B,515.0,111.04446,0.09836926676694602
2020-01-25 10:59:00,M60/9462B,600.0,111.04446,0.11460497099061673
2020-01-25 11:14:00,M60/9462B,542.0,112.6538,0.10204754059778771
2020-01-25 11:29:00,M60/9462B,571.0,111.04446,0.10906573072607025
2020-01-25 11:44:00,M60/9462B,605.0,111.04446,0.11556001241553854
2020-01-25 11:59:00,M60/9462B,627.0,111.04446,0.11976219468519447
2020-01-25 12:14:00,M60/9462B,608.0,111.04446,0.11613303727049161
2020-01-25 12:29:00,M60/9462B,663.0,109.43512,0.12850082372322902
2020-01-25 12:44:00,M60/9462B,658.0,112.6538,0.12388797364085667
2020-01-25 12:59:00,M60/9462B,680.0,112.6538,0.12803012473523182
2020-01-25 13:14:00,M60/9462B,638.0,111.04446,0.12186328582002245
2020-01-25 13:29:00,M60/9462B,667.0,111.04446,0.12740252608456892
2020-01-25 13:44:00,M60/9462B,700.0,111.04446,0.13370579948905284
2020-01-25 13:59:00,M60/9462B,644.0,112.6538,0.12125205930807248
2020-01-25 14:14:00,M60/9462B,649.0,111.04446,0.12396437695485042
2020-01-25 14:29:00,M60/9462B,672.0,112.6538,0.12652388797364086
2020-01-25 14:44:00,M60/9462B,531.0,112.6538,0.09997646505060014
2020-01-25 14:59:00,M60/9462B,587.0,114.26313999999999,0.10896350093974061
2020-01-25 15:14:00,M60/9462B,559.0,112.6538,0.10524829371616852
2020-01-25 15:29:00,M60/9462B,632.0,112.6538,0.11899270416568605
2020-01-25 15:44:00,M60/9462B,570.0,111.04446,0.1088747224410859
2020-01-25 15:59:00,M60/9462B,595.0,111.04446,0.11364992956569492
2020-01-25 16:14:00,M60/9462B,573.0,112.6538,0.10788420804895271
2020-01-25 16:29:00,M60/9462B,569.0,112.6538,0.10713108966815721
2020-01-25 16:44:00,M60/9462B,595.0,111.04446,0.11364992956569492
2020-01-25 16:59:00,M60/9462B,552.0,109.43512,0.10698711115418161
2020-01-25 17:14:00,M60/9462B,513.0,109.43512,0.09942823917046226
2020-01-25 17:29:00,M60/9462B,620.0,111.04446,0.11842513669030395
2020-01-25 17:44:00,M60/9462B,601.0,109.43512,0.11648415544141874
2020-01-25 17:59:00,M60/9462B,582.0,109.43512,0.11280162806473497
2020-01-25 18:14:00,M60/9462B,595.0,109.43512,0.11532125205930809
2020-01-25 18:29:00,M60/9462B,495.0,111.04446,0.09454910106725879
2020-01-25 18:44:00,M60/9462B,412.0,111.04446,0.07869541341355682
2020-01-25 18:59:00,M60/9462B,430.0,111.04446,0.08213356254327532
2020-01-25 19:14:00,M60/9462B,356.0,112.6538,0.06702753589079784
2020-01-25 19:29:00,M60/9462B,442.0,111.04446,0.08442566196308765
2020-01-25 19:44:00,M60/9462B,336.0,112.6538,0.06326194398682043
2020-01-25 19:59:00,M60/9462B,328.0,112.6538,0.06175570722522947
2020-01-25 20:14:00,M60/9462B,297.0,112.6538,0.05591903977406449
2020-01-25 20:29:00,M60/9462B,327.0,112.6538,0.0615674276300306
2020-01-25 20:44:00,M60/9462B,282.0,112.6538,0.05309484584608143
2020-01-25 20:59:00,M60/9462B,245.0,109.43512,0.047485221436185686
2020-01-25 21:14:00,M60/9462B,286.0,109.43512,0.05543172788060859
2020-01-25 21:29:00,M60/9462B,251.0,111.04446,0.04794307953107467
2020-01-25 21:44:00,M60/9462B,220.0,112.6538,0.041421510943751474
2020-01-25 21:59:00,M60/9462B,216.0,112.6538,0.04066839256295599
2020-01-25 22:14:00,M60/9462B,220.0,112.6538,0.041421510943751474
2020-01-25 22:29:00,M60/9462B,218.0,112.6538,0.04104495175335374
2020-01-25 22:44:00,M60/9462B,204.0,111.04446,0.038965690136809686
2020-01-25 22:59:00,M60/9462B,214.0,114.26313999999999,0.039724342761677155
2020-01-25 23:14:00,M60/9462B,227.0,112.6538,0.042739468110143564
2020-01-25 23:29:00,M60/9462B,208.0,112.6538,0.03916215580136503
2020-01-25 23:44:00,M60/9462B,181.0,111.04446,0.034572499582169375
2020-01-25 23:59:00,M60/9462B,183.0,111.04446,0.0349545161521381
2020-01-26 00:14:00,M60/9462B,156.0,112.6538,0.02937161685102377
2020-01-26 00:29:00,M60/9462B,168.0,112.6538,0.031630971993410216
2020-01-26 00:44:00,M60/9462B,129.0,111.04446,0.024640068762982595
2020-01-26 00:59:00,M60/9462B,108.0,112.6538,0.020334196281477996
2020-01-26 01:14:00,M60/9462B,86.0,111.04446,0.016426712508655062
2020-01-26 01:29:00,M60/9462B,90.0,114.26313999999999,0.01670649929229413
2020-01-26 01:44:00,M60/9462B,114.0,106.21644,0.02276471469222705
2020-01-26 01:59:00,M60/9462B,81.0,111.04446,0.015471671083733258
2020-01-26 02:14:00,M60/9462B,76.0,109.43512,0.014730109506735149
2020-01-26 02:29:00,M60/9462B,62.0,109.43512,0.012016668281810253
2020-01-26 02:44:00,M60/9462B,44.0,102.99776,0.009060955518945634
2020-01-26 02:59:00,M60/9462B,38.0,109.43512,0.007365054753367574
2020-01-26 03:14:00,M60/9462B,38.0,106.21644,0.0075882382307423495
2020-01-26 03:29:00,M60/9462B,40.0,112.6538,0.007531183807954813
2020-01-26 03:44:00,M60/9462B,45.0,109.43512,0.008721775365830024
2020-01-26 03:59:00,M60/9462B,43.0,109.43512,0.008334140905126467
2020-01-26 04:14:00,M60/9462B,59.0,102.99776,0.012149917627677103
2020-01-26 04:29:00,M60/9462B,76.0,102.99776,0.0156507413509061
2020-01-26 04:44:00,M60/9462B,68.0,104.6071,0.013787859586871119
2020-01-26 04:59:00,M60/9462B,69.0,106.21644,0.013778643103190056
2020-01-26 05:14:00,M60/9462B,78.0,106.21644,0.015575857420997452
2020-01-26 05:29:00,M60/9462B,75.0,106.21644,0.01497678598172832
2020-01-26 05:44:00,M60/9462B,80.0,111.04446,0.015280662798748897
2020-01-26 05:59:00,M60/9462B,78.0,109.43512,0.015117743967438708
2020-01-26 06:14:00,M60/9462B,99.0,107.82578,0.019474292458629423
2020-01-26 06:29:00,M60/9462B,97.0,109.43512,0.018800271344122495
2020-01-26 06:44:00,M60/9462B,103.0,111.04446,0.019673853353389205
2020-01-26 06:59:00,M60/9462B,106.0,107.82578,0.02085126263247191
2020-01-26 07:14:00,M60/9462B,129.0,109.43512,0.0250024227153794
2020-01-26 07:29:00,M60/9462B,165.0,111.04446,0.0315163670224196
2020-01-26 07:44:00,M60/9462B,173.0,111.04446,0.033044433302294486
2020-01-26 07:59:00,M60/9462B,176.0,112.6538,0.03313720875500118
2020-01-26 08:14:00,M60/9462B,224.0,115.87248,0.04100311184330954
2020-01-26 08:29:00,M60/9462B,225.0,114.26313999999999,0.04176624823073532
2020-01-26 08:44:00,M60/9462B,243.0,112.6538,0.045751941633325494
2020-01-26 08:59:00,M60/9462B,219.0,114.26313999999999,0.04065248161124905
2020-01-26 09:14:00,M60/9462B,265.0,117.48182,0.04784365056080883
2020-01-26 09:29:00,M60/9462B,282.0,114.26313999999999,0.052347031115854946
2020-01-26 09:44:00,M60/9462B,314.0,114.26313999999999,0.058287119753115076
2020-01-26 09:59:00,M60/9462B,325.0,104.6071,0.06589785831960461
2020-01-26 10:14:00,M60/9462B,2.0,88.5137,0.00047925715141530626
2020-01-26 10:29:00,M60/9462B,646.0,96.5604,0.14190005491488195
2020-01-26 10:44:00,M60/9462B,398.0,109.43512,0.07713925768000776
2020-01-26 10:59:00,M60/9462B,432.0,104.6071,0.08759346090482828
2020-01-26 11:14:00,M60/9462B,448.0,107.82578,0.08812609112591901
2020-01-26 11:29:00,M60/9462B,517.0,107.82578,0.10169908283950922
2020-01-26 11:44:00,M60/9462B,484.0,109.43512,0.09380753949026069
2020-01-26 11:59:00,M60/9462B,563.0,109.43512,0.10911910068805118
2020-01-26 12:14:00,M60/9462B,596.0,106.21644,0.11901552593480105
2020-01-26 12:29:00,M60/9462B,609.0,109.43512,0.11803469328423297
2020-01-26 12:44:00,M60/9462B,585.0,109.43512,0.11338307975579029
2020-01-26 12:59:00,M60/9462B,631.0,109.43512,0.1222986723519721
2020-01-26 13:14:00,M60/9462B,629.0,111.04446,0.1201442112551632
2020-01-26 13:29:00,M60/9462B,581.0,111.04446,0.11097581357591386
2020-01-26 13:44:00,M60/9462B,618.0,109.43512,0.11977904835739898
2020-01-26 13:59:00,M60/9462B,557.0,107.82578,0.10956748383289484
2020-01-26 14:14:00,M60/9462B,562.0,106.21644,0.11222604962308422
2020-01-26 14:29:00,M60/9462B,606.0,107.82578,0.11920627504979223
2020-01-26 14:44:00,M60/9462B,530.0,107.82578,0.10425631316235955
2020-01-26 14:59:00,M60/9462B,572.0,111.04446,0.10925673901105461
2020-01-26 15:14:00,M60/9462B,525.0,112.6538,0.09884678747940692
2020-01-26 15:29:00,M60/9462B,545.0,111.04446,0.10409951531647686
2020-01-26 15:44:00,M60/9462B,567.0,111.04446,0.1083016975861328
2020-01-26 15:59:00,M60/9462B,538.0,111.04446,0.10276245732158634
2020-01-26 16:14:00,M60/9462B,555.0,111.04446,0.10600959816632047
2020-01-26 16:29:00,M60/9462B,590.0,109.43512,0.1143521659075492
2020-01-26 16:44:00,M60/9462B,539.0,107.82578,0.10602670338587132
2020-01-26 16:59:00,M60/9462B,524.0,109.43512,0.10156022870433183
2020-01-26 17:14:00,M60/9462B,567.0,109.43512,0.10989436960945828
2020-01-26 17:29:00,M60/9462B,525.0,109.43512,0.1017540459346836
2020-01-26 17:44:00,M60/9462B,545.0,109.43512,0.10563039054171916
2020-01-26 17:59:00,M60/9462B,481.0,112.6538,0.09056248529065664
2020-01-26 18:14:00,M60/9462B,420.0,109.43512,0.08140323674774688
2020-01-26 18:29:00,M60/9462B,433.0,109.43512,0.08392286074232
2020-01-26 18:44:00,M60/9462B,428.0,109.43512,0.08295377459056111
2020-01-26 18:59:00,M60/9462B,440.0,109.43512,0.08527958135478245
2020-01-26 19:14:00,M60/9462B,397.0,112.6538,0.07474699929395151
2020-01-26 19:29:00,M60/9462B,395.0,112.6538,0.07437044010355377
2020-01-26 19:44:00,M60/9462B,423.0,111.04446,0.0807965045483848
2020-01-26 19:59:00,M60/9462B,351.0,112.6538,0.06608613791480349
2020-01-26 20:14:00,M60/9462B,347.0,112.6538,0.065333019534008
2020-01-26 20:29:00,M60/9462B,357.0,112.6538,0.0672158154859967
2020-01-26 20:44:00,M60/9462B,342.0,112.6538,0.06439162155801365
2020-01-26 20:59:00,M60/9462B,307.0,109.43512,0.059501889717995936
2020-01-26 21:14:00,M60/9462B,241.0,111.04446,0.04603299668123106
2020-01-26 21:29:00,M60/9462B,253.0,112.6538,0.04763473758531419
2020-01-26 21:44:00,M60/9462B,253.0,112.6538,0.04763473758531419
2020-01-26 21:59:00,M60/9462B,240.0,112.6538,0.04518710284772888
2020-01-26 22:14:00,M60/9462B,231.0,112.6538,0.043492586490939046
2020-01-26 22:29:00,M60/9462B,217.0,111.04446,0.041448797841606384
2020-01-26 22:44:00,M60/9462B,196.0,112.6538,0.036902800658978586
2020-01-26 22:59:00,M60/9462B,181.0,112.6538,0.03407860673099553
2020-01-26 23:14:00,M60/9462B,163.0,114.26313999999999,0.03025732649604381
2020-01-26 23:29:00,M60/9462B,151.0,112.6538,0.028430218875029417
2020-01-26 23:44:00,M60/9462B,129.0,112.6538,0.024288067780654274
2020-01-26 23:59:00,M60/9462B,139.0,112.6538,0.026170863732642977
2020-01-27 00:14:00,M60/9462B,92.0,112.6538,0.01732172275829607
2020-01-27 00:29:00,M60/9462B,84.0,107.82578,0.016523642086109815
2020-01-27 00:44:00,M60/9462B,83.0,111.04446,0.01585368765370198
2020-01-27 00:59:00,M60/9462B,69.0,109.43512,0.013373388894272701
2020-01-27 01:14:00,M60/9462B,55.0,112.6538,0.010355377735937869
2020-01-27 01:29:00,M60/9462B,50.0,104.6071,0.010138132049169942
2020-01-27 01:44:00,M60/9462B,28.0,109.43512,0.005426882449849792
2020-01-27 01:59:00,M60/9462B,35.0,111.04446,0.006685289974452642
2020-01-27 02:14:00,M60/9462B,19.0,109.43512,0.003682527376683787
2020-01-27 02:29:00,M60/9462B,40.0,104.6071,0.008110505639335953
2020-01-27 02:44:00,M60/9462B,26.0,106.21644,0.005191952473665818
2020-01-27 02:59:00,M60/9462B,34.0,106.21644,0.006789476311716839
2020-01-27 03:14:00,M60/9462B,31.0,106.21644,0.006190404872447706
2020-01-27 03:29:00,M60/9462B,48.0,107.82578,0.00944208119206275
2020-01-27 03:44:00,M60/9462B,54.0,102.99776,0.011120263591433277
2020-01-27 03:59:00,M60/9462B,49.0,106.21644,0.009784833508062503
2020-01-27 04:14:00,M60/9462B,60.0,109.43512,0.011629033821106697
2020-01-27 04:29:00,M60/9462B,66.0,106.21644,0.013179571663920923
2020-01-27 04:44:00,M60/9462B,89.0,104.6071,0.018045875047522492
2020-01-27 04:59:00,M60/9462B,79.0,107.82578,0.015540091961936611
2020-01-27 05:14:00,M60/9462B,114.0,107.82578,0.022424942831149035
2020-01-27 05:29:00,M60/9462B,152.0,107.82578,0.02989992377486538
2020-01-27 05:44:00,M60/9462B,251.0,109.43512,0.04864812481829635
2020-01-27 05:59:00,M60/9462B,268.0,112.6538,0.05045893151329725
2020-01-27 06:14:00,M60/9462B,337.0,111.04446,0.06436979203972973
2020-01-27 06:29:00,M60/9462B,467.0,111.04446,0.08920086908769669
2020-01-27 06:44:00,M60/9462B,567.0,111.04446,0.1083016975861328
2020-01-27 06:59:00,M60/9462B,612.0,112.6538,0.11522711226170865
2020-01-27 07:14:00,M60/9462B,723.0,112.6538,0.13612614732878325
2020-01-27 07:29:00,M60/9462B,814.0,112.6538,0.15325959049188043
2020-01-27 07:44:00,M60/9462B,955.0,111.04446,0.18241291216006494
2020-01-27 07:59:00,M60/9462B,901.0,112.6538,0.16963991527418215
2020-01-27 08:14:00,M60/9462B,996.0,111.04446,0.19024425184442378
2020-01-27 08:29:00,M60/9462B,951.0,109.43512,0.18432018606454115
2020-01-27 08:44:00,M60/9462B,848.0,109.43512,0.164357011338308
2020-01-27 08:59:00,M60/9462B,825.0,109.43512,0.1598992150402171
2020-01-27 09:14:00,M60/9462B,735.0,109.43512,0.14245566430855705
2020-01-27 09:29:00,M60/9462B,780.0,107.82578,0.15343381937101971
2020-01-27 09:44:00,M60/9462B,639.0,106.21644,0.1276022165643253
2020-01-27 09:59:00,M60/9462B,579.0,106.21644,0.11562078777894265
2020-01-27 10:14:00,M60/9462B,568.0,107.82578,0.1117312941060759
2020-01-27 10:29:00,M60/9462B,535.0,106.21644,0.10683440666966203
2020-01-27 10:44:00,M60/9462B,470.0,109.43512,0.0910940982653358
2020-01-27 10:59:00,M60/9462B,530.0,107.82578,0.10425631316235955
2020-01-27 11:14:00,M60/9462B,482.0,106.21644,0.09625081124257402
2020-01-27 11:29:00,M60/9462B,502.0,107.82578,0.09874843246698962
2020-01-27 11:44:00,M60/9462B,508.0,107.82578,0.09992869261599745
2020-01-27 11:59:00,M60/9462B,465.0,109.43512,0.0901250121135769
2020-01-27 12:14:00,M60/9462B,510.0,107.82578,0.10032211266566674
2020-01-27 12:29:00,M60/9462B,574.0,109.43512,0.11125109022192074
2020-01-27 12:44:00,M60/9462B,560.0,107.82578,0.11015761390739878
2020-01-27 12:59:00,M60/9462B,539.0,109.43512,0.1044674871596085
2020-01-27 13:14:00,M60/9462B,506.0,109.43512,0.09807151855799982
2020-01-27 13:29:00,M60/9462B,545.0,109.43512,0.10563039054171916
2020-01-27 13:44:00,M60/9462B,573.0,109.43512,0.11105727299156896
2020-01-27 13:59:00,M60/9462B,591.0,107.82578,0.11625562467727263
2020-01-27 14:14:00,M60/9462B,641.0,107.82578,0.12609112591900465
2020-01-27 14:29:00,M60/9462B,664.0,109.43512,0.1286946409535808
2020-01-27 14:44:00,M60/9462B,671.0,107.82578,0.1319924266640439
2020-01-27 14:59:00,M60/9462B,679.0,109.43512,0.13160189940885747
2020-01-27 15:14:00,M60/9462B,743.0,107.82578,0.146155548452138
2020-01-27 15:29:00,M60/9462B,866.0,111.04446,0.1654131747964568
2020-01-27 15:44:00,M60/9462B,919.0,107.82578,0.18077651282303478
2020-01-27 15:59:00,M60/9462B,995.0,107.82578,0.19572647471046747
2020-01-27 16:14:00,M60/9462B,1043.0,107.82578,0.20516855590253022
2020-01-27 16:29:00,M60/9462B,996.0,109.43512,0.1930419614303712
2020-01-27 16:44:00,M60/9462B,952.0,107.82578,0.1872679436425779
2020-01-27 16:59:00,M60/9462B,812.0,107.82578,0.1597285401657282
2020-01-27 17:14:00,M60/9462B,948.0,104.6071,0.1922189836522621
2020-01-27 17:29:00,M60/9462B,955.0,104.6071,0.19363832213914586
2020-01-27 17:44:00,M60/9462B,958.0,104.6071,0.19424661006209604
2020-01-27 17:59:00,M60/9462B,838.0,107.82578,0.16484300081142886
2020-01-27 18:14:00,M60/9462B,830.0,109.43512,0.16086830119197598
2020-01-27 18:29:00,M60/9462B,797.0,107.82578,0.15677788979320859
2020-01-27 18:44:00,M60/9462B,598.0,111.04446,0.114222954420648
2020-01-27 18:59:00,M60/9462B,493.0,111.04446,0.09416708449729008
2020-01-27 19:14:00,M60/9462B,474.0,111.04446,0.09053792708258722
2020-01-27 19:29:00,M60/9462B,436.0,111.04446,0.08327961225318149
2020-01-27 19:44:00,M60/9462B,351.0,109.43512,0.06802984785347418
2020-01-27 19:59:00,M60/9462B,341.0,112.6538,0.06420334196281478
2020-01-27 20:14:00,M60/9462B,305.0,111.04446,0.058257526920230174
2020-01-27 20:29:00,M60/9462B,366.0,112.6538,0.06891033184278654
2020-01-27 20:44:00,M60/9462B,308.0,112.6538,0.05799011532125206
2020-01-27 20:59:00,M60/9462B,245.0,112.6538,0.04612850082372323
2020-01-27 21:14:00,M60/9462B,244.0,112.6538,0.04594022122852436
2020-01-27 21:29:00,M60/9462B,285.0,111.04446,0.05443736122054295
2020-01-27 21:44:00,M60/9462B,183.0,112.6538,0.03445516592139327
2020-01-27 21:59:00,M60/9462B,181.0,111.04446,0.034572499582169375
2020-01-27 22:14:00,M60/9462B,194.0,109.43512,0.03760054268824499
2020-01-27 22:29:00,M60/9462B,194.0,111.04446,0.03705560728696607
2020-01-27 22:44:00,M60/9462B,173.0,109.43512,0.03353038085085764
2020-01-27 22:59:00,M60/9462B,159.0,111.04446,0.030370317312513433
2020-01-27 23:14:00,M60/9462B,156.0,111.04446,0.029797292457560347
2020-01-27 23:29:00,M60/9462B,180.0,112.6538,0.033890327135796657
2020-01-27 23:44:00,M60/9462B,134.0,107.82578,0.026359143327841845
2020-01-27 23:59:00,M60/9462B,120.0,109.43512,0.023258067642213394
2020-01-28 00:14:00,M60/9462B,90.0,106.21644,0.017972143178073986
2020-01-28 00:29:00,M60/9462B,80.0,111.04446,0.015280662798748897
2020-01-28 00:44:00,M60/9462B,50.0,104.6071,0.010138132049169942
2020-01-28 00:59:00,M60/9462B,69.0,107.82578,0.013572991713590204
2020-01-28 01:14:00,M60/9462B,44.0,104.6071,0.008921556203269548
2020-01-28 01:29:00,M60/9462B,34.0,106.21644,0.006789476311716839
2020-01-28 01:44:00,M60/9462B,48.0,107.82578,0.00944208119206275
2020-01-28 01:59:00,M60/9462B,30.0,101.38842,0.006275986506629011
2020-01-28 02:14:00,M60/9462B,33.0,102.99776,0.006795716639209226
2020-01-28 02:29:00,M60/9462B,24.0,102.99776,0.0049423393739703465
2020-01-28 02:44:00,M60/9462B,34.0,104.6071,0.0068939297934355595
2020-01-28 02:59:00,M60/9462B,32.0,99.77908,0.0068023595684753154
2020-01-28 03:14:00,M60/9462B,39.0,98.16974,0.008426283522834688
2020-01-28 03:29:00,M60/9462B,27.0,94.95106,0.006031329405523134
2020-01-28 03:44:00,M60/9462B,38.0,104.6071,0.007704980357369154
2020-01-28 03:59:00,M60/9462B,42.0,98.16974,0.009074459178437357
2020-01-28 04:14:00,M60/9462B,50.0,101.38842,0.010459977511048353
2020-01-28 04:29:00,M60/9462B,68.0,99.77908,0.014455014083010045
2020-01-28 04:44:00,M60/9462B,79.0,101.38842,0.016526764467456396
2020-01-28 04:59:00,M60/9462B,76.0,104.6071,0.015409960714738309
2020-01-28 05:14:00,M60/9462B,106.0,104.6071,0.021492839944240276
2020-01-28 05:29:00,M60/9462B,164.0,104.6071,0.033253073121277406
2020-01-28 05:44:00,M60/9462B,224.0,107.82578,0.04406304556295951
2020-01-28 05:59:00,M60/9462B,248.0,109.43512,0.048066673127241014
2020-01-28 06:14:00,M60/9462B,323.0,111.04446,0.061695676049948675
2020-01-28 06:29:00,M60/9462B,473.0,109.43512,0.09167554995639113
2020-01-28 06:44:00,M60/9462B,586.0,111.04446,0.11193085500083567
2020-01-28 06:59:00,M60/9462B,679.0,111.04446,0.12969462550438127
2020-01-28 07:14:00,M60/9462B,785.0,109.43512,0.15214652582614596
2020-01-28 07:29:00,M60/9462B,910.0,109.43512,0.17637367962011824
2020-01-28 07:44:00,M60/9462B,965.0,106.21644,0.1927013129649044
2020-01-28 07:59:00,M60/9462B,926.0,104.6071,0.1877582055506273
2020-01-28 08:14:00,M60/9462B,884.0,109.43512,0.17133443163097203
2020-01-28 08:29:00,M60/9462B,913.0,104.6071,0.18512229121784313
2020-01-28 08:44:00,M60/9462B,1067.0,104.6071,0.21634773792928652
2020-01-28 08:59:00,M60/9462B,1004.0,104.6071,0.2035736915473324
2020-01-28 09:14:00,M60/9462B,750.0,107.82578,0.1475325186259805
2020-01-28 09:29:00,M60/9462B,724.0,106.21644,0.1445759073436174
2020-01-28 09:44:00,M60/9462B,771.0,99.77908,0.16389435085295215
2020-01-28 09:59:00,M60/9462B,701.0,101.38842,0.1466488847048979
2020-01-28 10:14:00,M60/9462B,586.0,106.21644,0.11701862113723728
2020-01-28 10:29:00,M60/9462B,555.0,106.21644,0.11082821626478959
2020-01-28 10:44:00,M60/9462B,548.0,107.82578,0.10779709360938307
2020-01-28 10:59:00,M60/9462B,444.0,107.82578,0.08733925102658045
2020-01-28 11:14:00,M60/9462B,500.0,107.82578,0.09835501241732032
2020-01-28 11:29:00,M60/9462B,496.0,107.82578,0.09756817231798176
2020-01-28 11:44:00,M60/9462B,490.0,107.82578,0.09638791216897391
2020-01-28 11:59:00,M60/9462B,553.0,107.82578,0.10878064373355628
2020-01-28 12:14:00,M60/9462B,561.0,107.82578,0.1103543239322334
2020-01-28 12:29:00,M60/9462B,539.0,107.82578,0.10602670338587132
2020-01-28 12:44:00,M60/9462B,569.0,107.82578,0.11192800413091053
2020-01-28 12:59:00,M60/9462B,528.0,109.43512,0.10233549762573893
2020-01-28 13:14:00,M60/9462B,531.0,109.43512,0.10291694931679428
2020-01-28 13:29:00,M60/9462B,589.0,106.21644,0.11761769257650642
2020-01-28 13:44:00,M60/9462B,572.0,107.82578,0.11251813420541447
2020-01-28 13:59:00,M60/9462B,540.0,109.43512,0.10466130438996028
2020-01-28 14:14:00,M60/9462B,579.0,106.21644,0.11562078777894265
2020-01-28 14:29:00,M60/9462B,666.0,106.21644,0.13299385951774748
2020-01-28 14:44:00,M60/9462B,764.0,106.21644,0.15256352653387248
2020-01-28 14:59:00,M60/9462B,775.0,106.21644,0.15476012181119264
2020-01-28 15:14:00,M60/9462B,863.0,106.21644,0.1723328840297539
2020-01-28 15:29:00,M60/9462B,951.0,101.38842,0.19894877226013968
2020-01-28 15:44:00,M60/9462B,1010.0,101.38842,0.21129154572317674
2020-01-28 15:59:00,M60/9462B,1013.0,102.99776,0.20860790774299837
2020-01-28 16:14:00,M60/9462B,1066.0,102.99776,0.2195222405271829
2020-01-28 16:29:00,M60/9462B,987.0,102.99776,0.2032537067545305
2020-01-28 16:44:00,M60/9462B,959.0,104.6071,0.19444937270307946
2020-01-28 16:59:00,M60/9462B,883.0,101.38842,0.1847232028451139
2020-01-28 17:14:00,M60/9462B,815.0,102.99776,0.16783360790774302
2020-01-28 17:29:00,M60/9462B,835.0,102.99776,0.1719522240527183
2020-01-28 17:44:00,M60/9462B,866.0,102.99776,0.17833607907743002
2020-01-28 17:59:00,M60/9462B,876.0,102.99776,0.18039538714991762
2020-01-28 18:14:00,M60/9462B,853.0,104.6071,0.1729565327588392
2020-01-28 18:29:00,M60/9462B,832.0,106.21644,0.16614247915730618
2020-01-28 18:44:00,M60/9462B,711.0,107.82578,0.13986082765742952
2020-01-28 18:59:00,M60/9462B,584.0,111.04446,0.11154883843086695
2020-01-28 19:14:00,M60/9462B,536.0,109.43512,0.10388603546855316
2020-01-28 19:29:00,M60/9462B,513.0,111.04446,0.09798725019697731
2020-01-28 19:44:00,M60/9462B,397.0,112.6538,0.07474699929395151
2020-01-28 19:59:00,M60/9462B,355.0,114.26313999999999,0.06589785831960462
2020-01-28 20:14:00,M60/9462B,348.0,112.6538,0.06552129912920687
2020-01-28 20:29:00,M60/9462B,356.0,111.04446,0.06799894945443259
2020-01-28 20:44:00,M60/9462B,286.0,112.6538,0.05384796422687692
2020-01-28 20:59:00,M60/9462B,259.0,114.26313999999999,0.048077592407824214
2020-01-28 21:14:00,M60/9462B,278.0,114.26313999999999,0.05160452003619742
2020-01-28 21:29:00,M60/9462B,243.0,112.6538,0.045751941633325494
2020-01-28 21:44:00,M60/9462B,241.0,111.04446,0.04603299668123106
2020-01-28 21:59:00,M60/9462B,222.0,112.6538,0.04179807013414921
2020-01-28 22:14:00,M60/9462B,213.0,111.04446,0.040684764701668936
2020-01-28 22:29:00,M60/9462B,232.0,111.04446,0.0443139221163718
2020-01-28 22:44:00,M60/9462B,196.0,112.6538,0.036902800658978586
2020-01-28 22:59:00,M60/9462B,182.0,111.04446,0.03476350786715374
2020-01-28 23:14:00,M60/9462B,171.0,107.82578,0.033637414246723556
2020-01-28 23:29:00,M60/9462B,147.0,109.43512,0.02849113286171141
2020-01-28 23:44:00,M60/9462B,137.0,106.21644,0.027357595726623732
2020-01-28 23:59:00,M60/9462B,99.0,107.82578,0.019474292458629423
2020-01-29 00:14:00,M60/9462B,103.0,106.21644,0.020568119414906893
2020-01-29 00:29:00,M60/9462B,94.0,109.43512,0.01821881965306716
2020-01-29 00:44:00,M60/9462B,52.0,107.82578,0.010228921291401315
2020-01-29 00:59:00,M60/9462B,57.0,104.6071,0.011557470536053733
2020-01-29 01:14:00,M60/9462B,54.0,104.6071,0.010949182613103535
2020-01-29 01:29:00,M60/9462B,46.0,107.82578,0.00904866114239347
2020-01-29 01:44:00,M60/9462B,32.0,99.77908,0.0068023595684753154
2020-01-29 01:59:00,M60/9462B,36.0,101.38842,0.0075311838079548145
2020-01-29 02:14:00,M60/9462B,36.0,99.77908,0.00765265451453473
2020-01-29 02:29:00,M60/9462B,33.0,101.38842,0.006903585157291912
2020-01-29 02:44:00,M60/9462B,23.0,104.6071,0.0046635407426181726
2020-01-29 02:59:00,M60/9462B,34.0,102.99776,0.007001647446457991
2020-01-29 03:14:00,M60/9462B,54.0,101.38842,0.01129677571193222
2020-01-29 03:29:00,M60/9462B,37.0,99.77908,0.007865228251049584
2020-01-29 03:44:00,M60/9462B,48.0,98.16974,0.010370810489642694
2020-01-29 03:59:00,M60/9462B,34.0,96.5604,0.007468423942888523
2020-01-29 04:14:00,M60/9462B,56.0,99.77908,0.011904129244831804
2020-01-29 04:29:00,M60/9462B,59.0,101.38842,0.012342773463037056
2020-01-29 04:44:00,M60/9462B,69.0,104.6071,0.013990622227854518
2020-01-29 04:59:00,M60/9462B,89.0,104.6071,0.018045875047522492
2020-01-29 05:14:00,M60/9462B,103.0,106.21644,0.020568119414906893
2020-01-29 05:29:00,M60/9462B,158.0,106.21644,0.03155109580150766
2020-01-29 05:44:00,M60/9462B,237.0,107.82578,0.04662027588580983
2020-01-29 05:59:00,M60/9462B,269.0,109.43512,0.05213683496462836
2020-01-29 06:14:00,M60/9462B,337.0,112.6538,0.0634502235820193
2020-01-29 06:29:00,M60/9462B,448.0,112.6538,0.08434925864909391
2020-01-29 06:44:00,M60/9462B,569.0,111.04446,0.10868371415610154
2020-01-29 06:59:00,M60/9462B,664.0,112.6538,0.12501765121204989
2020-01-29 07:14:00,M60/9462B,806.0,111.04446,0.15395267769739515
2020-01-29 07:29:00,M60/9462B,924.0,109.43512,0.17908712084504314
2020-01-29 07:44:00,M60/9462B,988.0,107.82578,0.194349504536625
2020-01-29 07:59:00,M60/9462B,1054.0,106.21644,0.21047376566322198
2020-01-29 08:14:00,M60/9462B,1036.0,109.43512,0.2007946506444423
2020-01-29 08:29:00,M60/9462B,1055.0,106.21644,0.2106734561429784
2020-01-29 08:44:00,M60/9462B,935.0,109.43512,0.1812191103789127
2020-01-29 08:59:00,M60/9462B,858.0,107.82578,0.16877720130812168
2020-01-29 09:14:00,M60/9462B,858.0,107.82578,0.16877720130812168
2020-01-29 09:29:00,M60/9462B,741.0,107.82578,0.14576212840246874
2020-01-29 09:44:00,M60/9462B,638.0,109.43512,0.12365539296443455
2020-01-29 09:59:00,M60/9462B,592.0,107.82578,0.11645233470210727
2020-01-29 10:14:00,M60/9462B,519.0,107.82578,0.1020925028891785
2020-01-29 10:29:00,M60/9462B,511.0,107.82578,0.10051882269050137
2020-01-29 10:44:00,M60/9462B,498.0,107.82578,0.09796159236765106
2020-01-29 10:59:00,M60/9462B,510.0,106.21644,0.10184214467575259
2020-01-29 11:14:00,M60/9462B,471.0,107.82578,0.09265042169711575
2020-01-29 11:29:00,M60/9462B,535.0,107.82578,0.10523986328653276
2020-01-29 11:44:00,M60/9462B,550.0,107.82578,0.10819051365905236
2020-01-29 11:59:00,M60/9462B,585.0,107.82578,0.11507536452826478
2020-01-29 12:14:00,M60/9462B,497.0,109.43512,0.0963271634848338
2020-01-29 12:29:00,M60/9462B,571.0,107.82578,0.11232142418057982
2020-01-29 12:44:00,M60/9462B,588.0,107.82578,0.11566549460276872
2020-01-29 12:59:00,M60/9462B,571.0,109.43512,0.11066963853086541
2020-01-29 13:14:00,M60/9462B,572.0,107.82578,0.11251813420541447
2020-01-29 13:29:00,M60/9462B,586.0,107.82578,0.11527207455309942
2020-01-29 13:44:00,M60/9462B,584.0,107.82578,0.11487865450343016
2020-01-29 13:59:00,M60/9462B,591.0,109.43512,0.11454598313790097
2020-01-29 14:14:00,M60/9462B,631.0,107.82578,0.12412402567065825
2020-01-29 14:29:00,M60/9462B,689.0,107.82578,0.1355332071110674
2020-01-29 14:44:00,M60/9462B,717.0,109.43512,0.13896695416222501
2020-01-29 14:59:00,M60/9462B,765.0,111.04446,0.14612133801303634
2020-01-29 15:14:00,M60/9462B,821.0,109.43512,0.15912394611880998
2020-01-29 15:29:00,M60/9462B,816.0,109.43512,0.1581548599670511
2020-01-29 15:44:00,M60/9462B,900.0,109.43512,0.17443550731660049
2020-01-29 15:59:00,M60/9462B,937.0,107.82578,0.1843172932700583
2020-01-29 16:14:00,M60/9462B,1019.0,107.82578,0.20044751530649885
2020-01-29 16:29:00,M60/9462B,1025.0,106.21644,0.20468274175028706
2020-01-29 16:44:00,M60/9462B,932.0,106.21644,0.18611152713294393
2020-01-29 16:59:00,M60/9462B,929.0,106.21644,0.1855124556936748
2020-01-29 17:14:00,M60/9462B,907.0,106.21644,0.1811192651390345
2020-01-29 17:29:00,M60/9462B,801.0,107.82578,0.15756472989254716
2020-01-29 17:44:00,M60/9462B,738.0,111.04446,0.14096411431845857
2020-01-29 17:59:00,M60/9462B,754.0,111.04446,0.14402024687820836
2020-01-29 18:14:00,M60/9462B,747.0,111.04446,0.14268318888331782
2020-01-29 18:29:00,M60/9462B,711.0,112.6538,0.1338667921863968
2020-01-29 18:44:00,M60/9462B,636.0,111.04446,0.12148126925005373
2020-01-29 18:59:00,M60/9462B,608.0,112.6538,0.11447399388091314
2020-01-29 19:14:00,M60/9462B,630.0,112.6538,0.11861614497528832
2020-01-29 19:29:00,M60/9462B,590.0,112.6538,0.11108496116733349
2020-01-29 19:44:00,M60/9462B,580.0,112.6538,0.10920216521534479
2020-01-29 19:59:00,M60/9462B,461.0,112.6538,0.08679689338667923
2020-01-29 20:14:00,M60/9462B,466.0,111.04446,0.08900986080271234
2020-01-29 20:29:00,M60/9462B,399.0,111.04446,0.07621230570876013
2020-01-29 20:44:00,M60/9462B,368.0,112.6538,0.06928689103318428
2020-01-29 20:59:00,M60/9462B,282.0,112.6538,0.05309484584608143
2020-01-29 21:14:00,M60/9462B,269.0,114.26313999999999,0.04993387010696801
2020-01-29 21:29:00,M60/9462B,275.0,114.26313999999999,0.05104763672645428
2020-01-29 21:44:00,M60/9462B,250.0,112.6538,0.04706989879971758
2020-01-29 21:59:00,M60/9462B,253.0,112.6538,0.04763473758531419
2020-01-29 22:14:00,M60/9462B,264.0,111.04446,0.05042618723587136
2020-01-29 22:29:00,M60/9462B,219.0,109.43512,0.042445973447039445
2020-01-29 22:44:00,M60/9462B,221.0,111.04446,0.042212830981543825
2020-01-29 22:59:00,M60/9462B,179.0,114.26313999999999,0.033227370814673876
2020-01-29 23:14:00,M60/9462B,184.0,112.6538,0.03464344551659214
2020-01-29 23:29:00,M60/9462B,146.0,112.6538,0.027488820899035066
2020-01-29 23:44:00,M60/9462B,112.0,109.43512,0.021707529799399168
2020-01-29 23:59:00,M60/9462B,131.0,114.26313999999999,0.024317237858783678
2020-01-30 00:14:00,M60/9462B,120.0,109.43512,0.023258067642213394
2020-01-30 00:29:00,M60/9462B,104.0,109.43512,0.020156991956584942
2020-01-30 00:44:00,M60/9462B,83.0,109.43512,0.0160868301191976
2020-01-30 00:59:00,M60/9462B,67.0,106.21644,0.013379262143677299
2020-01-30 01:14:00,M60/9462B,66.0,106.21644,0.013179571663920923
2020-01-30 01:29:00,M60/9462B,55.0,106.21644,0.010982976386600769
2020-01-30 01:44:00,M60/9462B,58.0,109.43512,0.01124139936040314
2020-01-30 01:59:00,M60/9462B,46.0,106.21644,0.00918576206879337
2020-01-30 02:14:00,M60/9462B,49.0,101.38842,0.010250777960827386
2020-01-30 02:29:00,M60/9462B,26.0,98.16974,0.005617522348556459
2020-01-30 02:44:00,M60/9462B,38.0,102.99776,0.00782537067545305
2020-01-30 02:59:00,M60/9462B,40.0,106.21644,0.007987619190255105
2020-01-30 03:14:00,M60/9462B,41.0,99.77908,0.008715523197108999
2020-01-30 03:29:00,M60/9462B,32.0,101.38842,0.006694385607070945
2020-01-30 03:44:00,M60/9462B,36.0,101.38842,0.0075311838079548145
2020-01-30 03:59:00,M60/9462B,40.0,99.77908,0.008502949460594144
2020-01-30 04:14:00,M60/9462B,52.0,106.21644,0.010383904947331636
2020-01-30 04:29:00,M60/9462B,64.0,101.38842,0.01338877121414189
2020-01-30 04:44:00,M60/9462B,80.0,106.21644,0.01597523838051021
2020-01-30 04:59:00,M60/9462B,94.0,102.99776,0.019357495881383857
2020-01-30 05:14:00,M60/9462B,119.0,106.21644,0.023763167091008938
2020-01-30 05:29:00,M60/9462B,149.0,106.21644,0.029753881483700263
2020-01-30 05:44:00,M60/9462B,221.0,111.04446,0.042212830981543825
2020-01-30 05:59:00,M60/9462B,266.0,109.43512,0.05155538327357303
2020-01-30 06:14:00,M60/9462B,352.0,112.6538,0.06627441751000236
2020-01-30 06:29:00,M60/9462B,462.0,112.6538,0.08698517298187809
2020-01-30 06:44:00,M60/9462B,577.0,111.04446,0.11021178043597642
2020-01-30 06:59:00,M60/9462B,625.0,112.6538,0.11767474699929395
2020-01-30 07:14:00,M60/9462B,783.0,111.04446,0.14955948714275483
2020-01-30 07:29:00,M60/9462B,918.0,109.43512,0.17792421746293244
2020-01-30 07:44:00,M60/9462B,1008.0,109.43512,0.1953677681945925
2020-01-30 07:59:00,M60/9462B,1032.0,107.82578,0.20300474562934914
2020-01-30 08:14:00,M60/9462B,1047.0,109.43512,0.20292664017831186
2020-01-30 08:29:00,M60/9462B,937.0,111.04446,0.17897476303034643
2020-01-30 08:44:00,M60/9462B,891.0,109.43512,0.17269115224343448
2020-01-30 08:59:00,M60/9462B,831.0,111.04446,0.15872788482200414
2020-01-30 09:14:00,M60/9462B,754.0,109.43512,0.14613819168524084
2020-01-30 09:29:00,M60/9462B,714.0,111.04446,0.1363799154788339
2020-01-30 09:44:00,M60/9462B,664.0,107.82578,0.1306154564902014
2020-01-30 09:59:00,M60/9462B,578.0,107.82578,0.11369839435442229
2020-01-30 10:14:00,M60/9462B,526.0,106.21644,0.10503719235185463
2020-01-30 10:29:00,M60/9462B,513.0,107.82578,0.10091224274017066
2020-01-30 10:44:00,M60/9462B,521.0,106.21644,0.10403873995307272
2020-01-30 10:59:00,M60/9462B,539.0,107.82578,0.10602670338587132
2020-01-30 11:14:00,M60/9462B,512.0,107.82578,0.10071553271533601
2020-01-30 11:24:00,M60/9462B,548.0,107.82578,0.10779709360938307
2020-01-30 11:44:00,M60/9462B,480.0,104.6071,0.09732606767203143
2020-01-30 11:59:00,M60/9462B,527.0,107.82578,0.10366618308785563
2020-01-30 12:14:00,M60/9462B,543.0,107.82578,0.10681354348520988
2020-01-30 12:29:00,M60/9462B,611.0,107.82578,0.12018982517396544
2020-01-30 12:44:00,M60/9462B,597.0,107.82578,0.11743588482628048
2020-01-30 12:59:00,M60/9462B,584.0,109.43512,0.11318926252543851
2020-01-30 13:14:00,M60/9462B,555.0,109.43512,0.10756856284523696
2020-01-30 13:29:00,M60/9462B,618.0,107.82578,0.12156679534780794
2020-01-30 13:44:00,M60/9462B,605.0,107.82578,0.1190095650249576
2020-01-30 13:59:00,M60/9462B,643.0,107.82578,0.12648454596867392
2020-01-30 14:14:00,M60/9462B,627.0,109.43512,0.12152340343056499
2020-01-30 14:29:00,M60/9462B,726.0,107.82578,0.14281147802994912
2020-01-30 14:44:00,M60/9462B,773.0,107.82578,0.15205684919717724
2020-01-30 14:59:00,M60/9462B,736.0,111.04446,0.14058209774848984
2020-01-30 15:14:00,M60/9462B,911.0,111.04446,0.17400854762075307
2020-01-30 15:29:00,M60/9462B,918.0,109.43512,0.17792421746293244
2020-01-30 15:44:00,M60/9462B,989.0,109.43512,0.19168524081790875
2020-01-30 15:59:00,M60/9462B,1076.0,109.43512,0.20854733985851345
2020-01-30 16:14:00,M60/9462B,1087.0,107.82578,0.21382379699525442
2020-01-30 16:29:00,M60/9462B,1047.0,107.82578,0.20595539600186874
2020-01-30 16:44:00,M60/9462B,1014.0,107.82578,0.19946396518232562
2020-01-30 16:59:00,M60/9462B,978.0,106.21644,0.1952972892017373
2020-01-30 17:14:00,M60/9462B,941.0,106.21644,0.18790874145075132
2020-01-30 17:29:00,M60/9462B,885.0,106.21644,0.17672607458439418
2020-01-30 17:44:00,M60/9462B,917.0,106.21644,0.18311616993659827
2020-01-30 17:59:00,M60/9462B,921.0,107.82578,0.18116993287270405
2020-01-30 18:14:00,M60/9462B,907.0,106.21644,0.1811192651390345
2020-01-30 18:29:00,M60/9462B,787.0,107.82578,0.15481078954486222
2020-01-30 18:44:00,M60/9462B,487.0,111.04446,0.0930210347873839
2020-01-30 18:59:00,M60/9462B,530.0,112.6538,0.09978818545540127
2020-01-30 19:14:00,M60/9462B,310.0,114.26313999999999,0.05754460867345756
2020-01-30 19:29:00,M60/9462B,754.0,111.04446,0.14402024687820836
2020-01-30 19:44:00,M60/9462B,670.0,111.04446,0.127975550939522
2020-01-30 19:59:00,M60/9462B,401.0,112.6538,0.075500117674747
2020-01-30 20:14:00,M60/9462B,447.0,112.6538,0.08416097905389504
2020-01-30 20:29:00,M60/9462B,424.0,111.04446,0.08098751283336915
2020-01-30 20:44:00,M60/9462B,392.0,112.6538,0.07380560131795717
2020-01-30 20:59:00,M60/9462B,325.0,112.6538,0.06119086843963286
2020-01-30 21:14:00,M60/9462B,292.0,114.26313999999999,0.054203308814998734
2020-01-30 21:29:00,M60/9462B,300.0,109.43512,0.05814516910553348
2020-01-30 21:44:00,M60/9462B,234.0,107.82578,0.04603014581130591
2020-01-30 21:59:00,M60/9462B,218.0,102.99776,0.04489291598023065
2020-01-30 22:14:00,M60/9462B,238.0,107.82578,0.046816985910644475
2020-01-30 22:29:00,M60/9462B,205.0,112.6538,0.03859731701576842
2020-01-30 22:44:00,M60/9462B,207.0,111.04446,0.03953871499176277
2020-01-30 22:59:00,M60/9462B,173.0,111.04446,0.033044433302294486
2020-01-30 23:14:00,M60/9462B,193.0,114.26313999999999,0.03582615959347519
2020-01-30 23:29:00,M60/9462B,168.0,111.04446,0.03208939187737268
2020-01-30 23:44:00,M60/9462B,152.0,112.6538,0.028618498470228286
2020-01-30 23:59:00,M60/9462B,117.0,111.04446,0.022347969343170262
2020-01-31 00:14:00,M60/9462B,123.0,109.43512,0.02383951933326873
2020-01-31 00:29:00,M60/9462B,102.0,109.43512,0.019769357495881386
2020-01-31 00:44:00,M60/9462B,89.0,109.43512,0.01724973350130827
2020-01-31 00:59:00,M60/9462B,69.0,112.6538,0.012991292068722052
2020-01-31 01:14:00,M60/9462B,66.0,111.04446,0.01260654680896784
2020-01-31 01:29:00,M60/9462B,55.0,111.04446,0.010505455674139866
2020-01-31 01:44:00,M60/9462B,39.0,102.99776,0.008031301482701814
2020-01-31 01:59:00,M60/9462B,43.0,101.38842,0.008995580659501583
2020-01-31 02:14:00,M60/9462B,30.0,101.38842,0.006275986506629011
2020-01-31 02:29:00,M60/9462B,48.0,104.6071,0.009732606767203144
2020-01-31 02:44:00,M60/9462B,24.0,101.38842,0.005020789205303209
2020-01-31 02:59:00,M60/9462B,41.0,101.38842,0.008577181559059649
2020-01-31 03:14:00,M60/9462B,43.0,107.82578,0.008458531067889548
2020-01-31 03:29:00,M60/9462B,32.0,104.6071,0.006488404511468762
2020-01-31 03:44:00,M60/9462B,46.0,102.99776,0.009472817133443164
2020-01-31 03:59:00,M60/9462B,59.0,101.38842,0.012342773463037056
2020-01-31 04:14:00,M60/9462B,63.0,102.99776,0.01297364085667216
2020-01-31 04:29:00,M60/9462B,93.0,102.99776,0.019151565074135093
2020-01-31 04:44:00,M60/9462B,83.0,107.82578,0.016326932061275175
2020-01-31 04:59:00,M60/9462B,97.0,104.6071,0.019667976175389686
2020-01-31 05:14:00,M60/9462B,136.0,106.21644,0.027157905246867356
2020-01-31 05:29:00,M60/9462B,157.0,107.82578,0.03088347389903858
2020-01-31 05:44:00,M60/9462B,227.0,109.43512,0.04399651128985367
2020-01-31 05:59:00,M60/9462B,224.0,111.04446,0.04278585583649691
2020-01-31 06:14:00,M60/9462B,300.0,112.6538,0.056483878559661096
2020-01-31 06:29:00,M60/9462B,432.0,112.6538,0.08133678512591198
2020-01-31 06:44:00,M60/9462B,531.0,111.04446,0.1014253993266958
2020-01-31 06:59:00,M60/9462B,633.0,111.04446,0.12090824439510064
2020-01-31 07:14:00,M60/9462B,721.0,111.04446,0.13771697347372444
2020-01-31 07:29:00,M60/9462B,907.0,109.43512,0.17579222792906293
2020-01-31 07:44:00,M60/9462B,967.0,107.82578,0.19021859401509753
2020-01-31 07:59:00,M60/9462B,1043.0,107.82578,0.20516855590253022
2020-01-31 08:14:00,M60/9462B,923.0,111.04446,0.1763006470405654
2020-01-31 08:29:00,M60/9462B,946.0,111.04446,0.18069383759520571
2020-01-31 08:44:00,M60/9462B,825.0,111.04446,0.157581835112098
2020-01-31 08:59:00,M60/9462B,698.0,112.6538,0.1314191574488115
2020-01-31 09:14:00,M60/9462B,650.0,109.43512,0.12598119972865587
2020-01-31 09:29:00,M60/9462B,612.0,107.82578,0.12038653519880008
2020-01-31 09:44:00,M60/9462B,569.0,107.82578,0.11192800413091053
2020-01-31 09:59:00,M60/9462B,619.0,107.82578,0.12176350537264256
2020-01-31 10:14:00,M60/9462B,566.0,107.82578,0.1113378740564066
2020-01-31 10:29:00,M60/9462B,529.0,106.21644,0.10563626379112376
2020-01-31 10:44:00,M60/9462B,507.0,107.82578,0.09973198259116281
2020-01-31 10:59:00,M60/9462B,547.0,107.82578,0.10760038358454845
2020-01-31 11:14:00,M60/9462B,539.0,107.82578,0.10602670338587132
2020-01-31 11:29:00,M60/9462B,557.0,104.6071,0.11293879102775314
2020-01-31 11:44:00,M60/9462B,650.0,106.21644,0.12979881184164546
2020-01-31 11:59:00,M60/9462B,581.0,106.21644,0.11602016873845539
2020-01-31 12:14:00,M60/9462B,600.0,106.21644,0.11981428785382656
2020-01-31 12:29:00,M60/9462B,700.0,106.21644,0.1397833358294643
2020-01-31 12:44:00,M60/9462B,660.0,106.21644,0.13179571663920922
2020-01-31 12:59:00,M60/9462B,687.0,106.21644,0.13718735959263142
2020-01-31 13:14:00,M60/9462B,713.0,104.6071,0.14456976302116337
2020-01-31 13:29:00,M60/9462B,734.0,101.38842,0.15355246986218982
2020-01-31 13:44:00,M60/9462B,751.0,98.16974,0.16225997245253465
2020-01-31 13:59:00,M60/9462B,708.0,96.5604,0.15551894563426688
2020-01-31 14:14:00,M60/9462B,852.0,101.38842,0.17823801678826393
2020-01-31 14:29:00,M60/9462B,907.0,104.6071,0.18390571537194272
2020-01-31 14:44:00,M60/9462B,865.0,106.21644,0.17273226498926664
2020-01-31 14:59:00,M60/9462B,905.0,107.82578,0.1780225724753498
2020-01-31 15:14:00,M60/9462B,941.0,106.21644,0.18790874145075132
2020-01-31 15:29:00,M60/9462B,890.0,107.82578,0.17507192210283018
2020-01-31 15:44:00,M60/9462B,1013.0,107.82578,0.19926725515749097
2020-01-31 15:59:00,M60/9462B,1041.0,107.82578,0.20477513585286092
2020-01-31 16:14:00,M60/9462B,997.0,107.82578,0.19611989476013672
2020-01-31 16:29:00,M60/9462B,971.0,109.43512,0.18819653067157674
2020-01-31 16:44:00,M60/9462B,911.0,106.21644,0.18191802705805998
2020-01-31 16:59:00,M60/9462B,1026.0,106.21644,0.20488243223004343
2020-01-31 17:14:00,M60/9462B,905.0,107.82578,0.1780225724753498
2020-01-31 17:29:00,M60/9462B,887.0,109.43512,0.17191588332202734
2020-01-31 17:44:00,M60/9462B,802.0,107.82578,0.1577614399173818
2020-01-31 17:59:00,M60/9462B,728.0,107.82578,0.1432048980796184
2020-01-31 18:14:00,M60/9462B,723.0,106.21644,0.144376216863861
2020-01-31 18:29:00,M60/9462B,783.0,106.21644,0.15635764564924368
2020-01-31 18:44:00,M60/9462B,622.0,109.43512,0.1205543172788061
2020-01-31 18:59:00,M60/9462B,590.0,111.04446,0.11269488814077312
2020-01-31 19:14:00,M60/9462B,525.0,111.04446,0.10027934961678964
2020-01-31 19:29:00,M60/9462B,541.0,112.6538,0.10185926100258885
2020-01-31 19:44:00,M60/9462B,471.0,111.04446,0.08996490222763412
2020-01-31 19:59:00,M60/9462B,418.0,112.6538,0.0787008707931278
2020-01-31 20:14:00,M60/9462B,365.0,112.6538,0.06872205224758766
2020-01-31 20:29:00,M60/9462B,398.0,111.04446,0.07602129742377577
2020-01-31 20:44:00,M60/9462B,310.0,111.04446,0.05921256834515198
2020-01-31 20:59:00,M60/9462B,286.0,112.6538,0.05384796422687692
2020-01-31 21:14:00,M60/9462B,265.0,112.6538,0.04989409272770064
2020-01-31 21:29:00,M60/9462B,276.0,111.04446,0.05271828665568369
2020-01-31 21:44:00,M60/9462B,233.0,111.04446,0.04450493040135617
2020-01-31 21:59:00,M60/9462B,241.0,112.6538,0.04537538244292775
2020-01-31 22:14:00,M60/9462B,265.0,111.04446,0.05061719552085572
2020-01-31 22:29:00,M60/9462B,273.0,112.6538,0.051400329489291595
2020-01-31 22:44:00,M60/9462B,231.0,111.04446,0.044122913831387445
2020-01-31 22:59:00,M60/9462B,201.0,112.6538,0.03784419863497294
2020-01-31 23:14:00,M60/9462B,215.0,111.04446,0.04106678127163766
2020-01-31 23:29:00,M60/9462B,185.0,114.26313999999999,0.03434113743416015
2020-01-31 23:44:00,M60/9462B,180.0,109.43512,0.034887101463320094
2020-01-31 23:59:00,M60/9462B,148.0,109.43512,0.028684950092063184
2020-01-01 00:14:00,M60/9492A,36.0,107.82578,0.0070815608940470644
2020-01-01 00:29:00,M60/9492A,56.0,109.43512,0.010853764899699584
2020-01-01 00:44:00,M60/9492A,83.0,109.43512,0.0160868301191976
2020-01-01 00:59:00,M60/9492A,114.0,109.43512,0.022095164260102725
2020-01-01 01:14:00,M60/9492A,95.0,111.04446,0.018145787073514316
2020-01-01 01:29:00,M60/9492A,87.0,111.04446,0.016617720793639424
2020-01-01 01:44:00,M60/9492A,82.0,109.43512,0.01589301288884582
2020-01-01 01:59:00,M60/9492A,83.0,111.04446,0.01585368765370198
2020-01-01 02:14:00,M60/9492A,94.0,114.26313999999999,0.017449010371951644
2020-01-01 02:29:00,M60/9492A,80.0,109.43512,0.015505378428142265
2020-01-01 02:44:00,M60/9492A,63.0,111.04446,0.012033521954014756
2020-01-01 02:59:00,M60/9492A,65.0,112.6538,0.012238173687926571
2020-01-01 03:14:00,M60/9492A,54.0,111.04446,0.010314447389155506
2020-01-01 03:29:00,M60/9492A,72.0,107.82578,0.014163121788094129
2020-01-01 03:44:00,M60/9492A,52.0,111.04446,0.009932430819186783
2020-01-01 03:59:00,M60/9492A,51.0,107.82578,0.010032211266566674
2020-01-01 04:14:00,M60/9492A,70.0,111.04446,0.013370579948905285
2020-01-01 04:29:00,M60/9492A,49.0,106.21644,0.009784833508062503
2020-01-01 04:44:00,M60/9492A,74.0,109.43512,0.014342475046031592
2020-01-01 04:59:00,M60/9492A,57.0,111.04446,0.010887472244108588
2020-01-01 05:14:00,M60/9492A,87.0,109.43512,0.016862099040604712
2020-01-01 05:29:00,M60/9492A,80.0,111.04446,0.015280662798748897
2020-01-01 05:44:00,M60/9492A,91.0,107.82578,0.0179006122599523
2020-01-01 05:59:00,M60/9492A,87.0,111.04446,0.016617720793639424
2020-01-01 06:14:00,M60/9492A,118.0,109.43512,0.022870433181509837
2020-01-01 06:29:00,M60/9492A,116.0,107.82578,0.022818362880818316
2020-01-01 06:44:00,M60/9492A,131.0,111.04446,0.02502208533295132
2020-01-01 06:59:00,M60/9492A,107.0,112.6538,0.020145916686279127
2020-01-01 07:14:00,M60/9492A,111.0,111.04446,0.021201919633264094
2020-01-01 07:29:00,M60/9492A,126.0,111.04446,0.024067043908029512
2020-01-01 07:44:00,M60/9492A,142.0,111.04446,0.02712317646777929
2020-01-01 07:59:00,M60/9492A,102.0,111.04446,0.019482845068404843
2020-01-01 08:14:00,M60/9492A,105.0,114.26313999999999,0.01949091584100982
2020-01-01 08:29:00,M60/9492A,78.0,114.26313999999999,0.01447896605332158
2020-01-01 08:44:00,M60/9492A,100.0,111.04446,0.01910082849843612
2020-01-01 08:59:00,M60/9492A,128.0,112.6538,0.0240997881854554
2020-01-01 09:14:00,M60/9492A,119.0,111.04446,0.022729985913138982
2020-01-01 09:29:00,M60/9492A,142.0,111.04446,0.02712317646777929
2020-01-01 09:44:00,M60/9492A,168.0,111.04446,0.03208939187737268
2020-01-01 09:59:00,M60/9492A,201.0,112.6538,0.03784419863497294
2020-01-01 10:14:00,M60/9492A,179.0,111.04446,0.03419048301220066
2020-01-01 10:29:00,M60/9492A,225.0,112.6538,0.042362908919745826
2020-01-01 10:44:00,M60/9492A,262.0,112.6538,0.04932925394210402
2020-01-01 10:59:00,M60/9492A,258.0,112.6538,0.04857613556130855
2020-01-01 11:14:00,M60/9492A,332.0,114.26313999999999,0.0616284196115739
2020-01-01 11:29:00,M60/9492A,361.0,112.6538,0.06796893386679219
2020-01-01 11:44:00,M60/9492A,444.0,114.26313999999999,0.08241872984198438
2020-01-01 11:59:00,M60/9492A,379.0,112.6538,0.07135796658037186
2020-01-01 12:14:00,M60/9492A,396.0,112.6538,0.07455871969875265
2020-01-01 12:29:00,M60/9492A,424.0,111.04446,0.08098751283336915
2020-01-01 12:44:00,M60/9492A,422.0,111.04446,0.08060549626340043
2020-01-01 12:59:00,M60/9492A,406.0,111.04446,0.07754936370365065
2020-01-01 13:14:00,M60/9492A,451.0,112.6538,0.08491409743469051
2020-01-01 13:29:00,M60/9492A,417.0,112.6538,0.07851259119792892
2020-01-01 13:44:00,M60/9492A,482.0,112.6538,0.0907507648858555
2020-01-01 13:59:00,M60/9492A,475.0,114.26313999999999,0.08817319070933013
2020-01-01 14:14:00,M60/9492A,474.0,112.6538,0.08924452812426453
2020-01-01 14:29:00,M60/9492A,484.0,112.6538,0.09112732407625324
2020-01-01 14:44:00,M60/9492A,442.0,114.26313999999999,0.08204747430215562
2020-01-01 14:59:00,M60/9492A,406.0,112.6538,0.07644151565074135
2020-01-01 15:14:00,M60/9492A,460.0,112.6538,0.08660861379148035
2020-01-01 15:29:00,M60/9492A,451.0,112.6538,0.08491409743469051
2020-01-01 15:44:00,M60/9492A,480.0,114.26313999999999,0.08910132955890203
2020-01-01 15:59:00,M60/9492A,505.0,112.6538,0.09508119557542952
2020-01-01 16:14:00,M60/9492A,468.0,112.6538,0.08811485055307132
2020-01-01 16:29:00,M60/9492A,485.0,111.04446,0.09263901821741519
2020-01-01 16:44:00,M60/9492A,428.0,107.82578,0.0841918906292262
2020-01-01 16:59:00,M60/9492A,399.0,109.43512,0.07733307491035954
2020-01-01 17:14:00,M60/9492A,459.0,107.82578,0.09028990139910006
2020-01-01 17:29:00,M60/9492A,504.0,109.43512,0.09768388409729625
2020-01-01 17:44:00,M60/9492A,446.0,109.43512,0.08644248473689312
2020-01-01 17:59:00,M60/9492A,469.0,109.43512,0.09090028103498402
2020-01-01 18:14:00,M60/9492A,473.0,107.82578,0.09304384174678504
2020-01-01 18:29:00,M60/9492A,353.0,109.43512,0.06841748231417774
2020-01-01 18:44:00,M60/9492A,297.0,111.04446,0.056729460640355285
2020-01-01 18:59:00,M60/9492A,316.0,111.04446,0.06035861805505814
2020-01-01 19:14:00,M60/9492A,304.0,111.04446,0.058066518635245805
2020-01-01 19:29:00,M60/9492A,291.0,111.04446,0.05558341093044911
2020-01-01 19:44:00,M60/9492A,307.0,111.04446,0.0586395434901989
2020-01-01 19:59:00,M60/9492A,411.0,111.04446,0.07850440512857246
2020-01-01 20:14:00,M60/9492A,458.0,111.04446,0.08748179452283744
2020-01-01 20:29:00,M60/9492A,339.0,109.43512,0.06570404108925285
2020-01-01 20:44:00,M60/9492A,225.0,107.82578,0.044259755587794145
2020-01-01 20:59:00,M60/9492A,187.0,112.6538,0.03520828430218875
2020-01-01 21:14:00,M60/9492A,167.0,111.04446,0.03189838359238832
2020-01-01 21:29:00,M60/9492A,144.0,109.43512,0.02790968117065607
2020-01-01 21:44:00,M60/9492A,138.0,112.6538,0.025982584137444104
2020-01-01 21:59:00,M60/9492A,126.0,112.6538,0.02372322899505766
2020-01-01 22:14:00,M60/9492A,126.0,111.04446,0.024067043908029512
2020-01-01 22:29:00,M60/9492A,116.0,109.43512,0.02248279872080628
2020-01-01 22:44:00,M60/9492A,109.0,111.04446,0.020819903063295373
2020-01-01 22:59:00,M60/9492A,85.0,111.04446,0.016235704223670704
2020-01-01 23:14:00,M60/9492A,63.0,106.21644,0.01258050022465179
2020-01-01 23:29:00,M60/9492A,81.0,109.43512,0.015699195658494043
2020-01-01 23:44:00,M60/9492A,72.0,109.43512,0.013954840585328036
2020-01-01 23:59:00,M60/9492A,49.0,106.21644,0.009784833508062503
2020-01-02 00:14:00,M60/9492A,37.0,111.04446,0.0070673065444213645
2020-01-02 00:29:00,M60/9492A,35.0,106.21644,0.006989166791473217
2020-01-02 00:44:00,M60/9492A,29.0,109.43512,0.00562069968020157
2020-01-02 00:59:00,M60/9492A,33.0,107.82578,0.006491430819543141
2020-01-02 01:14:00,M60/9492A,32.0,101.38842,0.006694385607070945
2020-01-02 01:29:00,M60/9492A,20.0,101.38842,0.004183991004419341
2020-01-02 01:44:00,M60/9492A,23.0,102.99776,0.004736408566721582
2020-01-02 01:59:00,M60/9492A,27.0,109.43512,0.005233065219498014
2020-01-02 02:14:00,M60/9492A,33.0,109.43512,0.006395968601608683
2020-01-02 02:29:00,M60/9492A,47.0,109.43512,0.00910940982653358
2020-01-02 02:44:00,M60/9492A,35.0,102.99776,0.007207578253706755
2020-01-02 02:59:00,M60/9492A,58.0,111.04446,0.01107848052909295
2020-01-02 03:14:00,M60/9492A,38.0,107.82578,0.007474980943716345
2020-01-02 03:29:00,M60/9492A,60.0,104.6071,0.012165758459003929
2020-01-02 03:44:00,M60/9492A,87.0,106.21644,0.01737307173880485
2020-01-02 03:59:00,M60/9492A,84.0,107.82578,0.016523642086109815
2020-01-02 04:14:00,M60/9492A,94.0,106.21644,0.018770905097099496
2020-01-02 04:29:00,M60/9492A,105.0,109.43512,0.02035080918693672
2020-01-02 04:44:00,M60/9492A,142.0,104.6071,0.028792295019642634
2020-01-02 04:59:00,M60/9492A,142.0,107.82578,0.027932823526518977
2020-01-02 05:14:00,M60/9492A,159.0,109.43512,0.030816939625932748
2020-01-02 05:29:00,M60/9492A,203.0,109.43512,0.039344897761410993
2020-01-02 05:44:00,M60/9492A,294.0,107.82578,0.05783274730138436
2020-01-02 05:59:00,M60/9492A,300.0,111.04446,0.057302485495308364
2020-01-02 06:14:00,M60/9492A,404.0,107.82578,0.07947085003319483
2020-01-02 06:29:00,M60/9492A,623.0,107.82578,0.12255034547198113
2020-01-02 06:44:00,M60/9492A,754.0,104.6071,0.1528830313014827
2020-01-02 06:59:00,M60/9492A,603.0,106.21644,0.1204133592930957
2020-01-02 07:14:00,M60/9492A,655.0,104.6071,0.13280952984412622
2020-01-02 07:29:00,M60/9492A,671.0,104.6071,0.1360537320998606
2020-01-02 07:44:00,M60/9492A,691.0,104.6071,0.14010898491952858
2020-01-02 07:59:00,M60/9492A,647.0,106.21644,0.1291997404023763
2020-01-02 08:14:00,M60/9492A,672.0,106.21644,0.13419200239628576
2020-01-02 08:29:00,M60/9492A,624.0,107.82578,0.12274705549681576
2020-01-02 08:44:00,M60/9492A,608.0,109.43512,0.11784087605388119
2020-01-02 08:59:00,M60/9492A,616.0,107.82578,0.12117337529813864
2020-01-02 09:14:00,M60/9492A,526.0,109.43512,0.10194786316503537
2020-01-02 09:29:00,M60/9492A,575.0,109.43512,0.11144490745227251
2020-01-02 09:44:00,M60/9492A,547.0,109.43512,0.10601802500242273
2020-01-02 09:59:00,M60/9492A,551.0,109.43512,0.10679329392382983
2020-01-02 10:14:00,M60/9492A,558.0,107.82578,0.10976419385772948
2020-01-02 10:29:00,M60/9492A,574.0,107.82578,0.11291155425508373
2020-01-02 10:44:00,M60/9492A,566.0,107.82578,0.1113378740564066
2020-01-02 10:59:00,M60/9492A,570.0,109.43512,0.11047582130051363
2020-01-02 11:14:00,M60/9492A,550.0,109.43512,0.10659947669347805
2020-01-02 11:29:00,M60/9492A,559.0,107.82578,0.10996090388256413
2020-01-02 11:44:00,M60/9492A,631.0,107.82578,0.12412402567065825
2020-01-02 11:59:00,M60/9492A,565.0,109.43512,0.10950673514875474
2020-01-02 12:14:00,M60/9492A,580.0,109.43512,0.11241399360403141
2020-01-02 12:29:00,M60/9492A,586.0,109.43512,0.11357689698614208
2020-01-02 12:44:00,M60/9492A,599.0,109.43512,0.1160965209807152
2020-01-02 12:59:00,M60/9492A,629.0,109.43512,0.12191103789126854
2020-01-02 13:14:00,M60/9492A,716.0,107.82578,0.14084437778160272
2020-01-02 13:29:00,M60/9492A,691.0,109.43512,0.13392770617307878
2020-01-02 13:44:00,M60/9492A,721.0,107.82578,0.14182792790577592
2020-01-02 13:59:00,M60/9492A,649.0,107.82578,0.12766480611768177
2020-01-02 14:14:00,M60/9492A,627.0,107.82578,0.12333718557131969
2020-01-02 14:29:00,M60/9492A,598.0,109.43512,0.11590270375036342
2020-01-02 14:44:00,M60/9492A,611.0,109.43512,0.11842232774493654
2020-01-02 14:59:00,M60/9492A,554.0,109.43512,0.10737474561488518
2020-01-02 15:14:00,M60/9492A,622.0,107.82578,0.1223536354471465
2020-01-02 15:29:00,M60/9492A,671.0,102.99776,0.13817957166392092
2020-01-02 15:44:00,M60/9492A,598.0,107.82578,0.1176325948511151
2020-01-02 15:59:00,M60/9492A,702.0,106.21644,0.1401827167889771
2020-01-02 16:14:00,M60/9492A,689.0,106.21644,0.13758674055214418
2020-01-02 16:29:00,M60/9492A,810.0,104.6071,0.16423773919655305
2020-01-02 16:44:00,M60/9492A,720.0,104.6071,0.14598910150804714
2020-01-02 16:59:00,M60/9492A,699.0,106.21644,0.13958364534970796
2020-01-02 17:14:00,M60/9492A,687.0,106.21644,0.13718735959263142
2020-01-02 17:29:00,M60/9492A,797.0,106.21644,0.15915331236583297
2020-01-02 17:44:00,M60/9492A,579.0,109.43512,0.11222017637367963
2020-01-02 17:59:00,M60/9492A,589.0,109.43512,0.11415834867719742
2020-01-02 18:14:00,M60/9492A,550.0,107.82578,0.10819051365905236
2020-01-02 18:29:00,M60/9492A,494.0,106.21644,0.09864709699965055
2020-01-02 18:44:00,M60/9492A,465.0,106.21644,0.09285607308671559
2020-01-02 18:59:00,M60/9492A,412.0,107.82578,0.08104453023187196
2020-01-02 19:14:00,M60/9492A,342.0,107.82578,0.06727482849344711
2020-01-02 19:29:00,M60/9492A,334.0,106.21644,0.06669662023863013
2020-01-02 19:44:00,M60/9492A,313.0,106.21644,0.06250312016374619
2020-01-02 19:59:00,M60/9492A,270.0,104.6071,0.05474591306551768
2020-01-02 20:14:00,M60/9492A,259.0,107.82578,0.05094789643217193
2020-01-02 20:29:00,M60/9492A,237.0,107.82578,0.04662027588580983
2020-01-02 20:44:00,M60/9492A,212.0,107.82578,0.04170252526494382
2020-01-02 20:59:00,M60/9492A,215.0,107.82578,0.04229265533944774
2020-01-02 21:14:00,M60/9492A,172.0,111.04446,0.032853425017310124
2020-01-02 21:29:00,M60/9492A,218.0,107.82578,0.042882785413951664
2020-01-02 21:44:00,M60/9492A,176.0,107.82578,0.034620964370896755
2020-01-02 21:59:00,M60/9492A,149.0,111.04446,0.02846023446266982
2020-01-02 22:14:00,M60/9492A,142.0,109.43512,0.027522046709952515
2020-01-02 22:29:00,M60/9492A,141.0,104.6071,0.028589532378659233
2020-01-02 22:44:00,M60/9492A,106.0,106.21644,0.021167190854176027
2020-01-02 22:59:00,M60/9492A,93.0,107.82578,0.01829403230962158
2020-01-02 23:14:00,M60/9492A,69.0,106.21644,0.013778643103190056
2020-01-02 23:29:00,M60/9492A,93.0,106.21644,0.01857121461734312
2020-01-02 23:44:00,M60/9492A,77.0,106.21644,0.015376166941241077
2020-01-02 23:59:00,M60/9492A,52.0,106.21644,0.010383904947331636
2020-01-03 00:14:00,M60/9492A,39.0,101.38842,0.008158782458617715
2020-01-03 00:29:00,M60/9492A,42.0,107.82578,0.008261821043054908
2020-01-03 00:44:00,M60/9492A,46.0,104.6071,0.009327081485236345
2020-01-03 00:59:00,M60/9492A,37.0,107.82578,0.007278270918881704
2020-01-03 01:14:00,M60/9492A,45.0,101.38842,0.009413979759943517
2020-01-03 01:29:00,M60/9492A,42.0,99.77908,0.008928096933623852
2020-01-03 01:44:00,M60/9492A,24.0,102.99776,0.0049423393739703465
2020-01-03 01:59:00,M60/9492A,42.0,104.6071,0.00851603092130275
2020-01-03 02:14:00,M60/9492A,36.0,101.38842,0.0075311838079548145
2020-01-03 02:29:00,M60/9492A,62.0,106.21644,0.012380809744895412
2020-01-03 02:44:00,M60/9492A,41.0,104.6071,0.008313268280319351
2020-01-03 02:59:00,M60/9492A,51.0,107.82578,0.010032211266566674
2020-01-03 03:14:00,M60/9492A,48.0,104.6071,0.009732606767203144
2020-01-03 03:29:00,M60/9492A,65.0,106.21644,0.012979881184164545
2020-01-03 03:44:00,M60/9492A,95.0,101.38842,0.01987395727099187
2020-01-03 03:59:00,M60/9492A,120.0,106.21644,0.023962857570765314
2020-01-03 04:14:00,M60/9492A,122.0,106.21644,0.02436223853027807
2020-01-03 04:29:00,M60/9492A,127.0,104.6071,0.02575085540489165
2020-01-03 04:44:00,M60/9492A,152.0,109.43512,0.029460219013470297
2020-01-03 04:59:00,M60/9492A,129.0,106.21644,0.025760071888572714
2020-01-03 05:14:00,M60/9492A,148.0,107.82578,0.029113083675526816
2020-01-03 05:29:00,M60/9492A,202.0,109.43512,0.039151080531059215
2020-01-03 05:44:00,M60/9492A,302.0,109.43512,0.058532803566237045
2020-01-03 05:59:00,M60/9492A,294.0,111.04446,0.05615643578540219
2020-01-03 06:14:00,M60/9492A,402.0,107.82578,0.07907742998352554
2020-01-03 06:29:00,M60/9492A,645.0,109.43512,0.125012113576897
2020-01-03 06:44:00,M60/9492A,708.0,106.21644,0.14138085966751535
2020-01-03 06:59:00,M60/9492A,629.0,106.21644,0.1256053117667615
2020-01-03 07:14:00,M60/9492A,659.0,104.6071,0.13362058040805982
2020-01-03 07:29:00,M60/9492A,683.0,104.6071,0.13848688379166138
2020-01-03 07:44:00,M60/9492A,704.0,106.21644,0.14058209774848984
2020-01-03 07:59:00,M60/9492A,645.0,107.82578,0.12687796601834322
2020-01-03 08:14:00,M60/9492A,672.0,106.21644,0.13419200239628576
2020-01-03 08:29:00,M60/9492A,748.0,106.21644,0.14936847885777046
2020-01-03 08:44:00,M60/9492A,648.0,109.43512,0.12559356526795235
2020-01-03 08:59:00,M60/9492A,635.0,109.43512,0.12307394127337921
2020-01-03 09:14:00,M60/9492A,572.0,109.43512,0.11086345576121719
2020-01-03 09:29:00,M60/9492A,619.0,107.82578,0.12176350537264256
2020-01-03 09:44:00,M60/9492A,609.0,107.82578,0.11979640512429617
2020-01-03 09:59:00,M60/9492A,566.0,107.82578,0.1113378740564066
2020-01-03 10:14:00,M60/9492A,572.0,107.82578,0.11251813420541447
2020-01-03 10:29:00,M60/9492A,531.0,107.82578,0.1044530231871942
2020-01-03 10:44:00,M60/9492A,619.0,106.21644,0.12360840696919775
2020-01-03 10:59:00,M60/9492A,610.0,107.82578,0.11999311514913079
2020-01-03 11:14:00,M60/9492A,554.0,109.43512,0.10737474561488518
2020-01-03 11:29:00,M60/9492A,658.0,106.21644,0.13139633567969647
2020-01-03 11:44:00,M60/9492A,678.0,107.82578,0.13336939683788637
2020-01-03 11:59:00,M60/9492A,589.0,109.43512,0.11415834867719742
2020-01-03 12:14:00,M60/9492A,645.0,107.82578,0.12687796601834322
2020-01-03 12:29:00,M60/9492A,682.0,107.82578,0.13415623693722492
2020-01-03 12:44:00,M60/9492A,661.0,109.43512,0.12811318926252546
2020-01-03 12:59:00,M60/9492A,627.0,112.6538,0.11805130618969169
2020-01-03 13:14:00,M60/9492A,644.0,111.04446,0.12300933552992861
2020-01-03 13:29:00,M60/9492A,616.0,111.04446,0.1176611035503665
2020-01-03 13:44:00,M60/9492A,677.0,109.43512,0.13121426494815389
2020-01-03 13:59:00,M60/9492A,658.0,111.04446,0.1256834515197097
2020-01-03 14:14:00,M60/9492A,634.0,111.04446,0.12109925268008502
2020-01-03 14:29:00,M60/9492A,588.0,112.6538,0.11070840197693574
2020-01-03 14:44:00,M60/9492A,640.0,107.82578,0.12589441589417003
2020-01-03 14:59:00,M60/9492A,704.0,107.82578,0.13848385748358702
2020-01-03 15:14:00,M60/9492A,645.0,111.04446,0.12320034381491299
2020-01-03 15:29:00,M60/9492A,687.0,109.43512,0.1331524372516717
2020-01-03 15:44:00,M60/9492A,798.0,109.43512,0.15466614982071908
2020-01-03 15:59:00,M60/9492A,761.0,107.82578,0.14969632889916154
2020-01-03 16:14:00,M60/9492A,742.0,109.43512,0.1438123849210195
2020-01-03 16:29:00,M60/9492A,812.0,106.21644,0.16214866956217863
2020-01-03 16:44:00,M60/9492A,755.0,107.82578,0.1485160687501537
2020-01-03 16:59:00,M60/9492A,723.0,106.21644,0.144376216863861
2020-01-03 17:14:00,M60/9492A,681.0,107.82578,0.13395952691239027
2020-01-03 17:29:00,M60/9492A,762.0,106.21644,0.15216414557435975
2020-01-03 17:44:00,M60/9492A,676.0,109.43512,0.1310204477178021
2020-01-03 17:59:00,M60/9492A,594.0,109.43512,0.11512743482895631
2020-01-03 18:14:00,M60/9492A,543.0,109.43512,0.1052427560810156
2020-01-03 18:29:00,M60/9492A,559.0,109.43512,0.10834383176664406
2020-01-03 18:44:00,M60/9492A,464.0,111.04446,0.0886278442327436
2020-01-03 18:59:00,M60/9492A,442.0,111.04446,0.08442566196308765
2020-01-03 19:14:00,M60/9492A,407.0,109.43512,0.07888361275317377
2020-01-03 19:29:00,M60/9492A,339.0,111.04446,0.06475180860969845
2020-01-03 19:44:00,M60/9492A,346.0,111.04446,0.06608886660458897
2020-01-03 19:59:00,M60/9492A,321.0,112.6538,0.06043775005883737
2020-01-03 20:14:00,M60/9492A,265.0,109.43512,0.05136156604322125
2020-01-03 20:29:00,M60/9492A,246.0,111.04446,0.04698803810615285
2020-01-03 20:44:00,M60/9492A,260.0,109.43512,0.05039247989146235
2020-01-03 20:59:00,M60/9492A,257.0,111.04446,0.049089129240980835
2020-01-03 21:14:00,M60/9492A,196.0,111.04446,0.0374376238569348
2020-01-03 21:29:00,M60/9492A,203.0,111.04446,0.038774681851825324
2020-01-03 21:44:00,M60/9492A,172.0,109.43512,0.03333656362050587
2020-01-03 21:59:00,M60/9492A,154.0,111.04446,0.029415275887591626
2020-01-03 22:14:00,M60/9492A,146.0,109.43512,0.028297315631359628
2020-01-03 22:29:00,M60/9492A,131.0,111.04446,0.02502208533295132
2020-01-03 22:44:00,M60/9492A,135.0,111.04446,0.025786118472888763
2020-01-03 22:59:00,M60/9492A,110.0,111.04446,0.02101091134827973
2020-01-03 23:14:00,M60/9492A,100.0,111.04446,0.01910082849843612
2020-01-03 23:29:00,M60/9492A,99.0,111.04446,0.01890982021345176
2020-01-03 23:44:00,M60/9492A,103.0,111.04446,0.019673853353389205
2020-01-03 23:59:00,M60/9492A,60.0,109.43512,0.011629033821106697
2020-01-04 00:14:00,M60/9492A,51.0,109.43512,0.009884678747940693
2020-01-04 00:29:00,M60/9492A,68.0,107.82578,0.013376281688755563
2020-01-04 00:44:00,M60/9492A,78.0,107.82578,0.01534338193710197
2020-01-04 00:59:00,M60/9492A,41.0,101.38842,0.008577181559059649
2020-01-04 01:14:00,M60/9492A,51.0,106.21644,0.010184214467575258
2020-01-04 01:29:00,M60/9492A,56.0,102.99776,0.011532125205930808
2020-01-04 01:44:00,M60/9492A,42.0,102.99776,0.008649093904448107
2020-01-04 01:59:00,M60/9492A,38.0,106.21644,0.0075882382307423495
2020-01-04 02:14:00,M60/9492A,54.0,106.21644,0.010783285906844391
2020-01-04 02:29:00,M60/9492A,50.0,109.43512,0.009690861517588915
2020-01-04 02:44:00,M60/9492A,50.0,109.43512,0.009690861517588915
2020-01-04 02:59:00,M60/9492A,55.0,109.43512,0.010659947669347806
2020-01-04 03:14:00,M60/9492A,62.0,107.82578,0.01219602153974772
2020-01-04 03:29:00,M60/9492A,56.0,109.43512,0.010853764899699584
2020-01-04 03:44:00,M60/9492A,75.0,107.82578,0.014753251862598049
2020-01-04 03:59:00,M60/9492A,83.0,109.43512,0.0160868301191976
2020-01-04 04:14:00,M60/9492A,103.0,106.21644,0.020568119414906893
2020-01-04 04:29:00,M60/9492A,94.0,107.82578,0.01849074233445622
2020-01-04 04:44:00,M60/9492A,127.0,107.82578,0.024982173153999362
2020-01-04 04:59:00,M60/9492A,109.0,111.04446,0.020819903063295373
2020-01-04 05:14:00,M60/9492A,102.0,107.82578,0.02006442253313335
2020-01-04 05:29:00,M60/9492A,132.0,107.82578,0.025965723278172564
2020-01-04 05:44:00,M60/9492A,154.0,109.43512,0.029847853474173854
2020-01-04 05:59:00,M60/9492A,181.0,111.04446,0.034572499582169375
2020-01-04 06:14:00,M60/9492A,177.0,109.43512,0.03430564977226475
2020-01-04 06:29:00,M60/9492A,214.0,111.04446,0.0408757729866533
2020-01-04 06:44:00,M60/9492A,242.0,111.04446,0.04622400496621541
2020-01-04 06:59:00,M60/9492A,233.0,111.04446,0.04450493040135617
2020-01-04 07:14:00,M60/9492A,216.0,109.43512,0.04186452175598411
2020-01-04 07:29:00,M60/9492A,237.0,109.43512,0.04593468359337146
2020-01-04 07:44:00,M60/9492A,285.0,109.43512,0.055237910650256815
2020-01-04 07:59:00,M60/9492A,281.0,109.43512,0.0544626417288497
2020-01-04 08:14:00,M60/9492A,275.0,111.04446,0.052527278370699336
2020-01-04 08:29:00,M60/9492A,334.0,112.6538,0.0628853847964227
2020-01-04 08:44:00,M60/9492A,394.0,112.6538,0.07418216050835491
2020-01-04 08:59:00,M60/9492A,377.0,112.6538,0.0709814073899741
2020-01-04 09:14:00,M60/9492A,312.0,112.6538,0.05874323370204754
2020-01-04 09:29:00,M60/9492A,398.0,111.04446,0.07602129742377577
2020-01-04 09:44:00,M60/9492A,446.0,111.04446,0.08518969510302511
2020-01-04 09:59:00,M60/9492A,456.0,109.43512,0.0883806570404109
2020-01-04 10:14:00,M60/9492A,435.0,107.82578,0.08556886080306869
2020-01-04 10:29:00,M60/9492A,513.0,111.04446,0.09798725019697731
2020-01-04 10:44:00,M60/9492A,488.0,109.43512,0.0945828084116678
2020-01-04 10:59:00,M60/9492A,555.0,109.43512,0.10756856284523696
2020-01-04 11:14:00,M60/9492A,573.0,109.43512,0.11105727299156896
2020-01-04 11:29:00,M60/9492A,605.0,109.43512,0.11725942436282587
2020-01-04 11:44:00,M60/9492A,602.0,111.04446,0.11498698756058545
2020-01-04 11:59:00,M60/9492A,632.0,107.82578,0.12432073569549289
2020-01-04 12:14:00,M60/9492A,594.0,111.04446,0.11345892128071057
2020-01-04 12:29:00,M60/9492A,676.0,109.43512,0.1310204477178021
2020-01-04 12:44:00,M60/9492A,706.0,111.04446,0.134851849198959
2020-01-04 12:59:00,M60/9492A,599.0,111.04446,0.11441396270563235
2020-01-04 13:14:00,M60/9492A,639.0,111.04446,0.1220542941050068
2020-01-04 13:29:00,M60/9492A,650.0,111.04446,0.1241553852398348
2020-01-04 13:44:00,M60/9492A,680.0,111.04446,0.12988563378936563
2020-01-04 13:59:00,M60/9492A,696.0,111.04446,0.1329417663491154
2020-01-04 14:14:00,M60/9492A,709.0,109.43512,0.1374164163194108
2020-01-04 14:29:00,M60/9492A,625.0,111.04446,0.11938017811522576
2020-01-04 14:44:00,M60/9492A,631.0,114.26313999999999,0.11713112281597328
2020-01-04 14:59:00,M60/9492A,607.0,112.6538,0.11428571428571428
2020-01-04 15:14:00,M60/9492A,529.0,112.6538,0.0995999058602024
2020-01-04 15:29:00,M60/9492A,535.0,112.6538,0.10072958343139564
2020-01-04 15:44:00,M60/9492A,566.0,111.04446,0.10811068930114845
2020-01-04 15:59:00,M60/9492A,630.0,111.04446,0.12033521954014757
2020-01-04 16:14:00,M60/9492A,641.0,109.43512,0.12423684465548987
2020-01-04 16:29:00,M60/9492A,611.0,109.43512,0.11842232774493654
2020-01-04 16:44:00,M60/9492A,583.0,107.82578,0.1146819444785955
2020-01-04 16:59:00,M60/9492A,584.0,107.82578,0.11487865450343016
2020-01-04 17:14:00,M60/9492A,563.0,109.43512,0.10911910068805118
2020-01-04 17:29:00,M60/9492A,545.0,109.43512,0.10563039054171916
2020-01-04 17:44:00,M60/9492A,487.0,111.04446,0.0930210347873839
2020-01-04 17:59:00,M60/9492A,479.0,109.43512,0.0928384533385018
2020-01-04 18:14:00,M60/9492A,473.0,111.04446,0.09034691879760286
2020-01-04 18:29:00,M60/9492A,383.0,109.43512,0.07423199922473109
2020-01-04 18:44:00,M60/9492A,358.0,111.04446,0.06838096602440132
2020-01-04 18:59:00,M60/9492A,334.0,109.43512,0.06473495493749394
2020-01-04 19:14:00,M60/9492A,371.0,109.43512,0.07190619246050975
2020-01-04 19:29:00,M60/9492A,331.0,111.04446,0.06322374232982357
2020-01-04 19:44:00,M60/9492A,385.0,111.04446,0.07353818971897907
2020-01-04 19:59:00,M60/9492A,431.0,111.04446,0.08232457082825968
2020-01-04 20:14:00,M60/9492A,396.0,109.43512,0.0767516232193042
2020-01-04 20:29:00,M60/9492A,374.0,109.43512,0.07248764415156508
2020-01-04 20:44:00,M60/9492A,285.0,109.43512,0.055237910650256815
2020-01-04 20:59:00,M60/9492A,255.0,112.6538,0.048011296775711934
2020-01-04 21:14:00,M60/9492A,214.0,109.43512,0.041476887295280554
2020-01-04 21:29:00,M60/9492A,208.0,111.04446,0.039729723276747134
2020-01-04 21:44:00,M60/9492A,191.0,111.04446,0.03648258243201299
2020-01-04 21:59:00,M60/9492A,165.0,111.04446,0.0315163670224196
2020-01-04 22:14:00,M60/9492A,154.0,109.43512,0.029847853474173854
2020-01-04 22:29:00,M60/9492A,137.0,112.6538,0.025794304542245235
2020-01-04 22:44:00,M60/9492A,140.0,111.04446,0.02674115989781057
2020-01-04 22:59:00,M60/9492A,126.0,109.43512,0.024420971024324063
2020-01-04 23:14:00,M60/9492A,134.0,111.04446,0.0255951101879044
2020-01-04 23:29:00,M60/9492A,102.0,111.04446,0.019482845068404843
2020-01-04 23:44:00,M60/9492A,97.0,111.04446,0.018527803643483037
2020-01-04 23:59:00,M60/9492A,90.0,114.26313999999999,0.01670649929229413
2020-01-05 00:14:00,M60/9492A,94.0,111.04446,0.017954778788529954
2020-01-05 00:29:00,M60/9492A,76.0,111.04446,0.014516629658811451
2020-01-05 00:44:00,M60/9492A,69.0,109.43512,0.013373388894272701
2020-01-05 00:59:00,M60/9492A,39.0,111.04446,0.007449323114390087
2020-01-05 01:14:00,M60/9492A,44.0,107.82578,0.008655241092724189
2020-01-05 01:29:00,M60/9492A,50.0,112.6538,0.009413979759943517
2020-01-05 01:44:00,M60/9492A,46.0,107.82578,0.00904866114239347
2020-01-05 01:59:00,M60/9492A,41.0,107.82578,0.008065111018220267
2020-01-05 02:14:00,M60/9492A,52.0,111.04446,0.009932430819186783
2020-01-05 02:29:00,M60/9492A,44.0,111.04446,0.008404364539311893
2020-01-05 02:44:00,M60/9492A,60.0,106.21644,0.011981428785382657
2020-01-05 02:59:00,M60/9492A,42.0,112.6538,0.007907742998352554
2020-01-05 03:14:00,M60/9492A,59.0,109.43512,0.011435216590754919
2020-01-05 03:29:00,M60/9492A,61.0,109.43512,0.011822851051458475
2020-01-05 03:44:00,M60/9492A,75.0,111.04446,0.014325621373827091
2020-01-05 03:59:00,M60/9492A,90.0,109.43512,0.017443550731660047
2020-01-05 04:14:00,M60/9492A,80.0,107.82578,0.015736801986771253
2020-01-05 04:29:00,M60/9492A,110.0,109.43512,0.02131989533869561
2020-01-05 04:44:00,M60/9492A,98.0,109.43512,0.018994088574474273
2020-01-05 04:59:00,M60/9492A,103.0,109.43512,0.019963174726233164
2020-01-05 05:14:00,M60/9492A,84.0,106.21644,0.01677400029953572
2020-01-05 05:29:00,M60/9492A,116.0,107.82578,0.022818362880818316
2020-01-05 05:44:00,M60/9492A,132.0,109.43512,0.025583874406434733
2020-01-05 05:59:00,M60/9492A,126.0,109.43512,0.024420971024324063
2020-01-05 06:14:00,M60/9492A,133.0,107.82578,0.026162433303007205
2020-01-05 06:29:00,M60/9492A,176.0,109.43512,0.03411183254191298
2020-01-05 06:44:00,M60/9492A,184.0,109.43512,0.03566237038472721
2020-01-05 06:59:00,M60/9492A,183.0,109.43512,0.03546855315437542
2020-01-05 07:14:00,M60/9492A,146.0,107.82578,0.02871966362585754
2020-01-05 07:29:00,M60/9492A,182.0,109.43512,0.03527473592402365
2020-01-05 07:44:00,M60/9492A,196.0,112.6538,0.036902800658978586
2020-01-05 07:59:00,M60/9492A,172.0,109.43512,0.03333656362050587
2020-01-05 08:14:00,M60/9492A,173.0,111.04446,0.033044433302294486
2020-01-05 08:29:00,M60/9492A,208.0,109.43512,0.040313983913169885
2020-01-05 08:44:00,M60/9492A,210.0,111.04446,0.04011173984671585
2020-01-05 08:59:00,M60/9492A,218.0,111.04446,0.041639806126590746
2020-01-05 09:14:00,M60/9492A,226.0,111.04446,0.043167872406465635
2020-01-05 09:29:00,M60/9492A,298.0,111.04446,0.05692046892533964
2020-01-05 09:44:00,M60/9492A,376.0,111.04446,0.07181911515411982
2020-01-05 09:59:00,M60/9492A,441.0,107.82578,0.08674912095207653
2020-01-05 10:14:00,M60/9492A,402.0,111.04446,0.0767853305637132
2020-01-05 10:29:00,M60/9492A,422.0,111.04446,0.08060549626340043
2020-01-05 10:44:00,M60/9492A,440.0,109.43512,0.08527958135478245
2020-01-05 10:59:00,M60/9492A,479.0,109.43512,0.0928384533385018
2020-01-05 11:14:00,M60/9492A,452.0,111.04446,0.08633574481293127
2020-01-05 11:29:00,M60/9492A,551.0,111.04446,0.10524556502638302
2020-01-05 11:44:00,M60/9492A,577.0,111.04446,0.11021178043597642
2020-01-05 11:59:00,M60/9492A,603.0,109.43512,0.11687178990212231
2020-01-05 12:14:00,M60/9492A,617.0,109.43512,0.11958523112704719
2020-01-05 12:29:00,M60/9492A,586.0,109.43512,0.11357689698614208
2020-01-05 12:44:00,M60/9492A,626.0,109.43512,0.12132958620021321
2020-01-05 12:59:00,M60/9492A,637.0,109.43512,0.12346157573408277
2020-01-05 13:14:00,M60/9492A,614.0,109.43512,0.11900377943599187
2020-01-05 13:29:00,M60/9492A,665.0,112.6538,0.12520593080724876
2020-01-05 13:44:00,M60/9492A,685.0,109.43512,0.1327648027909681
2020-01-05 13:59:00,M60/9492A,600.0,109.43512,0.11629033821106696
2020-01-05 14:14:00,M60/9492A,608.0,111.04446,0.11613303727049161
2020-01-05 14:29:00,M60/9492A,598.0,111.04446,0.114222954420648
2020-01-05 14:44:00,M60/9492A,572.0,111.04446,0.10925673901105461
2020-01-05 14:59:00,M60/9492A,624.0,111.04446,0.11918916983024139
2020-01-05 15:14:00,M60/9492A,579.0,111.04446,0.11059379700594513
2020-01-05 15:29:00,M60/9492A,585.0,111.04446,0.11173984671585131
2020-01-05 15:44:00,M60/9492A,568.0,111.04446,0.10849270587111716
2020-01-05 15:59:00,M60/9492A,579.0,111.04446,0.11059379700594513
2020-01-05 16:14:00,M60/9492A,595.0,111.04446,0.11364992956569492
2020-01-05 16:29:00,M60/9492A,570.0,109.43512,0.11047582130051363
2020-01-05 16:44:00,M60/9492A,569.0,107.82578,0.11192800413091053
2020-01-05 16:59:00,M60/9492A,512.0,107.82578,0.10071553271533601
2020-01-05 17:14:00,M60/9492A,498.0,107.82578,0.09796159236765106
2020-01-05 17:29:00,M60/9492A,528.0,107.82578,0.10386289311269026
2020-01-05 17:44:00,M60/9492A,423.0,109.43512,0.08198468843880222
2020-01-05 17:59:00,M60/9492A,415.0,109.43512,0.08043415059598799
2020-01-05 18:14:00,M60/9492A,392.0,111.04446,0.0748752477138696
2020-01-05 18:29:00,M60/9492A,470.0,111.04446,0.08977389394264977
2020-01-05 18:44:00,M60/9492A,506.0,109.43512,0.09807151855799982
2020-01-05 18:59:00,M60/9492A,435.0,109.43512,0.08431049520302356
2020-01-05 19:14:00,M60/9492A,354.0,111.04446,0.06761693288446387
2020-01-05 19:29:00,M60/9492A,356.0,111.04446,0.06799894945443259
2020-01-05 19:44:00,M60/9492A,323.0,111.04446,0.061695676049948675
2020-01-05 19:59:00,M60/9492A,275.0,111.04446,0.052527278370699336
2020-01-05 20:14:00,M60/9492A,245.0,112.6538,0.04612850082372323
2020-01-05 20:29:00,M60/9492A,240.0,111.04446,0.04584198839624669
2020-01-05 20:44:00,M60/9492A,201.0,112.6538,0.03784419863497294
2020-01-05 20:59:00,M60/9492A,211.0,111.04446,0.04030274813170021
2020-01-05 21:14:00,M60/9492A,161.0,111.04446,0.030752333882482153
2020-01-05 21:29:00,M60/9492A,184.0,111.04446,0.03514552443712246
2020-01-05 21:44:00,M60/9492A,157.0,109.43512,0.03042930516522919
2020-01-05 21:59:00,M60/9492A,147.0,114.26313999999999,0.027287282177413746
2020-01-05 22:14:00,M60/9492A,135.0,109.43512,0.02616532609749007
2020-01-05 22:29:00,M60/9492A,131.0,114.26313999999999,0.024317237858783678
2020-01-05 22:44:00,M60/9492A,98.0,109.43512,0.018994088574474273
2020-01-05 22:59:00,M60/9492A,112.0,107.82578,0.022031522781479754
2020-01-05 23:14:00,M60/9492A,82.0,111.04446,0.015662679368717618
2020-01-05 23:29:00,M60/9492A,71.0,107.82578,0.013966411763259488
2020-01-05 23:44:00,M60/9492A,63.0,109.43512,0.012210485512162032
2020-01-05 23:59:00,M60/9492A,63.0,107.82578,0.01239273156458236
2020-01-06 00:14:00,M60/9492A,42.0,102.99776,0.008649093904448107
2020-01-06 00:29:00,M60/9492A,55.0,107.82578,0.010819051365905236
2020-01-06 00:44:00,M60/9492A,35.0,102.99776,0.007207578253706755
2020-01-06 00:59:00,M60/9492A,39.0,101.38842,0.008158782458617715
2020-01-06 01:14:00,M60/9492A,46.0,111.04446,0.008786381109280615
2020-01-06 01:29:00,M60/9492A,36.0,101.38842,0.0075311838079548145
2020-01-06 01:44:00,M60/9492A,32.0,107.82578,0.006294720794708501
2020-01-06 01:59:00,M60/9492A,39.0,104.6071,0.007907742998352554
2020-01-06 02:14:00,M60/9492A,37.0,104.6071,0.0075022177163857565
2020-01-06 02:29:00,M60/9492A,41.0,111.04446,0.007831339684358809
2020-01-06 02:44:00,M60/9492A,42.0,104.6071,0.00851603092130275
2020-01-06 02:59:00,M60/9492A,53.0,107.82578,0.010425631316235955
2020-01-06 03:14:00,M60/9492A,76.0,111.04446,0.014516629658811451
2020-01-06 03:29:00,M60/9492A,81.0,106.21644,0.016174928860266585
2020-01-06 03:44:00,M60/9492A,103.0,107.82578,0.02026113255796799
2020-01-06 03:59:00,M60/9492A,128.0,106.21644,0.02556038140881634
2020-01-06 04:14:00,M60/9492A,142.0,109.43512,0.027522046709952515
2020-01-06 04:29:00,M60/9492A,150.0,109.43512,0.02907258455276674
2020-01-06 04:44:00,M60/9492A,199.0,106.21644,0.03973840547151915
2020-01-06 04:59:00,M60/9492A,174.0,107.82578,0.034227544321227474
2020-01-06 05:14:00,M60/9492A,217.0,107.82578,0.04268607538911702
2020-01-06 05:29:00,M60/9492A,300.0,107.82578,0.059013007450392195
2020-01-06 05:44:00,M60/9492A,425.0,109.43512,0.08237232289950577
2020-01-06 05:59:00,M60/9492A,511.0,109.43512,0.0990406047097587
2020-01-06 06:14:00,M60/9492A,720.0,107.82578,0.14163121788094127
2020-01-06 06:29:00,M60/9492A,1174.0,96.5604,0.25788028555738607
2020-01-06 06:44:00,M60/9492A,804.0,22.53076,0.7568839726994587
2020-01-06 06:59:00,M60/9492A,1121.0,38.62416,0.6155958264689732
2020-01-06 07:14:00,M60/9492A,949.0,25.74944,0.7817133443163098
2020-01-06 07:29:00,M60/9492A,865.0,22.53076,0.8143092492351142
2020-01-06 07:44:00,M60/9492A,909.0,35.40548,0.5445559382956419
2020-01-06 07:59:00,M60/9492A,711.0,33.79614,0.4462226406213227
2020-01-06 08:14:00,M60/9492A,627.0,19.31208,0.6886326194398682
2020-01-06 08:29:00,M60/9492A,668.0,17.70274,0.8003594428635616
2020-01-06 08:44:00,M60/9492A,706.0,19.31208,0.7753981328940143
2020-01-06 08:59:00,M60/9492A,660.0,104.6071,0.13382334304904323
2020-01-06 09:14:00,M60/9492A,730.0,106.21644,0.14577405022215564
2020-01-06 09:29:00,M60/9492A,818.0,106.21644,0.1633468124407169
2020-01-06 09:44:00,M60/9492A,747.0,107.82578,0.14694238855147657
2020-01-06 09:59:00,M60/9492A,649.0,106.21644,0.12959912136188909
2020-01-06 10:14:00,M60/9492A,593.0,107.82578,0.11664904472694192
2020-01-06 10:29:00,M60/9492A,620.0,104.6071,0.12571283740970726
2020-01-06 10:44:00,M60/9492A,599.0,106.21644,0.1196145973740702
2020-01-06 10:59:00,M60/9492A,560.0,106.21644,0.11182666866357147
2020-01-06 11:14:00,M60/9492A,543.0,104.6071,0.11010011405398556
2020-01-06 11:29:00,M60/9492A,604.0,106.21644,0.12061304977285209
2020-01-06 11:44:00,M60/9492A,583.0,106.21644,0.11641954969796815
2020-01-06 11:59:00,M60/9492A,541.0,106.21644,0.1080325495482003
2020-01-06 12:14:00,M60/9492A,483.0,106.21644,0.09645050172233038
2020-01-06 12:29:00,M60/9492A,588.0,107.82578,0.11566549460276872
2020-01-06 12:44:00,M60/9492A,507.0,106.21644,0.10124307323648346
2020-01-06 12:59:00,M60/9492A,553.0,107.82578,0.10878064373355628
2020-01-06 13:14:00,M60/9492A,513.0,106.21644,0.10244121611502172
2020-01-06 13:29:00,M60/9492A,543.0,107.82578,0.10681354348520988
2020-01-06 13:44:00,M60/9492A,589.0,107.82578,0.11586220462760335
2020-01-06 13:59:00,M60/9492A,518.0,106.21644,0.1034396685138036
2020-01-06 14:14:00,M60/9492A,565.0,106.21644,0.11282512106235336
2020-01-06 14:29:00,M60/9492A,547.0,107.82578,0.10760038358454845
2020-01-06 14:44:00,M60/9492A,608.0,104.6071,0.12327968571790647
2020-01-06 14:59:00,M60/9492A,574.0,101.38842,0.12008054182683509
2020-01-06 15:14:00,M60/9492A,622.0,94.95106,0.13894395889760702
2020-01-06 15:29:00,M60/9492A,649.0,101.38842,0.1357705080934076
2020-01-06 15:44:00,M60/9492A,685.0,104.6071,0.13889240907362818
2020-01-06 15:59:00,M60/9492A,788.0,106.21644,0.15735609804802556
2020-01-06 16:14:00,M60/9492A,867.0,104.6071,0.1757952097326068
2020-01-06 16:29:00,M60/9492A,927.0,102.99776,0.19089785831960465
2020-01-06 16:44:00,M60/9492A,895.0,101.38842,0.18723359744776552
2020-01-06 16:59:00,M60/9492A,897.0,99.77908,0.1906786416538237
2020-01-06 17:14:00,M60/9492A,837.0,91.73238,0.19353160495968091
2020-01-06 17:29:00,M60/9492A,860.0,99.77908,0.1828134134027741
2020-01-06 17:44:00,M60/9492A,705.0,102.99776,0.14518121911037893
2020-01-06 17:59:00,M60/9492A,1024.0,98.16974,0.22124395711237743
2020-01-06 18:14:00,M60/9492A,707.0,106.21644,0.14118116918775897
2020-01-06 18:29:00,M60/9492A,681.0,106.21644,0.13598921671409314
2020-01-06 18:44:00,M60/9492A,526.0,107.82578,0.10346947306302098
2020-01-06 18:59:00,M60/9492A,487.0,107.82578,0.09579778209447
2020-01-06 19:14:00,M60/9492A,454.0,109.43512,0.08799302257970734
2020-01-06 19:29:00,M60/9492A,400.0,109.43512,0.07752689214071132
2020-01-06 19:44:00,M60/9492A,333.0,109.43512,0.06454113770714216
2020-01-06 19:59:00,M60/9492A,314.0,109.43512,0.06085861033045838
2020-01-06 20:14:00,M60/9492A,268.0,109.43512,0.05194301773427658
2020-01-06 20:29:00,M60/9492A,231.0,109.43512,0.044771780211260784
2020-01-06 20:44:00,M60/9492A,210.0,111.04446,0.04011173984671585
2020-01-06 20:59:00,M60/9492A,213.0,109.43512,0.041283070064928776
2020-01-06 21:14:00,M60/9492A,192.0,109.43512,0.03721290822754143
2020-01-06 21:29:00,M60/9492A,184.0,111.04446,0.03514552443712246
2020-01-06 21:44:00,M60/9492A,152.0,109.43512,0.029460219013470297
2020-01-06 21:59:00,M60/9492A,125.0,107.82578,0.02458875310433008
2020-01-06 22:14:00,M60/9492A,136.0,109.43512,0.026359143327841845
2020-01-06 22:29:00,M60/9492A,121.0,107.82578,0.02380191300499152
2020-01-06 22:44:00,M60/9492A,110.0,107.82578,0.021638102731810473
2020-01-06 22:59:00,M60/9492A,92.0,109.43512,0.017831185192363604
2020-01-06 23:14:00,M60/9492A,74.0,106.21644,0.014777095501971944
2020-01-06 23:29:00,M60/9492A,59.0,109.43512,0.011435216590754919
2020-01-06 23:44:00,M60/9492A,63.0,104.6071,0.012774046381954125
2020-01-06 23:59:00,M60/9492A,59.0,102.99776,0.012149917627677103
2020-01-07 00:14:00,M60/9492A,45.0,109.43512,0.008721775365830024
2020-01-07 00:29:00,M60/9492A,38.0,106.21644,0.0075882382307423495
2020-01-07 00:44:00,M60/9492A,37.0,107.82578,0.007278270918881704
2020-01-07 00:59:00,M60/9492A,32.0,102.99776,0.006589785831960461
2020-01-07 01:14:00,M60/9492A,42.0,96.5604,0.009225700164744647
2020-01-07 01:29:00,M60/9492A,34.0,101.38842,0.0071127847075128795
2020-01-07 01:44:00,M60/9492A,36.0,106.21644,0.007188857271229595
2020-01-07 01:59:00,M60/9492A,38.0,101.38842,0.007949582908396747
2020-01-07 02:14:00,M60/9492A,30.0,109.43512,0.0058145169105533485
2020-01-07 02:29:00,M60/9492A,32.0,102.99776,0.006589785831960461
2020-01-07 02:44:00,M60/9492A,56.0,106.21644,0.011182666866357145
2020-01-07 02:58:00,M60/9492A,63.0,107.82578,0.01239273156458236
2020-01-07 03:14:00,M60/9492A,62.0,106.21644,0.012380809744895412
2020-01-07 03:29:00,M60/9492A,62.0,107.82578,0.01219602153974772
2020-01-07 03:44:00,M60/9492A,82.0,107.82578,0.016130222036440534
2020-01-07 03:59:00,M60/9492A,99.0,102.99776,0.02038714991762768
2020-01-07 04:14:00,M60/9492A,114.0,104.6071,0.023114941072107466
2020-01-07 04:29:00,M60/9492A,121.0,107.82578,0.02380191300499152
2020-01-07 04:44:00,M60/9492A,136.0,106.21644,0.027157905246867356
2020-01-07 04:59:00,M60/9492A,149.0,111.04446,0.02846023446266982
2020-01-07 05:14:00,M60/9492A,198.0,107.82578,0.03894858491725885
2020-01-07 05:28:00,M60/9492A,310.0,107.82578,0.0609801076987386
2020-01-07 05:44:00,M60/9492A,417.0,109.43512,0.08082178505669155
2020-01-07 05:59:00,M60/9492A,457.0,109.43512,0.08857447427076269
2020-01-07 06:14:00,M60/9492A,683.0,106.21644,0.13638859767360592
2020-01-07 06:29:00,M60/9492A,1116.0,77.24832,0.30642504118616143
2020-01-07 06:44:00,M60/9492A,1015.0,30.57746,0.7040665915199862
2020-01-07 06:59:00,M60/9492A,869.0,22.53076,0.8180748411390916
2020-01-07 07:14:00,M60/9492A,880.0,22.53076,0.8284302188750294
2020-01-07 07:29:00,M60/9492A,894.0,25.74944,0.7364085667215816
2020-01-07 07:44:00,M60/9492A,723.0,24.1401,0.6352553542009884
2020-01-07 07:59:00,M60/9492A,638.0,17.70274,0.7644151565074137
2020-01-07 08:14:00,M60/9492A,613.0,17.70274,0.7344615845439569
2020-01-07 08:28:00,M60/9492A,754.0,19.31208,0.828116419549698
2020-01-07 08:44:00,M60/9492A,706.0,17.70274,0.8458888722480158
2020-01-07 08:59:00,M60/9492A,805.0,48.2802,0.35365183964854474
2020-01-07 09:14:00,M60/9492A,802.0,83.68568,0.2032695475858573
2020-01-07 09:29:00,M60/9492A,951.0,77.24832,0.26112026359143325
2020-01-07 09:44:00,M60/9492A,814.0,98.16974,0.17587166122019068
2020-01-07 09:59:00,M60/9492A,736.0,104.6071,0.14923330376378152
2020-01-07 10:14:00,M60/9492A,678.0,104.6071,0.1374730705867444
2020-01-07 10:29:00,M60/9492A,606.0,104.6071,0.12287416043593968
2020-01-07 10:44:00,M60/9492A,598.0,104.6071,0.12125205930807248
2020-01-07 10:59:00,M60/9492A,572.0,104.6071,0.11598023064250412
2020-01-07 11:14:00,M60/9492A,564.0,104.6071,0.11435812951463693
2020-01-07 11:29:00,M60/9492A,531.0,106.21644,0.10603564475063652
2020-01-07 11:44:00,M60/9492A,581.0,106.21644,0.11602016873845539
2020-01-07 11:59:00,M60/9492A,506.0,104.6071,0.1025978963375998
2020-01-07 12:14:00,M60/9492A,571.0,104.6071,0.11577746800152072
2020-01-07 12:29:00,M60/9492A,567.0,106.21644,0.11322450202186611
2020-01-07 12:44:00,M60/9492A,603.0,106.21644,0.1204133592930957
2020-01-07 12:59:00,M60/9492A,520.0,106.21644,0.10383904947331636
2020-01-07 13:14:00,M60/9492A,563.0,106.21644,0.1124257401028406
2020-01-07 13:29:00,M60/9492A,546.0,106.21644,0.10903100194698219
2020-01-07 13:44:00,M60/9492A,571.0,106.21644,0.11402326394089161
2020-01-07 13:59:00,M60/9492A,551.0,104.6071,0.11172221518185274
2020-01-07 14:14:00,M60/9492A,541.0,104.6071,0.10969458877201875
2020-01-07 14:29:00,M60/9492A,611.0,107.82578,0.12018982517396544
2020-01-07 14:44:00,M60/9492A,625.0,107.82578,0.12294376552165041
2020-01-07 14:59:00,M60/9492A,593.0,106.21644,0.11841645449553193
2020-01-07 15:10:00,M60/9492A,604.0,106.21644,0.12061304977285209
2020-01-07 15:29:00,M60/9492A,685.0,106.21644,0.13678797863311865
2020-01-07 15:44:00,M60/9492A,771.0,106.21644,0.15396135989216714
2020-01-07 15:59:00,M60/9492A,792.0,106.21644,0.1581548599670511
2020-01-07 16:14:00,M60/9492A,966.0,102.99776,0.19892915980230644
2020-01-07 16:29:00,M60/9492A,1018.0,99.77908,0.21640006377212098
2020-01-07 16:44:00,M60/9492A,951.0,99.77908,0.2021576234256258
2020-01-07 16:59:00,M60/9492A,1045.0,94.95106,0.23343478625080277
2020-01-07 17:14:00,M60/9492A,989.0,98.16974,0.213681907797013
2020-01-07 17:29:00,M60/9492A,984.0,98.16974,0.2126016150376752
2020-01-07 17:44:00,M60/9492A,993.0,98.16974,0.21454614200448321
2020-01-07 17:59:00,M60/9492A,922.0,102.99776,0.1898682042833608
2020-01-07 18:14:00,M60/9492A,759.0,104.6071,0.1538968445063997
2020-01-07 18:29:00,M60/9492A,733.0,106.21644,0.1463731216614248
2020-01-07 18:44:00,M60/9492A,643.0,106.21644,0.1284009784833508
2020-01-07 18:59:00,M60/9492A,630.0,107.82578,0.12392731564582363
2020-01-07 19:14:00,M60/9492A,448.0,107.82578,0.08812609112591901
2020-01-07 19:29:00,M60/9492A,441.0,109.43512,0.08547339858513424
2020-01-07 19:44:00,M60/9492A,350.0,107.82578,0.06884850869212424
2020-01-07 19:59:00,M60/9492A,288.0,106.21644,0.05751085816983676
2020-01-07 20:14:00,M60/9492A,245.0,109.43512,0.047485221436185686
2020-01-07 20:29:00,M60/9492A,249.0,111.04446,0.047561062961105946
2020-01-07 20:44:00,M60/9492A,241.0,111.04446,0.04603299668123106
2020-01-07 20:59:00,M60/9492A,235.0,109.43512,0.0455470491326679
2020-01-07 21:14:00,M60/9492A,202.0,109.43512,0.039151080531059215
2020-01-07 21:29:00,M60/9492A,188.0,109.43512,0.03643763930613432
2020-01-07 21:44:00,M60/9492A,195.0,109.43512,0.03779435991859677
2020-01-07 21:59:00,M60/9492A,162.0,107.82578,0.03186702402321179
2020-01-07 22:14:00,M60/9492A,180.0,109.43512,0.034887101463320094
2020-01-07 22:29:00,M60/9492A,148.0,111.04446,0.028269226177685458
2020-01-07 22:44:00,M60/9492A,130.0,109.43512,0.025196239945731176
2020-01-07 22:59:00,M60/9492A,90.0,111.04446,0.01719074564859251
2020-01-07 23:14:00,M60/9492A,75.0,106.21644,0.01497678598172832
2020-01-07 23:29:00,M60/9492A,76.0,109.43512,0.014730109506735149
2020-01-07 23:44:00,M60/9492A,53.0,106.21644,0.010583595427088014
2020-01-07 23:59:00,M60/9492A,50.0,106.21644,0.009984523987818881
2020-01-08 00:14:00,M60/9492A,44.0,109.43512,0.008527958135478245
2020-01-08 00:29:00,M60/9492A,41.0,107.82578,0.008065111018220267
2020-01-08 00:44:00,M60/9492A,38.0,106.21644,0.0075882382307423495
2020-01-08 00:59:00,M60/9492A,27.0,104.6071,0.0054745913065517675
2020-01-08 01:14:00,M60/9492A,35.0,98.16974,0.007562049315364464
2020-01-08 01:29:00,M60/9492A,35.0,101.38842,0.0073219842577338465
2020-01-08 01:44:00,M60/9492A,39.0,101.38842,0.008158782458617715
2020-01-08 01:59:00,M60/9492A,29.0,104.6071,0.005880116588518566
2020-01-08 02:14:00,M60/9492A,38.0,102.99776,0.00782537067545305
2020-01-08 02:29:00,M60/9492A,36.0,107.82578,0.0070815608940470644
2020-01-08 02:44:00,M60/9492A,62.0,114.26313999999999,0.01150892173469151
2020-01-08 02:59:00,M60/9492A,41.0,107.82578,0.008065111018220267
2020-01-08 03:14:00,M60/9492A,47.0,106.21644,0.009385452548549748
2020-01-08 03:29:00,M60/9492A,54.0,109.43512,0.010466130438996028
2020-01-08 03:44:00,M60/9492A,75.0,106.21644,0.01497678598172832
2020-01-08 03:59:00,M60/9492A,78.0,106.21644,0.015575857420997452
2020-01-08 04:14:00,M60/9492A,115.0,104.6071,0.023317703713090863
2020-01-08 04:29:00,M60/9492A,114.0,107.82578,0.022424942831149035
2020-01-08 04:44:00,M60/9492A,157.0,106.21644,0.031351405321751284
2020-01-08 04:59:00,M60/9492A,158.0,106.21644,0.03155109580150766
2020-01-08 05:14:00,M60/9492A,196.0,107.82578,0.038555164867589566
2020-01-08 05:29:00,M60/9492A,240.0,109.43512,0.04651613528442679
2020-01-08 05:44:00,M60/9492A,399.0,107.82578,0.07848729990902162
2020-01-08 05:59:00,M60/9492A,429.0,111.04446,0.08194255425829096
2020-01-08 06:14:00,M60/9492A,681.0,107.82578,0.13395952691239027
2020-01-08 06:29:00,M60/9492A,1120.0,99.77908,0.23808258489663606
2020-01-08 06:44:00,M60/9492A,1167.0,54.71756,0.45236941564105054
2020-01-08 06:59:00,M60/9492A,941.0,28.96812,0.6889987186527549
2020-01-08 07:14:00,M60/9492A,892.0,27.35878,0.6915398778951449
2020-01-08 07:29:00,M60/9492A,931.0,27.35878,0.7217753658300223
2020-01-08 07:44:00,M60/9492A,700.0,22.53076,0.6589785831960462
2020-01-08 07:59:00,M60/9492A,730.0,24.1401,0.641405820977485
2020-01-08 08:14:00,M60/9492A,540.0,16.0934,0.71169686985173
2020-01-08 08:29:00,M60/9492A,690.0,19.31208,0.7578253706754531
2020-01-08 08:44:00,M60/9492A,742.0,19.31208,0.8149368478857771
2020-01-08 08:59:00,M60/9492A,674.0,83.68568,0.17082752502851348
2020-01-08 09:14:00,M60/9492A,743.0,109.43512,0.14400620215137128
2020-01-08 09:29:00,M60/9492A,889.0,106.21644,0.17752483650341971
2020-01-08 09:44:00,M60/9492A,840.0,106.21644,0.16774000299535718
2020-01-08 09:59:00,M60/9492A,725.0,107.82578,0.1426147680051145
2020-01-08 10:14:00,M60/9492A,623.0,107.82578,0.12255034547198113
2020-01-08 10:29:00,M60/9492A,621.0,107.82578,0.12215692542231185
2020-01-08 10:44:00,M60/9492A,588.0,106.21644,0.11741800209675005
2020-01-08 10:59:00,M60/9492A,615.0,106.21644,0.12280964505017222
2020-01-08 11:14:00,M60/9492A,541.0,106.21644,0.1080325495482003
2020-01-08 11:29:00,M60/9492A,556.0,107.82578,0.10937077380806022
2020-01-08 11:44:00,M60/9492A,558.0,107.82578,0.10976419385772948
2020-01-08 11:59:00,M60/9492A,596.0,107.82578,0.11723917480144583
2020-01-08 12:14:00,M60/9492A,530.0,107.82578,0.10425631316235955
2020-01-08 12:29:00,M60/9492A,559.0,107.82578,0.10996090388256413
2020-01-08 12:44:00,M60/9492A,566.0,107.82578,0.1113378740564066
2020-01-08 12:59:00,M60/9492A,588.0,107.82578,0.11566549460276872
2020-01-08 13:14:00,M60/9492A,591.0,107.82578,0.11625562467727263
2020-01-08 13:29:00,M60/9492A,555.0,109.43512,0.10756856284523696
2020-01-08 13:44:00,M60/9492A,521.0,109.43512,0.10097877701327648
2020-01-08 13:59:00,M60/9492A,569.0,107.82578,0.11192800413091053
2020-01-08 14:14:00,M60/9492A,558.0,109.43512,0.10815001453629228
2020-01-08 14:29:00,M60/9492A,674.0,106.21644,0.1345913833557985
2020-01-08 14:44:00,M60/9492A,641.0,109.43512,0.12423684465548987
2020-01-08 14:59:00,M60/9492A,612.0,109.43512,0.11861614497528832
2020-01-08 15:14:00,M60/9492A,641.0,109.43512,0.12423684465548987
2020-01-08 15:29:00,M60/9492A,724.0,109.43512,0.14032367477468746
2020-01-08 15:44:00,M60/9492A,782.0,109.43512,0.15156507413509063
2020-01-08 15:59:00,M60/9492A,841.0,107.82578,0.1654331308859328
2020-01-08 16:14:00,M60/9492A,897.0,106.21644,0.17912236034147072
2020-01-08 16:29:00,M60/9492A,930.0,106.21644,0.18571214617343118
2020-01-08 16:44:00,M60/9492A,928.0,104.6071,0.1881637308325941
2020-01-08 16:59:00,M60/9492A,979.0,102.99776,0.20160626029654038
2020-01-08 17:14:00,M60/9492A,907.0,102.99776,0.18677924217462935
2020-01-08 17:29:00,M60/9492A,952.0,102.99776,0.19604612850082373
2020-01-08 17:44:00,M60/9492A,948.0,102.99776,0.19522240527182866
2020-01-08 17:59:00,M60/9492A,788.0,65.98294,0.25330493832121187
2020-01-08 18:14:00,M60/9492A,701.0,57.93624,0.2566355482335713
2020-01-08 18:29:00,M60/9492A,649.0,107.82578,0.12766480611768177
2020-01-08 18:44:00,M60/9492A,538.0,109.43512,0.10427366992925673
2020-01-08 18:59:00,M60/9492A,491.0,111.04446,0.09378506792732134
2020-01-08 19:14:00,M60/9492A,494.0,111.04446,0.09435809278227444
2020-01-08 19:29:00,M60/9492A,465.0,111.04446,0.08881885251772796
2020-01-08 19:44:00,M60/9492A,415.0,107.82578,0.08163466030637587
2020-01-08 19:59:00,M60/9492A,267.0,112.6538,0.050270651918098375
2020-01-08 20:14:00,M60/9492A,319.0,111.04446,0.06093164291001123
2020-01-08 20:29:00,M60/9492A,256.0,111.04446,0.048898120955996466
2020-01-08 20:44:00,M60/9492A,257.0,109.43512,0.049811028200407025
2020-01-08 20:59:00,M60/9492A,227.0,112.6538,0.042739468110143564
2020-01-08 21:14:00,M60/9492A,215.0,112.6538,0.04048011296775712
2020-01-08 21:29:00,M60/9492A,229.0,107.82578,0.04504659568713271
2020-01-08 21:44:00,M60/9492A,178.0,109.43512,0.03449946700261654
2020-01-08 21:59:00,M60/9492A,164.0,109.43512,0.03178602577769164
2020-01-08 22:14:00,M60/9492A,148.0,106.21644,0.029554191003943887
2020-01-08 22:29:00,M60/9492A,146.0,104.6071,0.029603345583576225
2020-01-08 22:44:00,M60/9492A,116.0,102.99776,0.023887973640856673
2020-01-08 22:59:00,M60/9492A,94.0,104.6071,0.019059688252439488
2020-01-08 23:14:00,M60/9492A,92.0,102.99776,0.01894563426688633
2020-01-08 23:29:00,M60/9492A,92.0,101.38842,0.01924635862032897
2020-01-08 23:44:00,M60/9492A,72.0,104.6071,0.014598910150804714
2020-01-08 23:59:00,M60/9492A,48.0,98.16974,0.010370810489642694
2020-01-09 00:14:00,M60/9492A,46.0,99.77908,0.009778391879683266
2020-01-09 00:29:00,M60/9492A,44.0,99.77908,0.00935324440665356
2020-01-09 00:44:00,M60/9492A,28.0,101.38842,0.005857587406187077
2020-01-09 00:59:00,M60/9492A,35.0,101.38842,0.0073219842577338465
2020-01-09 01:14:00,M60/9492A,41.0,94.95106,0.009158685393572168
2020-01-09 01:29:00,M60/9492A,45.0,98.16974,0.009722634834040025
2020-01-09 01:44:00,M60/9492A,40.0,96.5604,0.008786381109280615
2020-01-09 01:59:00,M60/9492A,42.0,102.99776,0.008649093904448107
2020-01-09 02:14:00,M60/9492A,33.0,98.16974,0.0071299322116293515
2020-01-09 02:29:00,M60/9492A,43.0,102.99776,0.00885502471169687
2020-01-09 02:44:00,M60/9492A,47.0,109.43512,0.00910940982653358
2020-01-09 02:59:00,M60/9492A,58.0,106.21644,0.011582047825869902
2020-01-09 03:14:00,M60/9492A,54.0,109.43512,0.010466130438996028
2020-01-09 03:29:00,M60/9492A,53.0,104.6071,0.010746419972120138
2020-01-09 03:44:00,M60/9492A,109.0,106.21644,0.02176626229344516
2020-01-09 03:59:00,M60/9492A,81.0,104.6071,0.016423773919655302
2020-01-09 04:14:00,M60/9492A,112.0,107.82578,0.022031522781479754
2020-01-09 04:29:00,M60/9492A,106.0,107.82578,0.02085126263247191
2020-01-09 04:44:00,M60/9492A,129.0,104.6071,0.02615638068685845
2020-01-09 04:59:00,M60/9492A,155.0,106.21644,0.03095202436223853
2020-01-09 05:14:00,M60/9492A,223.0,107.82578,0.04386633553812486
2020-01-09 05:29:00,M60/9492A,267.0,109.43512,0.0517492005039248
2020-01-09 05:44:00,M60/9492A,420.0,107.82578,0.08261821043054908
2020-01-09 05:59:00,M60/9492A,435.0,111.04446,0.08308860396819713
2020-01-09 06:14:00,M60/9492A,674.0,107.82578,0.1325825567385478
2020-01-09 06:29:00,M60/9492A,1090.0,96.5604,0.23942888522789676
2020-01-09 06:44:00,M60/9492A,992.0,35.40548,0.5942788677549798
2020-01-09 06:59:00,M60/9492A,884.0,27.35878,0.6853377265238881
2020-01-09 07:14:00,M60/9492A,940.0,27.35878,0.7287527861226863
2020-01-09 07:29:00,M60/9492A,911.0,27.35878,0.7062699874018801
2020-01-09 07:44:00,M60/9492A,797.0,24.1401,0.7002745744096651
2020-01-09 07:59:00,M60/9492A,651.0,20.92142,0.6599923964009631
2020-01-09 08:14:00,M60/9492A,697.0,19.31208,0.7655134541460735
2020-01-09 08:29:00,M60/9492A,782.0,20.92142,0.7928019262450894
2020-01-09 08:44:00,M60/9492A,731.0,25.74944,0.6021416803953872
2020-01-09 08:59:00,M60/9492A,636.0,94.95106,0.14207131488565605
2020-01-09 09:14:00,M60/9492A,766.0,104.6071,0.1553161829932835
2020-01-09 09:29:00,M60/9492A,779.0,106.21644,0.15555888373021814
2020-01-09 09:44:00,M60/9492A,780.0,104.6071,0.1581548599670511
2020-01-09 09:59:00,M60/9492A,699.0,104.6071,0.1417310860473958
2020-01-09 10:14:00,M60/9492A,625.0,106.21644,0.12480654984773601
2020-01-09 10:29:00,M60/9492A,611.0,106.21644,0.12201088313114672
2020-01-09 10:44:00,M60/9492A,616.0,104.6071,0.12490178684577367
2020-01-09 10:59:00,M60/9492A,639.0,106.21644,0.1276022165643253
2020-01-09 11:14:00,M60/9492A,566.0,106.21644,0.11302481154210972
2020-01-09 11:29:00,M60/9492A,662.0,104.6071,0.13422886833101003
2020-01-09 11:44:00,M60/9492A,610.0,107.82578,0.11999311514913079
2020-01-09 11:59:00,M60/9492A,598.0,106.21644,0.11941490689431382
2020-01-09 12:14:00,M60/9492A,598.0,107.82578,0.1176325948511151
2020-01-09 12:29:00,M60/9492A,559.0,107.82578,0.10996090388256413
2020-01-09 12:44:00,M60/9492A,633.0,106.21644,0.12640407368578702
2020-01-09 12:59:00,M60/9492A,559.0,107.82578,0.10996090388256413
2020-01-09 13:14:00,M60/9492A,624.0,107.82578,0.12274705549681576
2020-01-09 13:29:00,M60/9492A,597.0,107.82578,0.11743588482628048
2020-01-09 13:44:00,M60/9492A,609.0,106.21644,0.12161150217163395
2020-01-09 13:59:00,M60/9492A,585.0,107.82578,0.11507536452826478
2020-01-09 14:14:00,M60/9492A,624.0,106.21644,0.12460685936797962
2020-01-09 14:29:00,M60/9492A,640.0,106.21644,0.12780190704408168
2020-01-09 14:44:00,M60/9492A,699.0,107.82578,0.13750030735941382
2020-01-09 14:59:00,M60/9492A,645.0,107.82578,0.12687796601834322
2020-01-09 15:14:00,M60/9492A,657.0,107.82578,0.1292384863163589
2020-01-09 15:29:00,M60/9492A,767.0,107.82578,0.15087658904816936
2020-01-09 15:44:00,M60/9492A,726.0,109.43512,0.14071130923539105
2020-01-09 15:59:00,M60/9492A,922.0,106.21644,0.18411462233538017
2020-01-09 16:14:00,M60/9492A,870.0,107.82578,0.17113772160613738
2020-01-09 16:29:00,M60/9492A,986.0,102.99776,0.2030477759472817
2020-01-09 16:44:00,M60/9492A,974.0,99.77908,0.20704681936546743
2020-01-09 16:59:00,M60/9492A,962.0,102.99776,0.1981054365733114
2020-01-09 17:14:00,M60/9492A,912.0,104.6071,0.18491952857685973
2020-01-09 17:29:00,M60/9492A,891.0,102.99776,0.1834843492586491
2020-01-09 17:44:00,M60/9492A,945.0,102.99776,0.19460461285008238
2020-01-09 17:59:00,M60/9492A,771.0,106.21644,0.15396135989216714
2020-01-09 18:14:00,M60/9492A,733.0,107.82578,0.14418844820379162
2020-01-09 18:29:00,M60/9492A,649.0,107.82578,0.12766480611768177
2020-01-09 18:44:00,M60/9492A,620.0,109.43512,0.12016668281810254
2020-01-09 18:59:00,M60/9492A,515.0,111.04446,0.09836926676694602
2020-01-09 19:14:00,M60/9492A,517.0,111.04446,0.09875128333691474
2020-01-09 19:29:00,M60/9492A,452.0,111.04446,0.08633574481293127
2020-01-09 19:44:00,M60/9492A,420.0,109.43512,0.08140323674774688
2020-01-09 19:59:00,M60/9492A,363.0,114.26313999999999,0.06738288047891966
2020-01-09 20:14:00,M60/9492A,290.0,111.04446,0.05539240264546475
2020-01-09 20:29:00,M60/9492A,318.0,111.04446,0.060740634625026865
2020-01-09 20:44:00,M60/9492A,263.0,111.04446,0.050235178950887
2020-01-09 20:59:00,M60/9492A,239.0,112.6538,0.04499882325253001
2020-01-09 21:14:00,M60/9492A,244.0,111.04446,0.046606021536184136
2020-01-09 21:29:00,M60/9492A,247.0,109.43512,0.047872855896889235
2020-01-09 21:44:00,M60/9492A,179.0,109.43512,0.03469328423296831
2020-01-09 21:59:00,M60/9492A,178.0,109.43512,0.03449946700261654
2020-01-09 22:14:00,M60/9492A,177.0,112.6538,0.03332548835020005
2020-01-09 22:29:00,M60/9492A,163.0,107.82578,0.032063734048046424
2020-01-09 22:44:00,M60/9492A,116.0,112.6538,0.021840433043068957
2020-01-09 22:59:00,M60/9492A,104.0,107.82578,0.02045784258280263
2020-01-09 23:14:00,M60/9492A,94.0,111.04446,0.017954778788529954
2020-01-09 23:29:00,M60/9492A,74.0,109.43512,0.014342475046031592
2020-01-09 23:44:00,M60/9492A,61.0,107.82578,0.01199931151491308
2020-01-09 23:59:00,M60/9492A,54.0,107.82578,0.010622341341070596
2020-01-10 00:14:00,M60/9492A,49.0,106.21644,0.009784833508062503
2020-01-10 00:29:00,M60/9492A,46.0,106.21644,0.00918576206879337
2020-01-10 00:44:00,M60/9492A,39.0,104.6071,0.007907742998352554
2020-01-10 00:59:00,M60/9492A,40.0,106.21644,0.007987619190255105
2020-01-10 01:14:00,M60/9492A,46.0,99.77908,0.009778391879683266
2020-01-10 01:29:00,M60/9492A,37.0,102.99776,0.007619439868204284
2020-01-10 01:44:00,M60/9492A,32.0,101.38842,0.006694385607070945
2020-01-10 01:59:00,M60/9492A,36.0,106.21644,0.007188857271229595
2020-01-10 02:14:00,M60/9492A,51.0,106.21644,0.010184214467575258
2020-01-10 02:29:00,M60/9492A,45.0,106.21644,0.008986071589036993
2020-01-10 02:44:00,M60/9492A,50.0,106.21644,0.009984523987818881
2020-01-10 02:59:00,M60/9492A,67.0,109.43512,0.012985754433569145
2020-01-10 03:14:00,M60/9492A,52.0,107.82578,0.010228921291401315
2020-01-10 03:29:00,M60/9492A,82.0,111.04446,0.015662679368717618
2020-01-10 03:44:00,M60/9492A,78.0,106.21644,0.015575857420997452
2020-01-10 03:59:00,M60/9492A,102.0,107.82578,0.02006442253313335
2020-01-10 04:14:00,M60/9492A,113.0,109.43512,0.021901347029750946
2020-01-10 04:29:00,M60/9492A,143.0,107.82578,0.028129533551353617
2020-01-10 04:44:00,M60/9492A,151.0,106.21644,0.030153262443213022
2020-01-10 04:59:00,M60/9492A,166.0,106.21644,0.03314861963955869
2020-01-10 05:14:00,M60/9492A,213.0,107.82578,0.04189923528977846
2020-01-10 05:29:00,M60/9492A,280.0,109.43512,0.05426882449849792
2020-01-10 05:44:00,M60/9492A,368.0,109.43512,0.07132474076945441
2020-01-10 05:59:00,M60/9492A,413.0,111.04446,0.07888642169854118
2020-01-10 06:14:00,M60/9492A,593.0,106.21644,0.11841645449553193
2020-01-10 06:29:00,M60/9492A,979.0,104.6071,0.19850462552274742
2020-01-10 06:44:00,M60/9492A,1198.0,91.73238,0.27700222549784675
2020-01-10 06:59:00,M60/9492A,1042.0,93.34172,0.23677782196216557
2020-01-10 07:14:00,M60/9492A,984.0,99.77908,0.20917255673061597
2020-01-10 07:29:00,M60/9492A,1027.0,96.5604,0.2255903349807798
2020-01-10 07:44:00,M60/9492A,945.0,98.16974,0.20417533151484055
2020-01-10 07:59:00,M60/9492A,863.0,102.99776,0.1777182866556837
2020-01-10 08:14:00,M60/9492A,876.0,104.6071,0.17762007350145737
2020-01-10 08:29:00,M60/9492A,799.0,104.6071,0.16200735014573564
2020-01-10 08:44:00,M60/9492A,769.0,106.21644,0.15356197893265439
2020-01-10 08:59:00,M60/9492A,675.0,107.82578,0.13277926676338245
2020-01-10 09:14:00,M60/9492A,761.0,107.82578,0.14969632889916154
2020-01-10 09:29:00,M60/9492A,783.0,107.82578,0.15402394944552364
2020-01-10 09:44:00,M60/9492A,773.0,107.82578,0.15205684919717724
2020-01-10 09:59:00,M60/9492A,688.0,106.21644,0.1373870500723878
2020-01-10 10:14:00,M60/9492A,681.0,106.21644,0.13598921671409314
2020-01-10 10:29:00,M60/9492A,700.0,106.21644,0.1397833358294643
2020-01-10 10:44:00,M60/9492A,687.0,106.21644,0.13718735959263142
2020-01-10 10:59:00,M60/9492A,657.0,106.21644,0.1311966451999401
2020-01-10 11:14:00,M60/9492A,629.0,107.82578,0.12373060562098898
2020-01-10 11:29:00,M60/9492A,616.0,107.82578,0.12117337529813864
2020-01-10 11:44:00,M60/9492A,642.0,107.82578,0.1262878359438393
2020-01-10 11:59:00,M60/9492A,622.0,107.82578,0.1223536354471465
2020-01-10 12:14:00,M60/9492A,612.0,109.43512,0.11861614497528832
2020-01-10 12:29:00,M60/9492A,648.0,106.21644,0.12939943088213268
2020-01-10 12:44:00,M60/9492A,663.0,106.21644,0.13239478807847835
2020-01-10 12:59:00,M60/9492A,647.0,109.43512,0.12539974803760057
2020-01-10 13:14:00,M60/9492A,620.0,109.43512,0.12016668281810254
2020-01-10 13:29:00,M60/9492A,637.0,111.04446,0.12167227753503809
2020-01-10 13:44:00,M60/9492A,627.0,109.43512,0.12152340343056499
2020-01-10 13:59:00,M60/9492A,641.0,107.82578,0.12609112591900465
2020-01-10 14:14:00,M60/9492A,625.0,104.6071,0.12672665061462426
2020-01-10 14:29:00,M60/9492A,710.0,102.99776,0.14621087314662273
2020-01-10 14:44:00,M60/9492A,748.0,106.21644,0.14936847885777046
2020-01-10 14:59:00,M60/9492A,734.0,107.82578,0.14438515822862624
2020-01-10 15:14:00,M60/9492A,775.0,106.21644,0.15476012181119264
2020-01-10 15:29:00,M60/9492A,848.0,107.82578,0.16681010105977528
2020-01-10 15:44:00,M60/9492A,860.0,107.82578,0.16917062135779096
2020-01-10 15:59:00,M60/9492A,887.0,107.82578,0.17448179202832628
2020-01-10 16:14:00,M60/9492A,1020.0,102.99776,0.2100494233937397
2020-01-10 16:29:00,M60/9492A,1050.0,78.85766,0.2824193927983055
2020-01-10 16:44:00,M60/9492A,974.0,78.85766,0.2619776081767139
2020-01-10 16:59:00,M60/9492A,921.0,48.2802,0.40461285008237236
2020-01-10 17:14:00,M60/9492A,763.0,90.12304,0.17957166392092255
2020-01-10 17:29:00,M60/9492A,790.0,98.16974,0.17068625597536932
2020-01-10 17:44:00,M60/9492A,650.0,85.29502,0.161636256255634
2020-01-10 17:59:00,M60/9492A,622.0,107.82578,0.1223536354471465
2020-01-10 18:14:00,M60/9492A,591.0,109.43512,0.11454598313790097
2020-01-10 18:29:00,M60/9492A,681.0,107.82578,0.13395952691239027
2020-01-10 18:44:00,M60/9492A,649.0,107.82578,0.12766480611768177
2020-01-10 18:59:00,M60/9492A,598.0,109.43512,0.11590270375036342
2020-01-10 19:14:00,M60/9492A,529.0,109.43512,0.10252931485609071
2020-01-10 19:29:00,M60/9492A,430.0,109.43512,0.08334140905126466
2020-01-10 19:44:00,M60/9492A,423.0,109.43512,0.08198468843880222
2020-01-10 19:59:00,M60/9492A,320.0,109.43512,0.06202151371256906
2020-01-10 20:14:00,M60/9492A,285.0,109.43512,0.055237910650256815
2020-01-10 20:29:00,M60/9492A,302.0,111.04446,0.05768450206527708
2020-01-10 20:44:00,M60/9492A,279.0,111.04446,0.053291311510636784
2020-01-10 20:59:00,M60/9492A,238.0,109.43512,0.04612850082372323
2020-01-10 21:14:00,M60/9492A,213.0,111.04446,0.040684764701668936
2020-01-10 21:29:00,M60/9492A,211.0,111.04446,0.04030274813170021
2020-01-10 21:44:00,M60/9492A,211.0,111.04446,0.04030274813170021
2020-01-10 21:59:00,M60/9492A,172.0,109.43512,0.03333656362050587
2020-01-10 22:14:00,M60/9492A,146.0,109.43512,0.028297315631359628
2020-01-10 22:29:00,M60/9492A,147.0,109.43512,0.02849113286171141
2020-01-10 22:44:00,M60/9492A,130.0,107.82578,0.025572303228503283
2020-01-10 22:59:00,M60/9492A,135.0,111.04446,0.025786118472888763
2020-01-10 23:14:00,M60/9492A,122.0,112.6538,0.02297011061426218
2020-01-10 23:29:00,M60/9492A,100.0,111.04446,0.01910082849843612
2020-01-10 23:44:00,M60/9492A,99.0,111.04446,0.01890982021345176
2020-01-10 23:59:00,M60/9492A,71.0,107.82578,0.013966411763259488
2020-01-11 00:14:00,M60/9492A,87.0,106.21644,0.01737307173880485
2020-01-11 00:29:00,M60/9492A,64.0,111.04446,0.012224530238999116
2020-01-11 00:44:00,M60/9492A,55.0,106.21644,0.010982976386600769
2020-01-11 00:59:00,M60/9492A,60.0,106.21644,0.011981428785382657
2020-01-11 01:14:00,M60/9492A,64.0,101.38842,0.01338877121414189
2020-01-11 01:29:00,M60/9492A,55.0,109.43512,0.010659947669347806
2020-01-11 01:44:00,M60/9492A,51.0,102.99776,0.010502471169686986
2020-01-11 01:59:00,M60/9492A,42.0,106.21644,0.00838700014976786
2020-01-11 02:14:00,M60/9492A,59.0,101.38842,0.012342773463037056
2020-01-11 02:29:00,M60/9492A,48.0,107.82578,0.00944208119206275
2020-01-11 02:44:00,M60/9492A,50.0,111.04446,0.00955041424921806
2020-01-11 02:59:00,M60/9492A,51.0,109.43512,0.009884678747940693
2020-01-11 03:14:00,M60/9492A,49.0,107.82578,0.009638791216897391
2020-01-11 03:29:00,M60/9492A,67.0,107.82578,0.013179571663920923
2020-01-11 03:44:00,M60/9492A,67.0,107.82578,0.013179571663920923
2020-01-11 03:59:00,M60/9492A,69.0,109.43512,0.013373388894272701
2020-01-11 04:14:00,M60/9492A,83.0,109.43512,0.0160868301191976
2020-01-11 04:29:00,M60/9492A,108.0,109.43512,0.020932260877992055
2020-01-11 04:44:00,M60/9492A,107.0,106.21644,0.021366881333932407
2020-01-11 04:59:00,M60/9492A,108.0,107.82578,0.02124468268214119
2020-01-11 05:14:00,M60/9492A,128.0,106.21644,0.02556038140881634
2020-01-11 05:29:00,M60/9492A,128.0,109.43512,0.02480860548502762
2020-01-11 05:44:00,M60/9492A,197.0,109.43512,0.038181994379300324
2020-01-11 05:59:00,M60/9492A,193.0,111.04446,0.03686459900198171
2020-01-11 06:14:00,M60/9492A,214.0,109.43512,0.041476887295280554
2020-01-11 06:29:00,M60/9492A,264.0,111.04446,0.05042618723587136
2020-01-11 06:44:00,M60/9492A,304.0,109.43512,0.058920438026940594
2020-01-11 06:59:00,M60/9492A,256.0,111.04446,0.048898120955996466
2020-01-11 07:14:00,M60/9492A,284.0,107.82578,0.05586564705303795
2020-01-11 07:29:00,M60/9492A,326.0,109.43512,0.06318441709467972
2020-01-11 07:44:00,M60/9492A,331.0,109.43512,0.06415350324643862
2020-01-11 07:59:00,M60/9492A,360.0,109.43512,0.06977420292664019
2020-01-11 08:14:00,M60/9492A,340.0,111.04446,0.06494281689468281
2020-01-11 08:29:00,M60/9492A,406.0,111.04446,0.07754936370365065
2020-01-11 08:44:00,M60/9492A,483.0,109.43512,0.09361372225990892
2020-01-11 08:59:00,M60/9492A,431.0,111.04446,0.08232457082825968
2020-01-11 09:14:00,M60/9492A,373.0,111.04446,0.07124609029916673
2020-01-11 09:29:00,M60/9492A,523.0,111.04446,0.0998973330468209
2020-01-11 09:44:00,M60/9492A,531.0,109.43512,0.10291694931679428
2020-01-11 09:59:00,M60/9492A,591.0,107.82578,0.11625562467727263
2020-01-11 10:14:00,M60/9492A,508.0,111.04446,0.0970322087720555
2020-01-11 10:29:00,M60/9492A,540.0,109.43512,0.10466130438996028
2020-01-11 10:44:00,M60/9492A,634.0,109.43512,0.12288012404302744
2020-01-11 10:59:00,M60/9492A,601.0,109.43512,0.11648415544141874
2020-01-11 11:14:00,M60/9492A,599.0,109.43512,0.1160965209807152
2020-01-11 11:29:00,M60/9492A,645.0,111.04446,0.12320034381491299
2020-01-11 11:44:00,M60/9492A,688.0,109.43512,0.13334625448202347
2020-01-11 11:59:00,M60/9492A,671.0,111.04446,0.12816655922450637
2020-01-11 12:14:00,M60/9492A,731.0,109.43512,0.14168039538714994
2020-01-11 12:29:00,M60/9492A,702.0,109.43512,0.13605969570694837
2020-01-11 12:44:00,M60/9492A,794.0,109.43512,0.15389088089931197
2020-01-11 12:59:00,M60/9492A,796.0,111.04446,0.15204259484755153
2020-01-11 13:14:00,M60/9492A,723.0,109.43512,0.1401298575443357
2020-01-11 13:29:00,M60/9492A,775.0,109.43512,0.15020835352262818
2020-01-11 13:44:00,M60/9492A,799.0,107.82578,0.1571713098428779
2020-01-11 13:59:00,M60/9492A,744.0,101.38842,0.1556444653643995
2020-01-11 14:14:00,M60/9492A,621.0,98.16974,0.13417236070975233
2020-01-11 14:29:00,M60/9492A,611.0,111.04446,0.1167060621254447
2020-01-11 14:44:00,M60/9492A,661.0,109.43512,0.12811318926252546
2020-01-11 14:59:00,M60/9492A,573.0,111.04446,0.10944774729603897
2020-01-11 15:14:00,M60/9492A,542.0,107.82578,0.10661683346037523
2020-01-11 15:29:00,M60/9492A,641.0,109.43512,0.12423684465548987
2020-01-11 15:44:00,M60/9492A,588.0,112.6538,0.11070840197693574
2020-01-11 15:59:00,M60/9492A,612.0,111.04446,0.11689707041042906
2020-01-11 16:14:00,M60/9492A,626.0,107.82578,0.12314047554648506
2020-01-11 16:29:00,M60/9492A,580.0,106.21644,0.11582047825869903
2020-01-11 16:44:00,M60/9492A,574.0,104.6071,0.11638575592447092
2020-01-11 16:59:00,M60/9492A,560.0,99.77908,0.11904129244831803
2020-01-11 17:14:00,M60/9492A,589.0,96.5604,0.12937946183415708
2020-01-11 17:29:00,M60/9492A,574.0,102.99776,0.11820428336079078
2020-01-11 17:44:00,M60/9492A,531.0,104.6071,0.10766696236218476
2020-01-11 17:59:00,M60/9492A,505.0,104.6071,0.1023951336966164
2020-01-11 18:14:00,M60/9492A,476.0,96.5604,0.10455793520043932
2020-01-11 18:29:00,M60/9492A,443.0,94.95106,0.0989584787646944
2020-01-11 18:44:00,M60/9492A,505.0,90.12304,0.1188514944692869
2020-01-11 18:59:00,M60/9492A,438.0,98.16974,0.09463364571798957
2020-01-11 19:14:00,M60/9492A,331.0,99.77908,0.07036190678641656
2020-01-11 19:29:00,M60/9492A,319.0,99.77908,0.0678110219482383
2020-01-11 19:44:00,M60/9492A,378.0,98.16974,0.08167013260593621
2020-01-11 19:59:00,M60/9492A,366.0,99.77908,0.07780198756443642
2020-01-11 20:14:00,M60/9492A,290.0,101.38842,0.06066786956408044
2020-01-11 20:29:00,M60/9492A,265.0,99.77908,0.056332040176436206
2020-01-11 20:44:00,M60/9492A,218.0,101.38842,0.04560550194817082
2020-01-11 20:59:00,M60/9492A,181.0,99.77908,0.0384758463091885
2020-01-11 21:14:00,M60/9492A,174.0,102.99776,0.03583196046128501
2020-01-11 21:29:00,M60/9492A,181.0,101.38842,0.037865118589995035
2020-01-11 21:44:00,M60/9492A,177.0,104.6071,0.03588898745406159
2020-01-11 21:59:00,M60/9492A,172.0,102.99776,0.03542009884678748
2020-01-11 22:14:00,M60/9492A,167.0,102.99776,0.03439044481054366
2020-01-11 22:29:00,M60/9492A,187.0,102.99776,0.038509060955518946
2020-01-11 22:44:00,M60/9492A,143.0,104.6071,0.02899505766062603
2020-01-11 22:59:00,M60/9492A,134.0,104.6071,0.02717019389177544
2020-01-11 23:14:00,M60/9492A,130.0,104.6071,0.026359143327841845
2020-01-11 23:29:00,M60/9492A,141.0,106.21644,0.028156357645649246
2020-01-11 23:44:00,M60/9492A,114.0,106.21644,0.02276471469222705
2020-01-11 23:59:00,M60/9492A,92.0,102.99776,0.01894563426688633
2020-01-12 00:14:00,M60/9492A,104.0,104.6071,0.02108731466227348
2020-01-12 00:29:00,M60/9492A,98.0,104.6071,0.019870738816373083
2020-01-12 00:44:00,M60/9492A,70.0,106.21644,0.013978333582946433
2020-01-12 00:59:00,M60/9492A,65.0,107.82578,0.012786151614251642
2020-01-12 01:14:00,M60/9492A,70.0,107.82578,0.013769701738424848
2020-01-12 01:29:00,M60/9492A,53.0,106.21644,0.010583595427088014
2020-01-12 01:44:00,M60/9492A,35.0,107.82578,0.006884850869212424
2020-01-12 01:59:00,M60/9492A,67.0,107.82578,0.013179571663920923
2020-01-12 02:14:00,M60/9492A,63.0,104.6071,0.012774046381954125
2020-01-12 02:29:00,M60/9492A,67.0,111.04446,0.0127975550939522
2020-01-12 02:44:00,M60/9492A,51.0,106.21644,0.010184214467575258
2020-01-12 02:59:00,M60/9492A,56.0,107.82578,0.011015761390739877
2020-01-12 03:14:00,M60/9492A,53.0,109.43512,0.01027231320864425
2020-01-12 03:29:00,M60/9492A,46.0,109.43512,0.008915592596181802
2020-01-12 03:44:00,M60/9492A,86.0,106.21644,0.017173381259048475
2020-01-12 03:59:00,M60/9492A,74.0,106.21644,0.014777095501971944
2020-01-12 04:14:00,M60/9492A,81.0,109.43512,0.015699195658494043
2020-01-12 04:29:00,M60/9492A,92.0,107.82578,0.01809732228478694
2020-01-12 04:44:00,M60/9492A,111.0,109.43512,0.02151371256904739
2020-01-12 04:59:00,M60/9492A,105.0,109.43512,0.02035080918693672
2020-01-12 05:14:00,M60/9492A,125.0,107.82578,0.02458875310433008
2020-01-12 05:29:00,M60/9492A,118.0,109.43512,0.022870433181509837
2020-01-12 05:44:00,M60/9492A,136.0,107.82578,0.026752563377511127
2020-01-12 05:59:00,M60/9492A,134.0,112.6538,0.025229465756648625
2020-01-12 06:14:00,M60/9492A,144.0,111.04446,0.027505193037748014
2020-01-12 06:29:00,M60/9492A,185.0,111.04446,0.03533653272210682
2020-01-12 06:44:00,M60/9492A,191.0,111.04446,0.03648258243201299
2020-01-12 06:59:00,M60/9492A,168.0,111.04446,0.03208939187737268
2020-01-12 07:14:00,M60/9492A,161.0,106.21644,0.032150167240776795
2020-01-12 07:29:00,M60/9492A,209.0,104.6071,0.04237739196553035
2020-01-12 07:44:00,M60/9492A,203.0,107.82578,0.03993213504143205
2020-01-12 07:59:00,M60/9492A,194.0,101.38842,0.0405847127428676
2020-01-12 08:14:00,M60/9492A,178.0,102.99776,0.03665568369028007
2020-01-12 08:29:00,M60/9492A,198.0,101.38842,0.041421510943751474
2020-01-12 08:44:00,M60/9492A,189.0,101.38842,0.03953871499176277
2020-01-12 08:59:00,M60/9492A,229.0,101.38842,0.047906697000601454
2020-01-12 09:14:00,M60/9492A,242.0,106.21644,0.04832509610104338
2020-01-12 09:29:00,M60/9492A,251.0,107.82578,0.04937421623349481
2020-01-12 09:44:00,M60/9492A,347.0,107.82578,0.06825837861762031
2020-01-12 09:59:00,M60/9492A,406.0,109.43512,0.07868979552282199
2020-01-12 10:14:00,M60/9492A,344.0,107.82578,0.06766824854311639
2020-01-12 10:29:00,M60/9492A,443.0,109.43512,0.08586103304583777
2020-01-12 10:44:00,M60/9492A,480.0,109.43512,0.09303227056885358
2020-01-12 10:59:00,M60/9492A,531.0,109.43512,0.10291694931679428
2020-01-12 11:14:00,M60/9492A,451.0,111.04446,0.0861447365279469
2020-01-12 11:29:00,M60/9492A,464.0,111.04446,0.0886278442327436
2020-01-12 11:44:00,M60/9492A,549.0,111.04446,0.10486354845641431
2020-01-12 11:59:00,M60/9492A,602.0,109.43512,0.11667797267177053
2020-01-12 12:14:00,M60/9492A,652.0,109.43512,0.12636883418935943
2020-01-12 12:29:00,M60/9492A,641.0,109.43512,0.12423684465548987
2020-01-12 12:44:00,M60/9492A,683.0,111.04446,0.1304586586443187
2020-01-12 12:59:00,M60/9492A,714.0,111.04446,0.1363799154788339
2020-01-12 13:14:00,M60/9492A,715.0,109.43512,0.1385793197015215
2020-01-12 13:29:00,M60/9492A,694.0,111.04446,0.1325597497791467
2020-01-12 13:44:00,M60/9492A,660.0,111.04446,0.1260654680896784
2020-01-12 13:59:00,M60/9492A,667.0,111.04446,0.12740252608456892
2020-01-12 14:14:00,M60/9492A,605.0,109.43512,0.11725942436282587
2020-01-12 14:29:00,M60/9492A,630.0,109.43512,0.12210485512162032
2020-01-12 14:44:00,M60/9492A,575.0,111.04446,0.10982976386600769
2020-01-12 14:59:00,M60/9492A,574.0,111.04446,0.10963875558102334
2020-01-12 15:14:00,M60/9492A,563.0,109.43512,0.10911910068805118
2020-01-12 15:29:00,M60/9492A,568.0,107.82578,0.1117312941060759
2020-01-12 15:44:00,M60/9492A,532.0,111.04446,0.10161640761168016
2020-01-12 15:59:00,M60/9492A,650.0,111.04446,0.1241553852398348
2020-01-12 16:14:00,M60/9492A,646.0,109.43512,0.1252059308072488
2020-01-12 16:29:00,M60/9492A,611.0,107.82578,0.12018982517396544
2020-01-12 16:44:00,M60/9492A,597.0,107.82578,0.11743588482628048
2020-01-12 16:59:00,M60/9492A,548.0,107.82578,0.10779709360938307
2020-01-12 17:14:00,M60/9492A,542.0,107.82578,0.10661683346037523
2020-01-12 17:29:00,M60/9492A,514.0,106.21644,0.10264090659477809
2020-01-12 17:44:00,M60/9492A,521.0,107.82578,0.10248592293884778
2020-01-12 17:59:00,M60/9492A,492.0,111.04446,0.0939760762123057
2020-01-12 18:14:00,M60/9492A,422.0,107.82578,0.08301163048021835
2020-01-12 18:29:00,M60/9492A,388.0,111.04446,0.07411121457393215
2020-01-12 18:44:00,M60/9492A,408.0,107.82578,0.0802576901325334
2020-01-12 18:59:00,M60/9492A,365.0,109.43512,0.07074328907839908
2020-01-12 19:14:00,M60/9492A,386.0,106.21644,0.07708052518596176
2020-01-12 19:29:00,M60/9492A,339.0,109.43512,0.06570404108925285
2020-01-12 19:44:00,M60/9492A,307.0,109.43512,0.059501889717995936
2020-01-12 19:59:00,M60/9492A,318.0,111.04446,0.060740634625026865
2020-01-12 20:14:00,M60/9492A,279.0,107.82578,0.05488209692886474
2020-01-12 20:29:00,M60/9492A,300.0,109.43512,0.05814516910553348
2020-01-12 20:44:00,M60/9492A,272.0,112.6538,0.051212049894092726
2020-01-12 20:59:00,M60/9492A,232.0,111.04446,0.0443139221163718
2020-01-12 21:14:00,M60/9492A,212.0,112.6538,0.03991527418216051
2020-01-12 21:29:00,M60/9492A,199.0,111.04446,0.03801064871188788
2020-01-12 21:44:00,M60/9492A,137.0,111.04446,0.026168135042857484
2020-01-12 21:59:00,M60/9492A,143.0,111.04446,0.027314184752763652
2020-01-12 22:14:00,M60/9492A,145.0,107.82578,0.0285229536010229
2020-01-12 22:29:00,M60/9492A,104.0,112.6538,0.019581077900682513
2020-01-12 22:44:00,M60/9492A,114.0,111.04446,0.021774944488217176
2020-01-12 22:59:00,M60/9492A,101.0,112.6538,0.019016239115085903
2020-01-12 23:14:00,M60/9492A,94.0,107.82578,0.01849074233445622
2020-01-12 23:29:00,M60/9492A,80.0,111.04446,0.015280662798748897
2020-01-12 23:44:00,M60/9492A,52.0,111.04446,0.009932430819186783
2020-01-12 23:59:00,M60/9492A,61.0,111.04446,0.011651505384046034
2020-01-13 00:14:00,M60/9492A,48.0,107.82578,0.00944208119206275
2020-01-13 00:29:00,M60/9492A,41.0,107.82578,0.008065111018220267
2020-01-13 00:44:00,M60/9492A,30.0,107.82578,0.0059013007450392195
2020-01-13 00:59:00,M60/9492A,37.0,109.43512,0.007171237523015796
2020-01-13 01:14:00,M60/9492A,45.0,102.99776,0.009266886326194398
2020-01-13 01:29:00,M60/9492A,33.0,99.77908,0.0070149333049901695
2020-01-13 01:44:00,M60/9492A,24.0,102.99776,0.0049423393739703465
2020-01-13 01:59:00,M60/9492A,35.0,102.99776,0.007207578253706755
2020-01-13 02:14:00,M60/9492A,34.0,101.38842,0.0071127847075128795
2020-01-13 02:29:00,M60/9492A,38.0,106.21644,0.0075882382307423495
2020-01-13 02:44:00,M60/9492A,43.0,109.43512,0.008334140905126467
2020-01-13 02:59:00,M60/9492A,56.0,107.82578,0.011015761390739877
2020-01-13 03:14:00,M60/9492A,78.0,109.43512,0.015117743967438708
2020-01-13 03:29:00,M60/9492A,77.0,107.82578,0.01514667191226733
2020-01-13 03:44:00,M60/9492A,106.0,107.82578,0.02085126263247191
2020-01-13 03:59:00,M60/9492A,118.0,107.82578,0.023211782930487597
2020-01-13 04:14:00,M60/9492A,131.0,107.82578,0.025769013253337924
2020-01-13 04:29:00,M60/9492A,175.0,106.21644,0.03494583395736608
2020-01-13 04:44:00,M60/9492A,198.0,106.21644,0.03953871499176277
2020-01-13 04:59:00,M60/9492A,222.0,106.21644,0.04433128650591583
2020-01-13 05:14:00,M60/9492A,241.0,107.82578,0.04740711598514839
2020-01-13 05:29:00,M60/9492A,348.0,107.82578,0.06845508864245495
2020-01-13 05:44:00,M60/9492A,488.0,109.43512,0.0945828084116678
2020-01-13 05:59:00,M60/9492A,502.0,109.43512,0.0972962496365927
2020-01-13 06:14:00,M60/9492A,757.0,107.82578,0.148909488799823
2020-01-13 06:29:00,M60/9492A,1157.0,99.77908,0.24594781314768566
2020-01-13 06:44:00,M60/9492A,1059.0,38.62416,0.5815485996705106
2020-01-13 06:59:00,M60/9492A,416.0,12.87472,0.6853377265238879
2020-01-13 07:14:00,M60/9492A,367.0,9.65604,0.8061504667764964
2020-01-13 07:29:00,M60/9492A,401.0,9.65604,0.8808347062053816
2020-01-13 07:44:00,M60/9492A,435.0,12.87472,0.7166392092257001
2020-01-13 07:59:00,M60/9492A,498.0,11.26538,0.9376323840903742
2020-01-13 08:14:00,M60/9492A,580.0,14.48406,0.8493501738971262
2020-01-13 08:29:00,M60/9492A,725.0,17.70274,0.8686535869402428
2020-01-13 08:44:00,M60/9492A,568.0,14.48406,0.831777411678565
2020-01-13 08:59:00,M60/9492A,570.0,16.0934,0.7512355848434926
2020-01-13 09:14:00,M60/9492A,748.0,20.92142,0.7583322772779115
2020-01-13 09:29:00,M60/9492A,447.0,14.48406,0.6545853926414059
2020-01-13 09:44:00,M60/9492A,732.0,25.74944,0.6029654036243822
2020-01-13 09:59:00,M60/9492A,905.0,27.35878,0.7016183738734374
2020-01-13 10:14:00,M60/9492A,761.0,74.02964,0.2180359573096483
2020-01-13 10:29:00,M60/9492A,765.0,102.99776,0.15753706754530478
2020-01-13 10:44:00,M60/9492A,721.0,104.6071,0.14619186414903054
2020-01-13 10:59:00,M60/9492A,706.0,102.99776,0.1453871499176277
2020-01-13 11:14:00,M60/9492A,649.0,104.6071,0.13159295399822585
2020-01-13 11:29:00,M60/9492A,655.0,104.6071,0.13280952984412622
2020-01-13 11:44:00,M60/9492A,602.0,106.21644,0.12021366881333932
2020-01-13 11:59:00,M60/9492A,542.0,106.21644,0.10823224002795666
2020-01-13 12:14:00,M60/9492A,520.0,106.21644,0.10383904947331636
2020-01-13 12:29:00,M60/9492A,569.0,104.6071,0.11537194271955392
2020-01-13 12:44:00,M60/9492A,594.0,104.6071,0.12044100874413889
2020-01-13 12:59:00,M60/9492A,554.0,107.82578,0.10897735375839092
2020-01-13 13:14:00,M60/9492A,556.0,107.82578,0.10937077380806022
2020-01-13 13:29:00,M60/9492A,572.0,106.21644,0.11422295442064799
2020-01-13 13:44:00,M60/9492A,618.0,104.6071,0.12530731212774046
2020-01-13 13:59:00,M60/9492A,566.0,106.21644,0.11302481154210972
2020-01-13 14:14:00,M60/9492A,572.0,104.6071,0.11598023064250412
2020-01-13 14:29:00,M60/9492A,604.0,104.6071,0.12246863515397288
2020-01-13 14:44:00,M60/9492A,600.0,106.21644,0.11981428785382656
2020-01-13 14:59:00,M60/9492A,634.0,106.21644,0.12660376416554342
2020-01-13 15:14:00,M60/9492A,657.0,104.6071,0.13321505512609302
2020-01-13 15:29:00,M60/9492A,715.0,102.99776,0.14724052718286657
2020-01-13 15:44:00,M60/9492A,813.0,101.38842,0.1700792343296462
2020-01-13 15:59:00,M60/9492A,893.0,101.38842,0.18681519834732357
2020-01-13 16:14:00,M60/9492A,953.0,99.77908,0.2025827708986555
2020-01-13 16:29:00,M60/9492A,967.0,77.24832,0.2655134541460736
2020-01-13 16:44:00,M60/9492A,855.0,32.1868,0.5634266886326196
2020-01-13 16:59:00,M60/9492A,912.0,28.96812,0.6677649643053268
2020-01-13 17:14:00,M60/9492A,938.0,32.1868,0.6181219110378914
2020-01-13 17:29:00,M60/9492A,886.0,27.35878,0.6868882643667021
2020-01-13 17:44:00,M60/9492A,815.0,72.4203,0.23869668680212341
2020-01-13 17:59:00,M60/9492A,854.0,86.90436,0.20843248520349017
2020-01-13 18:14:00,M60/9492A,755.0,93.34172,0.17156166562517752
2020-01-13 18:29:00,M60/9492A,791.0,99.77908,0.1681458255832492
2020-01-13 18:44:00,M60/9492A,623.0,102.99776,0.12829489291598023
2020-01-13 18:59:00,M60/9492A,542.0,104.6071,0.10989735141300215
2020-01-13 19:14:00,M60/9492A,418.0,104.6071,0.0847547839310607
2020-01-13 19:29:00,M60/9492A,423.0,107.82578,0.08320834050505299
2020-01-13 19:44:00,M60/9492A,419.0,107.82578,0.08242150040571443
2020-01-13 19:59:00,M60/9492A,311.0,107.82578,0.06117681772357325
2020-01-13 20:14:00,M60/9492A,329.0,107.82578,0.06471759817059677
2020-01-13 20:29:00,M60/9492A,265.0,107.82578,0.05212815658117977
2020-01-13 20:44:00,M60/9492A,230.0,109.43512,0.044577962980909006
2020-01-13 20:59:00,M60/9492A,193.0,107.82578,0.03796503479308565
2020-01-13 21:14:00,M60/9492A,185.0,106.21644,0.036942738754929864
2020-01-13 21:29:00,M60/9492A,178.0,109.43512,0.03449946700261654
2020-01-13 21:44:00,M60/9492A,160.0,107.82578,0.031473603973542506
2020-01-13 21:59:00,M60/9492A,146.0,107.82578,0.02871966362585754
2020-01-13 22:14:00,M60/9492A,145.0,111.04446,0.027696201322732376
2020-01-13 22:29:00,M60/9492A,135.0,109.43512,0.02616532609749007
2020-01-13 22:44:00,M60/9492A,121.0,106.21644,0.02416254805052169
2020-01-13 22:59:00,M60/9492A,88.0,106.21644,0.01757276221856123
2020-01-13 23:14:00,M60/9492A,82.0,104.6071,0.016626536560638703
2020-01-13 23:29:00,M60/9492A,72.0,106.21644,0.01437771454245919
2020-01-13 23:44:00,M60/9492A,60.0,104.6071,0.012165758459003929
2020-01-13 23:59:00,M60/9492A,40.0,104.6071,0.008110505639335953
2020-01-14 00:14:00,M60/9492A,34.0,107.82578,0.006688140844377782
2020-01-14 00:29:00,M60/9492A,41.0,102.99776,0.008443163097199342
2020-01-14 00:44:00,M60/9492A,43.0,107.82578,0.008458531067889548
2020-01-14 00:59:00,M60/9492A,34.0,102.99776,0.007001647446457991
2020-01-14 01:14:00,M60/9492A,40.0,98.16974,0.008642342074702245
2020-01-14 01:29:00,M60/9492A,34.0,96.5604,0.007468423942888523
2020-01-14 01:44:00,M60/9492A,26.0,101.38842,0.005439188305745144
2020-01-14 01:59:00,M60/9492A,30.0,102.99776,0.006177924217462933
2020-01-14 02:14:00,M60/9492A,39.0,106.21644,0.007787928710498726
2020-01-14 02:29:00,M60/9492A,38.0,106.21644,0.0075882382307423495
2020-01-14 02:44:00,M60/9492A,51.0,102.99776,0.010502471169686986
2020-01-14 02:59:00,M60/9492A,48.0,101.38842,0.010041578410606418
2020-01-14 03:14:00,M60/9492A,39.0,106.21644,0.007787928710498726
2020-01-14 03:29:00,M60/9492A,68.0,106.21644,0.013578952623433678
2020-01-14 03:44:00,M60/9492A,75.0,106.21644,0.01497678598172832
2020-01-14 03:59:00,M60/9492A,76.0,106.21644,0.015176476461484699
2020-01-14 04:14:00,M60/9492A,98.0,106.21644,0.019569667016125007
2020-01-14 04:29:00,M60/9492A,97.0,106.21644,0.019369976536368627
2020-01-14 04:44:00,M60/9492A,116.0,104.6071,0.023520466354074263
2020-01-14 04:59:00,M60/9492A,154.0,106.21644,0.030752333882482153
2020-01-14 05:14:00,M60/9492A,191.0,106.21644,0.03814088163346812
2020-01-14 05:29:00,M60/9492A,274.0,107.82578,0.053898546804691534
2020-01-14 05:44:00,M60/9492A,435.0,109.43512,0.08431049520302356
2020-01-14 05:59:00,M60/9492A,471.0,111.04446,0.08996490222763412
2020-01-14 06:14:00,M60/9492A,694.0,106.21644,0.13858519295092606
2020-01-14 06:29:00,M60/9492A,1193.0,96.5604,0.26205381658429433
2020-01-14 06:44:00,M60/9492A,935.0,27.35878,0.7248764415156508
2020-01-14 06:59:00,M60/9492A,947.0,27.35878,0.7341796685725361
2020-01-14 07:14:00,M60/9492A,848.0,22.53076,0.7983054836432102
2020-01-14 07:29:00,M60/9492A,791.0,22.53076,0.744645799011532
2020-01-14 07:44:00,M60/9492A,598.0,16.0934,0.7881383855024712
2020-01-14 07:59:00,M60/9492A,646.0,17.70274,0.7740002995357198
2020-01-14 08:14:00,M60/9492A,589.0,14.48406,0.8625297455610472
2020-01-14 08:29:00,M60/9492A,613.0,14.48406,0.8976752699981696
2020-01-14 08:44:00,M60/9492A,685.0,16.0934,0.9028006589785834
2020-01-14 08:59:00,M60/9492A,647.0,16.0934,0.8527182866556838
2020-01-14 09:14:00,M60/9492A,821.0,22.53076,0.7728877382913626
2020-01-14 09:29:00,M60/9492A,858.0,25.74944,0.7067545304777595
2020-01-14 09:44:00,M60/9492A,892.0,28.96812,0.6531209957898592
2020-01-14 09:59:00,M60/9492A,829.0,30.57746,0.5750455215468656
2020-01-14 10:14:00,M60/9492A,748.0,101.38842,0.15648126356528336
2020-01-14 10:29:00,M60/9492A,695.0,101.38842,0.14539368740357209
2020-01-14 10:44:00,M60/9492A,738.0,102.99776,0.15197693574958815
2020-01-14 10:59:00,M60/9492A,581.0,104.6071,0.11780509441135471
2020-01-14 11:14:00,M60/9492A,560.0,102.99776,0.11532125205930809
2020-01-14 11:29:00,M60/9492A,607.0,104.6071,0.12307692307692308
2020-01-14 11:44:00,M60/9492A,589.0,106.21644,0.11761769257650642
2020-01-14 11:59:00,M60/9492A,592.0,106.21644,0.11821676401577555
2020-01-14 12:14:00,M60/9492A,539.0,106.21644,0.10763316858868753
2020-01-14 12:29:00,M60/9492A,541.0,104.6071,0.10969458877201875
2020-01-14 12:44:00,M60/9492A,549.0,99.77908,0.11670298134665463
2020-01-14 12:59:00,M60/9492A,554.0,98.16974,0.11969643773462608
2020-01-14 13:14:00,M60/9492A,532.0,98.16974,0.11494314959353984
2020-01-14 13:29:00,M60/9492A,592.0,101.38842,0.12384613373081249
2020-01-14 13:44:00,M60/9492A,560.0,99.77908,0.11904129244831803
2020-01-14 13:59:00,M60/9492A,524.0,101.38842,0.10962056431578673
2020-01-14 14:14:00,M60/9492A,600.0,101.38842,0.12551973013258022
2020-01-14 14:29:00,M60/9492A,658.0,102.99776,0.135502471169687
2020-01-14 14:44:00,M60/9492A,581.0,102.99776,0.11964579901153212
2020-01-14 14:59:00,M60/9492A,621.0,104.6071,0.12591560005069066
2020-01-14 15:14:00,M60/9492A,614.0,102.99776,0.12644151565074135
2020-01-14 15:29:00,M60/9492A,615.0,104.6071,0.12469902420479027
2020-01-14 15:44:00,M60/9492A,670.0,104.6071,0.1358509694588772
2020-01-14 15:59:00,M60/9492A,869.0,101.38842,0.18179440914202036
2020-01-14 16:14:00,M60/9492A,928.0,96.5604,0.2038440417353103
2020-01-14 16:29:00,M60/9492A,919.0,53.10822,0.3670311017922221
2020-01-14 16:44:00,M60/9492A,906.0,41.84284,0.45925738182739834
2020-01-14 16:59:00,M60/9492A,916.0,27.35878,0.7101463320089157
2020-01-14 17:14:00,M60/9492A,918.0,24.1401,0.8065897858319605
2020-01-14 17:29:00,M60/9492A,942.0,30.57746,0.6534292898638691
2020-01-14 17:44:00,M60/9492A,835.0,77.24832,0.22926963207029105
2020-01-14 17:59:00,M60/9492A,832.0,99.77908,0.1768613487803582
2020-01-14 18:14:00,M60/9492A,766.0,104.6071,0.1553161829932835
2020-01-14 18:29:00,M60/9492A,754.0,104.6071,0.1528830313014827
2020-01-14 18:44:00,M60/9492A,588.0,107.82578,0.11566549460276872
2020-01-14 18:59:00,M60/9492A,553.0,107.82578,0.10878064373355628
2020-01-14 19:14:00,M60/9492A,460.0,107.82578,0.0904866114239347
2020-01-14 19:29:00,M60/9492A,456.0,109.43512,0.0883806570404109
2020-01-14 19:44:00,M60/9492A,382.0,111.04446,0.07296516486402597
2020-01-14 19:59:00,M60/9492A,347.0,107.82578,0.06825837861762031
2020-01-14 20:14:00,M60/9492A,308.0,109.43512,0.05969570694834771
2020-01-14 20:29:00,M60/9492A,281.0,107.82578,0.05527551697853402
2020-01-14 20:44:00,M60/9492A,256.0,109.43512,0.04961721097005524
2020-01-14 20:59:00,M60/9492A,240.0,107.82578,0.047210405960313756
2020-01-14 21:14:00,M60/9492A,213.0,107.82578,0.04189923528977846
2020-01-14 21:29:00,M60/9492A,232.0,106.21644,0.04632819130347961
2020-01-14 21:44:00,M60/9492A,186.0,109.43512,0.036050004845430764
2020-01-14 21:59:00,M60/9492A,180.0,109.43512,0.034887101463320094
2020-01-14 22:14:00,M60/9492A,155.0,109.43512,0.030041670704525635
2020-01-14 22:29:00,M60/9492A,171.0,107.82578,0.033637414246723556
2020-01-14 22:44:00,M60/9492A,114.0,107.82578,0.022424942831149035
2020-01-14 22:59:00,M60/9492A,86.0,107.82578,0.016917062135779096
2020-01-14 23:14:00,M60/9492A,64.0,106.21644,0.01278019070440817
2020-01-14 23:29:00,M60/9492A,77.0,109.43512,0.014923926737086927
2020-01-14 23:44:00,M60/9492A,55.0,107.82578,0.010819051365905236
2020-01-14 23:59:00,M60/9492A,37.0,109.43512,0.007171237523015796
2020-01-15 00:14:00,M60/9492A,38.0,104.6071,0.007704980357369154
2020-01-15 00:29:00,M60/9492A,40.0,107.82578,0.007868400993385627
2020-01-15 00:44:00,M60/9492A,28.0,106.21644,0.005591333433178572
2020-01-15 00:59:00,M60/9492A,25.0,99.77908,0.00531434341287134
2020-01-15 01:14:00,M60/9492A,32.0,99.77908,0.0068023595684753154
2020-01-15 01:29:00,M60/9492A,34.0,101.38842,0.0071127847075128795
2020-01-15 01:44:00,M60/9492A,32.0,98.16974,0.006913873659761795
2020-01-15 01:59:00,M60/9492A,32.0,101.38842,0.006694385607070945
2020-01-15 02:14:00,M60/9492A,37.0,102.99776,0.007619439868204284
2020-01-15 02:29:00,M60/9492A,36.0,104.6071,0.007299455075402357
2020-01-15 02:44:00,M60/9492A,34.0,107.82578,0.006688140844377782
2020-01-15 02:59:00,M60/9492A,44.0,109.43512,0.008527958135478245
2020-01-15 03:14:00,M60/9492A,55.0,106.21644,0.010982976386600769
2020-01-15 03:29:00,M60/9492A,65.0,106.21644,0.012979881184164545
2020-01-15 03:44:00,M60/9492A,71.0,104.6071,0.014396147509821317
2020-01-15 03:59:00,M60/9492A,85.0,102.99776,0.017504118616144978
2020-01-15 04:14:00,M60/9492A,98.0,104.6071,0.019870738816373083
2020-01-15 04:29:00,M60/9492A,129.0,106.21644,0.025760071888572714
2020-01-15 04:44:00,M60/9492A,143.0,106.21644,0.028555738605161998
2020-01-15 04:59:00,M60/9492A,162.0,106.21644,0.03234985772053317
2020-01-15 05:14:00,M60/9492A,203.0,106.21644,0.04053716739054466
2020-01-15 05:29:00,M60/9492A,263.0,109.43512,0.05097393158251769
2020-01-15 05:44:00,M60/9492A,370.0,107.82578,0.07278270918881705
2020-01-15 05:59:00,M60/9492A,428.0,111.04446,0.0817515459733066
2020-01-15 06:14:00,M60/9492A,675.0,107.82578,0.13277926676338245
2020-01-15 06:29:00,M60/9492A,1150.0,102.99776,0.2368204283360791
2020-01-15 06:44:00,M60/9492A,1091.0,40.2335,0.5751565074135091
2020-01-15 06:59:00,M60/9492A,814.0,24.1401,0.715211422295442
2020-01-15 07:14:00,M60/9492A,688.0,20.92142,0.6975034849828918
2020-01-15 07:29:00,M60/9492A,674.0,19.31208,0.7402526084568918
2020-01-15 07:44:00,M60/9492A,656.0,22.53076,0.6175570722522947
2020-01-15 07:59:00,M60/9492A,644.0,20.92142,0.6528957039665442
2020-01-15 08:14:00,M60/9492A,671.0,19.31208,0.7369577155409115
2020-01-15 08:29:00,M60/9492A,711.0,22.53076,0.6693339609319839
2020-01-15 08:44:00,M60/9492A,572.0,17.70274,0.6853377265238881
2020-01-15 08:59:00,M60/9492A,704.0,22.53076,0.6627441751000236
2020-01-15 09:14:00,M60/9492A,762.0,25.74944,0.627677100494234
2020-01-15 09:29:00,M60/9492A,1028.0,69.20162,0.31508371326769086
2020-01-15 09:44:00,M60/9492A,1006.0,40.2335,0.530345963756178
2020-01-15 09:59:00,M60/9492A,920.0,27.35878,0.7132474076945441
2020-01-15 10:14:00,M60/9492A,873.0,32.1868,0.5752883031301483
2020-01-15 10:29:00,M60/9492A,861.0,27.35878,0.6675065413315244
2020-01-15 10:44:00,M60/9492A,775.0,48.2802,0.3404722679846238
2020-01-15 10:59:00,M60/9492A,645.0,104.6071,0.13078190343429222
2020-01-15 11:14:00,M60/9492A,684.0,106.21644,0.1365882881533623
2020-01-15 11:29:00,M60/9492A,667.0,106.21644,0.13319354999750388
2020-01-15 11:44:00,M60/9492A,580.0,106.21644,0.11582047825869903
2020-01-15 11:59:00,M60/9492A,612.0,106.21644,0.1222105736109031
2020-01-15 12:14:00,M60/9492A,617.0,107.82578,0.12137008532297329
2020-01-15 12:29:00,M60/9492A,604.0,107.82578,0.11881285500012295
2020-01-15 12:44:00,M60/9492A,613.0,107.82578,0.12058324522363473
2020-01-15 12:59:00,M60/9492A,639.0,104.6071,0.12956532758839184
2020-01-15 13:14:00,M60/9492A,661.0,107.82578,0.13002532641569747
2020-01-15 13:29:00,M60/9492A,640.0,106.21644,0.12780190704408168
2020-01-15 13:44:00,M60/9492A,631.0,106.21644,0.1260046927262743
2020-01-15 13:59:00,M60/9492A,586.0,107.82578,0.11527207455309942
2020-01-15 14:14:00,M60/9492A,633.0,107.82578,0.12451744572032754
2020-01-15 14:29:00,M60/9492A,681.0,107.82578,0.13395952691239027
2020-01-15 14:44:00,M60/9492A,665.0,107.82578,0.13081216651503602
2020-01-15 14:59:00,M60/9492A,683.0,107.82578,0.13435294696205957
2020-01-15 15:14:00,M60/9492A,716.0,102.99776,0.14744645799011533
2020-01-15 15:29:00,M60/9492A,795.0,104.6071,0.16119629958180207
2020-01-15 15:44:00,M60/9492A,865.0,107.82578,0.17015417148196416
2020-01-15 15:59:00,M60/9492A,880.0,106.21644,0.1757276221856123
2020-01-15 16:14:00,M60/9492A,967.0,106.21644,0.19310069392441717
2020-01-15 16:29:00,M60/9492A,957.0,104.6071,0.1940438474211127
2020-01-15 16:44:00,M60/9492A,989.0,93.34172,0.22473442026927232
2020-01-15 16:59:00,M60/9492A,1017.0,74.02964,0.291383138743643
2020-01-15 17:14:00,M60/9492A,961.0,88.5137,0.23028306125505466
2020-01-15 17:29:00,M60/9492A,900.0,104.6071,0.18248637688505892
2020-01-15 17:44:00,M60/9492A,942.0,101.38842,0.19706597630815095
2020-01-15 17:59:00,M60/9492A,880.0,93.34172,0.19996591490086918
2020-01-15 18:14:00,M60/9492A,878.0,78.85766,0.23615640654944026
2020-01-15 18:29:00,M60/9492A,698.0,25.74944,0.5749588138385503
2020-01-15 18:44:00,M60/9492A,696.0,90.12304,0.16380324782301717
2020-01-15 18:59:00,M60/9492A,573.0,106.21644,0.11442264490040438
2020-01-15 19:14:00,M60/9492A,491.0,107.82578,0.09658462219380856
2020-01-15 19:29:00,M60/9492A,442.0,109.43512,0.08566721581548602
2020-01-15 19:44:00,M60/9492A,406.0,111.04446,0.07754936370365065
2020-01-15 19:59:00,M60/9492A,349.0,109.43512,0.06764221339277063
2020-01-15 20:14:00,M60/9492A,293.0,111.04446,0.05596542750041784
2020-01-15 20:29:00,M60/9492A,296.0,111.04446,0.056538452355370916
2020-01-15 20:44:00,M60/9492A,226.0,107.82578,0.04445646561262879
2020-01-15 20:59:00,M60/9492A,240.0,109.43512,0.04651613528442679
2020-01-15 21:14:00,M60/9492A,215.0,109.43512,0.04167070452563233
2020-01-15 21:29:00,M60/9492A,243.0,111.04446,0.046415013251199774
2020-01-15 21:44:00,M60/9492A,175.0,107.82578,0.03442425434606212
2020-01-15 21:59:00,M60/9492A,160.0,109.43512,0.03101075685628453
2020-01-15 22:14:00,M60/9492A,149.0,112.6538,0.02805365968463168
2020-01-15 22:29:00,M60/9492A,148.0,107.82578,0.029113083675526816
2020-01-15 22:44:00,M60/9492A,113.0,111.04446,0.021583936203232817
2020-01-15 22:59:00,M60/9492A,102.0,109.43512,0.019769357495881386
2020-01-15 23:14:00,M60/9492A,75.0,112.6538,0.014120969639915274
2020-01-15 23:29:00,M60/9492A,62.0,106.21644,0.012380809744895412
2020-01-15 23:44:00,M60/9492A,52.0,106.21644,0.010383904947331636
2020-01-15 23:59:00,M60/9492A,49.0,109.43512,0.009497044287237136
2020-01-16 00:14:00,M60/9492A,36.0,109.43512,0.006977420292664018
2020-01-16 00:29:00,M60/9492A,34.0,111.04446,0.006494281689468281
2020-01-16 00:44:00,M60/9492A,29.0,101.38842,0.006066786956408045
2020-01-16 00:59:00,M60/9492A,30.0,109.43512,0.0058145169105533485
2020-01-16 01:14:00,M60/9492A,37.0,96.5604,0.008127402526084569
2020-01-16 01:29:00,M60/9492A,36.0,104.6071,0.007299455075402357
2020-01-16 01:44:00,M60/9492A,32.0,102.99776,0.006589785831960461
2020-01-16 01:59:00,M60/9492A,26.0,106.21644,0.005191952473665818
2020-01-16 02:14:00,M60/9492A,38.0,107.82578,0.007474980943716345
2020-01-16 02:29:00,M60/9492A,39.0,101.38842,0.008158782458617715
2020-01-16 02:44:00,M60/9492A,45.0,107.82578,0.00885195111755883
2020-01-16 02:59:00,M60/9492A,48.0,106.21644,0.009585143028306126
2020-01-16 03:14:00,M60/9492A,47.0,111.04446,0.008977389394264977
2020-01-16 03:29:00,M60/9492A,58.0,107.82578,0.011409181440409158
2020-01-16 03:44:00,M60/9492A,68.0,107.82578,0.013376281688755563
2020-01-16 03:59:00,M60/9492A,93.0,109.43512,0.018025002422715382
2020-01-16 04:14:00,M60/9492A,99.0,109.43512,0.01918790580482605
2020-01-16 04:29:00,M60/9492A,116.0,106.21644,0.023164095651739804
2020-01-16 04:44:00,M60/9492A,139.0,106.21644,0.027756976686136487
2020-01-16 04:59:00,M60/9492A,145.0,104.6071,0.029400582942592828
2020-01-16 05:14:00,M60/9492A,196.0,106.21644,0.03913933403225001
2020-01-16 05:29:00,M60/9492A,262.0,107.82578,0.05153802650667585
2020-01-16 05:44:00,M60/9492A,404.0,109.43512,0.07830216106211843
2020-01-16 05:59:00,M60/9492A,427.0,111.04446,0.08156053768832223
2020-01-16 06:14:00,M60/9492A,679.0,107.82578,0.13356610686272102
2020-01-16 06:29:00,M60/9492A,1160.0,99.77908,0.24658553435723018
2020-01-16 06:44:00,M60/9492A,1117.0,35.40548,0.6691627976636215
2020-01-16 06:59:00,M60/9492A,906.0,24.1401,0.7960461285008237
2020-01-16 07:14:00,M60/9492A,976.0,27.35878,0.7566624672933424
2020-01-16 07:29:00,M60/9492A,921.0,25.74944,0.7586490939044482
2020-01-16 07:44:00,M60/9492A,947.0,32.1868,0.6240527182866558
2020-01-16 07:59:00,M60/9492A,726.0,25.74944,0.5980230642504119
2020-01-16 08:14:00,M60/9492A,713.0,17.70274,0.8542758723977836
2020-01-16 08:29:00,M60/9492A,670.0,19.31208,0.7358594179022515
2020-01-16 08:44:00,M60/9492A,699.0,19.31208,0.7677100494233936
2020-01-16 08:59:00,M60/9492A,755.0,19.31208,0.829214717188358
2020-01-16 09:14:00,M60/9492A,890.0,27.35878,0.6899893400523307
2020-01-16 09:29:00,M60/9492A,914.0,28.96812,0.6692293611568736
2020-01-16 09:44:00,M60/9492A,829.0,22.53076,0.7804189220993175
2020-01-16 09:59:00,M60/9492A,850.0,43.45218,0.41491244127158466
2020-01-16 10:14:00,M60/9492A,685.0,102.99776,0.14106260296540366
2020-01-16 10:29:00,M60/9492A,725.0,106.21644,0.1447755978233738
2020-01-16 10:44:00,M60/9492A,744.0,104.6071,0.1508554048916487
2020-01-16 10:59:00,M60/9492A,686.0,104.6071,0.13909517171461158
2020-01-16 11:14:00,M60/9492A,700.0,106.21644,0.1397833358294643
2020-01-16 11:29:00,M60/9492A,774.0,104.6071,0.15693828412115068
2020-01-16 11:44:00,M60/9492A,735.0,104.6071,0.14903054112279812
2020-01-16 11:59:00,M60/9492A,749.0,107.82578,0.14733580860114587
2020-01-16 12:14:00,M60/9492A,819.0,104.6071,0.16606260296540362
2020-01-16 12:29:00,M60/9492A,750.0,106.21644,0.14976785981728322
2020-01-16 12:44:00,M60/9492A,659.0,106.21644,0.13159602615945284
2020-01-16 12:59:00,M60/9492A,624.0,104.6071,0.12652388797364086
2020-01-16 13:14:00,M60/9492A,635.0,102.99776,0.13076606260296542
2020-01-16 13:29:00,M60/9492A,624.0,106.21644,0.12460685936797962
2020-01-16 13:44:00,M60/9492A,610.0,106.21644,0.12181119265139036
2020-01-16 13:59:00,M60/9492A,611.0,104.6071,0.12388797364085667
2020-01-16 14:14:00,M60/9492A,610.0,104.6071,0.12368521099987329
2020-01-16 14:29:00,M60/9492A,720.0,104.6071,0.14598910150804714
2020-01-16 14:44:00,M60/9492A,722.0,104.6071,0.14639462679001394
2020-01-16 14:59:00,M60/9492A,713.0,106.21644,0.14237931206629725
2020-01-16 15:14:00,M60/9492A,713.0,106.21644,0.14237931206629725
2020-01-16 15:29:00,M60/9492A,759.0,106.21644,0.15156507413509063
2020-01-16 15:44:00,M60/9492A,752.0,106.21644,0.15016724077679597
2020-01-16 15:59:00,M60/9492A,938.0,102.99776,0.19316309719934105
2020-01-16 16:14:00,M60/9492A,911.0,62.76426,0.30786127655979384
2020-01-16 16:29:00,M60/9492A,941.0,59.54558,0.33518856583106993
2020-01-16 16:44:00,M60/9492A,896.0,82.07634,0.23154698452692443
2020-01-16 16:59:00,M60/9492A,938.0,83.68568,0.23773919655303508
2020-01-16 17:14:00,M60/9492A,916.0,93.34172,0.20814633869226837
2020-01-16 17:29:00,M60/9492A,956.0,85.29502,0.23772963227751706
2020-01-16 17:44:00,M60/9492A,848.0,85.29502,0.21087314662273476
2020-01-16 17:59:00,M60/9492A,837.0,102.99776,0.17236408566721584
2020-01-16 18:14:00,M60/9492A,780.0,102.99776,0.16062602965403625
2020-01-16 18:29:00,M60/9492A,810.0,102.99776,0.16680395387149918
2020-01-16 18:44:00,M60/9492A,680.0,106.21644,0.1357895262343368
2020-01-16 18:59:00,M60/9492A,565.0,106.21644,0.11282512106235336
2020-01-16 19:14:00,M60/9492A,462.0,107.82578,0.09088003147360398
2020-01-16 19:29:00,M60/9492A,491.0,109.43512,0.09516426010272315
2020-01-16 19:44:00,M60/9492A,444.0,107.82578,0.08733925102658045
2020-01-16 19:59:00,M60/9492A,360.0,109.43512,0.06977420292664019
2020-01-16 20:14:00,M60/9492A,390.0,107.82578,0.07671690968550986
2020-01-16 20:29:00,M60/9492A,304.0,109.43512,0.058920438026940594
2020-01-16 20:44:00,M60/9492A,271.0,107.82578,0.053308416730187616
2020-01-16 20:59:00,M60/9492A,240.0,109.43512,0.04651613528442679
2020-01-16 21:14:00,M60/9492A,235.0,107.82578,0.04622685583614055
2020-01-16 21:29:00,M60/9492A,239.0,109.43512,0.04632231805407501
2020-01-16 21:44:00,M60/9492A,207.0,109.43512,0.040120166682818106
2020-01-16 21:59:00,M60/9492A,167.0,111.04446,0.03189838359238832
2020-01-16 22:14:00,M60/9492A,162.0,111.04446,0.030943342167466515
2020-01-16 22:29:00,M60/9492A,140.0,109.43512,0.02713441224924896
2020-01-16 22:44:00,M60/9492A,141.0,109.43512,0.02732822947960074
2020-01-16 22:59:00,M60/9492A,105.0,106.21644,0.020967500374419648
2020-01-16 23:14:00,M60/9492A,92.0,109.43512,0.017831185192363604
2020-01-16 23:29:00,M60/9492A,76.0,107.82578,0.01494996188743269
2020-01-16 23:44:00,M60/9492A,60.0,107.82578,0.011802601490078439
2020-01-16 23:59:00,M60/9492A,64.0,112.6538,0.0120498940927277
2020-01-17 00:14:00,M60/9492A,61.0,109.43512,0.011822851051458475
2020-01-17 00:29:00,M60/9492A,45.0,106.21644,0.008986071589036993
2020-01-17 00:44:00,M60/9492A,54.0,102.99776,0.011120263591433277
2020-01-17 00:59:00,M60/9492A,34.0,102.99776,0.007001647446457991
2020-01-17 01:14:00,M60/9492A,39.0,98.16974,0.008426283522834688
2020-01-17 01:29:00,M60/9492A,22.0,94.95106,0.0049144165526484795
2020-01-17 01:44:00,M60/9492A,39.0,102.99776,0.008031301482701814
2020-01-17 01:59:00,M60/9492A,40.0,106.21644,0.007987619190255105
2020-01-17 02:14:00,M60/9492A,36.0,107.82578,0.0070815608940470644
2020-01-17 02:29:00,M60/9492A,49.0,102.99776,0.010090609555189457
2020-01-17 02:44:00,M60/9492A,41.0,107.82578,0.008065111018220267
2020-01-17 02:59:00,M60/9492A,56.0,104.6071,0.011354707895070334
2020-01-17 03:14:00,M60/9492A,53.0,106.21644,0.010583595427088014
2020-01-17 03:29:00,M60/9492A,66.0,107.82578,0.012982861639086282
2020-01-17 03:44:00,M60/9492A,84.0,106.21644,0.01677400029953572
2020-01-17 03:59:00,M60/9492A,114.0,106.21644,0.02276471469222705
2020-01-17 04:14:00,M60/9492A,104.0,107.82578,0.02045784258280263
2020-01-17 04:29:00,M60/9492A,126.0,107.82578,0.02478546312916472
2020-01-17 04:44:00,M60/9492A,128.0,106.21644,0.02556038140881634
2020-01-17 04:59:00,M60/9492A,148.0,107.82578,0.029113083675526816
2020-01-17 05:14:00,M60/9492A,177.0,106.21644,0.03534521491687884
2020-01-17 05:29:00,M60/9492A,256.0,107.82578,0.050357766357668005
2020-01-17 05:44:00,M60/9492A,368.0,109.43512,0.07132474076945441
2020-01-17 05:59:00,M60/9492A,447.0,109.43512,0.0866363019672449
2020-01-17 06:14:00,M60/9492A,608.0,104.6071,0.12327968571790647
2020-01-17 06:29:00,M60/9492A,978.0,94.95106,0.21846815402228242
2020-01-17 06:44:00,M60/9492A,1044.0,48.2802,0.45864909390444814
2020-01-17 06:59:00,M60/9492A,898.0,27.35878,0.6961914914235877
2020-01-17 07:14:00,M60/9492A,843.0,24.1401,0.7406919275123558
2020-01-17 07:29:00,M60/9492A,829.0,22.53076,0.7804189220993175
2020-01-17 07:44:00,M60/9492A,865.0,24.1401,0.7600219659527733
2020-01-17 07:59:00,M60/9492A,670.0,19.31208,0.7358594179022515
2020-01-17 08:14:00,M60/9492A,665.0,20.92142,0.674185781269801
2020-01-17 08:29:00,M60/9492A,730.0,20.92142,0.7400836395894056
2020-01-17 08:44:00,M60/9492A,810.0,25.74944,0.6672158154859967
2020-01-17 08:59:00,M60/9492A,743.0,49.88954,0.3158845724610725
2020-01-17 09:14:00,M60/9492A,791.0,99.77908,0.1681458255832492
2020-01-17 09:29:00,M60/9492A,853.0,101.38842,0.17844721633848487
2020-01-17 09:44:00,M60/9492A,764.0,102.99776,0.15733113673805602
2020-01-17 09:59:00,M60/9492A,757.0,104.6071,0.1534913192244329
2020-01-17 10:14:00,M60/9492A,651.0,102.99776,0.13406095551894565
2020-01-17 10:29:00,M60/9492A,717.0,98.16974,0.15491398168903772
2020-01-17 10:44:00,M60/9492A,675.0,94.95106,0.15078323513807837
2020-01-17 10:59:00,M60/9492A,679.0,99.77908,0.1443375670935856
2020-01-17 11:14:00,M60/9492A,600.0,104.6071,0.1216575845900393
2020-01-17 11:29:00,M60/9492A,627.0,106.21644,0.12520593080724876
2020-01-17 11:44:00,M60/9492A,660.0,104.6071,0.13382334304904323
2020-01-17 11:59:00,M60/9492A,642.0,104.6071,0.13017361551134204
2020-01-17 12:14:00,M60/9492A,621.0,107.82578,0.12215692542231185
2020-01-17 12:29:00,M60/9492A,728.0,102.99776,0.1499176276771005
2020-01-17 12:44:00,M60/9492A,708.0,104.6071,0.14355594981624636
2020-01-17 12:59:00,M60/9492A,641.0,106.21644,0.12800159752383805
2020-01-17 13:14:00,M60/9492A,723.0,106.21644,0.144376216863861
2020-01-17 13:29:00,M60/9492A,721.0,106.21644,0.14397683590434826
2020-01-17 13:44:00,M60/9492A,721.0,107.82578,0.14182792790577592
2020-01-17 13:59:00,M60/9492A,704.0,107.82578,0.13848385748358702
2020-01-17 14:14:00,M60/9492A,693.0,109.43512,0.13431534063378234
2020-01-17 14:29:00,M60/9492A,763.0,106.21644,0.15236383605411613
2020-01-17 14:44:00,M60/9492A,720.0,107.82578,0.14163121788094127
2020-01-17 14:59:00,M60/9492A,731.0,107.82578,0.14379502815412232
2020-01-17 15:14:00,M60/9492A,798.0,107.82578,0.15697459981804324
2020-01-17 15:29:00,M60/9492A,892.0,107.82578,0.17546534215249945
2020-01-17 15:44:00,M60/9492A,853.0,107.82578,0.16779365118394848
2020-01-17 15:59:00,M60/9492A,907.0,106.21644,0.1811192651390345
2020-01-17 16:14:00,M60/9492A,895.0,102.99776,0.18430807248764416
2020-01-17 16:29:00,M60/9492A,1018.0,101.38842,0.21296514212494444
2020-01-17 16:44:00,M60/9492A,968.0,101.38842,0.2025051646138961
2020-01-17 16:59:00,M60/9492A,900.0,102.99776,0.185337726523888
2020-01-17 17:14:00,M60/9492A,999.0,99.77908,0.21236116277833877
2020-01-17 17:29:00,M60/9492A,971.0,99.77908,0.20640909815592287
2020-01-17 17:44:00,M60/9492A,883.0,102.99776,0.181836902800659
2020-01-17 17:59:00,M60/9492A,796.0,104.6071,0.16139906222278544
2020-01-17 18:14:00,M60/9492A,689.0,106.21644,0.13758674055214418
2020-01-17 18:29:00,M60/9492A,639.0,107.82578,0.12569770586933537
2020-01-17 18:44:00,M60/9492A,566.0,107.82578,0.1113378740564066
2020-01-17 18:59:00,M60/9492A,496.0,109.43512,0.09613334625448203
2020-01-17 19:14:00,M60/9492A,490.0,107.82578,0.09638791216897391
2020-01-17 19:29:00,M60/9492A,444.0,109.43512,0.08605485027618956
2020-01-17 19:44:00,M60/9492A,427.0,109.43512,0.08275995736020933
2020-01-17 19:59:00,M60/9492A,353.0,109.43512,0.06841748231417774
2020-01-17 20:14:00,M60/9492A,309.0,107.82578,0.06078339767390397
2020-01-17 20:29:00,M60/9492A,319.0,106.21644,0.06370126304228446
2020-01-17 20:44:00,M60/9492A,304.0,102.99776,0.0626029654036244
2020-01-17 20:59:00,M60/9492A,233.0,106.21644,0.04652788178323598
2020-01-17 21:14:00,M60/9492A,234.0,109.43512,0.04535323190231612
2020-01-17 21:29:00,M60/9492A,232.0,109.43512,0.04496559744161256
2020-01-17 21:44:00,M60/9492A,192.0,107.82578,0.037768324768251
2020-01-17 21:59:00,M60/9492A,164.0,107.82578,0.03226044407288107
2020-01-17 22:14:00,M60/9492A,162.0,107.82578,0.03186702402321179
2020-01-17 22:29:00,M60/9492A,183.0,107.82578,0.03599793454473924
2020-01-17 22:44:00,M60/9492A,145.0,109.43512,0.028103498401007853
2020-01-17 22:59:00,M60/9492A,133.0,109.43512,0.025777691636786514
2020-01-17 23:14:00,M60/9492A,139.0,109.43512,0.026940595018897184
2020-01-17 23:29:00,M60/9492A,101.0,107.82578,0.019867712508298708
2020-01-17 23:44:00,M60/9492A,68.0,107.82578,0.013376281688755563
2020-01-17 23:59:00,M60/9492A,61.0,109.43512,0.011822851051458475
2020-01-18 00:14:00,M60/9492A,77.0,106.21644,0.015376166941241077
2020-01-18 00:29:00,M60/9492A,67.0,109.43512,0.012985754433569145
2020-01-18 00:44:00,M60/9492A,57.0,107.82578,0.011212471415574517
2020-01-18 00:59:00,M60/9492A,63.0,109.43512,0.012210485512162032
2020-01-18 01:14:00,M60/9492A,63.0,106.21644,0.01258050022465179
2020-01-18 01:29:00,M60/9492A,47.0,104.6071,0.009529844126219744
2020-01-18 01:44:00,M60/9492A,55.0,106.21644,0.010982976386600769
2020-01-18 01:59:00,M60/9492A,39.0,107.82578,0.007671690968550985
2020-01-18 02:14:00,M60/9492A,53.0,106.21644,0.010583595427088014
2020-01-18 02:29:00,M60/9492A,44.0,107.82578,0.008655241092724189
2020-01-18 02:44:00,M60/9492A,43.0,107.82578,0.008458531067889548
2020-01-18 02:59:00,M60/9492A,59.0,107.82578,0.011605891465243798
2020-01-18 03:14:00,M60/9492A,65.0,109.43512,0.012598119972865588
2020-01-18 03:29:00,M60/9492A,55.0,106.21644,0.010982976386600769
2020-01-18 03:44:00,M60/9492A,61.0,107.82578,0.01199931151491308
2020-01-18 03:59:00,M60/9492A,93.0,107.82578,0.01829403230962158
2020-01-18 04:14:00,M60/9492A,95.0,109.43512,0.01841263688341894
2020-01-18 04:29:00,M60/9492A,120.0,109.43512,0.023258067642213394
2020-01-18 04:44:00,M60/9492A,111.0,107.82578,0.021834812756645113
2020-01-18 04:59:00,M60/9492A,88.0,106.21644,0.01757276221856123
2020-01-18 05:14:00,M60/9492A,129.0,107.82578,0.025375593203668643
2020-01-18 05:29:00,M60/9492A,152.0,109.43512,0.029460219013470297
2020-01-18 05:44:00,M60/9492A,151.0,107.82578,0.029703213750030738
2020-01-18 05:59:00,M60/9492A,170.0,111.04446,0.03247140844734141
2020-01-18 06:14:00,M60/9492A,221.0,111.04446,0.042212830981543825
2020-01-18 06:29:00,M60/9492A,265.0,111.04446,0.05061719552085572
2020-01-18 06:44:00,M60/9492A,302.0,111.04446,0.05768450206527708
2020-01-18 06:59:00,M60/9492A,286.0,109.43512,0.05543172788060859
2020-01-18 07:14:00,M60/9492A,277.0,112.6538,0.052153447870087084
2020-01-18 07:29:00,M60/9492A,337.0,111.04446,0.06436979203972973
2020-01-18 07:44:00,M60/9492A,365.0,111.04446,0.06971802401929185
2020-01-18 07:59:00,M60/9492A,331.0,111.04446,0.06322374232982357
2020-01-18 08:14:00,M60/9492A,348.0,111.04446,0.0664708831745577
2020-01-18 08:29:00,M60/9492A,400.0,111.04446,0.07640331399374448
2020-01-18 08:44:00,M60/9492A,472.0,112.6538,0.0888679689338668
2020-01-18 08:59:00,M60/9492A,435.0,112.6538,0.08190162391150858
2020-01-18 09:14:00,M60/9492A,455.0,111.04446,0.08690876966788434
2020-01-18 09:29:00,M60/9492A,474.0,109.43512,0.09186936718674292
2020-01-18 09:44:00,M60/9492A,498.0,111.04446,0.09512212592221189
2020-01-18 09:59:00,M60/9492A,572.0,111.04446,0.10925673901105461
2020-01-18 10:14:00,M60/9492A,554.0,109.43512,0.10737474561488518
2020-01-18 10:29:00,M60/9492A,588.0,109.43512,0.11396453144684564
2020-01-18 10:44:00,M60/9492A,623.0,107.82578,0.12255034547198113
2020-01-18 10:59:00,M60/9492A,670.0,107.82578,0.13179571663920925
2020-01-18 11:14:00,M60/9492A,605.0,107.82578,0.1190095650249576
2020-01-18 11:29:00,M60/9492A,675.0,107.82578,0.13277926676338245
2020-01-18 11:44:00,M60/9492A,723.0,107.82578,0.1422213479554452
2020-01-18 11:59:00,M60/9492A,740.0,109.43512,0.14342475046031591
2020-01-18 12:14:00,M60/9492A,768.0,107.82578,0.151073299073004
2020-01-18 12:29:00,M60/9492A,791.0,107.82578,0.15559762964420076
2020-01-18 12:44:00,M60/9492A,805.0,109.43512,0.15602287043318153
2020-01-18 12:59:00,M60/9492A,825.0,109.43512,0.1598992150402171
2020-01-18 13:14:00,M60/9492A,776.0,109.43512,0.15040217075297996
2020-01-18 13:29:00,M60/9492A,765.0,106.21644,0.15276321701362888
2020-01-18 13:44:00,M60/9492A,775.0,101.38842,0.16212965142124947
2020-01-18 13:59:00,M60/9492A,686.0,112.6538,0.12915980230642504
2020-01-18 14:14:00,M60/9492A,676.0,111.04446,0.12912160064942818
2020-01-18 14:29:00,M60/9492A,696.0,111.04446,0.1329417663491154
2020-01-18 14:44:00,M60/9492A,707.0,111.04446,0.13504285748394337
2020-01-18 14:59:00,M60/9492A,547.0,112.6538,0.10298893857378207
2020-01-18 15:14:00,M60/9492A,561.0,111.04446,0.10715564787622664
2020-01-18 15:29:00,M60/9492A,586.0,112.6538,0.110331842786538
2020-01-18 15:44:00,M60/9492A,601.0,111.04446,0.11479597927560109
2020-01-18 15:59:00,M60/9492A,607.0,111.04446,0.11594202898550725
2020-01-18 16:14:00,M60/9492A,654.0,112.6538,0.1231348552600612
2020-01-18 16:29:00,M60/9492A,667.0,111.04446,0.12740252608456892
2020-01-18 16:44:00,M60/9492A,598.0,109.43512,0.11590270375036342
2020-01-18 16:59:00,M60/9492A,634.0,107.82578,0.12471415574516219
2020-01-18 17:14:00,M60/9492A,655.0,107.82578,0.12884506626668965
2020-01-18 17:29:00,M60/9492A,766.0,106.21644,0.15296290749338526
2020-01-18 17:44:00,M60/9492A,763.0,107.82578,0.15008974894883081
2020-01-18 17:59:00,M60/9492A,723.0,107.82578,0.1422213479554452
2020-01-18 18:14:00,M60/9492A,632.0,109.43512,0.1224924895823239
2020-01-18 18:29:00,M60/9492A,639.0,109.43512,0.12384921019478633
2020-01-18 18:44:00,M60/9492A,570.0,107.82578,0.11212471415574517
2020-01-18 18:59:00,M60/9492A,462.0,111.04446,0.08824582766277489
2020-01-18 19:14:00,M60/9492A,488.0,111.04446,0.09321204307236827
2020-01-18 19:29:00,M60/9492A,471.0,111.04446,0.08996490222763412
2020-01-18 19:44:00,M60/9492A,382.0,111.04446,0.07296516486402597
2020-01-18 19:59:00,M60/9492A,357.0,109.43512,0.06919275123558485
2020-01-18 20:14:00,M60/9492A,268.0,111.04446,0.0511902203758088
2020-01-18 20:29:00,M60/9492A,241.0,109.43512,0.04670995251477857
2020-01-18 20:44:00,M60/9492A,226.0,111.04446,0.043167872406465635
2020-01-18 20:59:00,M60/9492A,204.0,107.82578,0.0401288450662667
2020-01-18 21:14:00,M60/9492A,194.0,104.6071,0.03933595235077937
2020-01-18 21:29:00,M60/9492A,195.0,106.21644,0.03893964355249364
2020-01-18 21:44:00,M60/9492A,181.0,111.04446,0.034572499582169375
2020-01-18 21:59:00,M60/9492A,160.0,112.6538,0.03012473523181925
2020-01-18 22:14:00,M60/9492A,160.0,111.04446,0.030561325597497795
2020-01-18 22:29:00,M60/9492A,192.0,109.43512,0.03721290822754143
2020-01-18 22:44:00,M60/9492A,148.0,107.82578,0.029113083675526816
2020-01-18 22:59:00,M60/9492A,144.0,114.26313999999999,0.026730398867670604
2020-01-18 23:14:00,M60/9492A,121.0,111.04446,0.023112002483107706
2020-01-18 23:29:00,M60/9492A,122.0,107.82578,0.02399862302982616
2020-01-18 23:44:00,M60/9492A,116.0,109.43512,0.02248279872080628
2020-01-18 23:59:00,M60/9492A,84.0,111.04446,0.01604469593868634
2020-01-19 00:14:00,M60/9492A,87.0,107.82578,0.017113772160613737
2020-01-19 00:29:00,M60/9492A,88.0,107.82578,0.017310482185448377
2020-01-19 00:44:00,M60/9492A,75.0,112.6538,0.014120969639915274
2020-01-19 00:59:00,M60/9492A,87.0,109.43512,0.016862099040604712
2020-01-19 01:14:00,M60/9492A,75.0,107.82578,0.014753251862598049
2020-01-19 01:29:00,M60/9492A,45.0,111.04446,0.008595372824296255
2020-01-19 01:44:00,M60/9492A,47.0,107.82578,0.00924537116722811
2020-01-19 01:59:00,M60/9492A,51.0,109.43512,0.009884678747940693
2020-01-19 02:14:00,M60/9492A,50.0,106.21644,0.009984523987818881
2020-01-19 02:29:00,M60/9492A,42.0,109.43512,0.008140323674774689
2020-01-19 02:44:00,M60/9492A,43.0,107.82578,0.008458531067889548
2020-01-19 02:59:00,M60/9492A,65.0,104.6071,0.013179571663920923
2020-01-19 03:14:00,M60/9492A,55.0,101.38842,0.011505975262153188
2020-01-19 03:29:00,M60/9492A,62.0,104.6071,0.012571283740970728
2020-01-19 03:44:00,M60/9492A,75.0,98.16974,0.01620439139006671
2020-01-19 03:59:00,M60/9492A,86.0,99.77908,0.01828134134027741
2020-01-19 04:14:00,M60/9492A,79.0,99.77908,0.016793325184673434
2020-01-19 04:29:00,M60/9492A,91.0,107.82578,0.0179006122599523
2020-01-19 04:44:00,M60/9492A,94.0,107.82578,0.01849074233445622
2020-01-19 04:59:00,M60/9492A,104.0,106.21644,0.020767809894663272
2020-01-19 05:14:00,M60/9492A,94.0,107.82578,0.01849074233445622
2020-01-19 05:29:00,M60/9492A,105.0,104.6071,0.021290077303256875
2020-01-19 05:44:00,M60/9492A,119.0,102.99776,0.024505766062602966
2020-01-19 05:59:00,M60/9492A,133.0,107.82578,0.026162433303007205
2020-01-19 06:14:00,M60/9492A,129.0,109.43512,0.0250024227153794
2020-01-19 06:29:00,M60/9492A,190.0,112.6538,0.035773123087785366
2020-01-19 06:44:00,M60/9492A,174.0,107.82578,0.034227544321227474
2020-01-19 06:59:00,M60/9492A,186.0,107.82578,0.03658806461924316
2020-01-19 07:14:00,M60/9492A,196.0,107.82578,0.038555164867589566
2020-01-19 07:29:00,M60/9492A,211.0,109.43512,0.04089543560422522
2020-01-19 07:44:00,M60/9492A,212.0,107.82578,0.04170252526494382
2020-01-19 07:59:00,M60/9492A,237.0,109.43512,0.04593468359337146
2020-01-19 08:14:00,M60/9492A,225.0,109.43512,0.04360887682915012
2020-01-19 08:29:00,M60/9492A,254.0,111.04446,0.04851610438602775
2020-01-19 08:44:00,M60/9492A,256.0,109.43512,0.04961721097005524
2020-01-19 08:59:00,M60/9492A,240.0,109.43512,0.04651613528442679
2020-01-19 09:14:00,M60/9492A,258.0,109.43512,0.0500048454307588
2020-01-19 09:29:00,M60/9492A,333.0,109.43512,0.06454113770714216
2020-01-19 09:44:00,M60/9492A,404.0,107.82578,0.07947085003319483
2020-01-19 09:59:00,M60/9492A,453.0,109.43512,0.08779920534935556
2020-01-19 10:14:00,M60/9492A,407.0,106.21644,0.08127402526084569
2020-01-19 10:29:00,M60/9492A,428.0,102.99776,0.08813838550247118
2020-01-19 10:44:00,M60/9492A,524.0,109.43512,0.10156022870433183
2020-01-19 10:59:00,M60/9492A,567.0,109.43512,0.10989436960945828
2020-01-19 11:14:00,M60/9492A,529.0,107.82578,0.10405960313752491
2020-01-19 11:29:00,M60/9492A,636.0,107.82578,0.12510757579483145
2020-01-19 11:44:00,M60/9492A,629.0,106.21644,0.1256053117667615
2020-01-19 11:59:00,M60/9492A,680.0,106.21644,0.1357895262343368
2020-01-19 12:14:00,M60/9492A,675.0,107.82578,0.13277926676338245
2020-01-19 12:29:00,M60/9492A,714.0,109.43512,0.1383855024711697
2020-01-19 12:44:00,M60/9492A,666.0,109.43512,0.12908227541428433
2020-01-19 12:59:00,M60/9492A,625.0,111.04446,0.11938017811522576
2020-01-19 13:14:00,M60/9492A,663.0,111.04446,0.12663849294463148
2020-01-19 13:29:00,M60/9492A,738.0,111.04446,0.14096411431845857
2020-01-19 13:44:00,M60/9492A,686.0,111.04446,0.1310316834992718
2020-01-19 13:59:00,M60/9492A,648.0,111.04446,0.12377336866986606
2020-01-19 14:14:00,M60/9492A,633.0,111.04446,0.12090824439510064
2020-01-19 14:29:00,M60/9492A,650.0,112.6538,0.12238173687926572
2020-01-19 14:44:00,M60/9492A,618.0,111.04446,0.11804312012033523
2020-01-19 14:59:00,M60/9492A,595.0,111.04446,0.11364992956569492
2020-01-19 15:14:00,M60/9492A,595.0,112.6538,0.11202635914332786
2020-01-19 15:29:00,M60/9492A,586.0,111.04446,0.11193085500083567
2020-01-19 15:44:00,M60/9492A,633.0,111.04446,0.12090824439510064
2020-01-19 15:59:00,M60/9492A,604.0,111.04446,0.11536900413055416
2020-01-19 16:14:00,M60/9492A,611.0,111.04446,0.1167060621254447
2020-01-19 16:29:00,M60/9492A,617.0,109.43512,0.11958523112704719
2020-01-19 16:44:00,M60/9492A,581.0,107.82578,0.11428852442892622
2020-01-19 16:59:00,M60/9492A,546.0,104.6071,0.11070840197693574
2020-01-19 17:14:00,M60/9492A,516.0,101.38842,0.10794696791401899
2020-01-19 17:29:00,M60/9492A,508.0,101.38842,0.10627337151225126
2020-01-19 17:44:00,M60/9492A,446.0,104.6071,0.09043213787859587
2020-01-19 17:59:00,M60/9492A,456.0,104.6071,0.09245976428842986
2020-01-19 18:14:00,M60/9492A,414.0,106.21644,0.08267185861914034
2020-01-19 18:29:00,M60/9492A,383.0,106.21644,0.07648145374669263
2020-01-19 18:44:00,M60/9492A,445.0,107.82578,0.08753596105141509
2020-01-19 18:59:00,M60/9492A,422.0,107.82578,0.08301163048021835
2020-01-19 19:14:00,M60/9492A,409.0,107.82578,0.08045440015736803
2020-01-19 19:29:00,M60/9492A,407.0,109.43512,0.07888361275317377
2020-01-19 19:44:00,M60/9492A,322.0,109.43512,0.06240914817327261
2020-01-19 19:59:00,M60/9492A,302.0,109.43512,0.058532803566237045
2020-01-19 20:14:00,M60/9492A,256.0,109.43512,0.04961721097005524
2020-01-19 20:29:00,M60/9492A,266.0,107.82578,0.05232486660601441
2020-01-19 20:44:00,M60/9492A,229.0,109.43512,0.044384145750557234
2020-01-19 20:59:00,M60/9492A,233.0,111.04446,0.04450493040135617
2020-01-19 21:14:00,M60/9492A,187.0,109.43512,0.03624382207578254
2020-01-19 21:29:00,M60/9492A,178.0,109.43512,0.03449946700261654
2020-01-19 21:44:00,M60/9492A,148.0,111.04446,0.028269226177685458
2020-01-19 21:59:00,M60/9492A,127.0,109.43512,0.024614788254675845
2020-01-19 22:14:00,M60/9492A,134.0,112.6538,0.025229465756648625
2020-01-19 22:29:00,M60/9492A,112.0,107.82578,0.022031522781479754
2020-01-19 22:44:00,M60/9492A,117.0,107.82578,0.023015072905652956
2020-01-19 22:59:00,M60/9492A,97.0,107.82578,0.019080872408960142
2020-01-19 23:14:00,M60/9492A,66.0,109.43512,0.012791937203217366
2020-01-19 23:29:00,M60/9492A,97.0,111.04446,0.018527803643483037
2020-01-19 23:44:00,M60/9492A,49.0,107.82578,0.009638791216897391
2020-01-19 23:59:00,M60/9492A,51.0,112.6538,0.009602259355142388
2020-01-20 00:14:00,M60/9492A,49.0,109.43512,0.009497044287237136
2020-01-20 00:29:00,M60/9492A,29.0,101.38842,0.006066786956408045
2020-01-20 00:44:00,M60/9492A,40.0,107.82578,0.007868400993385627
2020-01-20 00:59:00,M60/9492A,30.0,112.6538,0.00564838785596611
2020-01-20 01:14:00,M60/9492A,35.0,101.38842,0.0073219842577338465
2020-01-20 01:29:00,M60/9492A,41.0,98.16974,0.0088584006265698
2020-01-20 01:44:00,M60/9492A,30.0,106.21644,0.0059907143926913285
2020-01-20 01:59:00,M60/9492A,26.0,102.99776,0.005354200988467874
2020-01-20 02:14:00,M60/9492A,37.0,104.6071,0.0075022177163857565
2020-01-20 02:29:00,M60/9492A,46.0,111.04446,0.008786381109280615
2020-01-20 02:44:00,M60/9492A,43.0,106.21644,0.008586690629524238
2020-01-20 02:59:00,M60/9492A,54.0,109.43512,0.010466130438996028
2020-01-20 03:14:00,M60/9492A,75.0,109.43512,0.01453629227638337
2020-01-20 03:29:00,M60/9492A,81.0,107.82578,0.015933512011605894
2020-01-20 03:44:00,M60/9492A,102.0,109.43512,0.019769357495881386
2020-01-20 03:59:00,M60/9492A,105.0,106.21644,0.020967500374419648
2020-01-20 04:14:00,M60/9492A,108.0,109.43512,0.020932260877992055
2020-01-20 04:29:00,M60/9492A,145.0,109.43512,0.028103498401007853
2020-01-20 04:44:00,M60/9492A,179.0,106.21644,0.035744595876391595
2020-01-20 04:59:00,M60/9492A,188.0,107.82578,0.03698148466891244
2020-01-20 05:14:00,M60/9492A,243.0,106.21644,0.04852478658079976
2020-01-20 05:29:00,M60/9492A,286.0,109.43512,0.05543172788060859
2020-01-20 05:44:00,M60/9492A,427.0,109.43512,0.08275995736020933
2020-01-20 05:59:00,M60/9492A,504.0,107.82578,0.09914185251665888
2020-01-20 06:14:00,M60/9492A,710.0,107.82578,0.13966411763259487
2020-01-20 06:29:00,M60/9492A,1104.0,75.63898,0.3095797258929511
2020-01-20 06:44:00,M60/9492A,993.0,28.96812,0.727073036792971
2020-01-20 06:59:00,M60/9492A,937.0,25.74944,0.771828665568369
2020-01-20 07:14:00,M60/9492A,817.0,37.01482,0.46816130649666937
2020-01-20 07:29:00,M60/9492A,771.0,24.1401,0.6774299835255354
2020-01-20 07:44:00,M60/9492A,720.0,19.31208,0.7907742998352554
2020-01-20 07:59:00,M60/9492A,651.0,14.48406,0.9533223503569468
2020-01-20 08:14:00,M60/9492A,607.0,12.87472,1.0
2020-01-20 08:29:00,M60/9492A,563.0,12.87472,0.927512355848435
2020-01-20 08:44:00,M60/9492A,601.0,16.0934,0.7920922570016476
2020-01-20 08:59:00,M60/9492A,898.0,27.35878,0.6961914914235877
2020-01-20 09:14:00,M60/9492A,908.0,28.96812,0.6648361706022332
2020-01-20 09:29:00,M60/9492A,882.0,25.74944,0.7265238879736409
2020-01-20 09:44:00,M60/9492A,895.0,27.35878,0.6938656846593663
2020-01-20 09:59:00,M60/9492A,896.0,33.79614,0.5623283909939594
2020-01-20 10:14:00,M60/9492A,735.0,83.68568,0.18628817640349768
2020-01-20 10:29:00,M60/9492A,794.0,104.6071,0.16099353694081867
2020-01-20 10:44:00,M60/9492A,719.0,104.6071,0.14578633886706377
2020-01-20 10:59:00,M60/9492A,681.0,102.99776,0.14023887973640858
2020-01-20 11:14:00,M60/9492A,676.0,104.6071,0.1370675453047776
2020-01-20 11:29:00,M60/9492A,562.0,94.95106,0.12554100466311116
2020-01-20 11:44:00,M60/9492A,654.0,102.99776,0.13467874794069193
2020-01-20 11:59:00,M60/9492A,586.0,106.21644,0.11701862113723728
2020-01-20 12:14:00,M60/9492A,552.0,106.21644,0.11022914482552044
2020-01-20 12:29:00,M60/9492A,665.0,104.6071,0.1348371562539602
2020-01-20 12:44:00,M60/9492A,589.0,106.21644,0.11761769257650642
2020-01-20 12:59:00,M60/9492A,583.0,101.38842,0.12196333777882377
2020-01-20 13:14:00,M60/9492A,569.0,104.6071,0.11537194271955392
2020-01-20 13:29:00,M60/9492A,582.0,106.21644,0.11621985921821178
2020-01-20 13:44:00,M60/9492A,558.0,106.21644,0.11142728770405871
2020-01-20 13:59:00,M60/9492A,582.0,107.82578,0.11448523445376085
2020-01-20 14:14:00,M60/9492A,588.0,106.21644,0.11741800209675005
2020-01-20 14:29:00,M60/9492A,662.0,106.21644,0.13219509759872197
2020-01-20 14:44:00,M60/9492A,649.0,107.82578,0.12766480611768177
2020-01-20 14:59:00,M60/9492A,644.0,104.6071,0.13057914079330885
2020-01-20 15:14:00,M60/9492A,635.0,107.82578,0.12491086576999681
2020-01-20 15:29:00,M60/9492A,702.0,107.82578,0.13809043743391775
2020-01-20 15:44:00,M60/9492A,702.0,107.82578,0.13809043743391775
2020-01-20 15:59:00,M60/9492A,816.0,104.6071,0.16545431504245342
2020-01-20 16:14:00,M60/9492A,842.0,104.6071,0.1707261437080218
2020-01-20 16:29:00,M60/9492A,981.0,101.38842,0.20522475876676866
2020-01-20 16:44:00,M60/9492A,993.0,94.95106,0.2218188925809064
2020-01-20 16:59:00,M60/9492A,822.0,24.1401,0.7222405271828667
2020-01-20 17:14:00,M60/9492A,800.0,20.92142,0.8110505639335953
2020-01-20 17:29:00,M60/9492A,971.0,38.62416,0.5332235035694673
2020-01-20 17:44:00,M60/9492A,859.0,101.38842,0.17970241363981068
2020-01-20 17:59:00,M60/9492A,851.0,102.99776,0.17524711696869855
2020-01-20 18:14:00,M60/9492A,791.0,104.6071,0.16038524901786846
2020-01-20 18:29:00,M60/9492A,725.0,107.82578,0.1426147680051145
2020-01-20 18:44:00,M60/9492A,615.0,109.43512,0.11919759666634365
2020-01-20 18:59:00,M60/9492A,560.0,109.43512,0.10853764899699583
2020-01-20 19:14:00,M60/9492A,456.0,109.43512,0.0883806570404109
2020-01-20 19:29:00,M60/9492A,440.0,107.82578,0.08655241092724189
2020-01-20 19:44:00,M60/9492A,394.0,107.82578,0.07750374978484842
2020-01-20 19:59:00,M60/9492A,283.0,111.04446,0.054055344650574225
2020-01-20 20:14:00,M60/9492A,288.0,107.82578,0.056652487152376516
2020-01-20 20:29:00,M60/9492A,298.0,109.43512,0.05775753464482993
2020-01-20 20:44:00,M60/9492A,223.0,109.43512,0.04322124236844656
2020-01-20 20:59:00,M60/9492A,228.0,109.43512,0.04419032852020545
2020-01-20 21:14:00,M60/9492A,219.0,111.04446,0.0418308144115751
2020-01-20 21:29:00,M60/9492A,198.0,109.43512,0.0383758116096521
2020-01-20 21:44:00,M60/9492A,191.0,107.82578,0.037571614743416366
2020-01-20 21:59:00,M60/9492A,142.0,111.04446,0.02712317646777929
2020-01-20 22:14:00,M60/9492A,160.0,109.43512,0.03101075685628453
2020-01-20 22:29:00,M60/9492A,159.0,107.82578,0.03127689394870786
2020-01-20 22:44:00,M60/9492A,142.0,109.43512,0.027522046709952515
2020-01-20 22:59:00,M60/9492A,84.0,107.82578,0.016523642086109815
2020-01-20 23:14:00,M60/9492A,87.0,107.82578,0.017113772160613737
2020-01-20 23:29:00,M60/9492A,84.0,107.82578,0.016523642086109815
2020-01-20 23:44:00,M60/9492A,52.0,106.21644,0.010383904947331636
2020-01-20 23:59:00,M60/9492A,51.0,109.43512,0.009884678747940693
2020-01-21 00:14:00,M60/9492A,46.0,102.99776,0.009472817133443164
2020-01-21 00:29:00,M60/9492A,42.0,104.6071,0.00851603092130275
2020-01-21 00:44:00,M60/9492A,52.0,107.82578,0.010228921291401315
2020-01-21 00:59:00,M60/9492A,37.0,101.38842,0.007740383358175781
2020-01-21 01:14:00,M60/9492A,34.0,98.16974,0.007345990763496907
2020-01-21 01:29:00,M60/9492A,37.0,102.99776,0.007619439868204284
2020-01-21 01:44:00,M60/9492A,27.0,98.16974,0.0058335809004240145
2020-01-21 01:59:00,M60/9492A,29.0,102.99776,0.005971993410214168
2020-01-21 02:14:00,M60/9492A,31.0,101.38842,0.006485186056849978
2020-01-21 02:29:00,M60/9492A,40.0,106.21644,0.007987619190255105
2020-01-21 02:44:00,M60/9492A,47.0,101.38842,0.009832378860385451
2020-01-21 02:59:00,M60/9492A,43.0,107.82578,0.008458531067889548
2020-01-21 03:14:00,M60/9492A,50.0,106.21644,0.009984523987818881
2020-01-21 03:29:00,M60/9492A,54.0,102.99776,0.011120263591433277
2020-01-21 03:44:00,M60/9492A,74.0,107.82578,0.014556541837763408
2020-01-21 03:59:00,M60/9492A,78.0,106.21644,0.015575857420997452
2020-01-21 04:14:00,M60/9492A,106.0,109.43512,0.0205446264172885
2020-01-21 04:29:00,M60/9492A,88.0,106.21644,0.01757276221856123
2020-01-21 04:44:00,M60/9492A,125.0,106.21644,0.024961309969547204
2020-01-21 04:59:00,M60/9492A,133.0,104.6071,0.026967431250792043
2020-01-21 05:14:00,M60/9492A,182.0,106.21644,0.03634366731566073
2020-01-21 05:29:00,M60/9492A,254.0,107.82578,0.049964346307998724
2020-01-21 05:44:00,M60/9492A,423.0,109.43512,0.08198468843880222
2020-01-21 05:59:00,M60/9492A,423.0,111.04446,0.0807965045483848
2020-01-21 06:14:00,M60/9492A,687.0,107.82578,0.13513978706139815
2020-01-21 06:29:00,M60/9492A,1193.0,93.34172,0.2710901550872011
2020-01-21 06:44:00,M60/9492A,1010.0,33.79614,0.6338746371695301
2020-01-21 06:59:00,M60/9492A,934.0,24.1401,0.8206479956068095
2020-01-21 07:14:00,M60/9492A,863.0,22.53076,0.8124264532831255
2020-01-21 07:29:00,M60/9492A,865.0,22.53076,0.8143092492351142
2020-01-21 07:44:00,M60/9492A,609.0,17.70274,0.7296690130298039
2020-01-21 07:59:00,M60/9492A,672.0,19.31208,0.7380560131795717
2020-01-21 08:14:00,M60/9492A,422.0,45.06152,0.1986349729348082
2020-01-21 08:29:00,M60/9492A,355.0,91.73238,0.08208329720512153
2020-01-21 08:44:00,M60/9492A,908.0,33.79614,0.5698595748019142
2020-01-21 08:59:00,M60/9492A,792.0,20.92142,0.8029400582942593
2020-01-21 09:14:00,M60/9492A,668.0,17.70274,0.8003594428635616
2020-01-21 09:29:00,M60/9492A,853.0,24.1401,0.7494783086216366
2020-01-21 09:44:00,M60/9492A,897.0,28.96812,0.656781987918726
2020-01-21 09:59:00,M60/9492A,887.0,37.01482,0.5082730463433852
2020-01-21 10:14:00,M60/9492A,732.0,102.99776,0.15074135090609556
2020-01-21 10:29:00,M60/9492A,703.0,106.21644,0.14038240726873347
2020-01-21 10:44:00,M60/9492A,682.0,106.21644,0.13618890719384952
2020-01-21 10:59:00,M60/9492A,636.0,106.21644,0.12700314512505617
2020-01-21 11:14:00,M60/9492A,528.0,107.82578,0.10386289311269026
2020-01-21 11:29:00,M60/9492A,598.0,106.21644,0.11941490689431382
2020-01-21 11:44:00,M60/9492A,640.0,106.21644,0.12780190704408168
2020-01-21 11:59:00,M60/9492A,552.0,106.21644,0.11022914482552044
2020-01-21 12:14:00,M60/9492A,582.0,101.38842,0.12175413822860282
2020-01-21 12:29:00,M60/9492A,595.0,106.21644,0.11881583545504469
2020-01-21 12:44:00,M60/9492A,600.0,106.21644,0.11981428785382656
2020-01-21 12:59:00,M60/9492A,603.0,106.21644,0.1204133592930957
2020-01-21 13:14:00,M60/9492A,580.0,106.21644,0.11582047825869903
2020-01-21 13:29:00,M60/9492A,589.0,102.99776,0.12129324546952225
2020-01-21 13:44:00,M60/9492A,606.0,102.99776,0.12479406919275124
2020-01-21 13:59:00,M60/9492A,559.0,107.82578,0.10996090388256413
2020-01-21 14:14:00,M60/9492A,657.0,106.21644,0.1311966451999401
2020-01-21 14:29:00,M60/9492A,637.0,101.38842,0.133260113490756
2020-01-21 14:44:00,M60/9492A,676.0,101.38842,0.14141889594937374
2020-01-21 14:59:00,M60/9492A,667.0,106.21644,0.13319354999750388
2020-01-21 15:14:00,M60/9492A,652.0,107.82578,0.1282549361921857
2020-01-21 15:29:00,M60/9492A,711.0,107.82578,0.13986082765742952
2020-01-21 15:44:00,M60/9492A,780.0,104.6071,0.1581548599670511
2020-01-21 15:59:00,M60/9492A,882.0,104.6071,0.17883664934735777
2020-01-21 16:14:00,M60/9492A,934.0,102.99776,0.19233937397034598
2020-01-21 16:29:00,M60/9492A,966.0,88.5137,0.23148120413359294
2020-01-21 16:44:00,M60/9492A,918.0,35.40548,0.5499475812490641
2020-01-21 16:59:00,M60/9492A,921.0,33.79614,0.5780183572605319
2020-01-21 17:14:00,M60/9492A,852.0,24.1401,0.7485996705107085
2020-01-21 17:29:00,M60/9492A,968.0,35.40548,0.5799011532125207
2020-01-21 17:44:00,M60/9492A,918.0,35.40548,0.5499475812490641
2020-01-21 17:59:00,M60/9492A,897.0,35.40548,0.5373670810244122
2020-01-21 18:14:00,M60/9492A,844.0,74.02964,0.2418164887902013
2020-01-21 18:29:00,M60/9492A,707.0,106.21644,0.14118116918775897
2020-01-21 18:44:00,M60/9492A,665.0,106.21644,0.13279416903799113
2020-01-21 18:59:00,M60/9492A,590.0,106.21644,0.11781738305626278
2020-01-21 19:14:00,M60/9492A,546.0,107.82578,0.1074036735597138
2020-01-21 19:29:00,M60/9492A,484.0,109.43512,0.09380753949026069
2020-01-21 19:44:00,M60/9492A,378.0,109.43512,0.0732629130729722
2020-01-21 19:59:00,M60/9492A,326.0,111.04446,0.062268700904901754
2020-01-21 20:14:00,M60/9492A,282.0,111.04446,0.05386433636558986
2020-01-21 20:29:00,M60/9492A,290.0,111.04446,0.05539240264546475
2020-01-21 20:44:00,M60/9492A,239.0,111.04446,0.04565098011126233
2020-01-21 20:59:00,M60/9492A,234.0,109.43512,0.04535323190231612
2020-01-21 21:14:00,M60/9492A,221.0,109.43512,0.04283360790774301
2020-01-21 21:29:00,M60/9492A,244.0,109.43512,0.0472914042058339
2020-01-21 21:44:00,M60/9492A,217.0,111.04446,0.041448797841606384
2020-01-21 21:59:00,M60/9492A,196.0,111.04446,0.0374376238569348
2020-01-21 22:14:00,M60/9492A,179.0,111.04446,0.03419048301220066
2020-01-21 22:29:00,M60/9492A,157.0,109.43512,0.03042930516522919
2020-01-21 22:44:00,M60/9492A,162.0,107.82578,0.03186702402321179
2020-01-21 22:59:00,M60/9492A,109.0,106.21644,0.02176626229344516
2020-01-21 23:14:00,M60/9492A,108.0,104.6071,0.02189836522620707
2020-01-21 23:29:00,M60/9492A,77.0,102.99776,0.01585667215815486
2020-01-21 23:44:00,M60/9492A,62.0,106.21644,0.012380809744895412
2020-01-21 23:59:00,M60/9492A,52.0,106.21644,0.010383904947331636
2020-01-22 00:14:00,M60/9492A,41.0,106.21644,0.008187309670011482
2020-01-22 00:29:00,M60/9492A,38.0,104.6071,0.007704980357369154
2020-01-22 00:44:00,M60/9492A,39.0,107.82578,0.007671690968550985
2020-01-22 00:59:00,M60/9492A,33.0,99.77908,0.0070149333049901695
2020-01-22 01:14:00,M60/9492A,44.0,102.99776,0.009060955518945634
2020-01-22 01:29:00,M60/9492A,36.0,96.5604,0.007907742998352554
2020-01-22 01:44:00,M60/9492A,25.0,104.6071,0.005069066024584971
2020-01-22 01:59:00,M60/9492A,30.0,102.99776,0.006177924217462933
2020-01-22 02:14:00,M60/9492A,43.0,107.82578,0.008458531067889548
2020-01-22 02:29:00,M60/9492A,33.0,106.21644,0.006589785831960461
2020-01-22 02:44:00,M60/9492A,41.0,101.38842,0.008577181559059649
2020-01-22 02:59:00,M60/9492A,48.0,101.38842,0.010041578410606418
2020-01-22 03:14:00,M60/9492A,50.0,106.21644,0.009984523987818881
2020-01-22 03:29:00,M60/9492A,61.0,107.82578,0.01199931151491308
2020-01-22 03:44:00,M60/9492A,58.0,106.21644,0.011582047825869902
2020-01-22 03:59:00,M60/9492A,82.0,104.6071,0.016626536560638703
2020-01-22 04:14:00,M60/9492A,101.0,104.6071,0.02047902673932328
2020-01-22 04:29:00,M60/9492A,120.0,102.99776,0.02471169686985173
2020-01-22 04:44:00,M60/9492A,132.0,106.21644,0.026359143327841845
2020-01-22 04:59:00,M60/9492A,128.0,106.21644,0.02556038140881634
2020-01-22 05:14:00,M60/9492A,190.0,106.21644,0.037941191153711744
2020-01-22 05:29:00,M60/9492A,253.0,106.21644,0.05052169137836354
2020-01-22 05:44:00,M60/9492A,375.0,107.82578,0.07376625931299025
2020-01-22 05:59:00,M60/9492A,422.0,109.43512,0.08179087120845044
2020-01-22 06:14:00,M60/9492A,702.0,106.21644,0.1401827167889771
2020-01-22 06:29:00,M60/9492A,1117.0,85.29502,0.2777656895962202
2020-01-22 06:44:00,M60/9492A,896.0,25.74944,0.7380560131795717
2020-01-22 06:59:00,M60/9492A,868.0,22.53076,0.8171334431630972
2020-01-22 07:14:00,M60/9492A,822.0,20.92142,0.8333544544417691
2020-01-22 07:29:00,M60/9492A,790.0,20.92142,0.8009124318844253
2020-01-22 07:44:00,M60/9492A,718.0,17.70274,0.8602665867904749
2020-01-22 07:59:00,M60/9492A,666.0,16.0934,0.8777594728171336
2020-01-22 08:14:00,M60/9492A,549.0,12.87472,0.9044481054365734
2020-01-22 08:29:00,M60/9492A,560.0,12.87472,0.9225700164744647
2020-01-22 08:44:00,M60/9492A,691.0,19.31208,0.7589236683141131
2020-01-22 08:59:00,M60/9492A,714.0,19.31208,0.7841845140032949
2020-01-22 09:14:00,M60/9492A,812.0,24.1401,0.7134541460735859
2020-01-22 09:29:00,M60/9492A,819.0,22.53076,0.7710049423393739
2020-01-22 09:44:00,M60/9492A,857.0,24.1401,0.7529928610653488
2020-01-22 09:59:00,M60/9492A,810.0,22.53076,0.7625323605554248
2020-01-22 10:14:00,M60/9492A,739.0,70.81096,0.2213568968099446
2020-01-22 10:29:00,M60/9492A,691.0,101.38842,0.14455688920268822
2020-01-22 10:44:00,M60/9492A,638.0,102.99776,0.1313838550247117
2020-01-22 10:59:00,M60/9492A,621.0,104.6071,0.12591560005069066
2020-01-22 11:14:00,M60/9492A,595.0,106.21644,0.11881583545504469
2020-01-22 11:29:00,M60/9492A,578.0,106.21644,0.11542109729918626
2020-01-22 11:44:00,M60/9492A,565.0,106.21644,0.11282512106235336
2020-01-22 11:59:00,M60/9492A,571.0,107.82578,0.11232142418057982
2020-01-22 12:14:00,M60/9492A,572.0,106.21644,0.11422295442064799
2020-01-22 12:29:00,M60/9492A,636.0,106.21644,0.12700314512505617
2020-01-22 12:44:00,M60/9492A,664.0,106.21644,0.13259447855823475
2020-01-22 12:59:00,M60/9492A,591.0,106.21644,0.11801707353601917
2020-01-22 13:14:00,M60/9492A,595.0,106.21644,0.11881583545504469
2020-01-22 13:29:00,M60/9492A,591.0,107.82578,0.11625562467727263
2020-01-22 13:44:00,M60/9492A,598.0,107.82578,0.1176325948511151
2020-01-22 13:59:00,M60/9492A,610.0,107.82578,0.11999311514913079
2020-01-22 14:14:00,M60/9492A,629.0,106.21644,0.1256053117667615
2020-01-22 14:29:00,M60/9492A,712.0,106.21644,0.14217962158654085
2020-01-22 14:44:00,M60/9492A,721.0,104.6071,0.14619186414903054
2020-01-22 14:59:00,M60/9492A,640.0,107.82578,0.12589441589417003
2020-01-22 15:14:00,M60/9492A,692.0,106.21644,0.1381858119914133
2020-01-22 15:29:00,M60/9492A,789.0,106.21644,0.15755578852778193
2020-01-22 15:44:00,M60/9492A,825.0,107.82578,0.16228577048857853
2020-01-22 15:59:00,M60/9492A,869.0,106.21644,0.17353102690829214
2020-01-22 16:14:00,M60/9492A,951.0,104.6071,0.1928272715752123
2020-01-22 16:29:00,M60/9492A,981.0,101.38842,0.20522475876676866
2020-01-22 16:44:00,M60/9492A,1059.0,88.5137,0.2537666616744047
2020-01-22 16:59:00,M60/9492A,963.0,83.68568,0.2440755290837663
2020-01-22 17:14:00,M60/9492A,947.0,64.3736,0.3120263591433279
2020-01-22 17:29:00,M60/9492A,899.0,74.02964,0.2575746723014111
2020-01-22 17:44:00,M60/9492A,851.0,98.16974,0.18386582763929024
2020-01-22 17:59:00,M60/9492A,787.0,102.99776,0.1620675453047776
2020-01-22 18:14:00,M60/9492A,788.0,104.6071,0.15977696109491826
2020-01-22 18:29:00,M60/9492A,741.0,104.6071,0.15024711696869852
2020-01-22 18:44:00,M60/9492A,695.0,106.21644,0.13878488343068246
2020-01-22 18:59:00,M60/9492A,582.0,107.82578,0.11448523445376085
2020-01-22 19:14:00,M60/9492A,561.0,107.82578,0.1103543239322334
2020-01-22 19:29:00,M60/9492A,534.0,107.82578,0.10504315326169811
2020-01-22 19:44:00,M60/9492A,444.0,107.82578,0.08733925102658045
2020-01-22 19:59:00,M60/9492A,402.0,111.04446,0.0767853305637132
2020-01-22 20:14:00,M60/9492A,358.0,111.04446,0.06838096602440132
2020-01-22 20:29:00,M60/9492A,334.0,109.43512,0.06473495493749394
2020-01-22 20:44:00,M60/9492A,279.0,109.43512,0.05407500726814614
2020-01-22 20:59:00,M60/9492A,224.0,111.04446,0.04278585583649691
2020-01-22 21:14:00,M60/9492A,229.0,112.6538,0.0431160273005413
2020-01-22 21:29:00,M60/9492A,240.0,109.43512,0.04651613528442679
2020-01-22 21:44:00,M60/9492A,168.0,111.04446,0.03208939187737268
2020-01-22 21:59:00,M60/9492A,153.0,112.6538,0.028806778065427162
2020-01-22 22:14:00,M60/9492A,184.0,109.43512,0.03566237038472721
2020-01-22 22:29:00,M60/9492A,176.0,106.21644,0.03514552443712246
2020-01-22 22:44:00,M60/9492A,130.0,91.73238,0.030058672215959998
2020-01-22 22:59:00,M60/9492A,107.0,70.81096,0.032050322000898614
2020-01-22 23:14:00,M60/9492A,107.0,82.07634,0.0276512581968537
2020-01-22 23:29:00,M60/9492A,92.0,78.85766,0.024745318226137243
2020-01-22 23:44:00,M60/9492A,53.0,75.63898,0.0148620701742087
2020-01-22 23:59:00,M60/9492A,55.0,88.5137,0.013179571663920923
2020-01-23 00:14:00,M60/9492A,51.0,85.29502,0.012682229336980513
2020-01-23 00:29:00,M60/9492A,43.0,86.90436,0.010494844102751847
2020-01-23 00:44:00,M60/9492A,34.0,82.07634,0.008786381109280615
2020-01-23 00:59:00,M60/9492A,33.0,86.90436,0.00805418268350723
2020-01-23 01:14:00,M60/9492A,32.0,85.29502,0.007957477231046596
2020-01-23 01:29:00,M60/9492A,41.0,98.16974,0.0088584006265698
2020-01-23 01:44:00,M60/9492A,29.0,94.95106,0.006478094546672996
2020-01-23 01:59:00,M60/9492A,32.0,99.77908,0.0068023595684753154
2020-01-23 02:14:00,M60/9492A,35.0,106.21644,0.006989166791473217
2020-01-23 02:29:00,M60/9492A,45.0,104.6071,0.009124318844252946
2020-01-23 02:44:00,M60/9492A,59.0,106.21644,0.011781738305626278
2020-01-23 02:59:00,M60/9492A,48.0,104.6071,0.009732606767203144
2020-01-23 03:14:00,M60/9492A,58.0,107.82578,0.011409181440409158
2020-01-23 03:29:00,M60/9492A,77.0,107.82578,0.01514667191226733
2020-01-23 03:44:00,M60/9492A,79.0,107.82578,0.015540091961936611
2020-01-23 03:59:00,M60/9492A,106.0,107.82578,0.02085126263247191
2020-01-23 04:14:00,M60/9492A,102.0,109.43512,0.019769357495881386
2020-01-23 04:29:00,M60/9492A,130.0,107.82578,0.025572303228503283
2020-01-23 04:44:00,M60/9492A,135.0,107.82578,0.026555853352676486
2020-01-23 04:59:00,M60/9492A,136.0,106.21644,0.027157905246867356
2020-01-23 05:14:00,M60/9492A,187.0,106.21644,0.037342119714442616
2020-01-23 05:29:00,M60/9492A,232.0,107.82578,0.04563672576163663
2020-01-23 05:44:00,M60/9492A,423.0,107.82578,0.08320834050505299
2020-01-23 05:59:00,M60/9492A,465.0,111.04446,0.08881885251772796
2020-01-23 06:14:00,M60/9492A,721.0,107.82578,0.14182792790577592
2020-01-23 06:29:00,M60/9492A,1120.0,96.5604,0.24601867105985722
2020-01-23 06:44:00,M60/9492A,951.0,30.57746,0.6596722448625684
2020-01-23 06:59:00,M60/9492A,845.0,24.1401,0.742449203734212
2020-01-23 07:14:00,M60/9492A,861.0,24.1401,0.756507413509061
2020-01-23 07:29:00,M60/9492A,808.0,20.92142,0.8191610695729312
2020-01-23 07:44:00,M60/9492A,650.0,19.31208,0.7138934651290499
2020-01-23 07:59:00,M60/9492A,645.0,17.70274,0.7728021566571814
2020-01-23 08:14:00,M60/9492A,675.0,17.70274,0.8087464430133294
2020-01-23 08:29:00,M60/9492A,633.0,16.0934,0.8342668863261945
2020-01-23 08:44:00,M60/9492A,428.0,12.87472,0.7051070840197694
2020-01-23 08:59:00,M60/9492A,458.0,14.48406,0.6706937580084203
2020-01-23 09:14:00,M60/9492A,797.0,22.53076,0.7502941868674983
2020-01-23 09:29:00,M60/9492A,820.0,24.1401,0.7204832509610105
2020-01-23 09:44:00,M60/9492A,814.0,25.74944,0.6705107084019769
2020-01-23 09:59:00,M60/9492A,781.0,38.62416,0.42888522789676004
2020-01-23 10:14:00,M60/9492A,754.0,104.6071,0.1528830313014827
2020-01-23 10:29:00,M60/9492A,707.0,106.21644,0.14118116918775897
2020-01-23 10:44:00,M60/9492A,696.0,102.99776,0.14332784184514005
2020-01-23 10:59:00,M60/9492A,611.0,107.82578,0.12018982517396544
2020-01-23 11:14:00,M60/9492A,633.0,106.21644,0.12640407368578702
2020-01-23 11:29:00,M60/9492A,656.0,106.21644,0.13099695472018372
2020-01-23 11:44:00,M60/9492A,627.0,107.82578,0.12333718557131969
2020-01-23 11:59:00,M60/9492A,612.0,107.82578,0.12038653519880008
2020-01-23 12:14:00,M60/9492A,639.0,106.21644,0.1276022165643253
2020-01-23 12:29:00,M60/9492A,612.0,107.82578,0.12038653519880008
2020-01-23 12:44:00,M60/9492A,632.0,106.21644,0.12620438320603064
2020-01-23 12:59:00,M60/9492A,632.0,107.82578,0.12432073569549289
2020-01-23 13:14:00,M60/9492A,546.0,107.82578,0.1074036735597138
2020-01-23 13:29:00,M60/9492A,604.0,107.82578,0.11881285500012295
2020-01-23 13:44:00,M60/9492A,626.0,107.82578,0.12314047554648506
2020-01-23 13:59:00,M60/9492A,641.0,107.82578,0.12609112591900465
2020-01-23 14:14:00,M60/9492A,747.0,107.82578,0.14694238855147657
2020-01-23 14:29:00,M60/9492A,729.0,106.21644,0.1455743597423993
2020-01-23 14:44:00,M60/9492A,797.0,104.6071,0.16160182486376887
2020-01-23 14:59:00,M60/9492A,800.0,107.82578,0.1573680198677125
2020-01-23 15:14:00,M60/9492A,791.0,106.21644,0.15795516948729468
2020-01-23 15:29:00,M60/9492A,869.0,106.21644,0.17353102690829214
2020-01-23 15:44:00,M60/9492A,813.0,106.21644,0.162348360041935
2020-01-23 15:59:00,M60/9492A,919.0,106.21644,0.18351555089611105
2020-01-23 16:14:00,M60/9492A,988.0,106.21644,0.1972941939993011
2020-01-23 16:29:00,M60/9492A,955.0,102.99776,0.19666392092257004
2020-01-23 16:44:00,M60/9492A,1022.0,98.16974,0.22081184000864235
2020-01-23 16:59:00,M60/9492A,927.0,96.5604,0.20362438220757825
2020-01-23 17:14:00,M60/9492A,938.0,99.77908,0.1993941648509327
2020-01-23 17:29:00,M60/9492A,920.0,101.38842,0.19246358620328968
2020-01-23 17:44:00,M60/9492A,855.0,102.99776,0.17607084019769362
2020-01-23 17:59:00,M60/9492A,920.0,102.99776,0.18945634266886327
2020-01-23 18:14:00,M60/9492A,872.0,104.6071,0.17680902293752376
2020-01-23 18:29:00,M60/9492A,839.0,106.21644,0.1675403125156008
2020-01-23 18:44:00,M60/9492A,800.0,104.6071,0.16221011278671907
2020-01-23 18:59:00,M60/9492A,562.0,106.21644,0.11222604962308422
2020-01-23 19:14:00,M60/9492A,496.0,107.82578,0.09756817231798176
2020-01-23 19:29:00,M60/9492A,443.0,109.43512,0.08586103304583777
2020-01-23 19:44:00,M60/9492A,444.0,107.82578,0.08733925102658045
2020-01-23 19:59:00,M60/9492A,384.0,107.82578,0.075536649536502
2020-01-23 20:14:00,M60/9492A,324.0,106.21644,0.06469971544106634
2020-01-23 20:29:00,M60/9492A,329.0,112.6538,0.061943986820428336
2020-01-23 20:44:00,M60/9492A,302.0,112.6538,0.056860437750058834
2020-01-23 20:59:00,M60/9492A,243.0,109.43512,0.04709758697548212
2020-01-23 21:14:00,M60/9492A,212.0,109.43512,0.041089252834577
2020-01-23 21:29:00,M60/9492A,239.0,111.04446,0.04565098011126233
2020-01-23 21:44:00,M60/9492A,199.0,109.43512,0.03856962884000388
2020-01-23 21:59:00,M60/9492A,211.0,109.43512,0.04089543560422522
2020-01-23 22:14:00,M60/9492A,199.0,88.5137,0.04768608656582298
2020-01-23 22:29:00,M60/9492A,166.0,74.02964,0.047561062961105946
2020-01-23 22:44:00,M60/9492A,126.0,90.12304,0.02965403624382208
2020-01-23 22:59:00,M60/9492A,136.0,96.5604,0.029873695771554094
2020-01-23 23:14:00,M60/9492A,99.0,99.77908,0.02104479991497051
2020-01-23 23:29:00,M60/9492A,82.0,98.16974,0.0177168012531396
2020-01-23 23:44:00,M60/9492A,58.0,96.5604,0.012740252608456893
2020-01-23 23:59:00,M60/9492A,66.0,94.95106,0.014743249657945441
2020-01-24 00:14:00,M60/9492A,56.0,93.34172,0.012725103675509858
2020-01-24 00:29:00,M60/9492A,48.0,88.5137,0.011502171633967353
2020-01-24 00:44:00,M60/9492A,49.0,99.77908,0.010416113089227826
2020-01-24 00:59:00,M60/9492A,45.0,107.82578,0.00885195111755883
2020-01-24 01:14:00,M60/9492A,38.0,104.6071,0.007704980357369154
2020-01-24 01:29:00,M60/9492A,34.0,106.21644,0.006789476311716839
2020-01-24 01:44:00,M60/9492A,46.0,101.38842,0.009623179310164485
2020-01-24 01:59:00,M60/9492A,43.0,101.38842,0.008995580659501583
2020-01-24 02:14:00,M60/9492A,48.0,106.21644,0.009585143028306126
2020-01-24 02:29:00,M60/9492A,42.0,106.21644,0.00838700014976786
2020-01-24 02:44:00,M60/9492A,71.0,106.21644,0.01417802406270281
2020-01-24 02:59:00,M60/9492A,52.0,107.82578,0.010228921291401315
2020-01-24 03:14:00,M60/9492A,69.0,109.43512,0.013373388894272701
2020-01-24 03:29:00,M60/9492A,91.0,109.43512,0.017637367962011825
2020-01-24 03:44:00,M60/9492A,79.0,107.82578,0.015540091961936611
2020-01-24 03:59:00,M60/9492A,106.0,107.82578,0.02085126263247191
2020-01-24 04:14:00,M60/9492A,128.0,109.43512,0.02480860548502762
2020-01-24 04:29:00,M60/9492A,146.0,109.43512,0.028297315631359628
2020-01-24 04:44:00,M60/9492A,137.0,106.21644,0.027357595726623732
2020-01-24 04:59:00,M60/9492A,178.0,106.21644,0.03554490539663521
2020-01-24 05:14:00,M60/9492A,198.0,106.21644,0.03953871499176277
2020-01-24 05:29:00,M60/9492A,245.0,107.82578,0.048193956084486955
2020-01-24 05:44:00,M60/9492A,419.0,109.43512,0.0812094195173951
2020-01-24 05:59:00,M60/9492A,433.0,109.43512,0.08392286074232
2020-01-24 06:14:00,M60/9492A,685.0,107.82578,0.13474636701172885
2020-01-24 06:29:00,M60/9492A,986.0,102.99776,0.2030477759472817
2020-01-24 06:44:00,M60/9492A,1051.0,49.88954,0.4468299941542223
2020-01-24 06:59:00,M60/9492A,931.0,28.96812,0.6816767343950212
2020-01-24 07:14:00,M60/9492A,838.0,24.1401,0.7362987369577155
2020-01-24 07:29:00,M60/9492A,813.0,24.1401,0.714332784184514
2020-01-24 07:44:00,M60/9492A,802.0,22.53076,0.75500117674747
2020-01-24 07:59:00,M60/9492A,636.0,19.31208,0.6985172981878088
2020-01-24 08:14:00,M60/9492A,537.0,14.48406,0.7863811092806151
2020-01-24 08:29:00,M60/9492A,702.0,17.70274,0.8410963007338627
2020-01-24 08:44:00,M60/9492A,586.0,16.0934,0.7723228995057662
2020-01-24 08:59:00,M60/9492A,797.0,22.53076,0.7502941868674983
2020-01-24 09:14:00,M60/9492A,807.0,46.67086,0.36675566664773057
2020-01-24 09:29:00,M60/9492A,814.0,33.79614,0.5108653016396014
2020-01-24 09:44:00,M60/9492A,846.0,54.71756,0.32793875375520887
2020-01-24 09:59:00,M60/9492A,731.0,101.38842,0.15292487121152692
2020-01-24 10:14:00,M60/9492A,698.0,106.21644,0.1393839548699516
2020-01-24 10:29:00,M60/9492A,675.0,106.21644,0.1347910738355549
2020-01-24 10:44:00,M60/9492A,597.0,106.21644,0.11921521641455743
2020-01-24 10:59:00,M60/9492A,668.0,107.82578,0.13140229658953995
2020-01-24 11:14:00,M60/9492A,612.0,107.82578,0.12038653519880008
2020-01-24 11:29:00,M60/9492A,633.0,106.21644,0.12640407368578702
2020-01-24 11:44:00,M60/9492A,649.0,107.82578,0.12766480611768177
2020-01-24 11:59:00,M60/9492A,634.0,106.21644,0.12660376416554342
2020-01-24 12:14:00,M60/9492A,615.0,106.21644,0.12280964505017222
2020-01-24 12:29:00,M60/9492A,637.0,107.82578,0.1253042858196661
2020-01-24 12:44:00,M60/9492A,700.0,107.82578,0.13769701738424847
2020-01-24 12:59:00,M60/9492A,645.0,107.82578,0.12687796601834322
2020-01-24 13:14:00,M60/9492A,731.0,107.82578,0.14379502815412232
2020-01-24 13:29:00,M60/9492A,729.0,107.82578,0.14340160810445304
2020-01-24 13:44:00,M60/9492A,665.0,109.43512,0.12888845818393257
2020-01-24 13:59:00,M60/9492A,696.0,109.43512,0.1348967923248377
2020-01-24 14:14:00,M60/9492A,767.0,107.82578,0.15087658904816936
2020-01-24 14:29:00,M60/9492A,780.0,106.21644,0.15575857420997455
2020-01-24 14:44:00,M60/9492A,831.0,106.21644,0.1659427886775498
2020-01-24 14:59:00,M60/9492A,716.0,106.21644,0.14297838350556638
2020-01-24 15:14:00,M60/9492A,852.0,106.21644,0.17013628875243372
2020-01-24 15:29:00,M60/9492A,973.0,106.21644,0.19429883680295543
2020-01-24 15:44:00,M60/9492A,897.0,107.82578,0.17644889227667268
2020-01-24 15:59:00,M60/9492A,982.0,106.21644,0.19609605112076284
2020-01-24 16:14:00,M60/9492A,1003.0,102.99776,0.2065485996705107
2020-01-24 16:29:00,M60/9492A,955.0,48.2802,0.4195496979681494
2020-01-24 16:44:00,M60/9492A,925.0,49.88954,0.3932614125524792
2020-01-24 16:59:00,M60/9492A,823.0,96.5604,0.18077979132344868
2020-01-24 17:14:00,M60/9492A,783.0,102.99776,0.16124382207578256
2020-01-24 17:29:00,M60/9492A,869.0,102.99776,0.1789538714991763
2020-01-24 17:44:00,M60/9492A,837.0,104.6071,0.1697123305031048
2020-01-24 17:59:00,M60/9492A,768.0,106.21644,0.153362288452898
2020-01-24 18:14:00,M60/9492A,663.0,107.82578,0.13041874646536677
2020-01-24 18:29:00,M60/9492A,676.0,107.82578,0.13297597678821707
2020-01-24 18:44:00,M60/9492A,606.0,106.21644,0.12101243073236483
2020-01-24 18:59:00,M60/9492A,520.0,107.82578,0.10228921291401313
2020-01-24 19:14:00,M60/9492A,500.0,109.43512,0.09690861517588915
2020-01-24 19:29:00,M60/9492A,461.0,109.43512,0.08934974319216979
2020-01-24 19:44:00,M60/9492A,399.0,109.43512,0.07733307491035954
2020-01-24 19:59:00,M60/9492A,392.0,111.04446,0.0748752477138696
2020-01-24 20:14:00,M60/9492A,339.0,111.04446,0.06475180860969845
2020-01-24 20:29:00,M60/9492A,325.0,111.04446,0.0620776926199174
2020-01-24 20:44:00,M60/9492A,265.0,109.43512,0.05136156604322125
2020-01-24 20:59:00,M60/9492A,241.0,111.04446,0.04603299668123106
2020-01-24 21:14:00,M60/9492A,196.0,112.6538,0.036902800658978586
2020-01-24 21:29:00,M60/9492A,220.0,109.43512,0.04263979067739122
2020-01-24 21:44:00,M60/9492A,204.0,111.04446,0.038965690136809686
2020-01-24 21:59:00,M60/9492A,160.0,111.04446,0.030561325597497795
2020-01-24 22:14:00,M60/9492A,189.0,112.6538,0.03558484349258649
2020-01-24 22:29:00,M60/9492A,162.0,107.82578,0.03186702402321179
2020-01-24 22:44:00,M60/9492A,143.0,102.99776,0.029448105436573314
2020-01-24 22:59:00,M60/9492A,124.0,104.6071,0.025142567481941457
2020-01-24 23:14:00,M60/9492A,119.0,102.99776,0.024505766062602966
2020-01-24 23:29:00,M60/9492A,99.0,104.6071,0.020073501457356483
2020-01-24 23:44:00,M60/9492A,99.0,106.21644,0.019769357495881386
2020-01-24 23:59:00,M60/9492A,84.0,101.38842,0.01757276221856123
2020-01-25 00:14:00,M60/9492A,83.0,109.43512,0.0160868301191976
2020-01-25 00:29:00,M60/9492A,61.0,106.21644,0.012181119265139035
2020-01-25 00:44:00,M60/9492A,57.0,111.04446,0.010887472244108588
2020-01-25 00:59:00,M60/9492A,52.0,106.21644,0.010383904947331636
2020-01-25 01:14:00,M60/9492A,52.0,104.6071,0.01054365733113674
2020-01-25 01:29:00,M60/9492A,54.0,104.6071,0.010949182613103535
2020-01-25 01:44:00,M60/9492A,51.0,102.99776,0.010502471169686986
2020-01-25 01:59:00,M60/9492A,50.0,101.38842,0.010459977511048353
2020-01-25 02:14:00,M60/9492A,61.0,106.21644,0.012181119265139035
2020-01-25 02:29:00,M60/9492A,46.0,109.43512,0.008915592596181802
2020-01-25 02:44:00,M60/9492A,54.0,106.21644,0.010783285906844391
2020-01-25 02:59:00,M60/9492A,51.0,109.43512,0.009884678747940693
2020-01-25 03:14:00,M60/9492A,58.0,107.82578,0.011409181440409158
2020-01-25 03:29:00,M60/9492A,57.0,106.21644,0.011382357346113524
2020-01-25 03:44:00,M60/9492A,82.0,106.21644,0.016374619340022965
2020-01-25 03:59:00,M60/9492A,107.0,109.43512,0.020738443647640277
2020-01-25 04:14:00,M60/9492A,98.0,111.04446,0.0187188119284674
2020-01-25 04:29:00,M60/9492A,85.0,107.82578,0.016720352110944456
2020-01-25 04:44:00,M60/9492A,96.0,107.82578,0.0188841623841255
2020-01-25 04:59:00,M60/9492A,113.0,107.82578,0.022228232806314394
2020-01-25 05:14:00,M60/9492A,155.0,109.43512,0.030041670704525635
2020-01-25 05:29:00,M60/9492A,120.0,109.43512,0.023258067642213394
2020-01-25 05:44:00,M60/9492A,182.0,109.43512,0.03527473592402365
2020-01-25 05:59:00,M60/9492A,172.0,111.04446,0.032853425017310124
2020-01-25 06:14:00,M60/9492A,229.0,109.43512,0.044384145750557234
2020-01-25 06:29:00,M60/9492A,274.0,111.04446,0.05233627008571497
2020-01-25 06:44:00,M60/9492A,303.0,109.43512,0.05872662079658882
2020-01-25 06:59:00,M60/9492A,272.0,111.04446,0.05195425351574625
2020-01-25 07:14:00,M60/9492A,237.0,107.82578,0.04662027588580983
2020-01-25 07:29:00,M60/9492A,358.0,109.43512,0.06938656846593662
2020-01-25 07:44:00,M60/9492A,361.0,107.82578,0.07101231896530527
2020-01-25 07:59:00,M60/9492A,358.0,109.43512,0.06938656846593662
2020-01-25 08:14:00,M60/9492A,368.0,111.04446,0.07029104887424492
2020-01-25 08:29:00,M60/9492A,431.0,112.6538,0.08114850553071311
2020-01-25 08:44:00,M60/9492A,465.0,111.04446,0.08881885251772796
2020-01-25 08:59:00,M60/9492A,478.0,111.04446,0.09130196022252467
2020-01-25 09:14:00,M60/9492A,426.0,111.04446,0.08136952940333787
2020-01-25 09:29:00,M60/9492A,484.0,109.43512,0.09380753949026069
2020-01-25 09:44:00,M60/9492A,567.0,109.43512,0.10989436960945828
2020-01-25 09:59:00,M60/9492A,593.0,111.04446,0.1132679129957262
2020-01-25 10:14:00,M60/9492A,637.0,109.43512,0.12346157573408277
2020-01-25 10:29:00,M60/9492A,584.0,111.04446,0.11154883843086695
2020-01-25 10:44:00,M60/9492A,618.0,109.43512,0.11977904835739898
2020-01-25 10:59:00,M60/9492A,656.0,109.43512,0.12714410311076657
2020-01-25 11:14:00,M60/9492A,656.0,109.43512,0.12714410311076657
2020-01-25 11:29:00,M60/9492A,655.0,111.04446,0.12511042666475658
2020-01-25 11:44:00,M60/9492A,625.0,109.43512,0.12113576896986142
2020-01-25 11:59:00,M60/9492A,685.0,111.04446,0.13084067521428744
2020-01-25 12:14:00,M60/9492A,713.0,109.43512,0.13819168524081793
2020-01-25 12:29:00,M60/9492A,680.0,109.43512,0.13179571663920925
2020-01-25 12:44:00,M60/9492A,757.0,109.43512,0.14671964337629614
2020-01-25 12:59:00,M60/9492A,676.0,109.43512,0.1310204477178021
2020-01-25 13:14:00,M60/9492A,695.0,109.43512,0.13470297509448592
2020-01-25 13:29:00,M60/9492A,684.0,111.04446,0.13064966692930308
2020-01-25 13:44:00,M60/9492A,682.0,111.04446,0.13026765035933435
2020-01-25 13:59:00,M60/9492A,674.0,111.04446,0.12873958407945946
2020-01-25 14:14:00,M60/9492A,680.0,111.04446,0.12988563378936563
2020-01-25 14:29:00,M60/9492A,680.0,111.04446,0.12988563378936563
2020-01-25 14:44:00,M60/9492A,673.0,111.04446,0.1285485757944751
2020-01-25 14:59:00,M60/9492A,665.0,111.04446,0.1270205095146002
2020-01-25 15:14:00,M60/9492A,609.0,111.04446,0.11632404555547599
2020-01-25 15:29:00,M60/9492A,591.0,111.04446,0.11288589642575747
2020-01-25 15:44:00,M60/9492A,605.0,112.6538,0.11390915509531654
2020-01-25 15:59:00,M60/9492A,626.0,111.04446,0.11957118640021012
2020-01-25 16:14:00,M60/9492A,657.0,111.04446,0.1254924432347253
2020-01-25 16:29:00,M60/9492A,613.0,111.04446,0.11708807869541342
2020-01-25 16:44:00,M60/9492A,629.0,109.43512,0.12191103789126854
2020-01-25 16:59:00,M60/9492A,554.0,109.43512,0.10737474561488518
2020-01-25 17:14:00,M60/9492A,564.0,107.82578,0.11094445400673734
2020-01-25 17:29:00,M60/9492A,596.0,107.82578,0.11723917480144583
2020-01-25 17:44:00,M60/9492A,571.0,106.21644,0.11402326394089161
2020-01-25 17:59:00,M60/9492A,584.0,107.82578,0.11487865450343016
2020-01-25 18:14:00,M60/9492A,535.0,107.82578,0.10523986328653276
2020-01-25 18:29:00,M60/9492A,482.0,109.43512,0.09341990502955715
2020-01-25 18:44:00,M60/9492A,442.0,109.43512,0.08566721581548602
2020-01-25 18:59:00,M60/9492A,382.0,111.04446,0.07296516486402597
2020-01-25 19:14:00,M60/9492A,391.0,111.04446,0.07468423942888523
2020-01-25 19:29:00,M60/9492A,384.0,109.43512,0.07442581645508287
2020-01-25 19:44:00,M60/9492A,359.0,111.04446,0.06857197430938568
2020-01-25 19:59:00,M60/9492A,285.0,109.43512,0.055237910650256815
2020-01-25 20:14:00,M60/9492A,244.0,109.43512,0.0472914042058339
2020-01-25 20:29:00,M60/9492A,231.0,109.43512,0.044771780211260784
2020-01-25 20:44:00,M60/9492A,231.0,112.6538,0.043492586490939046
2020-01-25 20:59:00,M60/9492A,186.0,109.43512,0.036050004845430764
2020-01-25 21:14:00,M60/9492A,180.0,111.04446,0.03438149129718502
2020-01-25 21:29:00,M60/9492A,194.0,111.04446,0.03705560728696607
2020-01-25 21:44:00,M60/9492A,178.0,111.04446,0.033999474727216296
2020-01-25 21:59:00,M60/9492A,174.0,109.43512,0.033724198081209425
2020-01-25 22:14:00,M60/9492A,183.0,111.04446,0.0349545161521381
2020-01-25 22:29:00,M60/9492A,146.0,109.43512,0.028297315631359628
2020-01-25 22:44:00,M60/9492A,147.0,109.43512,0.02849113286171141
2020-01-25 22:59:00,M60/9492A,168.0,111.04446,0.03208939187737268
2020-01-25 23:14:00,M60/9492A,148.0,109.43512,0.028684950092063184
2020-01-25 23:29:00,M60/9492A,157.0,109.43512,0.03042930516522919
2020-01-25 23:44:00,M60/9492A,139.0,111.04446,0.026550151612826207
2020-01-25 23:59:00,M60/9492A,114.0,107.82578,0.022424942831149035
2020-01-26 00:14:00,M60/9492A,100.0,111.04446,0.01910082849843612
2020-01-26 00:29:00,M60/9492A,86.0,107.82578,0.016917062135779096
2020-01-26 00:44:00,M60/9492A,82.0,107.82578,0.016130222036440534
2020-01-26 00:59:00,M60/9492A,68.0,107.82578,0.013376281688755563
2020-01-26 01:14:00,M60/9492A,71.0,109.43512,0.013761023354976257
2020-01-26 01:29:00,M60/9492A,53.0,107.82578,0.010425631316235955
2020-01-26 01:44:00,M60/9492A,42.0,104.6071,0.00851603092130275
2020-01-26 01:59:00,M60/9492A,54.0,109.43512,0.010466130438996028
2020-01-26 02:14:00,M60/9492A,44.0,112.6538,0.008284302188750295
2020-01-26 02:29:00,M60/9492A,45.0,107.82578,0.00885195111755883
2020-01-26 02:44:00,M60/9492A,37.0,109.43512,0.007171237523015796
2020-01-26 02:59:00,M60/9492A,52.0,107.82578,0.010228921291401315
2020-01-26 03:14:00,M60/9492A,64.0,109.43512,0.01240430274251381
2020-01-26 03:29:00,M60/9492A,74.0,109.43512,0.014342475046031592
2020-01-26 03:44:00,M60/9492A,93.0,107.82578,0.01829403230962158
2020-01-26 03:59:00,M60/9492A,104.0,107.82578,0.02045784258280263
2020-01-26 04:14:00,M60/9492A,90.0,109.43512,0.017443550731660047
2020-01-26 04:29:00,M60/9492A,80.0,107.82578,0.015736801986771253
2020-01-26 04:44:00,M60/9492A,96.0,107.82578,0.0188841623841255
2020-01-26 04:59:00,M60/9492A,97.0,107.82578,0.019080872408960142
2020-01-26 05:14:00,M60/9492A,99.0,106.21644,0.019769357495881386
2020-01-26 05:29:00,M60/9492A,126.0,107.82578,0.02478546312916472
2020-01-26 05:44:00,M60/9492A,113.0,107.82578,0.022228232806314394
2020-01-26 05:59:00,M60/9492A,132.0,109.43512,0.025583874406434733
2020-01-26 06:14:00,M60/9492A,128.0,109.43512,0.02480860548502762
2020-01-26 06:29:00,M60/9492A,228.0,109.43512,0.04419032852020545
2020-01-26 06:44:00,M60/9492A,199.0,111.04446,0.03801064871188788
2020-01-26 06:59:00,M60/9492A,189.0,111.04446,0.03610056586204427
2020-01-26 07:14:00,M60/9492A,169.0,109.43512,0.03275511192945053
2020-01-26 07:29:00,M60/9492A,197.0,107.82578,0.03875187489242421
2020-01-26 07:44:00,M60/9492A,212.0,111.04446,0.040493756416684575
2020-01-26 07:59:00,M60/9492A,218.0,112.6538,0.04104495175335374
2020-01-26 08:14:00,M60/9492A,217.0,112.6538,0.04085667215815486
2020-01-26 08:29:00,M60/9492A,232.0,112.6538,0.043680866086137915
2020-01-26 08:44:00,M60/9492A,245.0,112.6538,0.04612850082372323
2020-01-26 08:59:00,M60/9492A,268.0,111.04446,0.0511902203758088
2020-01-26 09:14:00,M60/9492A,283.0,112.6538,0.0532831254412803
2020-01-26 09:29:00,M60/9492A,391.0,112.6538,0.0736173217227583
2020-01-26 09:44:00,M60/9492A,401.0,112.6538,0.075500117674747
2020-01-26 09:59:00,M60/9492A,416.0,111.04446,0.07945944655349427
2020-01-26 10:14:00,M60/9492A,377.0,104.6071,0.07644151565074135
2020-01-26 10:29:00,M60/9492A,601.0,104.6071,0.12186034723102268
2020-01-26 10:44:00,M60/9492A,479.0,106.21644,0.09565173980330488
2020-01-26 10:59:00,M60/9492A,489.0,104.6071,0.09915093144088201
2020-01-26 11:14:00,M60/9492A,577.0,104.6071,0.11699404384742113
2020-01-26 11:29:00,M60/9492A,647.0,106.21644,0.1291997404023763
2020-01-26 11:44:00,M60/9492A,625.0,109.43512,0.12113576896986142
2020-01-26 11:59:00,M60/9492A,661.0,107.82578,0.13002532641569747
2020-01-26 12:14:00,M60/9492A,682.0,107.82578,0.13415623693722492
2020-01-26 12:29:00,M60/9492A,754.0,109.43512,0.14613819168524084
2020-01-26 12:44:00,M60/9492A,763.0,107.82578,0.15008974894883081
2020-01-26 12:59:00,M60/9492A,684.0,109.43512,0.13257098556061633
2020-01-26 13:14:00,M60/9492A,652.0,107.82578,0.1282549361921857
2020-01-26 13:29:00,M60/9492A,668.0,109.43512,0.12946990987498788
2020-01-26 13:44:00,M60/9492A,684.0,106.21644,0.1365882881533623
2020-01-26 13:59:00,M60/9492A,688.0,106.21644,0.1373870500723878
2020-01-26 14:14:00,M60/9492A,649.0,104.6071,0.13159295399822585
2020-01-26 14:29:00,M60/9492A,619.0,102.99776,0.1274711696869852
2020-01-26 14:44:00,M60/9492A,556.0,107.82578,0.10937077380806022
2020-01-26 14:59:00,M60/9492A,602.0,109.43512,0.11667797267177053
2020-01-26 15:14:00,M60/9492A,573.0,111.04446,0.10944774729603897
2020-01-26 15:29:00,M60/9492A,689.0,111.04446,0.1316047083542249
2020-01-26 15:44:00,M60/9492A,741.0,109.43512,0.1436185676906677
2020-01-26 15:59:00,M60/9492A,779.0,109.43512,0.1509836224440353
2020-01-26 16:14:00,M60/9492A,836.0,109.43512,0.16203120457408665
2020-01-26 16:29:00,M60/9492A,889.0,106.21644,0.17752483650341971
2020-01-26 16:44:00,M60/9492A,829.0,107.82578,0.16307261058791708
2020-01-26 16:59:00,M60/9492A,786.0,106.21644,0.1569567170885128
2020-01-26 17:14:00,M60/9492A,647.0,106.21644,0.1291997404023763
2020-01-26 17:29:00,M60/9492A,639.0,106.21644,0.1276022165643253
2020-01-26 17:44:00,M60/9492A,526.0,107.82578,0.10346947306302098
2020-01-26 17:59:00,M60/9492A,543.0,107.82578,0.10681354348520988
2020-01-26 18:14:00,M60/9492A,448.0,109.43512,0.08683011919759667
2020-01-26 18:29:00,M60/9492A,462.0,109.43512,0.08954356042252157
2020-01-26 18:44:00,M60/9492A,409.0,109.43512,0.07927124721387732
2020-01-26 18:59:00,M60/9492A,384.0,111.04446,0.0733471814339947
2020-01-26 19:14:00,M60/9492A,396.0,109.43512,0.0767516232193042
2020-01-26 19:29:00,M60/9492A,382.0,111.04446,0.07296516486402597
2020-01-26 19:44:00,M60/9492A,340.0,111.04446,0.06494281689468281
2020-01-26 19:59:00,M60/9492A,351.0,111.04446,0.06704390802951078
2020-01-26 20:14:00,M60/9492A,320.0,109.43512,0.06202151371256906
2020-01-26 20:29:00,M60/9492A,156.0,109.43512,0.030235487934877417
2020-01-26 20:44:00,M60/9492A,75.0,107.82578,0.014753251862598049
2020-01-26 20:59:00,M60/9492A,124.0,112.6538,0.02334666980465992
2020-01-26 21:14:00,M60/9492A,145.0,114.26313999999999,0.026916026637584984
2020-01-26 21:29:00,M60/9492A,291.0,111.04446,0.05558341093044911
2020-01-26 21:44:00,M60/9492A,168.0,112.6538,0.031630971993410216
2020-01-26 21:59:00,M60/9492A,135.0,112.6538,0.025417745351847494
2020-01-26 22:14:00,M60/9492A,116.0,111.04446,0.0221569610581859
2020-01-26 22:29:00,M60/9492A,131.0,111.04446,0.02502208533295132
2020-01-26 22:44:00,M60/9492A,101.0,111.04446,0.01929183678342048
2020-01-26 22:59:00,M60/9492A,120.0,109.43512,0.023258067642213394
2020-01-26 23:14:00,M60/9492A,90.0,111.04446,0.01719074564859251
2020-01-26 23:29:00,M60/9492A,86.0,107.82578,0.016917062135779096
2020-01-26 23:44:00,M60/9492A,53.0,111.04446,0.010123439104171144
2020-01-26 23:59:00,M60/9492A,58.0,109.43512,0.01124139936040314
2020-01-27 00:14:00,M60/9492A,58.0,111.04446,0.01107848052909295
2020-01-27 00:29:00,M60/9492A,52.0,109.43512,0.010078495978292471
2020-01-27 00:44:00,M60/9492A,32.0,107.82578,0.006294720794708501
2020-01-27 00:59:00,M60/9492A,26.0,115.87248,0.004759289767527
2020-01-27 01:14:00,M60/9492A,33.0,104.6071,0.006691167152452162
2020-01-27 01:29:00,M60/9492A,32.0,98.16974,0.006913873659761795
2020-01-27 01:44:00,M60/9492A,28.0,96.5604,0.006150466776496431
2020-01-27 01:59:00,M60/9492A,40.0,104.6071,0.008110505639335953
2020-01-27 02:14:00,M60/9492A,40.0,107.82578,0.007868400993385627
2020-01-27 02:29:00,M60/9492A,41.0,106.21644,0.008187309670011482
2020-01-27 02:44:00,M60/9492A,47.0,109.43512,0.00910940982653358
2020-01-27 02:59:00,M60/9492A,45.0,106.21644,0.008986071589036993
2020-01-27 03:14:00,M60/9492A,60.0,107.82578,0.011802601490078439
2020-01-27 03:29:00,M60/9492A,87.0,109.43512,0.016862099040604712
2020-01-27 03:44:00,M60/9492A,100.0,107.82578,0.019671002483464064
2020-01-27 03:59:00,M60/9492A,113.0,106.21644,0.022565024212470672
2020-01-27 04:14:00,M60/9492A,125.0,109.43512,0.02422715379397229
2020-01-27 04:29:00,M60/9492A,138.0,106.21644,0.02755728620638011
2020-01-27 04:44:00,M60/9492A,189.0,106.21644,0.03774150067395537
2020-01-27 04:59:00,M60/9492A,209.0,109.43512,0.04050780114352166
2020-01-27 05:14:00,M60/9492A,234.0,109.43512,0.04535323190231612
2020-01-27 05:29:00,M60/9492A,336.0,107.82578,0.06609456834443926
2020-01-27 05:44:00,M60/9492A,476.0,109.43512,0.09225700164744646
2020-01-27 05:59:00,M60/9492A,530.0,109.43512,0.1027231320864425
2020-01-27 06:14:00,M60/9492A,726.0,107.82578,0.14281147802994912
2020-01-27 06:29:00,M60/9492A,1135.0,82.07634,0.29331007526569114
2020-01-27 06:44:00,M60/9492A,915.0,25.74944,0.7537067545304779
2020-01-27 06:59:00,M60/9492A,469.0,12.87472,0.7726523887973642
2020-01-27 07:14:00,M60/9492A,377.0,9.65604,0.828116419549698
2020-01-27 07:29:00,M60/9492A,349.0,8.0467,0.9199341021416805
2020-01-27 07:44:00,M60/9492A,277.0,8.0467,0.7301482701812192
2020-01-27 07:59:00,M60/9492A,347.0,8.0467,0.9146622734761122
2020-01-27 08:14:00,M60/9492A,543.0,14.48406,0.7951674903898958
2020-01-27 08:29:00,M60/9492A,690.0,16.0934,0.9093904448105438
2020-01-27 08:44:00,M60/9492A,710.0,17.70274,0.8506814437621688
2020-01-27 08:59:00,M60/9492A,625.0,17.70274,0.7488392990864161
2020-01-27 09:14:00,M60/9492A,730.0,20.92142,0.7400836395894056
2020-01-27 09:29:00,M60/9492A,819.0,25.74944,0.6746293245469522
2020-01-27 09:44:00,M60/9492A,867.0,28.96812,0.6348160351455245
2020-01-27 09:59:00,M60/9492A,890.0,27.35878,0.6899893400523307
2020-01-27 10:14:00,M60/9492A,774.0,65.98294,0.24880459677743402
2020-01-27 10:29:00,M60/9492A,788.0,104.6071,0.15977696109491826
2020-01-27 10:44:00,M60/9492A,669.0,104.6071,0.1356482068178938
2020-01-27 10:59:00,M60/9492A,642.0,106.21644,0.12820128800359443
2020-01-27 11:14:00,M60/9492A,601.0,98.16974,0.12985118967240122
2020-01-27 11:29:00,M60/9492A,580.0,104.6071,0.11760233177037131
2020-01-27 11:44:00,M60/9492A,619.0,106.21644,0.12360840696919775
2020-01-27 11:59:00,M60/9492A,558.0,106.21644,0.11142728770405871
2020-01-27 12:14:00,M60/9492A,609.0,107.82578,0.11979640512429617
2020-01-27 12:29:00,M60/9492A,585.0,107.82578,0.11507536452826478
2020-01-27 12:44:00,M60/9492A,630.0,107.82578,0.12392731564582363
2020-01-27 12:59:00,M60/9492A,580.0,107.82578,0.1140918144040916
2020-01-27 13:14:00,M60/9492A,610.0,106.21644,0.12181119265139036
2020-01-27 13:29:00,M60/9492A,570.0,107.82578,0.11212471415574517
2020-01-27 13:44:00,M60/9492A,584.0,107.82578,0.11487865450343016
2020-01-27 13:59:00,M60/9492A,543.0,107.82578,0.10681354348520988
2020-01-27 14:14:00,M60/9492A,582.0,106.21644,0.11621985921821178
2020-01-27 14:29:00,M60/9492A,643.0,107.82578,0.12648454596867392
2020-01-27 14:44:00,M60/9492A,682.0,107.82578,0.13415623693722492
2020-01-27 14:59:00,M60/9492A,584.0,109.43512,0.11318926252543851
2020-01-27 15:14:00,M60/9492A,667.0,107.82578,0.13120558656470532
2020-01-27 15:29:00,M60/9492A,696.0,107.82578,0.1369101772849099
2020-01-27 15:44:00,M60/9492A,746.0,107.82578,0.14674567852664194
2020-01-27 15:59:00,M60/9492A,841.0,106.21644,0.1679396934751136
2020-01-27 16:14:00,M60/9492A,911.0,106.21644,0.18191802705805998
2020-01-27 16:29:00,M60/9492A,979.0,106.21644,0.1954969796814937
2020-01-27 16:44:00,M60/9492A,1040.0,102.99776,0.21416803953871502
2020-01-27 16:59:00,M60/9492A,977.0,102.99776,0.20119439868204284
2020-01-27 17:14:00,M60/9492A,906.0,102.99776,0.1865733113673806
2020-01-27 17:29:00,M60/9492A,838.0,102.99776,0.17257001647446457
2020-01-27 17:44:00,M60/9492A,886.0,101.38842,0.1853508014957768
2020-01-27 17:59:00,M60/9492A,864.0,102.99776,0.17792421746293244
2020-01-27 18:14:00,M60/9492A,733.0,106.21644,0.1463731216614248
2020-01-27 18:29:00,M60/9492A,676.0,107.82578,0.13297597678821707
2020-01-27 18:44:00,M60/9492A,584.0,107.82578,0.11487865450343016
2020-01-27 18:59:00,M60/9492A,547.0,107.82578,0.10760038358454845
2020-01-27 19:14:00,M60/9492A,412.0,111.04446,0.07869541341355682
2020-01-27 19:29:00,M60/9492A,450.0,107.82578,0.08851951117558829
2020-01-27 19:44:00,M60/9492A,371.0,109.43512,0.07190619246050975
2020-01-27 19:59:00,M60/9492A,343.0,109.43512,0.06647931001065996
2020-01-27 20:14:00,M60/9492A,282.0,109.43512,0.05465645895920148
2020-01-27 20:29:00,M60/9492A,276.0,109.43512,0.053493555577090804
2020-01-27 20:44:00,M60/9492A,247.0,109.43512,0.047872855896889235
2020-01-27 20:59:00,M60/9492A,187.0,109.43512,0.03624382207578254
2020-01-27 21:14:00,M60/9492A,206.0,107.82578,0.04052226511593598
2020-01-27 21:29:00,M60/9492A,255.0,106.21644,0.050921072337876294
2020-01-27 21:44:00,M60/9492A,164.0,106.21644,0.03274923868004593
2020-01-27 21:59:00,M60/9492A,161.0,106.21644,0.032150167240776795
2020-01-27 22:14:00,M60/9492A,153.0,106.21644,0.030552643402725774
2020-01-27 22:29:00,M60/9492A,145.0,109.43512,0.028103498401007853
2020-01-27 22:44:00,M60/9492A,126.0,106.21644,0.02516100044930358
2020-01-27 22:59:00,M60/9492A,116.0,106.21644,0.023164095651739804
2020-01-27 23:14:00,M60/9492A,77.0,107.82578,0.01514667191226733
2020-01-27 23:29:00,M60/9492A,62.0,106.21644,0.012380809744895412
2020-01-27 23:44:00,M60/9492A,65.0,104.6071,0.013179571663920923
2020-01-27 23:59:00,M60/9492A,52.0,101.38842,0.010878376611490288
2020-01-28 00:14:00,M60/9492A,44.0,107.82578,0.008655241092724189
2020-01-28 00:29:00,M60/9492A,34.0,107.82578,0.006688140844377782
2020-01-28 00:44:00,M60/9492A,43.0,101.38842,0.008995580659501583
2020-01-28 00:59:00,M60/9492A,35.0,98.16974,0.007562049315364464
2020-01-28 01:14:00,M60/9492A,22.0,102.99776,0.004530477759472817
2020-01-28 01:29:00,M60/9492A,36.0,96.5604,0.007907742998352554
2020-01-28 01:44:00,M60/9492A,39.0,99.77908,0.008290375724079292
2020-01-28 01:59:00,M60/9492A,37.0,101.38842,0.007740383358175781
2020-01-28 02:14:00,M60/9492A,36.0,102.99776,0.00741350906095552
2020-01-28 02:29:00,M60/9492A,33.0,101.38842,0.006903585157291912
2020-01-28 02:44:00,M60/9492A,63.0,106.21644,0.01258050022465179
2020-01-28 02:59:00,M60/9492A,52.0,104.6071,0.01054365733113674
2020-01-28 03:14:00,M60/9492A,63.0,101.38842,0.013179571663920923
2020-01-28 03:29:00,M60/9492A,60.0,104.6071,0.012165758459003929
2020-01-28 03:44:00,M60/9492A,86.0,106.21644,0.017173381259048475
2020-01-28 03:59:00,M60/9492A,85.0,106.21644,0.0169736907792921
2020-01-28 04:14:00,M60/9492A,94.0,102.99776,0.019357495881383857
2020-01-28 04:29:00,M60/9492A,132.0,104.6071,0.026764668609808646
2020-01-28 04:44:00,M60/9492A,153.0,101.38842,0.03200753118380796
2020-01-28 04:59:00,M60/9492A,144.0,102.99776,0.02965403624382208
2020-01-28 05:14:00,M60/9492A,211.0,104.6071,0.04278291724749715
2020-01-28 05:29:00,M60/9492A,285.0,104.6071,0.05778735268026867
2020-01-28 05:44:00,M60/9492A,406.0,107.82578,0.0798642700828641
2020-01-28 05:59:00,M60/9492A,474.0,107.82578,0.09324055177161966
2020-01-28 06:14:00,M60/9492A,723.0,107.82578,0.1422213479554452
2020-01-28 06:29:00,M60/9492A,1154.0,77.24832,0.31685886875343217
2020-01-28 06:44:00,M60/9492A,915.0,25.74944,0.7537067545304779
2020-01-28 06:59:00,M60/9492A,864.0,22.53076,0.8133678512591198
2020-01-28 07:14:00,M60/9492A,825.0,22.53076,0.7766533301953402
2020-01-28 07:29:00,M60/9492A,668.0,17.70274,0.8003594428635616
2020-01-28 07:44:00,M60/9492A,714.0,19.31208,0.7841845140032949
2020-01-28 07:59:00,M60/9492A,584.0,14.48406,0.8552077613033133
2020-01-28 08:14:00,M60/9492A,671.0,17.70274,0.8039538714991764
2020-01-28 08:29:00,M60/9492A,517.0,16.0934,0.6813838550247119
2020-01-28 08:44:00,M60/9492A,623.0,14.48406,0.9123192385136373
2020-01-28 08:59:00,M60/9492A,630.0,16.0934,0.8303130148270182
2020-01-28 09:14:00,M60/9492A,664.0,19.31208,0.729269632070291
2020-01-28 09:29:00,M60/9492A,561.0,14.48406,0.8215266337177375
2020-01-28 09:44:00,M60/9492A,526.0,14.48406,0.7702727439136006
2020-01-28 09:59:00,M60/9492A,818.0,24.1401,0.7187259747391544
2020-01-28 10:14:00,M60/9492A,720.0,45.06152,0.3389032713579666
2020-01-28 10:29:00,M60/9492A,622.0,102.99776,0.12808896210873147
2020-01-28 10:44:00,M60/9492A,620.0,101.38842,0.12970372113699957
2020-01-28 10:59:00,M60/9492A,534.0,102.99776,0.1099670510708402
2020-01-28 11:14:00,M60/9492A,524.0,104.6071,0.10624762387530097
2020-01-28 11:29:00,M60/9492A,622.0,104.6071,0.12611836269167406
2020-01-28 11:44:00,M60/9492A,571.0,106.21644,0.11402326394089161
2020-01-28 11:59:00,M60/9492A,593.0,104.6071,0.12023824610315549
2020-01-28 12:14:00,M60/9492A,553.0,102.99776,0.11387973640856673
2020-01-28 12:29:00,M60/9492A,622.0,104.6071,0.12611836269167406
2020-01-28 12:44:00,M60/9492A,673.0,104.6071,0.1364592573818274
2020-01-28 12:59:00,M60/9492A,635.0,106.21644,0.1268034546452998
2020-01-28 13:14:00,M60/9492A,637.0,104.6071,0.12915980230642504
2020-01-28 13:29:00,M60/9492A,638.0,104.6071,0.12936256494740844
2020-01-28 13:44:00,M60/9492A,660.0,104.6071,0.13382334304904323
2020-01-28 13:59:00,M60/9492A,604.0,106.21644,0.12061304977285209
2020-01-28 14:14:00,M60/9492A,604.0,104.6071,0.12246863515397288
2020-01-28 14:29:00,M60/9492A,676.0,104.6071,0.1370675453047776
2020-01-28 14:44:00,M60/9492A,614.0,106.21644,0.12260995457041586
2020-01-28 14:59:00,M60/9492A,645.0,106.21644,0.12880035944286355
2020-01-28 15:14:00,M60/9492A,692.0,106.21644,0.1381858119914133
2020-01-28 15:29:00,M60/9492A,681.0,102.99776,0.14023887973640858
2020-01-28 15:44:00,M60/9492A,700.0,102.99776,0.1441515650741351
2020-01-28 15:59:00,M60/9492A,828.0,102.99776,0.17051070840197696
2020-01-28 16:14:00,M60/9492A,942.0,102.99776,0.19398682042833607
2020-01-28 16:29:00,M60/9492A,998.0,99.77908,0.2121485890418239
2020-01-28 16:44:00,M60/9492A,1009.0,82.07634,0.26074878056659234
2020-01-28 16:59:00,M60/9492A,884.0,33.79614,0.5547972071860046
2020-01-28 17:14:00,M60/9492A,894.0,32.1868,0.5891268533772652
2020-01-28 17:29:00,M60/9492A,939.0,30.57746,0.6513483048643025
2020-01-28 17:44:00,M60/9492A,918.0,46.67086,0.41720161336135897
2020-01-28 17:59:00,M60/9492A,846.0,93.34172,0.19223995909788105
2020-01-28 18:14:00,M60/9492A,773.0,104.6071,0.15673552148016728
2020-01-28 18:29:00,M60/9492A,811.0,102.99776,0.16700988467874794
2020-01-28 18:44:00,M60/9492A,756.0,104.6071,0.1532885565834495
2020-01-28 18:59:00,M60/9492A,671.0,106.21644,0.13399231191652938
2020-01-28 19:14:00,M60/9492A,529.0,109.43512,0.10252931485609071
2020-01-28 19:29:00,M60/9492A,498.0,107.82578,0.09796159236765106
2020-01-28 19:44:00,M60/9492A,401.0,109.43512,0.0777207093710631
2020-01-28 19:59:00,M60/9492A,385.0,107.82578,0.07573335956133666
2020-01-28 20:14:00,M60/9492A,270.0,111.04446,0.051572236945777526
2020-01-28 20:29:00,M60/9492A,271.0,109.43512,0.05252446942533191
2020-01-28 20:44:00,M60/9492A,224.0,109.43512,0.043415059598798336
2020-01-28 20:59:00,M60/9492A,244.0,111.04446,0.046606021536184136
2020-01-28 21:14:00,M60/9492A,222.0,107.82578,0.043669625513290226
2020-01-28 21:29:00,M60/9492A,278.0,109.43512,0.05388119003779437
2020-01-28 21:44:00,M60/9492A,196.0,109.43512,0.037988177148948546
2020-01-28 21:59:00,M60/9492A,199.0,111.04446,0.03801064871188788
2020-01-28 22:14:00,M60/9492A,196.0,109.43512,0.037988177148948546
2020-01-28 22:29:00,M60/9492A,165.0,109.43512,0.031979843008043414
2020-01-28 22:44:00,M60/9492A,175.0,111.04446,0.03342644987226321
2020-01-28 22:59:00,M60/9492A,133.0,109.43512,0.025777691636786514
2020-01-28 23:14:00,M60/9492A,105.0,104.6071,0.021290077303256875
2020-01-28 23:29:00,M60/9492A,74.0,102.99776,0.015238879736408568
2020-01-28 23:44:00,M60/9492A,53.0,106.21644,0.010583595427088014
2020-01-28 23:59:00,M60/9492A,40.0,104.6071,0.008110505639335953
2020-01-29 00:14:00,M60/9492A,44.0,102.99776,0.009060955518945634
2020-01-29 00:29:00,M60/9492A,45.0,106.21644,0.008986071589036993
2020-01-29 00:44:00,M60/9492A,41.0,102.99776,0.008443163097199342
2020-01-29 00:59:00,M60/9492A,26.0,99.77908,0.005526917149386194
2020-01-29 01:14:00,M60/9492A,20.0,101.38842,0.004183991004419341
2020-01-29 01:29:00,M60/9492A,33.0,99.77908,0.0070149333049901695
2020-01-29 01:44:00,M60/9492A,40.0,98.16974,0.008642342074702245
2020-01-29 01:59:00,M60/9492A,45.0,101.38842,0.009413979759943517
2020-01-29 02:14:00,M60/9492A,39.0,102.99776,0.008031301482701814
2020-01-29 02:29:00,M60/9492A,40.0,101.38842,0.008367982008838683
2020-01-29 02:44:00,M60/9492A,45.0,102.99776,0.009266886326194398
2020-01-29 02:59:00,M60/9492A,48.0,101.38842,0.010041578410606418
2020-01-29 03:14:00,M60/9492A,48.0,101.38842,0.010041578410606418
2020-01-29 03:29:00,M60/9492A,58.0,106.21644,0.011582047825869902
2020-01-29 03:44:00,M60/9492A,78.0,106.21644,0.015575857420997452
2020-01-29 03:59:00,M60/9492A,81.0,104.6071,0.016423773919655302
2020-01-29 04:14:00,M60/9492A,85.0,104.6071,0.017234824483588897
2020-01-29 04:29:00,M60/9492A,127.0,106.21644,0.025360690929059956
2020-01-29 04:44:00,M60/9492A,158.0,104.6071,0.03203649727537702
2020-01-29 04:59:00,M60/9492A,182.0,104.6071,0.036902800658978586
2020-01-29 05:14:00,M60/9492A,202.0,107.82578,0.039735425016597416
2020-01-29 05:29:00,M60/9492A,254.0,107.82578,0.049964346307998724
2020-01-29 05:44:00,M60/9492A,392.0,109.43512,0.07597635429789709
2020-01-29 05:59:00,M60/9492A,456.0,107.82578,0.08969977132459614
2020-01-29 06:14:00,M60/9492A,741.0,104.6071,0.15024711696869852
2020-01-29 06:29:00,M60/9492A,1163.0,86.90436,0.2838489230581488
2020-01-29 06:44:00,M60/9492A,948.0,28.96812,0.6941241076331687
2020-01-29 06:59:00,M60/9492A,882.0,24.1401,0.7749588138385504
2020-01-29 07:14:00,M60/9492A,816.0,22.53076,0.768180748411391
2020-01-29 07:29:00,M60/9492A,672.0,19.31208,0.7380560131795717
2020-01-29 07:44:00,M60/9492A,713.0,19.31208,0.7830862163646348
2020-01-29 07:59:00,M60/9492A,530.0,12.87472,0.8731466227347612
2020-01-29 08:14:00,M60/9492A,640.0,16.0934,0.8434925864909391
2020-01-29 08:29:00,M60/9492A,624.0,16.0934,0.8224052718286657
2020-01-29 08:44:00,M60/9492A,724.0,19.31208,0.7951674903898956
2020-01-29 08:59:00,M60/9492A,805.0,35.40548,0.48225250861165203
2020-01-29 09:14:00,M60/9492A,818.0,106.21644,0.1633468124407169
2020-01-29 09:29:00,M60/9492A,909.0,102.99776,0.18719110378912687
2020-01-29 09:44:00,M60/9492A,883.0,102.99776,0.181836902800659
2020-01-29 09:59:00,M60/9492A,769.0,104.6071,0.15592447091623368
2020-01-29 10:14:00,M60/9492A,680.0,106.21644,0.1357895262343368
2020-01-29 10:29:00,M60/9492A,750.0,104.6071,0.1520719807375491
2020-01-29 10:44:00,M60/9492A,677.0,104.6071,0.137270307945761
2020-01-29 10:59:00,M60/9492A,689.0,102.99776,0.1418863261943987
2020-01-29 11:14:00,M60/9492A,638.0,102.99776,0.1313838550247117
2020-01-29 11:29:00,M60/9492A,603.0,104.6071,0.12226587251298948
2020-01-29 11:44:00,M60/9492A,584.0,104.6071,0.1184133823343049
2020-01-29 11:59:00,M60/9492A,561.0,104.6071,0.11374984159168673
2020-01-29 12:14:00,M60/9492A,573.0,104.6071,0.11618299328348754
2020-01-29 12:29:00,M60/9492A,662.0,106.21644,0.13219509759872197
2020-01-29 12:44:00,M60/9492A,630.0,107.82578,0.12392731564582363
2020-01-29 12:59:00,M60/9492A,624.0,106.21644,0.12460685936797962
2020-01-29 13:14:00,M60/9492A,606.0,106.21644,0.12101243073236483
2020-01-29 13:29:00,M60/9492A,602.0,107.82578,0.11841943495045366
2020-01-29 13:44:00,M60/9492A,623.0,109.43512,0.12074813450915788
2020-01-29 13:59:00,M60/9492A,620.0,107.82578,0.1219602153974772
2020-01-29 14:14:00,M60/9492A,699.0,107.82578,0.13750030735941382
2020-01-29 14:29:00,M60/9492A,726.0,107.82578,0.14281147802994912
2020-01-29 14:44:00,M60/9492A,722.0,107.82578,0.14202463793061054
2020-01-29 14:59:00,M60/9492A,681.0,109.43512,0.13198953386956103
2020-01-29 15:14:00,M60/9492A,748.0,107.82578,0.14713909857631122
2020-01-29 15:29:00,M60/9492A,795.0,106.21644,0.15875393140632021
2020-01-29 15:44:00,M60/9492A,825.0,107.82578,0.16228577048857853
2020-01-29 15:59:00,M60/9492A,877.0,106.21644,0.17512855074634318
2020-01-29 16:14:00,M60/9492A,988.0,102.99776,0.20345963756177926
2020-01-29 16:29:00,M60/9492A,971.0,102.99776,0.19995881383855024
2020-01-29 16:44:00,M60/9492A,957.0,104.6071,0.1940438474211127
2020-01-29 16:59:00,M60/9492A,968.0,62.76426,0.3271237274532168
2020-01-29 17:14:00,M60/9492A,907.0,33.79614,0.5692319761512513
2020-01-29 17:29:00,M60/9492A,808.0,25.74944,0.6655683690280066
2020-01-29 17:44:00,M60/9492A,771.0,22.53076,0.7258178394916451
2020-01-29 17:59:00,M60/9492A,658.0,17.70274,0.788378014078179
2020-01-29 18:14:00,M60/9492A,697.0,19.31208,0.7655134541460735
2020-01-29 18:29:00,M60/9492A,624.0,37.01482,0.3575675094907242
2020-01-29 18:44:00,M60/9492A,599.0,106.21644,0.1196145973740702
2020-01-29 18:59:00,M60/9492A,512.0,107.82578,0.10071553271533601
2020-01-29 19:14:00,M60/9492A,544.0,109.43512,0.10543657331136738
2020-01-29 19:29:00,M60/9492A,554.0,109.43512,0.10737474561488518
2020-01-29 19:44:00,M60/9492A,388.0,109.43512,0.07520108537648998
2020-01-29 19:59:00,M60/9492A,327.0,111.04446,0.062459709189886116
2020-01-29 20:14:00,M60/9492A,300.0,107.82578,0.059013007450392195
2020-01-29 20:29:00,M60/9492A,295.0,111.04446,0.05634744407038656
2020-01-29 20:44:00,M60/9492A,244.0,107.82578,0.04799724605965232
2020-01-29 20:59:00,M60/9492A,266.0,111.04446,0.05080820380584008
2020-01-29 21:14:00,M60/9492A,246.0,111.04446,0.04698803810615285
2020-01-29 21:29:00,M60/9492A,227.0,109.43512,0.04399651128985367
2020-01-29 21:44:00,M60/9492A,194.0,109.43512,0.03760054268824499
2020-01-29 21:59:00,M60/9492A,200.0,112.6538,0.03765591903977407
2020-01-29 22:14:00,M60/9492A,304.0,115.87248,0.05564708035877723
2020-01-29 22:29:00,M60/9492A,388.0,111.04446,0.07411121457393215
2020-01-29 22:44:00,M60/9492A,343.0,112.6538,0.06457990115321252
2020-01-29 22:59:00,M60/9492A,199.0,109.43512,0.03856962884000388
2020-01-29 23:14:00,M60/9492A,127.0,111.04446,0.024258052193013874
2020-01-29 23:29:00,M60/9492A,95.0,109.43512,0.01841263688341894
2020-01-29 23:44:00,M60/9492A,57.0,106.21644,0.011382357346113524
2020-01-29 23:59:00,M60/9492A,52.0,107.82578,0.010228921291401315
2020-01-30 00:14:00,M60/9492A,52.0,104.6071,0.01054365733113674
2020-01-30 00:29:00,M60/9492A,40.0,107.82578,0.007868400993385627
2020-01-30 00:44:00,M60/9492A,38.0,107.82578,0.007474980943716345
2020-01-30 00:59:00,M60/9492A,42.0,106.21644,0.00838700014976786
2020-01-30 01:14:00,M60/9492A,40.0,106.21644,0.007987619190255105
2020-01-30 01:29:00,M60/9492A,43.0,102.99776,0.00885502471169687
2020-01-30 01:44:00,M60/9492A,38.0,98.16974,0.008210224970967132
2020-01-30 01:59:00,M60/9492A,41.0,106.21644,0.008187309670011482
2020-01-30 02:14:00,M60/9492A,37.0,106.21644,0.007388547750985972
2020-01-30 02:29:00,M60/9492A,46.0,104.6071,0.009327081485236345
2020-01-30 02:44:00,M60/9492A,51.0,107.82578,0.010032211266566674
2020-01-30 02:59:00,M60/9492A,62.0,109.43512,0.012016668281810253
2020-01-30 03:14:00,M60/9492A,55.0,107.82578,0.010819051365905236
2020-01-30 03:29:00,M60/9492A,56.0,106.21644,0.011182666866357145
2020-01-30 03:44:00,M60/9492A,102.0,109.43512,0.019769357495881386
2020-01-30 03:59:00,M60/9492A,76.0,107.82578,0.01494996188743269
2020-01-30 04:14:00,M60/9492A,98.0,111.04446,0.0187188119284674
2020-01-30 04:29:00,M60/9492A,127.0,107.82578,0.024982173153999362
2020-01-30 04:44:00,M60/9492A,132.0,107.82578,0.025965723278172564
2020-01-30 04:59:00,M60/9492A,179.0,109.43512,0.03469328423296831
2020-01-30 05:14:00,M60/9492A,203.0,107.82578,0.03993213504143205
2020-01-30 05:29:00,M60/9492A,284.0,109.43512,0.05504409341990503
2020-01-30 05:44:00,M60/9492A,405.0,109.43512,0.07849597829247021
2020-01-30 05:59:00,M60/9492A,441.0,111.04446,0.0842346536781033
2020-01-30 06:14:00,M60/9492A,742.0,107.82578,0.14595883842730337
2020-01-30 06:29:00,M60/9492A,1199.0,78.85766,0.3224960494906365
2020-01-30 06:44:00,M60/9492A,1020.0,30.57746,0.7075348998525969
2020-01-30 06:59:00,M60/9492A,958.0,27.35878,0.7427076267080144
2020-01-30 07:14:00,M60/9492A,872.0,24.1401,0.7661724327292696
2020-01-30 07:29:00,M60/9492A,912.0,27.35878,0.7070452563232872
2020-01-30 07:44:00,M60/9492A,782.0,24.1401,0.6870950027457441
2020-01-30 07:59:00,M60/9492A,708.0,17.70274,0.8482851580050923
2020-01-30 08:14:00,M60/9492A,780.0,20.92142,0.7907742998352554
2020-01-30 08:29:00,M60/9492A,691.0,17.70274,0.8279167290699417
2020-01-30 08:44:00,M60/9492A,727.0,51.49888,0.29942339373970345
2020-01-30 08:59:00,M60/9492A,649.0,109.43512,0.1257873824983041
2020-01-30 09:14:00,M60/9492A,808.0,106.21644,0.16134990764315313
2020-01-30 09:29:00,M60/9492A,913.0,106.21644,0.18231740801757276
2020-01-30 09:44:00,M60/9492A,875.0,106.21644,0.1747291697868304
2020-01-30 09:59:00,M60/9492A,732.0,107.82578,0.14399173817895697
2020-01-30 10:14:00,M60/9492A,678.0,107.82578,0.13336939683788637
2020-01-30 10:29:00,M60/9492A,726.0,107.82578,0.14281147802994912
2020-01-30 10:44:00,M60/9492A,658.0,106.21644,0.13139633567969647
2020-01-30 10:59:00,M60/9492A,631.0,107.82578,0.12412402567065825
2020-01-30 11:14:00,M60/9492A,529.0,107.82578,0.10405960313752491
2020-01-30 11:25:00,M60/9492A,638.0,107.82578,0.12550099584450075
2020-01-30 11:44:59,M60/9492A,0.0,107.82578,0.0
2020-01-30 11:59:00,M60/9492A,638.0,107.82578,0.12550099584450075
2020-01-30 12:14:00,M60/9492A,590.0,107.82578,0.11605891465243798
2020-01-30 12:29:00,M60/9492A,622.0,107.82578,0.1223536354471465
2020-01-30 12:44:00,M60/9492A,626.0,107.82578,0.12314047554648506
2020-01-30 12:59:00,M60/9492A,579.0,107.82578,0.11389510437925694
2020-01-30 13:14:00,M60/9492A,596.0,107.82578,0.11723917480144583
2020-01-30 13:29:00,M60/9492A,652.0,107.82578,0.1282549361921857
2020-01-30 13:44:00,M60/9492A,684.0,107.82578,0.13454965698689422
2020-01-30 13:59:00,M60/9492A,627.0,107.82578,0.12333718557131969
2020-01-30 14:14:00,M60/9492A,679.0,107.82578,0.13356610686272102
2020-01-30 14:29:00,M60/9492A,666.0,107.82578,0.13100887653987067
2020-01-30 14:44:00,M60/9492A,703.0,107.82578,0.1382871474587524
2020-01-30 14:59:00,M60/9492A,719.0,107.82578,0.14143450785610662
2020-01-30 15:14:00,M60/9492A,731.0,109.43512,0.14168039538714994
2020-01-30 15:29:00,M60/9492A,788.0,109.43512,0.1527279775172013
2020-01-30 15:44:00,M60/9492A,784.0,109.43512,0.15195270859579418
2020-01-30 15:59:00,M60/9492A,846.0,109.43512,0.16396937687760443
2020-01-30 16:14:00,M60/9492A,866.0,109.43512,0.16784572148464
2020-01-30 16:29:00,M60/9492A,916.0,104.6071,0.18573057914079333
2020-01-30 16:44:00,M60/9492A,1031.0,102.99776,0.21231466227347615
2020-01-30 16:59:00,M60/9492A,879.0,107.82578,0.17290811182964916
2020-01-30 17:14:00,M60/9492A,909.0,104.6071,0.1843112406539095
2020-01-30 17:29:00,M60/9492A,913.0,104.6071,0.18512229121784313
2020-01-30 17:44:00,M60/9492A,830.0,104.6071,0.16829299201622103
2020-01-30 17:59:00,M60/9492A,894.0,104.6071,0.18126980103915852
2020-01-30 18:14:00,M60/9492A,834.0,106.21644,0.16654186011681893
2020-01-30 18:29:00,M60/9492A,814.0,106.21644,0.16254805052169138
2020-01-30 18:44:00,M60/9492A,641.0,107.82578,0.12609112591900465
2020-01-30 18:59:00,M60/9492A,550.0,107.82578,0.10819051365905236
2020-01-30 19:14:00,M60/9492A,570.0,109.43512,0.11047582130051363
2020-01-30 19:29:00,M60/9492A,528.0,109.43512,0.10233549762573893
2020-01-30 19:44:00,M60/9492A,408.0,109.43512,0.07907742998352554
2020-01-30 19:59:00,M60/9492A,391.0,109.43512,0.07578253706754531
2020-01-30 20:14:00,M60/9492A,338.0,111.04446,0.06456080032471409
2020-01-30 20:29:00,M60/9492A,370.0,107.82578,0.07278270918881705
2020-01-30 20:44:00,M60/9492A,289.0,111.04446,0.055201394360480396
2020-01-30 20:59:00,M60/9492A,272.0,111.04446,0.05195425351574625
2020-01-30 21:14:00,M60/9492A,241.0,109.43512,0.04670995251477857
2020-01-30 21:29:00,M60/9492A,296.0,109.43512,0.05736990018412637
2020-01-30 21:44:00,M60/9492A,211.0,107.82578,0.04150581524010918
2020-01-30 21:59:00,M60/9492A,176.0,102.99776,0.036243822075782535
2020-01-30 22:14:00,M60/9492A,204.0,101.38842,0.04267670824507728
2020-01-30 22:29:00,M60/9492A,166.0,111.04446,0.03170737530740396
2020-01-30 22:44:00,M60/9492A,151.0,109.43512,0.029266401783118522
2020-01-30 22:59:00,M60/9492A,112.0,109.43512,0.021707529799399168
2020-01-30 23:14:00,M60/9492A,100.0,111.04446,0.01910082849843612
2020-01-30 23:29:00,M60/9492A,103.0,109.43512,0.019963174726233164
2020-01-30 23:44:00,M60/9492A,90.0,107.82578,0.01770390223511766
2020-01-30 23:59:00,M60/9492A,57.0,109.43512,0.011047582130051362
2020-01-31 00:14:00,M60/9492A,50.0,106.21644,0.009984523987818881
2020-01-31 00:29:00,M60/9492A,39.0,106.21644,0.007787928710498726
2020-01-31 00:44:00,M60/9492A,43.0,107.82578,0.008458531067889548
2020-01-31 00:59:00,M60/9492A,42.0,107.82578,0.008261821043054908
2020-01-31 01:14:00,M60/9492A,41.0,104.6071,0.008313268280319351
2020-01-31 01:29:00,M60/9492A,41.0,101.38842,0.008577181559059649
2020-01-31 01:44:00,M60/9492A,37.0,102.99776,0.007619439868204284
2020-01-31 01:59:00,M60/9492A,36.0,107.82578,0.0070815608940470644
2020-01-31 02:14:00,M60/9492A,44.0,109.43512,0.008527958135478245
2020-01-31 02:29:00,M60/9492A,40.0,104.6071,0.008110505639335953
2020-01-31 02:44:00,M60/9492A,65.0,111.04446,0.012415538523983478
2020-01-31 02:59:00,M60/9492A,65.0,106.21644,0.012979881184164545
2020-01-31 03:14:00,M60/9492A,76.0,107.82578,0.01494996188743269
2020-01-31 03:29:00,M60/9492A,75.0,109.43512,0.01453629227638337
2020-01-31 03:44:00,M60/9492A,87.0,104.6071,0.0176403497655557
2020-01-31 03:59:00,M60/9492A,91.0,107.82578,0.0179006122599523
2020-01-31 04:14:00,M60/9492A,110.0,106.21644,0.021965952773201538
2020-01-31 04:29:00,M60/9492A,154.0,106.21644,0.030752333882482153
2020-01-31 04:44:00,M60/9492A,139.0,107.82578,0.027342693452015055
2020-01-31 04:59:00,M60/9492A,179.0,106.21644,0.035744595876391595
2020-01-31 05:14:00,M60/9492A,197.0,106.21644,0.03933902451200639
2020-01-31 05:29:00,M60/9492A,284.0,106.21644,0.05671209625081124
2020-01-31 05:44:00,M60/9492A,403.0,109.43512,0.07810834383176665
2020-01-31 05:59:00,M60/9492A,458.0,109.43512,0.08876829150111447
2020-01-31 06:14:00,M60/9492A,658.0,107.82578,0.12943519634119355
2020-01-31 06:29:00,M60/9492A,1072.0,102.99776,0.22075782537067548
2020-01-31 06:44:00,M60/9492A,1136.0,96.5604,0.24953322350356946
2020-01-31 06:59:00,M60/9492A,1027.0,53.10822,0.41016424541959956
2020-01-31 07:14:00,M60/9492A,962.0,75.63898,0.269760594482807
2020-01-31 07:29:00,M60/9492A,930.0,94.95106,0.20774579063468576
2020-01-31 07:44:00,M60/9492A,899.0,94.95106,0.2008209309468629
2020-01-31 07:59:00,M60/9492A,809.0,99.77908,0.1719721528405166
2020-01-31 08:14:00,M60/9492A,858.0,104.6071,0.17397034596375618
2020-01-31 08:29:00,M60/9492A,799.0,106.21644,0.15955269332534572
2020-01-31 08:44:00,M60/9492A,708.0,106.21644,0.14138085966751535
2020-01-31 08:59:00,M60/9492A,625.0,109.43512,0.12113576896986142
2020-01-31 09:14:00,M60/9492A,792.0,106.21644,0.1581548599670511
2020-01-31 09:29:00,M60/9492A,803.0,104.6071,0.16281840070966927
2020-01-31 09:44:00,M60/9492A,759.0,101.38842,0.158782458617714
2020-01-31 09:59:00,M60/9492A,713.0,106.21644,0.14237931206629725
2020-01-31 10:14:00,M60/9492A,629.0,104.6071,0.12753770117855787
2020-01-31 10:29:00,M60/9492A,647.0,104.6071,0.13118742871625905
2020-01-31 10:44:00,M60/9492A,685.0,104.6071,0.13889240907362818
2020-01-31 10:59:00,M60/9492A,648.0,104.6071,0.13139019135724242
2020-01-31 11:14:00,M60/9492A,657.0,104.6071,0.13321505512609302
2020-01-31 11:29:00,M60/9492A,646.0,104.6071,0.13098466607527565
2020-01-31 11:44:00,M60/9492A,661.0,102.99776,0.13612026359143328
2020-01-31 11:59:00,M60/9492A,686.0,106.21644,0.13698766911287505
2020-01-31 12:14:00,M60/9492A,652.0,104.6071,0.13220124192117605
2020-01-31 12:29:00,M60/9492A,694.0,104.6071,0.14071727284247879
2020-01-31 12:44:00,M60/9492A,648.0,104.6071,0.13139019135724242
2020-01-31 12:59:00,M60/9492A,679.0,101.38842,0.14204649460003663
2020-01-31 13:14:00,M60/9492A,656.0,99.77908,0.13944837115374398
2020-01-31 13:29:00,M60/9492A,751.0,96.5604,0.16496430532674355
2020-01-31 13:44:00,M60/9492A,704.0,93.34172,0.15997273192069536
2020-01-31 13:59:00,M60/9492A,728.0,93.34172,0.16542634778162815
2020-01-31 14:14:00,M60/9492A,743.0,99.77908,0.15794228623053624
2020-01-31 14:29:00,M60/9492A,801.0,102.99776,0.1649505766062603
2020-01-31 14:44:00,M60/9492A,769.0,104.6071,0.15592447091623368
2020-01-31 14:59:00,M60/9492A,801.0,104.6071,0.16241287542770244
2020-01-31 15:14:00,M60/9492A,890.0,104.6071,0.18045875047522494
2020-01-31 15:29:00,M60/9492A,924.0,106.21644,0.18451400329489293
2020-01-31 15:44:00,M60/9492A,891.0,106.21644,0.17792421746293244
2020-01-31 15:59:00,M60/9492A,983.0,106.21644,0.19629574160051919
2020-01-31 16:14:00,M60/9492A,1008.0,104.6071,0.204384742111266
2020-01-31 16:29:00,M60/9492A,962.0,104.6071,0.19505766062602967
2020-01-31 16:41:00,M60/9492A,906.0,106.21644,0.1809195746592781
2020-01-31 16:59:00,M60/9492A,889.0,104.6071,0.18025598783424154
2020-01-31 17:14:00,M60/9492A,816.0,104.6071,0.16545431504245342
2020-01-31 17:29:00,M60/9492A,872.0,104.6071,0.17680902293752376
2020-01-31 17:44:00,M60/9492A,814.0,104.6071,0.16504878976048662
2020-01-31 17:59:00,M60/9492A,741.0,104.6071,0.15024711696869852
2020-01-31 18:14:00,M60/9492A,641.0,107.82578,0.12609112591900465
2020-01-31 18:29:00,M60/9492A,674.0,107.82578,0.1325825567385478
2020-01-31 18:44:00,M60/9492A,588.0,106.21644,0.11741800209675005
2020-01-31 18:59:00,M60/9492A,583.0,107.82578,0.1146819444785955
2020-01-31 19:14:00,M60/9492A,469.0,109.43512,0.09090028103498402
2020-01-31 19:29:00,M60/9492A,505.0,107.82578,0.09933856254149354
2020-01-31 19:44:00,M60/9492A,444.0,109.43512,0.08605485027618956
2020-01-31 19:59:00,M60/9492A,413.0,107.82578,0.08124124025670659
2020-01-31 20:14:00,M60/9492A,334.0,106.21644,0.06669662023863013
2020-01-31 20:29:00,M60/9492A,292.0,107.82578,0.05743932725171508
2020-01-31 20:44:00,M60/9492A,286.0,107.82578,0.056259067102707234
2020-01-31 20:59:00,M60/9492A,254.0,107.82578,0.049964346307998724
2020-01-31 21:14:00,M60/9492A,232.0,111.04446,0.0443139221163718
2020-01-31 21:29:00,M60/9492A,225.0,107.82578,0.044259755587794145
2020-01-31 21:44:00,M60/9492A,163.0,109.43512,0.03159220854733986
2020-01-31 21:59:00,M60/9492A,192.0,109.43512,0.03721290822754143
2020-01-31 22:14:00,M60/9492A,144.0,111.04446,0.027505193037748014
2020-01-31 22:29:00,M60/9492A,191.0,111.04446,0.03648258243201299
2020-01-31 22:44:00,M60/9492A,123.0,109.43512,0.02383951933326873
2020-01-31 22:59:00,M60/9492A,116.0,109.43512,0.02248279872080628
2020-01-31 23:14:00,M60/9492A,125.0,109.43512,0.02422715379397229
2020-01-31 23:29:00,M60/9492A,107.0,111.04446,0.02043788649332665
2020-01-31 23:44:00,M60/9492A,97.0,112.6538,0.01826312073429042
2020-01-31 23:59:00,M60/9492A,94.0,109.43512,0.01821881965306716
